Date,Température (K)
2030-01-01 00:00:00,283.0
2030-01-01 01:00:00,281.75766866300984
2030-01-01 02:00:00,280.5613696167325
2030-01-01 03:00:00,279.40915261923607
2030-01-01 04:00:00,278.29916834673594
2030-01-01 05:00:00,277.22966178833065
2030-01-01 06:00:00,276.19896617857574
2030-01-01 07:00:00,275.20549741562155
2030-01-01 08:00:00,274.24774891848926
2030-01-01 09:00:00,273.3242868821758
2030-01-01 10:00:00,272.4337458937577
2030-01-01 11:00:00,271.5748248766006
2030-01-01 12:00:00,270.74628333323943
2030-01-01 13:00:00,269.94693786054796
2030-01-01 14:00:00,269.1756589135098
2030-01-01 15:00:00,268.43658487253407
2030-01-01 16:00:00,268.35345821017427
2030-01-01 17:00:00,268.800448794592
2030-01-01 18:00:00,269.62021151825206
2030-01-01 19:00:00,270.63433653737525
2030-01-01 20:00:00,271.65535030246554
2030-01-01 21:00:00,272.4994164829964
2030-01-01 22:00:00,272.9988203038909
2030-01-01 23:00:00,273.01332964504354
2030-01-02 00:00:00,272.4396139701331
2030-01-02 01:00:00,271.55937751152885
2030-01-02 02:00:00,270.7085144164947
2030-01-02 03:00:00,269.88592978653935
2030-01-02 04:00:00,269.0905772492382
2030-01-02 05:00:00,268.3214562838424
2030-01-02 06:00:00,267.5776097299116
2030-01-02 07:00:00,266.85812146394494
2030-01-02 08:00:00,266.1621142304102
2030-01-02 09:00:00,265.48874761484757
2030-01-02 10:00:00,264.83721614786174
2030-01-02 11:00:00,264.20674752983894
2030-01-02 12:00:00,263.5966009671402
2030-01-02 13:00:00,263.00606561134435
2030-01-02 14:00:00,262.43445909385446
2030-01-02 15:00:00,261.8899874608378
2030-01-02 16:00:00,261.9934502380113
2030-01-02 17:00:00,262.62117572568445
2030-01-02 18:00:00,263.61746372354503
2030-01-02 19:00:00,264.80498782790664
2030-01-02 20:00:00,265.99677787657754
2030-01-02 21:00:00,267.00893598609457
2030-01-02 22:00:00,267.67317159702566
2030-01-02 23:00:00,267.8482473976585
2030-01-03 00:00:00,267.42951189974485
2030-01-03 01:00:00,266.6897130439722
2030-01-03 02:00:00,265.9728454656824
2030-01-03 03:00:00,265.27811993761844
2030-01-03 04:00:00,264.6047792888117
2030-01-03 05:00:00,263.9520967943892
2030-01-03 06:00:00,263.3193746656859
2030-01-03 07:00:00,262.7059426331559
2030-01-03 08:00:00,262.1111566152274
2030-01-03 09:00:00,261.5343974668342
2030-01-03 10:00:00,260.97506980188615
2030-01-03 11:00:00,260.4326008844206
2030-01-03 12:00:00,259.90643958361164
2030-01-03 13:00:00,259.39605538820746
2030-01-03 14:00:00,258.90093747632307
2030-01-03 15:00:00,258.43340210541805
2030-01-03 16:00:00,258.61079093902106
2030-01-03 17:00:00,259.3108225287565
2030-01-03 18:00:00,260.3788427028446
2030-01-03 19:00:00,261.6381847483821
2030-01-03 20:00:00,262.90213185734194
2030-01-03 21:00:00,263.9866383932042
2030-01-03 22:00:00,264.7228967000893
2030-01-03 23:00:00,264.96884026341763
2030-01-04 00:00:00,264.618755316941
2030-01-04 01:00:00,264.0758520044422
2030-01-04 02:00:00,263.5528123505265
2030-01-04 03:00:00,263.04886852681307
2030-01-04 04:00:00,262.5632853930857
2030-01-04 05:00:00,262.0953588839015
2030-01-04 06:00:00,261.6444144910771
2030-01-04 07:00:00,261.2098058351827
2030-01-04 08:00:00,260.79091331974905
2030-01-04 09:00:00,260.3871428624182
2030-01-04 10:00:00,259.9979246977404
2030-01-04 11:00:00,259.6227122467492
2030-01-04 12:00:00,259.26098104883647
2030-01-04 13:00:00,258.91222775180233
2030-01-04 14:00:00,258.5759691562765
2030-01-04 15:00:00,258.2687974603186
2030-01-04 16:00:00,258.60407019110727
2030-01-04 17:00:00,259.45567005534457
2030-01-04 18:00:00,260.6659111330339
2030-01-04 19:00:00,262.0560866526555
2030-01-04 20:00:00,263.4385540205947
2030-01-04 21:00:00,264.62950258220815
2030-01-04 22:00:00,265.4614855579387
2030-01-04 23:00:00,265.79480835849375
2030-01-05 00:00:00,265.52695362901125
2030-01-05 01:00:00,264.8452038621752
2030-01-05 02:00:00,264.18436542145787
2030-01-05 03:00:00,263.5437311703117
2030-01-05 04:00:00,262.9226219400831
2030-01-05 05:00:00,262.3203851714068
2030-01-05 06:00:00,261.7363936372985
2030-01-05 07:00:00,261.1700442420373
2030-01-05 08:00:00,260.6207568904254
2030-01-05 09:00:00,260.0879734224597
2030-01-05 10:00:00,259.57115660885904
2030-01-05 11:00:00,259.0697892032589
2030-01-05 12:00:00,258.5833730472205
2030-01-05 13:00:00,258.11142822450694
2030-01-05 14:00:00,257.65349226135527
2030-01-05 15:00:00,257.2307223948533
2030-01-05 16:00:00,257.45241021572815
2030-01-05 17:00:00,258.1962702328089
2030-01-05 18:00:00,259.3075536411951
2030-01-05 19:00:00,260.6094231331365
2030-01-05 20:00:00,261.91493423922196
2030-01-05 21:00:00,263.0397787595299
2030-01-05 22:00:00,263.8148757525592
2030-01-05 23:00:00,264.09789937363723
2030-01-06 00:00:00,263.7829139372174
2030-01-06 01:00:00,263.2463349496098
2030-01-06 02:00:00,262.72864568438996
2030-01-06 03:00:00,262.229141205215
2030-01-06 04:00:00,261.74714569989743
2030-01-06 05:00:00,261.2820110771606
2030-01-06 06:00:00,260.8331156451092
2030-01-06 07:00:00,260.39986286567455
2030-01-06 08:00:00,259.98168017976434
2030-01-06 09:00:00,259.5780178982795
2030-01-06 10:00:00,259.18834815454574
2030-01-06 11:00:00,258.81216391406383
2030-01-06 12:00:00,258.4489780378018
2030-01-06 13:00:00,258.098322395547
2030-01-06 14:00:00,257.75974702610085
2030-01-06 15:00:00,257.45926617772096
2030-01-06 16:00:00,257.80159506559283
2030-01-06 17:00:00,258.6613210085751
2030-01-06 18:00:00,259.8812056649884
2030-01-06 19:00:00,261.2827139265166
2030-01-06 20:00:00,262.67809773851826
2030-01-06 21:00:00,263.8831811462576
2030-01-06 22:00:00,264.72992736215815
2030-01-06 23:00:00,265.0778778346749
2030-01-07 00:00:00,264.82363997260654
2030-01-07 01:00:00,264.27205304920005
2030-01-07 02:00:00,263.7406281497905
2030-01-07 03:00:00,263.2285858473806
2030-01-07 04:00:00,262.7351799535356
2030-01-07 05:00:00,262.2596958719575
2030-01-07 06:00:00,261.8014490503747
2030-01-07 07:00:00,261.3597835236642
2030-01-07 08:00:00,260.9340705417247
2030-01-07 09:00:00,260.5237072761582
2030-01-07 10:00:00,260.1281156003084
2030-01-07 11:00:00,259.74674093764713
2030-01-07 12:00:00,259.37905117390306
2030-01-07 13:00:00,259.0245356286915
2030-01-07 14:00:00,258.68270408273827
2030-01-07 15:00:00,258.3846712519473
2030-01-07 16:00:00,258.7303123671913
2030-01-07 17:00:00,259.5932406448215
2030-01-07 18:00:00,260.81541199421906
2030-01-07 19:00:00,262.21769853373206
2030-01-07 20:00:00,263.6120041537146
2030-01-07 21:00:00,264.8140653709021
2030-01-07 22:00:00,265.6560163711121
2030-01-07 23:00:00,265.99780782645234
2030-01-08 00:00:00,265.7366574324713
2030-01-08 01:00:00,265.32645411348506
2030-01-08 02:00:00,264.9354595681728
2030-01-08 03:00:00,264.5627510090113
2030-01-08 04:00:00,264.20745214
2030-01-08 05:00:00,263.8687306128498
2030-01-08 06:00:00,263.5457956410835
2030-01-08 07:00:00,263.2378957605343
2030-01-08 08:00:00,262.94431672572125
2030-01-08 09:00:00,262.66437953247225
2030-01-08 10:00:00,262.39743855797076
2030-01-08 11:00:00,262.1428798101294
2030-01-08 12:00:00,261.90011927885075
2030-01-08 13:00:00,261.6686013823322
2030-01-08 14:00:00,261.44779750211063
2030-01-08 15:00:00,261.27422098685287
2030-01-08 16:00:00,261.74228683854113
2030-01-08 17:00:00,262.7188190654456
2030-01-08 18:00:00,264.0405674805638
2030-01-08 19:00:00,265.5250646812189
2030-01-08 20:00:00,266.98290624376943
2030-01-08 21:00:00,268.2305803064635
2030-01-08 22:00:00,269.1029189945991
2030-01-08 23:00:00,269.4642670365563
2030-01-09 00:00:00,269.21756363644795
2030-01-09 01:00:00,268.5253454111916
2030-01-09 02:00:00,267.8599643701587
2030-01-09 03:00:00,267.2203112521058
2030-01-09 04:00:00,266.60532799648934
2030-01-09 05:00:00,266.0140049607898
2030-01-09 06:00:00,265.4453783217199
2030-01-09 07:00:00,264.898527645649
2030-01-09 08:00:00,264.37257361494335
2030-01-09 09:00:00,263.8666758981467
2030-01-09 10:00:00,263.38003115302195
2030-01-09 11:00:00,262.9118711524578
2030-01-09 12:00:00,262.4614610241274
2030-01-09 13:00:00,262.02809759557897
2030-01-09 14:00:00,261.61110783715617
2030-01-09 15:00:00,261.25258476592626
2030-01-09 16:00:00,261.541794819683
2030-01-09 17:00:00,262.35073121820113
2030-01-09 18:00:00,263.5199847219633
2030-01-09 19:00:00,264.8693813084935
2030-01-09 20:00:00,266.2101445238312
2030-01-09 21:00:00,267.35772076965196
2030-01-09 22:00:00,268.1443430237189
2030-01-09 23:00:00,268.4304214628101
2030-01-10 00:00:00,268.11394051536865
2030-01-10 01:00:00,267.4362854438015
2030-01-10 02:00:00,266.7835067056999
2030-01-10 03:00:00,266.15462550572914
2030-01-10 04:00:00,265.5487063964359
2030-01-10 05:00:00,264.9648549993792
2030-01-10 06:00:00,264.4022158725712
2030-01-10 07:00:00,263.8599705128877
2030-01-10 08:00:00,263.3373354831378
2030-01-10 09:00:00,262.83356065440177
2030-01-10 10:00:00,262.34792755507397
2030-01-10 11:00:00,261.87974781879296
2030-01-10 12:00:00,261.4283617241126
2030-01-10 13:00:00,260.9931368193726
2030-01-10 14:00:00,260.57346662677514
2030-01-10 15:00:00,260.21751520672376
2030-01-10 16:00:00,260.509108793551
2030-01-10 17:00:00,261.3214664501702
2030-01-10 18:00:00,262.49606318225244
2030-01-10 19:00:00,263.85322528854414
2030-01-10 20:00:00,265.2042745797192
2030-01-10 21:00:00,266.3643621457473
2030-01-10 22:00:00,267.165067490527
2030-01-10 23:00:00,267.46584946647033
2030-01-11 00:00:00,267.16352417967727
2030-01-11 01:00:00,266.6110739193799
2030-01-11 02:00:00,266.0819810720292
2030-01-11 03:00:00,265.5752151374539
2030-01-11 04:00:00,265.08979470434747
2030-01-11 05:00:00,264.62478480414126
2030-01-11 06:00:00,264.179294433494
2030-01-11 07:00:00,263.7524742325009
2030-01-11 08:00:00,263.3435143068865
2030-01-11 09:00:00,262.95164218349134
2030-01-11 10:00:00,262.5761208892976
2030-01-11 11:00:00,262.2162471450828
2030-01-11 12:00:00,261.8713496655497
2030-01-11 13:00:00,261.54078755846615
2030-01-11 14:00:00,261.2239488159661
2030-01-11 15:00:00,260.975287845722
2030-01-11 16:00:00,261.3724553648875
2030-01-11 17:00:00,262.2848686019811
2030-01-11 18:00:00,263.5510322238615
2030-01-11 19:00:00,264.98930528037965
2030-01-11 20:00:00,266.4101523899703
2030-01-11 21:00:00,267.6290095148006
2030-01-11 22:00:00,268.4788356308478
2030-01-11 23:00:00,268.8214389208512
2030-01-12 00:00:00,268.5567617086723
2030-01-12 01:00:00,267.8794792428987
2030-01-12 02:00:00,267.2278864581244
2030-01-12 03:00:00,266.60094331077727
2030-01-12 04:00:00,265.9976568585569
2030-01-12 05:00:00,265.41707874429795
2030-01-12 06:00:00,264.8583028434251
2030-01-12 07:00:00,264.3204630621597
2030-01-12 08:00:00,263.8027312748165
2030-01-12 09:00:00,263.30431538958624
2030-01-12 10:00:00,262.82445753314636
2030-01-12 11:00:00,262.36243234529314
2030-01-12 12:00:00,261.9175453755554
2030-01-12 13:00:00,261.489131574439
2030-01-12 14:00:00,261.0765538725748
2030-01-12 15:00:00,260.7408159155994
2030-01-12 16:00:00,261.05366390628706
2030-01-12 17:00:00,261.8872624797551
2030-01-12 18:00:00,263.0821445654605
2030-01-12 19:00:00,264.45786362911633
2030-01-12 20:00:00,265.8251847378964
2030-01-12 21:00:00,266.998951087586
2030-01-12 22:00:00,267.81069875523974
2030-01-12 23:00:00,268.1201044556601
2030-01-13 00:00:00,267.8244415020326
2030-01-13 01:00:00,267.19074131660506
2030-01-13 02:00:00,266.5816695905332
2030-01-13 03:00:00,265.9962120812121
2030-01-13 04:00:00,265.4334007590284
2030-01-13 05:00:00,264.8923113531297
2030-01-13 06:00:00,264.37206105468823
2030-01-13 07:00:00,263.87180636546356
2030-01-13 08:00:00,263.390741080576
2030-01-13 09:00:00,262.92809439539565
2030-01-13 10:00:00,262.4831291273443
2030-01-13 11:00:00,262.0551400442089
2030-01-13 12:00:00,261.6434522912881
2030-01-13 13:00:00,261.24741991034546
2030-01-13 14:00:00,260.86642444392993
2030-01-13 15:00:00,260.56834185231014
2030-01-13 16:00:00,260.91847118715214
2030-01-13 17:00:00,261.7882154346493
2030-01-13 18:00:00,263.0174553267454
2030-01-13 19:00:00,264.4252441416675
2030-01-13 20:00:00,265.822031414789
2030-01-13 21:00:00,267.02254946608537
2030-01-13 22:00:00,267.85843371648946
2030-01-13 23:00:00,268.1896609448995
2030-01-14 00:00:00,267.91398134040844
2030-01-14 01:00:00,267.16042460065336
2030-01-14 02:00:00,266.4303450215949
2030-01-14 03:00:00,265.72292952232124
2030-01-14 04:00:00,265.0373983016533
2030-01-14 05:00:00,264.3730031518312
2030-01-14 06:00:00,263.72902587819533
2030-01-14 07:00:00,263.10477681686126
2030-01-14 08:00:00,262.4995934430869
2030-01-14 09:00:00,261.91283906366033
2030-01-14 10:00:00,261.3439015872074
2030-01-14 11:00:00,260.79219236683105
2030-01-14 12:00:00,260.2571451099601
2030-01-14 13:00:00,259.73821485070783
2030-01-14 14:00:00,259.2348769804205
2030-01-14 15:00:00,258.8222247381406
2030-01-14 16:00:00,259.0595745411944
2030-01-14 17:00:00,259.82331645573873
2030-01-14 18:00:00,260.95713063308983
2030-01-14 19:00:00,262.28246557015245
2030-01-14 20:00:00,263.6106358458677
2030-01-14 21:00:00,264.755685947442
2030-01-14 22:00:00,265.54709589483275
2030-01-14 23:00:00,265.84140843258956
2030-01-15 00:00:00,265.5319400244129
2030-01-15 01:00:00,264.9849490876567
2030-01-15 02:00:00,264.4589664982255
2030-01-15 03:00:00,263.95314353577487
2030-01-15 04:00:00,263.46666898263874
2030-01-15 05:00:00,262.9987672180986
2030-01-15 06:00:00,262.54869642859154
2030-01-15 07:00:00,262.11574692536
2030-01-15 08:00:00,261.6992395617772
2030-01-15 09:00:00,261.29852424324497
2030-01-15 10:00:00,260.9129785231548
2030-01-15 11:00:00,260.54200627894284
2030-01-15 12:00:00,260.1850364627584
2030-01-15 13:00:00,259.8415219217063
2030-01-15 14:00:00,259.5109382830272
2030-01-15 15:00:00,259.27578435602373
2030-01-15 16:00:00,259.6878784247754
2030-01-15 17:00:00,260.6186127100011
2030-01-15 18:00:00,261.9077192924527
2030-01-15 19:00:00,263.3739890711252
2030-01-15 20:00:00,264.8275261457589
2030-01-15 21:00:00,266.08266979039814
2030-01-15 22:00:00,266.9706527953749
2030-01-15 23:00:00,267.3510777513317
2030-01-16 00:00:00,267.1213843489193
2030-01-16 01:00:00,266.45475070272465
2030-01-16 02:00:00,265.811423520427
2030-01-16 03:00:00,265.19052478681124
2030-01-16 04:00:00,264.591214002364
2030-01-16 05:00:00,264.0126862661565
2030-01-16 06:00:00,263.454170478806
2030-01-16 07:00:00,262.9149276564402
2030-01-16 08:00:00,262.3942493473904
2030-01-16 09:00:00,261.8914561440584
2030-01-16 10:00:00,261.4058962830519
2030-01-16 11:00:00,260.93694432726835
2030-01-16 12:00:00,260.48399992413687
2030-01-16 13:00:00,260.04648663470715
2030-01-16 14:00:00,259.623850828708
2030-01-16 15:00:00,259.3062347827576
2030-01-16 16:00:00,259.63857816505964
2030-01-16 17:00:00,260.4944305843515
2030-01-16 18:00:00,261.71511055311106
2030-01-16 19:00:00,263.1203302698783
2030-01-16 20:00:00,264.52039987037995
2030-01-16 21:00:00,265.72914838409736
2030-01-16 22:00:00,266.57663137729173
2030-01-16 23:00:00,266.9207038221567
2030-01-17 00:00:00,266.65662410095786
2030-01-17 01:00:00,265.9365005510834
2030-01-17 02:00:00,265.2384273023406
2030-01-17 03:00:00,264.5616552292014
2030-01-17 04:00:00,263.9054652128001
2030-01-17 05:00:00,263.26916665562635
2030-01-17 06:00:00,262.6520960873792
2030-01-17 07:00:00,262.05361585526026
2030-01-17 08:00:00,261.47311289255777
2030-01-17 09:00:00,260.9099975598943
2030-01-17 10:00:00,260.36370255397827
2030-01-17 11:00:00,259.8336818791263
2030-01-17 12:00:00,259.31940987720805
2030-01-17 13:00:00,258.8203803120164
2030-01-17 14:00:00,258.3361055043829
2030-01-17 15:00:00,257.96472863005727
2030-01-17 16:00:00,258.24427803592744
2030-01-17 17:00:00,259.05104111833475
2030-01-17 18:00:00,260.2283973821642
2030-01-17 19:00:00,261.5973258666675
2030-01-17 20:00:00,262.96854323439163
2030-01-17 21:00:00,264.15541660617436
2030-01-17 22:00:00,264.98672352664363
2030-01-17 23:00:00,265.3183349034092
2030-01-18 00:00:00,265.04297895324004
2030-01-18 01:00:00,264.54261175154875
2030-01-18 02:00:00,264.06220345891415
2030-01-18 03:00:00,263.6009231210158
2030-01-18 04:00:00,263.15797715119606
2030-01-18 05:00:00,262.7326074280051
2030-01-18 06:00:00,262.3240895072832
2030-01-18 07:00:00,261.93173094050235
2030-01-18 08:00:00,261.5548696917943
2030-01-18 09:00:00,261.19287264672886
2030-01-18 10:00:00,260.84513420648204
2030-01-18 11:00:00,260.5110749615543
2030-01-18 12:00:00,260.19014043967013
2030-01-18 13:00:00,259.88179992291947
2030-01-18 14:00:00,259.58554532958925
2030-01-18 15:00:00,259.4077050851288
2030-01-18 16:00:00,259.8776341510979
2030-01-18 17:00:00,260.86529540157005
2030-01-18 18:00:00,262.20909886923545
2030-01-18 19:00:00,263.7267077326307
2030-01-18 20:00:00,265.2273678431178
2030-01-18 21:00:00,266.5248868223053
2030-01-18 22:00:00,267.45032659749654
2030-01-18 23:00:00,267.86348785043606
2030-01-19 00:00:00,267.662358608363
2030-01-19 01:00:00,266.94552602135406
2030-01-19 02:00:00,266.25235073015983
2030-01-19 03:00:00,265.5819784297278
2030-01-19 04:00:00,264.9335905494259
2030-01-19 05:00:00,264.3064024312999
2030-01-19 06:00:00,263.6996616230332
2030-01-19 07:00:00,263.11264627691224
2030-01-19 08:00:00,262.5446636468678
2030-01-19 09:00:00,261.99504867635056
2030-01-19 10:00:00,261.463162670424
2030-01-19 11:00:00,260.94839204601624
2030-01-19 12:00:00,260.4501471547822
2030-01-19 13:00:00,259.9678611734866
2030-01-19 14:00:00,259.5009890572331
2030-01-19 15:00:00,259.1642825851034
2030-01-19 16:00:00,259.4799439600558
2030-01-19 17:00:00,260.3223820515512
2030-01-19 18:00:00,261.53335102778993
2030-01-19 19:00:00,262.93255645178334
2030-01-19 20:00:00,264.32987064744646
2030-01-19 21:00:00,265.5382945990424
2030-01-19 22:00:00,266.38673391389824
2030-01-19 23:00:00,266.73166252476057
2030-01-20 00:00:00,266.4668331534827
2030-01-20 01:00:00,265.9550333091888
2030-01-20 02:00:00,265.46516701812317
2030-01-20 03:00:00,264.9962576487089
2030-01-20 04:00:00,264.54737518573967
2030-01-20 05:00:00,264.11763373640645
2030-01-20 06:00:00,263.70618919272897
2030-01-20 07:00:00,263.3122370386565
2030-01-20 08:00:00,262.9350102911419
2030-01-20 09:00:00,262.57377756542684
2030-01-20 10:00:00,262.22784125561765
2030-01-20 11:00:00,261.89653582238674
2030-01-20 12:00:00,261.5792261803193
2030-01-20 13:00:00,261.27530617804274
2030-01-20 14:00:00,260.98419716483306
2030-01-20 15:00:00,260.8293394254567
2030-01-20 16:00:00,261.3235002894342
2030-01-20 17:00:00,262.3343957099623
2030-01-20 18:00:00,263.6985649670232
2030-01-20 19:00:00,265.2322821939891
2030-01-20 20:00:00,266.7439619555242
2030-01-20 21:00:00,268.0471777179312
2030-01-20 22:00:00,268.9733526399203
2030-01-20 23:00:00,269.383200227598
2030-01-21 00:00:00,269.1760900281667
2030-01-21 01:00:00,268.5687000612747
2030-01-21 02:00:00,267.9885149997265
2030-01-21 03:00:00,267.43426385437436
2030-01-21 04:00:00,266.90473970600914
2030-01-21 05:00:00,266.39879605374796
2030-01-21 06:00:00,265.9153434092766
2030-01-21 07:00:00,265.4533461170804
2030-01-21 08:00:00,265.0118193826904
2030-01-21 09:00:00,264.5898264926591
2030-01-21 10:00:00,264.1864762114842
2030-01-21 11:00:00,263.80092034204625
2030-01-21 12:00:00,263.4323514373298
2030-01-21 13:00:00,263.08000065228
2030-01-21 14:00:00,262.74313572561607
2030-01-21 15:00:00,262.55402053538353
2030-01-21 16:00:00,263.016572790847
2030-01-21 17:00:00,263.99709521456555
2030-01-21 18:00:00,265.3309680227396
2030-01-21 19:00:00,266.83361446722455
2030-01-21 20:00:00,268.31294277594515
2030-01-21 21:00:00,269.58237935921966
2030-01-21 22:00:00,270.4735503987273
2030-01-21 23:00:00,270.8476892089665
2030-01-22 00:00:00,270.6049467677124
2030-01-22 01:00:00,269.76631169506237
2030-01-22 02:00:00,268.9541073166387
2030-01-22 03:00:00,268.16739758457953
2030-01-22 04:00:00,267.40528614218493
2030-01-22 05:00:00,266.66691422145493
2030-01-22 06:00:00,265.9514586790186
2030-01-22 07:00:00,265.25813015953605
2030-01-22 08:00:00,264.5861713766518
2030-01-22 09:00:00,263.93485550246993
2030-01-22 10:00:00,263.30348465732595
2030-01-22 11:00:00,262.6913884923515
2030-01-22 12:00:00,262.0979228579787
2030-01-22 13:00:00,261.5224685521185
2030-01-22 14:00:00,260.9644301422767
2030-01-22 15:00:00,260.5654130598932
2030-01-22 16:00:00,260.82266964922695
2030-01-22 17:00:00,261.6111899665579
2030-01-22 18:00:00,262.77293955991996
2030-01-22 19:00:00,264.1274520667612
2030-01-22 20:00:00,265.484058520764
2030-01-22 21:00:00,266.6548899277915
2030-01-22 22:00:00,267.4677176108097
2030-01-22 23:00:00,267.7776999246073
2030-01-23 00:00:00,267.4771877871319
2030-01-23 01:00:00,266.67454558758294
2030-01-23 02:00:00,265.89361166827035
2030-01-23 03:00:00,265.13370602869924
2030-01-23 04:00:00,264.39417501500327
2030-01-23 05:00:00,263.6743900211187
2030-01-23 06:00:00,262.9737462696107
2030-01-23 07:00:00,262.29166166632336
2030-01-23 08:00:00,261.6275757235177
2030-01-23 09:00:00,260.9809485466046
2030-01-23 10:00:00,260.35125987998623
2030-01-23 11:00:00,259.7380082078813
2030-01-23 12:00:00,259.140709906346
2030-01-23 13:00:00,258.5588984429999
2030-01-23 14:00:00,257.99212362124524
2030-01-23 15:00:00,257.59158999068825
2030-01-23 16:00:00,257.8465050905181
2030-01-23 17:00:00,258.63463299217193
2030-01-23 18:00:00,259.80003994374175
2030-01-23 19:00:00,261.1635721081188
2030-01-23 20:00:00,262.5350194553626
2030-01-23 21:00:00,263.72610952360196
2030-01-23 22:00:00,264.5633985116096
2030-01-23 23:00:00,264.9001262132882
2030-01-24 00:00:00,264.6261798151562
2030-01-24 01:00:00,263.92091382316397
2030-01-24 02:00:00,263.2352225835359
2030-01-24 03:00:00,262.5684926373819
2030-01-24 04:00:00,261.92013366692584
2030-01-24 05:00:00,261.2895774016159
2030-01-24 06:00:00,260.6762765885082
2030-01-24 07:00:00,260.0797040223999
2030-01-24 08:00:00,259.49935163155504
2030-01-24 09:00:00,258.93472961520285
2030-01-24 10:00:00,258.3853656292897
2030-01-24 11:00:00,257.8508040172453
2030-01-24 12:00:00,257.3306050827743
2030-01-24 13:00:00,256.8243444019145
2030-01-24 14:00:00,256.33161217181384
2030-01-24 15:00:00,256.0133528116617
2030-01-24 16:00:00,256.3496268744575
2030-01-24 17:00:00,257.2174801974709
2030-01-24 18:00:00,258.4603201202649
2030-01-24 19:00:00,259.89844404042645
2030-01-24 20:00:00,261.3412459430812
2030-01-24 21:00:00,262.6002415785648
2030-01-24 22:00:00,263.5019775841598
2030-01-24 23:00:00,263.8998898791592
2030-01-25 00:00:00,263.6842562150132
2030-01-25 01:00:00,263.0051170230174
2030-01-25 02:00:00,262.34473470566627
2030-01-25 03:00:00,261.70252660443987
2030-01-25 04:00:00,261.07793174894783
2030-01-25 05:00:00,260.4704098482352
2030-01-25 06:00:00,259.87944034037673
2030-01-25 07:00:00,259.3045214963216
2030-01-25 08:00:00,258.7451695742742
2030-01-25 09:00:00,258.20091802119117
2030-01-25 10:00:00,257.6713167182433
2030-01-25 11:00:00,257.1559312673345
2030-01-25 12:00:00,256.65434231599363
2030-01-25 13:00:00,256.1661449181579
2030-01-25 14:00:00,255.69094792855364
2030-01-25 15:00:00,255.39965083125335
2030-01-25 16:00:00,255.7630685557661
2030-01-25 17:00:00,256.6581465902679
2030-01-25 18:00:00,257.9281253593608
2030-01-25 19:00:00,259.3930840245887
2030-01-25 20:00:00,260.8621654929241
2030-01-25 21:00:00,262.14662215295454
2030-01-25 22:00:00,263.07274628840185
2030-01-25 23:00:00,263.4937490174396
2030-01-26 00:00:00,263.2997311266747
2030-01-26 01:00:00,262.70437723420184
2030-01-26 02:00:00,262.1276471882817
2030-01-26 03:00:00,261.5689091309373
2030-01-26 04:00:00,261.0275557378572
2030-01-26 05:00:00,260.50300306969143
2030-01-26 06:00:00,259.9946894894984
2030-01-26 07:00:00,259.5020746417495
2030-01-26 08:00:00,259.02463848867
2030-01-26 09:00:00,258.5618804000315
2030-01-26 10:00:00,258.1133182928198
2030-01-26 11:00:00,257.67848781747944
2030-01-26 12:00:00,257.25694158769204
2030-01-26 13:00:00,256.84824845087826
2030-01-26 14:00:00,256.451992796824
2030-01-26 15:00:00,256.2492204226704
2030-01-26 16:00:00,256.7005260574534
2030-01-26 17:00:00,257.6802116500007
2030-01-26 18:00:00,259.0293514171517
2030-01-26 19:00:00,260.5664728431212
2030-01-26 20:00:00,262.0998793916195
2030-01-26 21:00:00,263.4407457420126
2030-01-26 22:00:00,264.41604428458055
2030-01-26 23:00:00,264.8803658388317
2030-01-27 00:00:00,264.72578182662204
2030-01-27 01:00:00,264.0959971876749
2030-01-27 02:00:00,263.4864018591877
2030-01-27 03:00:00,262.8962929728624
2030-01-27 04:00:00,262.3249957155053
2030-01-27 05:00:00,261.77186197636416
2030-01-27 06:00:00,261.23626907473937
2030-01-27 07:00:00,260.71761856212527
2030-01-27 08:00:00,260.2153350936182
2030-01-27 09:00:00,259.72886536375904
2030-01-27 10:00:00,259.2576771023727
2030-01-27 11:00:00,258.80125812632264
2030-01-27 12:00:00,258.3591154434226
2030-01-27 13:00:00,257.9307744050441
2030-01-27 14:00:00,257.5157779042249
2030-01-27 15:00:00,257.3055289535439
2030-01-27 16:00:00,257.75067923344943
2030-01-27 17:00:00,258.7248674182982
2030-01-27 18:00:00,260.0685617741097
2030-01-27 19:00:00,261.59977632786627
2030-01-27 20:00:00,263.1264239304891
2030-01-27 21:00:00,264.4594342796944
2030-01-27 22:00:00,265.4256933346859
2030-01-27 23:00:00,265.8798655875895
2030-01-28 00:00:00,265.7142460181563
2030-01-28 01:00:00,265.0334215170461
2030-01-28 02:00:00,264.3737621484706
2030-01-28 03:00:00,263.73454434529776
2030-01-28 04:00:00,263.115073378913
2030-01-28 05:00:00,262.5146819510748
2030-01-28 06:00:00,261.9327288708247
2030-01-28 07:00:00,261.3685978102688
2030-01-28 08:00:00,260.82169613357206
2030-01-28 09:00:00,260.2914537939764
2030-01-28 10:00:00,259.77732229408247
2030-01-28 11:00:00,259.2787737050219
2030-01-28 12:00:00,258.795299740499
2030-01-28 13:00:00,258.32641088200046
2030-01-28 14:00:00,257.8716355517622
2030-01-28 15:00:00,257.63298287566585
2030-01-28 16:00:00,258.0513093849344
2030-01-28 17:00:00,259.0007507588574
2030-01-28 18:00:00,260.32207418013263
2030-01-28 19:00:00,261.8333761088968
2030-01-28 20:00:00,263.3424318932316
2030-01-28 21:00:00,264.6598258607567
2030-01-28 22:00:00,265.6119176248583
2030-01-28 23:00:00,266.052704107923
2030-01-29 00:00:00,265.8737210474775
2030-01-29 01:00:00,265.1775664406354
2030-01-29 02:00:00,264.5026480535005
2030-01-29 03:00:00,263.8482493548886
2030-01-29 04:00:00,263.2136822077685
2030-01-29 05:00:00,262.5982854828658
2030-01-29 06:00:00,262.0014237561387
2030-01-29 07:00:00,261.42248608402593
2030-01-29 08:00:00,260.8608848508816
2030-01-29 09:00:00,260.3160546834783
2030-01-29 10:00:00,259.78745142788017
2030-01-29 11:00:00,259.27455118437064
2030-01-29 12:00:00,258.7768493964663
2030-01-29 13:00:00,258.2938599903641
2030-01-29 14:00:00,257.82511456145704
2030-01-29 15:00:00,257.58346437289913
2030-01-29 16:00:00,257.99969465947237
2030-01-29 17:00:00,258.9481600333022
2030-01-29 18:00:00,260.2697088205116
2030-01-29 19:00:00,261.78237824259054
2030-01-29 20:00:00,263.29375101347745
2030-01-29 21:00:00,264.61410174134795
2030-01-29 22:00:00,265.5693878267717
2030-01-29 23:00:00,266.01314257466487
2030-01-30 00:00:00,265.83641190622546
2030-01-30 01:00:00,265.1503202532054
2030-01-30 02:00:00,264.48551123680284
2030-01-30 03:00:00,263.8412579867004
2030-01-30 04:00:00,263.21686261869377
2030-01-30 05:00:00,262.61165481683554
2030-01-30 06:00:00,262.0249905014019
2030-01-30 07:00:00,261.4562505764331
2030-01-30 08:00:00,260.9048397511264
2030-01-30 09:00:00,260.3701854298379
2030-01-30 10:00:00,259.851736665882
2030-01-30 11:00:00,259.3489631747113
2030-01-30 12:00:00,258.8613544024129
2030-01-30 13:00:00,258.3884186457839
2030-01-30 14:00:00,257.9296822205402
2030-01-30 15:00:00,257.70904523628997
2030-01-30 16:00:00,258.1467549609351
2030-01-30 17:00:00,259.11664016123245
2030-01-30 18:00:00,260.4590462485374
2030-01-30 19:00:00,261.9915641490066
2030-01-30 20:00:00,263.5214173239801
2030-01-30 21:00:00,264.85863288641224
2030-01-30 22:00:00,265.8290494060412
2030-01-30 23:00:00,266.28621760992684
2030-01-31 00:00:00,266.1213346512796
2030-01-31 01:00:00,265.504235002835
2030-01-31 02:00:00,264.9091535321455
2030-01-31 03:00:00,264.3352509273643
2030-01-31 04:00:00,263.78172371510647
2030-01-31 05:00:00,263.24780245292095
2030-01-31 06:00:00,262.7327500327904
2030-01-31 07:00:00,262.23586008742603
2030-01-31 08:00:00,261.7564554918393
2030-01-31 09:00:00,261.2938869533157
2030-01-31 10:00:00,260.84753168349687
2030-01-31 11:00:00,260.4167921468028
2030-01-31 12:00:00,260.00109487990034
2030-01-31 13:00:00,259.599889377357
2030-01-31 14:00:00,259.2126470390074
2030-01-31 15:00:00,259.0744805937363
2030-01-31 16:00:00,259.59382724412154
2030-01-31 17:00:00,260.6412192755876
2030-01-31 18:00:00,262.0543507317335
2030-01-31 19:00:00,263.64896811167915
2030-01-31 20:00:00,265.231367504656
2030-01-31 21:00:00,266.6116138429809
2030-01-31 22:00:00,267.61652921105974
2030-01-31 23:00:00,268.1015063946445
2030-02-01 00:00:00,267.9602943824479
2030-02-01 01:00:00,267.2270891850919
2030-02-01 02:00:00,266.51779599840864
2030-02-01 03:00:00,265.83155781895255
2030-02-01 04:00:00,265.1675534225672
2030-02-01 05:00:00,264.524995535354
2030-02-01 06:00:00,263.9031291202905
2030-02-01 07:00:00,263.30122977069976
2030-02-01 08:00:00,262.71860220254723
2030-02-01 09:00:00,262.1545788382438
2030-02-01 10:00:00,261.60851847526317
2030-02-01 11:00:00,261.07980503345044
2030-02-01 12:00:00,260.5678463754149
2030-02-01 13:00:00,260.07207319486395
2030-02-01 14:00:00,259.59193796815754
2030-02-01 15:00:00,259.3740037351711
2030-02-01 16:00:00,259.81660871967114
2030-02-01 17:00:00,260.7921989296303
2030-02-01 18:00:00,262.1398579553747
2030-02-01 19:00:00,263.67611163801917
2030-02-01 20:00:00,265.20738014752783
2030-02-01 21:00:00,266.54319766477283
2030-02-01 22:00:00,267.5092475154912
2030-02-01 23:00:00,267.95926593349424
2030-02-02 00:00:00,267.78495437214923
2030-02-02 01:00:00,267.08246665851544
2030-02-02 02:00:00,266.404026061519
2030-02-02 03:00:00,265.74873883703043
2030-02-02 04:00:00,265.1157493165777
2030-02-02 05:00:00,264.5042379481225
2030-02-02 06:00:00,263.91341946093445
2030-02-02 07:00:00,263.34254114508667
2030-02-02 08:00:00,262.79088123693947
2030-02-02 09:00:00,262.2577474027357
2030-02-02 10:00:00,261.7424753131141
2030-02-02 11:00:00,261.24442730196245
2030-02-02 12:00:00,260.7629911035877
2030-02-02 13:00:00,260.2975786626829
2030-02-02 14:00:00,259.84762501202584
2030-02-02 15:00:00,259.67134720301465
2030-02-02 16:00:00,260.15557223384826
2030-02-02 17:00:00,261.17147331369785
2030-02-02 18:00:00,262.55705235066137
2030-02-02 19:00:00,264.1280134171136
2030-02-02 20:00:00,265.6902670967433
2030-02-02 21:00:00,267.05318135249917
2030-02-02 22:00:00,268.0426237345422
2030-02-02 23:00:00,268.51284704302884
2030-02-03 00:00:00,268.3563595205322
2030-02-03 01:00:00,267.6654311294047
2030-02-03 02:00:00,266.9996854293596
2030-02-03 03:00:00,266.35813623255314
2030-02-03 04:00:00,265.7398409752515
2030-02-03 05:00:00,265.14389841899293
2030-02-03 06:00:00,264.56944649995717
2030-02-03 07:00:00,264.01566031501153
2030-02-03 08:00:00,263.4817502339481
2030-02-03 09:00:00,262.96696012836816
2030-02-03 10:00:00,262.47056570851277
2030-02-03 11:00:00,261.99187296009853
2030-02-03 12:00:00,261.53021667390124
2030-02-03 13:00:00,261.08495906144765
2030-02-03 14:00:00,260.655488450733
2030-02-03 15:00:00,260.5118444510246
2030-02-03 16:00:00,261.0289230809497
2030-02-03 17:00:00,262.0762429290589
2030-02-03 18:00:00,263.4904351948517
2030-02-03 19:00:00,265.08619993458535
2030-02-03 20:00:00,266.66887014237193
2030-02-03 21:00:00,268.0476938019143
2030-02-03 22:00:00,269.04887532402756
2030-02-03 23:00:00,269.52742775482363
2030-02-04 00:00:00,269.37697906676726
2030-02-04 01:00:00,268.67815597031
2030-02-04 02:00:00,268.0064215585764
2030-02-04 03:00:00,267.36065559728064
2030-02-04 04:00:00,266.73978963901726
2030-02-04 05:00:00,266.1428042013195
2030-02-04 06:00:00,265.56872613180457
2030-02-04 07:00:00,265.01662614543267
2030-02-04 08:00:00,264.48561652030867
2030-02-04 09:00:00,263.97484893970733
2030-02-04 10:00:00,263.48351246912614
2030-02-04 11:00:00,263.010831658174
2030-02-04 12:00:00,262.55606475800784
2030-02-04 13:00:00,262.11850204583976
2030-02-04 14:00:00,261.69746424877025
2030-02-04 15:00:00,261.57498531027795
2030-02-04 16:00:00,262.1137415489227
2030-02-04 17:00:00,263.1815423128389
2030-02-04 18:00:00,264.61361399604914
2030-02-04 19:00:00,266.2236381072773
2030-02-04 20:00:00,267.81637312587065
2030-02-04 21:00:00,269.20096478606075
2030-02-04 22:00:00,270.20398291201894
2030-02-04 23:00:00,270.6812356903043
2030-02-05 00:00:00,270.5275072725361
2030-02-05 01:00:00,269.701329749402
2030-02-05 02:00:00,268.90184445573783
2030-02-05 03:00:00,268.1280891754455
2030-02-05 04:00:00,267.37914287590934
2030-02-05 05:00:00,266.6541235184347
2030-02-05 06:00:00,265.95218601320346
2030-02-05 07:00:00,265.2725203072992
2030-02-05 08:00:00,264.6143495954052
2030-02-05 09:00:00,263.9769286437188
2030-02-05 10:00:00,263.35954221847055
2030-02-05 11:00:00,262.7615036111964
2030-02-05 12:00:00,262.182153253595
2030-02-05 13:00:00,261.6208574154182
2030-02-05 14:00:00,261.07700697940066
2030-02-05 15:00:00,260.8449450605243
2030-02-05 16:00:00,261.2776628880381
2030-02-05 17:00:00,262.2471536651217
2030-02-05 18:00:00,263.5917789550137
2030-02-05 19:00:00,265.12712154987173
2030-02-05 20:00:00,266.65850317206423
2030-02-05 21:00:00,267.99428223847855
2030-02-05 22:00:00,268.95897319402764
2030-02-05 23:00:00,269.4052335583849
2030-02-06 00:00:00,269.22385173497184
2030-02-06 01:00:00,268.56681032891146
2030-02-06 02:00:00,267.9369340727909
2030-02-06 03:00:00,267.33303808644047
2030-02-06 04:00:00,266.75399428262847
2030-02-06 05:00:00,266.19872821887225
2030-02-06 06:00:00,265.6662161590415
2030-02-06 07:00:00,265.15548232789587
2030-02-06 08:00:00,264.6655963432907
2030-02-06 09:00:00,264.1956708122032
2030-02-06 10:00:00,263.74485907800266
2030-02-06 11:00:00,263.3123531075235
2030-02-06 12:00:00,262.8973815075203
2030-02-06 13:00:00,262.4992076609996
2030-02-06 14:00:00,262.11712797474644
2030-02-06 15:00:00,262.0578253606727
2030-02-06 16:00:00,262.6594874796818
2030-02-06 17:00:00,263.7878449453002
2030-02-06 18:00:00,265.2763554484951
2030-02-06 19:00:00,266.93735268256614
2030-02-06 20:00:00,268.57475239584255
2030-02-06 21:00:00,269.99741277331157
2030-02-06 22:00:00,271.0321823513444
2030-02-06 23:00:00,271.5356846829106
2030-02-07 00:00:00,271.403987625443
2030-02-07 01:00:00,270.703357073379
2030-02-07 02:00:00,270.03476776916114
2030-02-07 03:00:00,269.3966835541632
2030-02-07 04:00:00,268.78764839366164
2030-02-07 05:00:00,268.20628160172043
2030-02-07 06:00:00,267.65127340517455
2030-02-07 07:00:00,267.1213808177319
2030-02-07 08:00:00,266.61542379812863
2030-02-07 09:00:00,266.1322816688533
2030-02-07 10:00:00,265.6708897742447
2030-02-07 11:00:00,265.23023635880185
2030-02-07 12:00:00,264.80935964835453
2030-02-07 13:00:00,264.4073451183584
2030-02-07 14:00:00,264.0233229350201
2030-02-07 15:00:00,263.9764240047092
2030-02-07 16:00:00,264.59116388567514
2030-02-07 17:00:00,265.7302174199143
2030-02-07 18:00:00,267.2246450082129
2030-02-07 19:00:00,268.8851693025625
2030-02-07 20:00:00,270.51495991559403
2030-02-07 21:00:00,271.92301503538476
2030-02-07 22:00:00,272.93716935917485
2030-02-07 23:00:00,273.41577918018453
2030-02-08 00:00:00,273.25723974185166
2030-02-08 01:00:00,272.42213765023837
2030-02-08 02:00:00,271.62122944825296
2030-02-08 03:00:00,270.8530123430937
2030-02-08 04:00:00,270.1160580409801
2030-02-08 05:00:00,269.4090083528957
2030-02-08 06:00:00,268.73057111729764
2030-02-08 07:00:00,268.07951641219535
2030-02-08 08:00:00,267.454673031809
2030-02-08 09:00:00,266.8549252054967
2030-02-08 10:00:00,266.279209538841
2030-02-08 11:00:00,265.7265121587382
2030-02-08 12:00:00,265.19586604607304
2030-02-08 13:00:00,264.6863485411093
2030-02-08 14:00:00,264.19707900811176
2030-02-08 15:00:00,264.0599504567522
2030-02-08 16:00:00,264.5887654931267
2030-02-08 17:00:00,265.6492197714284
2030-02-08 18:00:00,267.07454598228367
2030-02-08 19:00:00,268.67666717708244
2030-02-08 20:00:00,270.2589225437338
2030-02-08 21:00:00,271.62946105667066
2030-02-08 22:00:00,272.61433315022276
2030-02-08 23:00:00,273.0693257202555
2030-02-09 00:00:00,272.88968408163606
2030-02-09 01:00:00,272.0131316927622
2030-02-09 02:00:00,271.16751730909806
2030-02-09 03:00:00,270.3516351731952
2030-02-09 04:00:00,269.56433461318426
2030-02-09 05:00:00,268.8045169454452
2030-02-09 06:00:00,268.0711325930374
2030-02-09 07:00:00,267.36317840182244
2030-02-09 08:00:00,266.67969513796453
2030-02-09 09:00:00,266.0197651520573
2030-02-09 10:00:00,265.3825101965169
2030-02-09 11:00:00,264.76708938412656
2030-02-09 12:00:00,264.1726972767307
2030-02-09 13:00:00,263.59856209407445
2030-02-09 14:00:00,263.04394403368065
2030-02-09 15:00:00,262.8538099526954
2030-02-09 16:00:00,263.331584842907
2030-02-09 17:00:00,264.34658371002547
2030-02-09 18:00:00,265.7347197941872
2030-02-09 19:00:00,267.3095094818966
2030-02-09 20:00:00,268.8747202792491
2030-02-09 21:00:00,270.2377658222579
2030-02-09 22:00:00,271.2228803000625
2030-02-09 23:00:00,271.68311270627163
2030-02-10 00:00:00,271.5102726273701
2030-02-10 01:00:00,270.69093021177514
2030-02-10 02:00:00,269.900945596225
2030-02-10 03:00:00,269.1391684818702
2030-02-10 04:00:00,268.4045007386694
2030-02-10 05:00:00,267.6958935230389
2030-02-10 06:00:00,267.0123445921822
2030-02-10 07:00:00,266.35289579893976
2030-02-10 08:00:00,265.7166307525385
2030-02-10 09:00:00,265.10267263200103
2030-02-10 10:00:00,264.5101821402005
2030-02-10 11:00:00,263.9383555876502
2030-02-10 12:00:00,263.3864230961023
2030-02-10 13:00:00,262.85364691291596
2030-02-10 14:00:00,262.3393198279515
2030-02-10 15:00:00,262.2015444908749
2030-02-10 16:00:00,262.7309490232926
2030-02-10 17:00:00,263.79628001559075
2030-02-10 18:00:00,265.23292030002455
2030-02-10 19:00:00,266.85393413745516
2030-02-10 20:00:00,268.4627499537274
2030-02-10 21:00:00,269.8665819823996
2030-02-10 22:00:00,270.8896211450479
2030-02-10 23:00:00,271.38503429679014
2030-02-11 00:00:00,271.24490315554107
2030-02-11 01:00:00,270.45370862405434
2030-02-11 02:00:00,269.692086280232
2030-02-11 03:00:00,268.95883945664787
2030-02-11 04:00:00,268.25282677945586
2030-02-11 05:00:00,267.5729590928685
2030-02-11 06:00:00,266.9181965939459
2030-02-11 07:00:00,266.2875461603527
2030-02-11 08:00:00,265.68005885540396
2030-02-11 09:00:00,265.09482759620744
2030-02-11 10:00:00,264.53098497203433
2030-02-11 11:00:00,263.98770120123567
2030-02-11 12:00:00,263.46418221608354
2030-02-11 13:00:00,262.95966786586825
2030-02-11 14:00:00,262.47343022943767
2030-02-11 15:00:00,262.37681445274205
2030-02-11 16:00:00,262.94706020298804
2030-02-11 17:00:00,264.05169407300434
2030-02-11 18:00:00,265.52507009417525
2030-02-11 19:00:00,267.1794805027353
2030-02-11 20:00:00,268.8178875820807
2030-02-11 21:00:00,270.24737361608015
2030-02-11 22:00:00,271.2923365026117
2030-02-11 23:00:00,271.8064693251024
2030-02-12 00:00:00,271.6826565406017
2030-02-12 01:00:00,270.83036451215935
2030-02-12 02:00:00,270.00661631071495
2030-02-12 03:00:00,269.21034903561764
2030-02-12 04:00:00,268.4405465821595
2030-02-12 05:00:00,267.6962370898304
2030-02-12 06:00:00,266.9764905632144
2030-02-12 07:00:00,266.28041665150306
2030-02-12 08:00:00,265.6071625739199
2030-02-12 09:00:00,264.95591117952983
2030-02-12 10:00:00,264.32587913096336
2030-02-12 11:00:00,263.7163152025309
2030-02-12 12:00:00,263.1264986840543
2030-02-12 13:00:00,262.55573788250433
2030-02-12 14:00:00,262.00336871422337
2030-02-12 15:00:00,261.8542094394763
2030-02-12 16:00:00,262.37414701555963
2030-02-12 17:00:00,263.4331703928728
2030-02-12 18:00:00,264.8674425664243
2030-02-12 19:00:00,266.4903059935059
2030-02-12 20:00:00,268.1049590667334
2030-02-12 21:00:00,269.51790658331475
2030-02-12 22:00:00,270.5522132208969
2030-02-12 23:00:00,271.05959481139524
2030-02-13 00:00:00,270.93047167450834
2030-02-13 01:00:00,270.10165454260726
2030-02-13 02:00:00,269.2887149554635
2030-02-13 03:00:00,268.5019538304618
2030-02-13 04:00:00,267.74043177597673
2030-02-13 05:00:00,267.0032493607463
2030-02-13 06:00:00,266.2895450047113
2030-02-13 07:00:00,265.59849300802495
2030-02-13 08:00:00,264.92930170736844
2030-02-13 09:00:00,264.2812117496955
2030-02-13 10:00:00,263.6534944744189
2030-02-13 11:00:00,263.0454503958474
2030-02-13 12:00:00,262.45640777840055
2030-02-13 13:00:00,261.8857212977744
2030-02-13 14:00:00,261.33277078181527
2030-02-13 15:00:00,261.19597665134773
2030-02-13 16:00:00,261.72865394143776
2030-02-13 17:00:00,262.8013921400295
2030-02-13 18:00:00,264.2507319434613
2030-02-13 19:00:00,265.8901536494473
2030-02-13 20:00:00,267.5227521809841
2030-02-13 21:00:00,268.9547024551091
2030-02-13 22:00:00,270.00854355438
2030-02-13 23:00:00,270.5353145049916
2030-02-14 00:00:00,270.42466259138354
2030-02-14 01:00:00,269.6524442852226
2030-02-14 02:00:00,268.88271139218443
2030-02-14 03:00:00,268.13937185685586
2030-02-14 04:00:00,267.4214348015856
2030-02-14 05:00:00,266.7279524760311
2030-02-14 06:00:00,266.05801796753116
2030-02-14 07:00:00,265.41076306165775
2030-02-14 08:00:00,264.78535624108775
2030-02-14 09:00:00,264.1810008120222
2030-02-14 10:00:00,263.5969331483559
2030-02-14 11:00:00,263.03242104467677
2030-02-14 12:00:00,262.4867621699593
2030-02-14 13:00:00,261.9592826145271
2030-02-14 14:00:00,261.4493355234954
2030-02-14 15:00:00,261.36901882763965
2030-02-14 16:00:00,261.9575170483109
2030-02-14 17:00:00,263.08383033863635
2030-02-14 18:00:00,264.58317834169355
2030-02-14 19:00:00,266.26807378822264
2030-02-14 20:00:00,267.9410598110097
2030-02-14 21:00:00,269.4082091917972
2030-02-14 22:00:00,270.4924106070583
2030-02-14 23:00:00,271.0454739085006
2030-02-15 00:00:00,270.958177479266
2030-02-15 01:00:00,270.16660599342885
2030-02-15 02:00:00,269.36400155764494
2030-02-15 03:00:00,268.5880288621004
2030-02-15 04:00:00,267.8377103591948
2030-02-15 05:00:00,267.1121106555022
2030-02-15 06:00:00,266.41033427105
2030-02-15 07:00:00,265.7315235462055
2030-02-15 08:00:00,265.0748566844838
2030-02-15 09:00:00,264.4395459206625
2030-02-15 10:00:00,263.8248358045506
2030-02-15 11:00:00,263.23000159162183
2030-02-15 12:00:00,262.65434773249893
2030-02-15 13:00:00,262.0972064539737
2030-02-15 14:00:00,261.55793642487674
2030-02-15 15:00:00,261.46247960016734
2030-02-15 16:00:00,262.0371322675486
2030-02-15 17:00:00,263.1514890288698
2030-02-15 18:00:00,264.64114308697316
2030-02-15 19:00:00,266.31873877781265
2030-02-15 20:00:00,267.9867042758829
2030-02-15 21:00:00,269.45076349661207
2030-02-15 22:00:00,270.5332516316462
2030-02-15 23:00:00,271.08526425243537
2030-02-16 00:00:00,270.99675961351517
2030-02-16 01:00:00,270.3054943628463
2030-02-16 02:00:00,269.59149073380775
2030-02-16 03:00:00,268.9064421711258
2030-02-16 04:00:00,268.2491008919566
2030-02-16 05:00:00,267.61827886859294
2030-02-16 06:00:00,267.01284447664665
2030-02-16 07:00:00,266.43171937113686
2030-02-16 08:00:00,265.87387557178045
2030-02-16 09:00:00,265.3383327405762
2030-02-16 10:00:00,264.8241556363795
2030-02-16 11:00:00,264.3304517325903
2030-02-16 12:00:00,263.8563689853577
2030-02-16 13:00:00,263.4010937408459
2030-02-16 14:00:00,262.9638487711327
2030-02-16 15:00:00,262.984420149085
2030-02-16 16:00:00,263.67213001084866
2030-02-16 17:00:00,264.8914656511665
2030-02-16 18:00:00,266.4740218243364
2030-02-16 19:00:00,268.22979467615573
2030-02-16 20:00:00,269.9600681626319
2030-02-16 21:00:00,271.4709770232288
2030-02-16 22:00:00,272.5867637289897
2030-02-16 23:00:00,273.16176172667105
2030-02-17 00:00:00,273.090236782539
2030-02-17 01:00:00,272.2644634192421
2030-02-17 02:00:00,271.4028874442533
2030-02-17 03:00:00,270.57106757017726
2030-02-17 04:00:00,269.7678665383772
2030-02-17 05:00:00,268.9921981804887
2030-02-17 06:00:00,268.243024587835
2030-02-17 07:00:00,267.51935347522965
2030-02-17 08:00:00,266.82023572312477
2030-02-17 09:00:00,266.144763083597
2030-02-17 10:00:00,265.4920660370322
2030-02-17 11:00:00,264.8613117875919
2030-02-17 12:00:00,264.25170238663947
2030-02-17 13:00:00,263.66247297428464
2030-02-17 14:00:00,263.09289013008504
2030-02-17 15:00:00,262.9968760316649
2030-02-17 16:00:00,263.57287928370965
2030-02-17 17:00:00,264.6892989190419
2030-02-17 18:00:00,266.180633318035
2030-02-17 19:00:00,267.8585984422256
2030-02-17 20:00:00,269.5249173747352
2030-02-17 21:00:00,270.9848750742883
2030-02-17 22:00:00,272.0606584993477
2030-02-17 23:00:00,272.6035092563675
2030-02-18 00:00:00,272.5038076481895
2030-02-18 01:00:00,271.6978978449138
2030-02-18 02:00:00,270.8406192593971
2030-02-18 03:00:00,270.01171376181327
2030-02-18 04:00:00,269.2101340187521
2030-02-18 05:00:00,268.4348785769038
2030-02-18 06:00:00,267.6849893671452
2030-02-18 07:00:00,266.95954937718454
2030-02-18 08:00:00,266.25768047910435
2030-02-18 09:00:00,265.57854139942225
2030-02-18 10:00:00,264.92132582043666
2030-02-18 11:00:00,264.2852606026496
2030-02-18 12:00:00,263.6696041189798
2030-02-18 13:00:00,263.073644692305
2030-02-18 14:00:00,262.4966991286168
2030-02-18 15:00:00,262.4069552123149
2030-02-18 16:00:00,262.9897538789248
2030-02-18 17:00:00,264.1143026898844
2030-02-18 18:00:00,265.61564295592945
2030-02-18 19:00:00,267.30574059905297
2030-02-18 20:00:00,268.98626745564155
2030-02-18 21:00:00,270.4621683232348
2030-02-18 22:00:00,271.5550336355934
2030-02-18 23:00:00,272.11530282294035
2030-02-19 00:00:00,272.03241340026915
2030-02-19 01:00:00,271.2897186972419
2030-02-19 02:00:00,270.4819456110831
2030-02-19 03:00:00,269.70334109586025
2030-02-19 04:00:00,268.9527564445835
2030-02-19 05:00:00,268.22909512536177
2030-02-19 06:00:00,267.5313099031426
2030-02-19 07:00:00,266.85840015734067
2030-02-19 08:00:00,266.2094093792946
2030-02-19 09:00:00,265.5834228350214
2030-02-19 10:00:00,264.9795653801044
2030-02-19 11:00:00,264.3969994147706
2030-02-19 12:00:00,263.83492296830616
2030-02-19 13:00:00,263.29256790293874
2030-02-19 14:00:00,262.7691982281939
2030-02-19 15:00:00,262.74728653671315
2030-02-19 16:00:00,263.39667725188883
2030-02-19 17:00:00,264.5843775559444
2030-02-19 18:00:00,266.1436485656558
2030-02-19 19:00:00,267.88520886766753
2030-02-19 20:00:00,269.6100937842772
2030-02-19 21:00:00,271.1232585349774
2030-02-19 22:00:00,272.2469412153577
2030-02-19 23:00:00,272.8328105401772
2030-02-20 00:00:00,272.7720174040448
2030-02-20 01:00:00,271.96514219352764
2030-02-20 02:00:00,271.0775983682794
2030-02-20 03:00:00,270.2177431456229
2030-02-20 04:00:00,269.38459612527845
2030-02-20 05:00:00,268.5772189466993
2030-02-20 06:00:00,267.7947130210031
2030-02-20 07:00:00,267.03621741508584
2030-02-20 08:00:00,266.3009068757028
2030-02-20 09:00:00,265.5879899824302
2030-02-20 10:00:00,264.89670741943803
2030-02-20 11:00:00,264.22633035691376
2030-02-20 12:00:00,263.57615893379204
2030-02-20 13:00:00,262.94552083418165
2030-02-20 14:00:00,262.33376995054226
2030-02-20 15:00:00,262.2379080593288
2030-02-20 16:00:00,262.81627112529986
2030-02-20 17:00:00,263.9390636716378
2030-02-20 18:00:00,265.4419425461992
2030-02-20 19:00:00,267.13707549048735
2030-02-20 20:00:00,268.8259180403465
2030-02-20 21:00:00,270.3128052800309
2030-02-20 22:00:00,271.41837711848996
2030-02-20 23:00:00,271.99185841776733
2030-02-21 00:00:00,271.92130304672116
2030-02-21 01:00:00,271.209145806764
2030-02-21 02:00:00,270.4026569395436
2030-02-21 03:00:00,269.62516880508224
2030-02-21 04:00:00,268.87554346166087
2030-02-21 05:00:00,268.1526945024874
2030-02-21 06:00:00,267.45558421933856
2030-02-21 07:00:00,266.7832209588331
2030-02-21 08:00:00,266.1346566555774
2030-02-21 09:00:00,265.50898452792154
2030-02-21 10:00:00,264.90533692340443
2030-02-21 11:00:00,264.32288330215766
2030-02-21 12:00:00,263.7608283476129
2030-02-21 13:00:00,263.2184101948144
2030-02-21 14:00:00,262.69489876750123
2030-02-21 15:00:00,262.70176760758716
2030-02-21 16:00:00,263.38057716887874
2030-02-21 17:00:00,264.5981387443553
2030-02-21 18:00:00,266.187403859343
2030-02-21 19:00:00,267.9586940499227
2030-02-21 20:00:00,269.71259268437944
2030-02-21 21:00:00,271.2535846987377
2030-02-21 22:00:00,272.4034573813913
2030-02-21 23:00:00,273.0134841217951
2030-02-22 00:00:00,272.97450723701206
2030-02-22 01:00:00,272.28635062297224
2030-02-22 02:00:00,271.4922146123311
2030-02-22 03:00:00,270.73056747632825
2030-02-22 04:00:00,269.9999878225084
2030-02-22 05:00:00,269.29912402423497
2030-02-22 06:00:00,268.62669016882876
2030-02-22 07:00:00,267.98146229265
2030-02-22 08:00:00,267.3622748785929
2030-02-22 09:00:00,266.7680175939128
2030-02-22 10:00:00,266.1976322484784
2030-02-22 11:00:00,265.6501099554738
2030-02-22 12:00:00,265.1244884782912
2030-02-22 13:00:00,264.61984974888793
2030-02-22 14:00:00,264.1353175442482
2030-02-22 15:00:00,264.1968794797926
2030-02-22 16:00:00,264.9289673565797
2030-02-22 17:00:00,266.1949516059491
2030-02-22 18:00:00,267.8250863801641
2030-02-22 19:00:00,269.62789887466846
2030-02-22 20:00:00,271.40318254618245
2030-02-22 21:00:00,272.95566997988374
2030-02-22 22:00:00,274.1083937208582
2030-02-22 23:00:00,274.7147585159584
2030-02-23 00:00:00,274.66844926562374
2030-02-23 01:00:00,273.8911671422888
2030-02-23 02:00:00,272.99433487827633
2030-02-23 03:00:00,272.1307943752162
2030-02-23 04:00:00,271.2991901458328
2030-02-23 05:00:00,270.49823084094476
2030-02-23 06:00:00,269.7266855395648
2030-02-23 07:00:00,268.9833803043407
2030-02-23 08:00:00,268.2671949794966
2030-02-23 09:00:00,267.57706021071755
2030-02-23 10:00:00,266.91195466844374
2030-02-23 11:00:00,266.27090245783893
2030-02-23 12:00:00,265.65297070030084
2030-02-23 13:00:00,265.05726727280893
2030-02-23 14:00:00,264.48293869268036
2030-02-23 15:00:00,264.4707381750084
2030-02-23 16:00:00,265.13271957210475
2030-02-23 17:00:00,266.3346810991078
2030-02-23 18:00:00,267.9086444361772
2030-02-23 19:00:00,269.6641371550444
2030-02-23 20:00:00,271.4011305605661
2030-02-23 21:00:00,272.9237144712319
2030-02-23 22:00:00,274.0535183540129
2030-02-23 23:00:00,274.64189825725975
2030-02-24 00:00:00,274.5800049318152
2030-02-24 01:00:00,273.79371827654103
2030-02-24 02:00:00,272.87131544014665
2030-02-24 03:00:00,271.9802124886967
2030-02-24 04:00:00,271.11922024622174
2030-02-24 05:00:00,270.28720340867363
2030-02-24 06:00:00,269.4830775030973
2030-02-24 07:00:00,268.7058060600188
2030-02-24 08:00:00,267.9543979811221
2030-02-24 09:00:00,267.22790508603185
2030-02-24 10:00:00,266.52541982356956
2030-02-24 11:00:00,265.84607313423624
2030-02-24 12:00:00,265.18903245190927
2030-02-24 13:00:00,264.553499833849
2030-02-24 14:00:00,263.9387102091
2030-02-24 15:00:00,263.9003354971997
2030-02-24 16:00:00,264.5377065189171
2030-02-24 17:00:00,265.71864466958874
2030-02-24 18:00:00,267.2766554444972
2030-02-24 19:00:00,269.02212546688924
2030-02-24 20:00:00,270.75521606430294
2030-02-24 21:00:00,272.27953977957867
2030-02-24 22:00:00,273.4156303936735
2030-02-24 23:00:00,274.0132229065967
2030-02-25 00:00:00,273.96145177530155
2030-02-25 01:00:00,273.20573954841274
2030-02-25 02:00:00,272.29788568611826
2030-02-25 03:00:00,271.4202527614064
2030-02-25 04:00:00,270.57171206471986
2030-02-25 05:00:00,269.75118527388696
2030-02-25 06:00:00,268.957641646978
2030-02-25 07:00:00,268.1900954094787
2030-02-25 08:00:00,267.44760331965733
2030-02-25 09:00:00,266.7292623975481
2030-02-25 10:00:00,266.0342078043539
2030-02-25 11:00:00,265.361610860303
2030-02-25 12:00:00,264.7106771900969
2030-02-25 13:00:00,264.08064498607445
2030-02-25 14:00:00,263.47078338010397
2030-02-25 15:00:00,263.45171702067387
2030-02-25 16:00:00,264.1084886719053
2030-02-25 17:00:00,265.309213961378
2030-02-25 18:00:00,266.887555038068
2030-02-25 19:00:00,268.65391332341477
2030-02-25 20:00:00,270.4083280526233
2030-02-25 21:00:00,271.954167039677
2030-02-25 22:00:00,273.11161949659385
2030-02-25 23:00:00,273.73000578147884
2030-02-26 00:00:00,273.698010078006
2030-02-26 01:00:00,273.04975781961474
2030-02-26 02:00:00,272.2370234847972
2030-02-26 03:00:00,271.4586743552457
2030-02-26 04:00:00,270.7131587272303
2030-02-26 05:00:00,269.99900315495574
2030-02-26 06:00:00,269.3148077990042
2030-02-26 07:00:00,268.65924211117374
2030-02-26 08:00:00,268.0310408263441
2030-02-26 09:00:00,267.4290002349991
2030-02-26 10:00:00,266.85197471268634
2030-02-26 11:00:00,266.298873485045
2030-02-26 12:00:00,265.7686576091155
2030-02-26 13:00:00,265.2603371534999
2030-02-26 14:00:00,264.7729685615921
2030-02-26 15:00:00,264.8919780220506
2030-02-26 16:00:00,265.68203394420885
2030-02-26 17:00:00,267.00506654999987
2030-02-26 18:00:00,268.68995281610154
2030-02-26 19:00:00,270.54399975529645
2030-02-26 20:00:00,272.3660227570338
2030-02-26 21:00:00,273.9600876423469
2030-02-26 22:00:00,275.1489185854772
2030-02-26 23:00:00,275.7859909164972
2030-02-27 00:00:00,275.7654310871288
2030-02-27 01:00:00,275.5422475186411
2030-02-27 02:00:00,275.1373368246878
2030-02-27 03:00:00,274.77763334703366
2030-02-27 04:00:00,274.45806782963734
2030-02-27 05:00:00,274.1741441189924
2030-02-27 06:00:00,273.92187337912276
2030-02-27 07:00:00,273.69771606943766
2030-02-27 08:00:00,273.4985307244273
2030-02-27 09:00:00,273.32152870262513
2030-02-27 10:00:00,273.164234181588
2030-02-27 11:00:00,273.0244487690831
2030-02-27 12:00:00,272.90022018083596
2030-02-27 13:00:00,272.7898145042105
2030-02-27 14:00:00,272.6916916268059
2030-02-27 15:00:00,273.2058831960095
2030-02-27 16:00:00,274.3394881213601
2030-02-27 17:00:00,275.91290060578683
2030-02-27 18:00:00,277.7276725552684
2030-02-27 19:00:00,279.5788388357273
2030-02-27 20:00:00,281.2679254693148
2030-02-27 21:00:00,282.6156656728669
2030-02-27 22:00:00,283.4734702603005
2030-02-27 23:00:00,283.73280377902864
2030-02-28 00:00:00,283.33179601560477
2030-02-28 01:00:00,282.2984205298574
2030-02-28 02:00:00,281.0823668704033
2030-02-28 03:00:00,279.9116645221449
2030-02-28 04:00:00,278.7843890074084
2030-02-28 05:00:00,277.6987150655935
2030-02-28 06:00:00,276.6529102026173
2030-02-28 07:00:00,275.6453287620412
2030-02-28 08:00:00,274.6744064674747
2030-02-28 09:00:00,273.7386553914607
2030-02-28 10:00:00,272.8366593109563
2030-02-28 11:00:00,271.96706941382746
2030-02-28 12:00:00,271.1286003245589
2030-02-28 13:00:00,270.3200264207072
2030-02-28 14:00:00,269.5401784145638
2030-02-28 15:00:00,269.40448275195627
2030-02-28 16:00:00,269.950871085729
2030-02-28 17:00:00,271.0445797896071
2030-02-28 18:00:00,272.5168528553396
2030-02-28 19:00:00,274.17625550900414
2030-02-28 20:00:00,275.82166208990117
2030-02-28 21:00:00,277.255994713083
2030-02-28 22:00:00,278.2997154124807
2030-02-28 23:00:00,278.8030838839584
2030-03-01 00:00:00,278.6562895107167
2030-03-01 01:00:00,277.8520886298657
2030-03-01 02:00:00,276.8486763252304
2030-03-01 03:00:00,275.89132502069646
2030-03-01 04:00:00,274.9777683650507
2030-03-01 05:00:00,274.1058655454302
2030-03-01 06:00:00,273.2735930284744
2030-03-01 07:00:00,272.47903696538077
2030-03-01 08:00:00,271.7203861964505
2030-03-01 09:00:00,270.99592579800145
2030-03-01 10:00:00,270.3040311208857
2030-03-01 11:00:00,269.6431622754051
2030-03-01 12:00:00,269.01185902228616
2030-03-01 13:00:00,268.40873603364867
2030-03-01 14:00:00,267.8324784916592
2030-03-01 15:00:00,267.9135871404714
2030-03-01 16:00:00,268.6690212832121
2030-03-01 17:00:00,269.9580314993379
2030-03-01 18:00:00,271.60728068774955
2030-03-01 19:00:00,273.4224427527298
2030-03-01 20:00:00,275.2013622537628
2030-03-01 21:00:00,276.74783507591115
2030-03-01 22:00:00,277.8850069125776
2030-03-01 23:00:00,278.46740756975913
2030-03-02 00:00:00,278.3907472912361
2030-03-02 01:00:00,277.5578143780088
2030-03-02 02:00:00,276.50195012142467
2030-03-02 03:00:00,275.4816991432104
2030-03-02 04:00:00,274.49568921499935
2030-03-02 05:00:00,273.54261261057735
2030-03-02 06:00:00,272.6212222742355
2030-03-02 07:00:00,271.73032827228866
2030-03-02 08:00:00,270.86879450276194
2030-03-02 09:00:00,270.0355356407905
2030-03-02 10:00:00,269.2295142995318
2030-03-02 11:00:00,268.44973838838695
2030-03-02 12:00:00,267.6952586521041
2030-03-02 13:00:00,266.96516637591645
2030-03-02 14:00:00,266.25859124327746
2030-03-02 15:00:00,266.2217135767872
2030-03-02 16:00:00,266.8645594859704
2030-03-02 17:00:00,268.05446600237667
2030-03-02 18:00:00,269.62417454222464
2030-03-02 19:00:00,271.38308064178113
2030-03-02 20:00:00,273.1301990885203
2030-03-02 21:00:00,274.6679251513775
2030-03-02 22:00:00,275.8155951333255
2030-03-02 23:00:00,276.421854561783
2030-03-03 00:00:00,276.3749345290993
2030-03-03 01:00:00,275.68727578942065
2030-03-03 02:00:00,274.763026761874
2030-03-03 03:00:00,273.87835935643614
2030-03-03 04:00:00,273.03145086832626
2030-03-03 05:00:00,272.2205735178383
2030-03-03 06:00:00,271.444088552509
2030-03-03 07:00:00,270.70044079803023
2030-03-03 08:00:00,269.9881536167032
2030-03-03 09:00:00,269.30582423664356
2030-03-03 10:00:00,268.6521194188235
2030-03-03 11:00:00,268.02577143245156
2030-03-03 12:00:00,267.42557431220405
2030-03-03 13:00:00,266.8503803734854
2030-03-03 14:00:00,266.2990969642551
2030-03-03 15:00:00,266.4330161140019
2030-03-03 16:00:00,267.24051360458026
2030-03-03 17:00:00,268.58266366943997
2030-03-03 18:00:00,270.2873801541925
2030-03-03 19:00:00,272.16096446456237
2030-03-03 20:00:00,274.0012540621276
2030-03-03 21:00:00,275.6114343381932
2030-03-03 22:00:00,276.8135098007555
2030-03-03 23:00:00,277.4604477786947
2030-03-04 00:00:00,277.4461123661852
2030-03-04 01:00:00,276.7041076859569
2030-03-04 02:00:00,275.70983113256284
2030-03-04 03:00:00,274.7541349454968
2030-03-04 04:00:00,273.83537250023994
2030-03-04 05:00:00,272.9519791563877
2030-03-04 06:00:00,272.1024672519478
2030-03-04 07:00:00,271.2854214759405
2030-03-04 08:00:00,270.4994945849164
2030-03-04 09:00:00,269.7434034326293
2030-03-04 10:00:00,269.015925285294
2030-03-04 11:00:00,268.31589439767964
2030-03-04 12:00:00,267.64219882778053
2030-03-04 13:00:00,266.9937774700165
2030-03-04 14:00:00,266.3696172888773
2030-03-04 15:00:00,266.4464500176445
2030-03-04 16:00:00,267.2001099750705
2030-03-04 17:00:00,268.49428052321264
2030-03-04 18:00:00,270.15878718723144
2030-03-04 19:00:00,272.00103283118517
2030-03-04 20:00:00,273.8190874796972
2030-03-04 21:00:00,275.4155018818179
2030-03-04 22:00:00,276.6108420486486
2030-03-04 23:00:00,277.25595378756026
2030-03-05 00:00:00,277.24206548702796
2030-03-05 01:00:00,276.5195909600356
2030-03-05 02:00:00,275.5285216758235
2030-03-05 03:00:00,274.57527281773406
2030-03-05 04:00:00,273.65825251164574
2030-03-05 05:00:00,272.77594732115637
2030-03-05 06:00:00,271.92691749493366
2030-03-05 07:00:00,271.10979257077804
2030-03-05 08:00:00,270.32326730421244
2030-03-05 09:00:00,269.5660978927788
2030-03-05 10:00:00,268.83709847018986
2030-03-05 11:00:00,268.13513784710716
2030-03-05 12:00:00,267.4591364776399
2030-03-05 13:00:00,266.8080636327187
2030-03-05 14:00:00,266.18093476332996
2030-03-05 15:00:00,266.2699179251625
2030-03-05 16:00:00,267.03586704095204
2030-03-05 17:00:00,268.3428034852062
2030-03-05 18:00:00,270.0207577318297
2030-03-05 19:00:00,271.87719665277814
2030-03-05 20:00:00,273.7101147919316
2030-03-05 21:00:00,275.3218589625324
2030-03-05 22:00:00,276.53268280783664
2030-03-05 23:00:00,277.19303889332684
2030-03-06 00:00:00,277.1937143843328
2030-03-06 01:00:00,276.457727713528
2030-03-06 02:00:00,275.4346373611862
2030-03-06 03:00:00,274.44519917620414
2030-03-06 04:00:00,273.4881467069205
2030-03-06 05:00:00,272.56227173734464
2030-03-06 06:00:00,271.66642090016416
2030-03-06 07:00:00,270.7994925348233
2030-03-06 08:00:00,269.96043376949376
2030-03-06 09:00:00,269.1482378078672
2030-03-06 10:00:00,268.36194140357395
2030-03-06 11:00:00,267.6006225066979
2030-03-06 12:00:00,266.8633980683422
2030-03-06 13:00:00,266.1494219905253
2030-03-06 14:00:00,265.4578832098701
2030-03-06 15:00:00,265.4965602616331
2030-03-06 16:00:00,266.2147614175588
2030-03-06 17:00:00,267.4799875223387
2030-03-06 18:00:00,269.1248923360557
2030-03-06 19:00:00,270.95855341121506
2030-03-06 20:00:00,272.77947375548854
2030-03-06 21:00:00,274.3893929007269
2030-03-06 22:00:00,275.6069071845177
2030-03-06 23:00:00,276.2799029846811
2030-03-07 00:00:00,276.29589812081855
2030-03-07 01:00:00,275.6355597091236
2030-03-07 02:00:00,274.67336018191946
2030-03-07 03:00:00,273.74710839940275
2030-03-07 04:00:00,272.85532198209927
2030-03-07 05:00:00,271.9965901777237
2030-03-07 06:00:00,271.16956960243897
2030-03-07 07:00:00,270.37298029582286
2030-03-07 08:00:00,269.6056020617652
2030-03-07 09:00:00,268.86627107036816
2030-03-07 10:00:00,268.1538766984427
2030-03-07 11:00:00,267.46735858842663
2030-03-07 12:00:00,266.80570390753223
2030-03-07 13:00:00,266.16794479069046
2030-03-07 14:00:00,265.553155952431
2030-03-07 15:00:00,265.68448902462893
2030-03-07 16:00:00,266.49232183890746
2030-03-07 17:00:00,267.84103310150823
2030-03-07 18:00:00,269.5608293834598
2030-03-07 19:00:00,271.4591721154865
2030-03-07 20:00:00,273.3338802928431
2030-03-07 21:00:00,274.9869779433898
2030-03-07 22:00:00,276.23828165268947
2030-03-07 23:00:00,276.9377333198094
2030-03-08 00:00:00,276.9755809485528
2030-03-08 01:00:00,276.29615663417883
2030-03-08 02:00:00,275.2994255533405
2030-03-08 03:00:00,274.3385831185238
2030-03-08 04:00:00,273.41218655710634
2030-03-08 05:00:00,272.5188620310029
2030-03-08 06:00:00,271.65730054149833
2030-03-08 07:00:00,270.8262541361888
2030-03-08 08:00:00,270.02453239129926
2030-03-08 09:00:00,269.25099914537844
2030-03-08 10:00:00,268.50456946279553
2030-03-08 11:00:00,267.7842068076043
2030-03-08 12:00:00,267.0889204102476
2030-03-08 13:00:00,266.4177628112679
2030-03-08 14:00:00,265.76982756769706
2030-03-08 15:00:00,265.88379153713424
2030-03-08 16:00:00,266.67549187184756
2030-03-08 17:00:00,268.01015854482375
2030-03-08 18:00:00,269.7186041273951
2030-03-08 19:00:00,271.6086144617867
2030-03-08 20:00:00,273.4780341862192
2030-03-08 21:00:00,275.1286180262883
2030-03-08 22:00:00,276.37964324519794
2030-03-08 23:00:00,277.0802866397478
2030-03-09 00:00:00,277.11986533765855
2030-03-09 01:00:00,276.4970808420504
2030-03-09 02:00:00,275.5446089961853
2030-03-09 03:00:00,274.6340113825105
2030-03-09 04:00:00,273.76331101625925
2030-03-09 05:00:00,272.93063627938346
2030-03-09 06:00:00,272.13421423291675
2030-03-09 07:00:00,271.3723644486935
2030-03-09 08:00:00,270.6434933117483
2030-03-09 09:00:00,269.9460887500415
2030-03-09 10:00:00,269.2787153528194
2030-03-09 11:00:00,268.64000984301305
2030-03-09 12:00:00,268.02867687268383
2030-03-09 13:00:00,267.4434851137013
2030-03-09 14:00:00,266.89130651549505
2030-03-09 15:00:00,267.10967401877565
2030-03-09 16:00:00,268.0008335557738
2030-03-09 17:00:00,269.42464765311195
2030-03-09 18:00:00,271.20783338013507
2030-03-09 19:00:00,273.15560017038007
2030-03-09 20:00:00,275.0648825052336
2030-03-09 21:00:00,276.73822335911245
2030-03-09 22:00:00,277.99729798655295
2030-03-09 23:00:00,278.6950862919745
2030-03-10 00:00:00,278.72580870557374
2030-03-10 01:00:00,278.0008706881256
2030-03-10 02:00:00,276.92774831068505
2030-03-10 03:00:00,275.89041179405075
2030-03-10 04:00:00,274.88749045961276
2030-03-10 05:00:00,273.9176780446903
2030-03-10 06:00:00,272.979728864833
2030-03-10 07:00:00,272.07245426057676
2030-03-10 08:00:00,271.1947193034904
2030-03-10 09:00:00,270.3454397389148
2030-03-10 10:00:00,269.5235791450657
2030-03-10 11:00:00,268.7281462901855
2030-03-10 12:00:00,267.95819267121993
2030-03-10 13:00:00,267.21281021908504
2030-03-10 14:00:00,266.5142902634807
2030-03-10 15:00:00,266.585367215139
2030-03-10 16:00:00,267.33667312332943
2030-03-10 17:00:00,268.63514452622064
2030-03-10 18:00:00,270.3128281239307
2030-03-10 19:00:00,272.17819506143957
2030-03-10 20:00:00,274.02918764863756
2030-03-10 21:00:00,275.6670733727043
2030-03-10 22:00:00,276.9101020488745
2030-03-10 23:00:00,277.60596622212825
2030-03-11 00:00:00,277.6421573138523
2030-03-11 01:00:00,276.9873691118314
2030-03-11 02:00:00,275.9688514563866
2030-03-11 03:00:00,274.98765979432045
2030-03-11 04:00:00,274.0422684096326
2030-03-11 05:00:00,273.1312256170814
2030-03-11 06:00:00,272.25314929948985
2030-03-11 07:00:00,271.40672277907584
2030-03-11 08:00:00,270.59069099281453
2030-03-11 09:00:00,269.80385694495544
2030-03-11 10:00:00,269.04507841256554
2030-03-11 11:00:00,268.31326488240313
2030-03-11 12:00:00,267.60737469958326
2030-03-11 13:00:00,266.92641241040934
2030-03-11 14:00:00,266.3077507927917
2030-03-11 15:00:00,266.4586700033997
2030-03-11 16:00:00,267.28713598391033
2030-03-11 17:00:00,268.6577692193708
2030-03-11 18:00:00,270.400799845793
2030-03-11 19:00:00,272.32350017616767
2030-03-11 20:00:00,274.22330840941447
2030-03-11 21:00:00,275.9017111862052
2030-03-11 22:00:00,277.17787744763734
2030-03-11 23:00:00,277.9010447660114
2030-03-12 00:00:00,277.96075628709366
2030-03-12 01:00:00,277.3414738899242
2030-03-12 02:00:00,276.34573311154
2030-03-12 03:00:00,275.39284103772275
2030-03-12 04:00:00,274.48080404332
2030-03-12 05:00:00,273.60773423693723
2030-03-12 06:00:00,272.77184271983924
2030-03-12 07:00:00,271.97143337301674
2030-03-12 08:00:00,271.2048971225122
2030-03-12 09:00:00,270.4707066385894
2030-03-12 10:00:00,269.7674114291357
2030-03-12 11:00:00,269.09363329190626
2030-03-12 12:00:00,268.448062093928
2030-03-12 13:00:00,267.82945184965087
2030-03-12 14:00:00,267.29014560168633
2030-03-12 15:00:00,267.52148582077626
2030-03-12 16:00:00,268.4263852760204
2030-03-12 17:00:00,269.86516889023846
2030-03-12 18:00:00,271.66478962040173
2030-03-12 19:00:00,273.6304593152615
2030-03-12 20:00:00,275.5588906439731
2030-03-12 21:00:00,277.25220566353283
2030-03-12 22:00:00,278.53149876280025
2030-03-12 23:00:00,279.2490590090092
2030-03-13 00:00:00,279.29836260249766
2030-03-13 01:00:00,278.616659957184
2030-03-13 02:00:00,277.54228589644214
2030-03-13 03:00:00,276.5085943340492
2030-03-13 04:00:00,275.51386750168973
2030-03-13 05:00:00,274.55647370761073
2030-03-13 06:00:00,273.6348619786249
2030-03-13 07:00:00,272.7475571162239
2030-03-13 08:00:00,271.8931551284107
2030-03-13 09:00:00,271.07031900297216
2030-03-13 10:00:00,270.2777747915344
2030-03-13 11:00:00,269.5143079769284
2030-03-13 12:00:00,268.77876009921
2030-03-13 13:00:00,268.07002561816495
2030-03-13 14:00:00,267.45581757779803
2030-03-13 15:00:00,267.6124233735449
2030-03-13 16:00:00,268.44683316668625
2030-03-13 17:00:00,269.82278583050646
2030-03-13 18:00:00,271.5697757991624
2030-03-13 19:00:00,273.4945298310258
2030-03-13 20:00:00,275.39416363183767
2030-03-13 21:00:00,277.0700826980688
2030-03-13 22:00:00,278.3416175300324
2030-03-13 23:00:00,279.0583935316448
2030-03-14 00:00:00,279.11053463968665
2030-03-14 01:00:00,278.4387514840875
2030-03-14 02:00:00,277.3563068432034
2030-03-14 03:00:00,276.3113010975906
2030-03-14 04:00:00,275.3022587149522
2030-03-14 05:00:00,274.32777491406017
2030-03-14 06:00:00,273.3865113838344
2030-03-14 07:00:00,272.4771923246472
2030-03-14 08:00:00,271.5986007828714
2030-03-14 09:00:00,270.7495752526942
2030-03-14 10:00:00,269.92900652187467
2030-03-14 11:00:00,269.13583474047203
2030-03-14 12:00:00,268.36904669365504
2030-03-14 13:00:00,267.6276732615508
2030-03-14 14:00:00,266.9948271437201
2030-03-14 15:00:00,267.1316674960879
2030-03-14 16:00:00,267.94775265707756
2030-03-14 17:00:00,269.3089842901185
2030-03-14 18:00:00,271.04648487592124
2030-03-14 19:00:00,272.9679781724862
2030-03-14 20:00:00,274.8708912681554
2030-03-14 21:00:00,276.5562483072619
2030-03-14 22:00:00,277.8423478992115
2030-03-14 23:00:00,278.5772219780084
2030-03-15 00:00:00,278.64896820864493
2030-03-15 01:00:00,278.0415635763462
2030-03-15 02:00:00,277.01039328024075
2030-03-15 03:00:00,276.02262763454826
2030-03-15 04:00:00,275.07627800743603
2030-03-15 05:00:00,274.1694605885318
2030-03-15 06:00:00,273.30038969110024
2030-03-15 07:00:00,272.46737158194503
2030-03-15 08:00:00,271.6687987889432
2030-03-15 09:00:00,270.9031448416406
2030-03-15 10:00:00,270.1689594051765
2030-03-15 11:00:00,269.4648637720478
2030-03-15 12:00:00,268.78954667995544
2030-03-15 13:00:00,268.1417604272635
2030-03-15 14:00:00,267.6196557255985
2030-03-15 15:00:00,267.86784878509917
2030-03-15 16:00:00,268.78996079153086
2030-03-15 17:00:00,270.24683823140225
2030-03-15 18:00:00,272.0657432607716
2030-03-15 19:00:00,274.05197302709604
2030-03-15 20:00:00,276.00210547501507
2030-03-15 21:00:00,277.71792729169397
2030-03-15 22:00:00,279.02003035000314
2030-03-15 23:00:00,279.7600789149761
2030-03-16 00:00:00,279.8308544936864
2030-03-16 01:00:00,279.17554055619524
2030-03-16 02:00:00,278.0804403592659
2030-03-16 03:00:00,277.027052187576
2030-03-16 04:00:00,276.0136024105935
2030-03-16 05:00:00,275.03840702263005
2030-03-16 06:00:00,274.09986601142447
2030-03-16 07:00:00,273.19645816615036
2030-03-16 08:00:00,272.3267362837293
2030-03-16 09:00:00,271.48932273677565
2030-03-16 10:00:00,270.6829053704067
2030-03-16 11:00:00,269.9062336985875
2030-03-16 12:00:00,269.15811537371235
2030-03-16 13:00:00,268.4374129057991
2030-03-16 14:00:00,267.8576997242311
2030-03-16 15:00:00,268.0484484834246
2030-03-16 16:00:00,268.9164459440282
2030-03-16 17:00:00,270.3251929919453
2030-03-16 18:00:00,272.1039314700985
2030-03-16 19:00:00,274.05914261033104
2030-03-16 20:00:00,275.9877254339316
2030-03-16 21:00:00,277.6909176616967
2030-03-16 22:00:00,278.98794739536106
2030-03-16 23:00:00,279.7284141869092
2030-03-17 00:00:00,279.8024973137511
2030-03-17 01:00:00,279.1488751452944
2030-03-17 02:00:00,278.0369404087362
2030-03-17 03:00:00,276.9621979605792
2030-03-17 04:00:00,275.9232119140229
2030-03-17 05:00:00,274.9186147490151
2030-03-17 06:00:00,273.9471031746611
2030-03-17 07:00:00,273.0074343031553
2030-03-17 08:00:00,272.09842210726777
2030-03-17 09:00:00,271.2189341363077
2030-03-17 10:00:00,270.36788846804234
2030-03-17 11:00:00,269.54425087631057
2030-03-17 12:00:00,268.7470321960783
2030-03-17 13:00:00,267.9752858694639
2030-03-17 14:00:00,267.3581031110756
2030-03-17 15:00:00,267.51003477303766
2030-03-17 16:00:00,268.3415210446742
2030-03-17 17:00:00,269.7191615481079
2030-03-17 18:00:00,271.47455354579193
2030-03-17 19:00:00,273.41564780264696
2030-03-17 20:00:00,275.33984316803816
2030-03-17 21:00:00,277.04789096464987
2030-03-17 22:00:00,278.3576005461755
2030-03-17 23:00:00,279.11634147242876
2030-03-18 00:00:00,279.2114306564765
2030-03-18 01:00:00,278.6029938241136
2030-03-18 02:00:00,277.5208341216904
2030-03-18 03:00:00,276.4776048304527
2030-03-18 04:00:00,275.4717250864262
2030-03-18 05:00:00,274.501691310513
2030-03-18 06:00:00,273.56607247039955
2030-03-18 07:00:00,272.6635057036419
2030-03-18 08:00:00,271.79269226897685
2030-03-18 09:00:00,270.9523937963752
2030-03-18 10:00:00,270.14142880941296
2030-03-18 11:00:00,269.3586694962388
2030-03-18 12:00:00,268.6030387078038
2030-03-18 13:00:00,267.8735071641405
2030-03-18 14:00:00,267.3144397485315
2030-03-18 15:00:00,267.5242562915314
2030-03-18 16:00:00,268.41138980995277
2030-03-18 17:00:00,269.84070686883206
2030-03-18 18:00:00,271.64245810243796
2030-03-18 19:00:00,273.62372221658416
2030-03-18 20:00:00,275.5815569805939
2030-03-18 21:00:00,277.31692293267497
2030-03-18 22:00:00,278.648368708437
2030-03-18 23:00:00,279.424474400265
2030-03-19 00:00:00,279.5341457808783
2030-03-19 01:00:00,278.91099934615454
2030-03-19 02:00:00,277.7959590153939
2030-03-19 03:00:00,276.7151499135032
2030-03-19 04:00:00,275.6673277328028
2030-03-19 05:00:00,274.6513053246982
2030-03-19 06:00:00,273.665949326179
2030-03-19 07:00:00,272.7101770337146
2030-03-19 08:00:00,271.78295350298737
2030-03-19 09:00:00,270.88328885505933
2030-03-19 10:00:00,270.0102357714908
2030-03-19 11:00:00,269.162887162629
2030-03-19 12:00:00,268.3403739948043
2030-03-19 13:00:00,267.5418632635226
2030-03-19 14:00:00,266.92726496529104
2030-03-19 15:00:00,267.0802755628973
2030-03-19 16:00:00,267.9134884399393
2030-03-19 17:00:00,269.29532769981967
2030-03-19 18:00:00,271.0587768968124
2030-03-19 19:00:00,273.0126525716641
2030-03-19 20:00:00,274.9546510242137
2030-03-19 21:00:00,276.6852443379136
2030-03-19 22:00:00,278.0214187249749
2030-03-19 23:00:00,278.80924863937355
2030-03-20 00:00:00,278.9343893026593
2030-03-20 01:00:00,278.35767684409257
2030-03-20 02:00:00,277.2739559566242
2030-03-20 03:00:00,276.22674957539544
2030-03-20 04:00:00,275.2146462054897
2030-03-20 05:00:00,274.2363012192498
2030-03-20 06:00:00,273.29043284296745
2030-03-20 07:00:00,272.37581844325183
2030-03-20 08:00:00,271.49129108636544
2030-03-20 09:00:00,270.6357363465603
2030-03-20 10:00:00,269.8080893418723
2030-03-20 11:00:00,269.0073319779823
2030-03-20 12:00:00,268.23249038265993
2030-03-20 13:00:00,267.4826325150037
2030-03-20 14:00:00,266.9329387129624
2030-03-20 15:00:00,267.1507548421811
2030-03-20 16:00:00,268.0463073042151
2030-03-20 17:00:00,269.4859724623046
2030-03-20 18:00:00,271.3011385936045
2030-03-20 19:00:00,273.29958436154783
2030-03-20 20:00:00,275.278593281182
2030-03-20 21:00:00,277.03887378138086
2030-03-20 22:00:00,278.3982749282583
2030-03-20 23:00:00,279.20429226742266
2030-03-21 00:00:00,279.3444516054199
2030-03-21 01:00:00,278.7841950363673
2030-03-21 02:00:00,277.7033186099283
2030-03-21 03:00:00,276.6633636613869
2030-03-21 04:00:00,275.6626012847443
2030-03-21 05:00:00,274.6993893437292
2030-03-21 06:00:00,273.7721670586106
2030-03-21 07:00:00,272.8794500123736
2030-03-21 08:00:00,272.0198255372919
2030-03-21 09:00:00,271.19194844711836
2030-03-21 10:00:00,270.39453708379204
2030-03-21 11:00:00,269.6263696508016
2030-03-21 12:00:00,268.88628080820365
2030-03-21 13:00:00,268.17315850682337
2030-03-21 14:00:00,267.6773771079902
2030-03-21 15:00:00,267.94951634728454
2030-03-21 16:00:00,268.89655530132217
2030-03-21 17:00:00,270.3820977369923
2030-03-21 18:00:00,272.23540731073894
2030-03-21 19:00:00,274.2629193591182
2030-03-21 20:00:00,276.2614370257397
2030-03-21 21:00:00,278.03207310483623
2030-03-21 22:00:00,279.39392416398493
2030-03-21 23:00:00,280.19647347578297
2030-03-22 00:00:00,280.3298184002663
2030-03-22 01:00:00,279.73867358791534
2030-03-22 02:00:00,278.6108867140154
2030-03-22 03:00:00,277.5222988841952
2030-03-22 04:00:00,276.4713498425688
2030-03-22 05:00:00,275.4565553001354
2030-03-22 06:00:00,274.4765022531616
2030-03-22 07:00:00,273.529844660507
2030-03-22 08:00:00,272.6152994470379
2030-03-22 09:00:00,271.7316428037391
2030-03-22 10:00:00,270.8777067581881
2030-03-22 11:00:00,270.0523759917518
2030-03-22 12:00:00,269.25458488225127
2030-03-22 13:00:00,268.4833147529559
2030-03-22 14:00:00,267.94438547805316
2030-03-22 15:00:00,268.1732274349446
2030-03-22 16:00:00,269.07928965977516
2030-03-22 17:00:00,270.5282777200043
2030-03-22 18:00:00,272.35105648289283
2030-03-22 19:00:00,274.35506120669567
2030-03-22 20:00:00,276.33743353962086
2030-03-22 21:00:00,278.09894968225774
2030-03-22 22:00:00,279.45772934529396
2030-03-22 23:00:00,280.2617197950692
2030-03-23 00:00:00,280.39904412660655
2030-03-23 01:00:00,279.8364473003436
2030-03-23 02:00:00,278.7242600974447
2030-03-23 03:00:00,277.6574315420364
2030-03-23 04:00:00,276.63392102718
2030-03-23 05:00:00,275.6517954466141
2030-03-23 06:00:00,274.70922222837555
2030-03-23 07:00:00,273.804462927712
2030-03-23 08:00:00,272.93586732531963
2030-03-23 09:00:00,272.1018679829727
2030-03-23 10:00:00,271.30097521387876
2030-03-23 11:00:00,270.53177242971344
2030-03-23 12:00:00,269.79291183033996
2030-03-23 13:00:00,269.08311040578667
2030-03-23 14:00:00,268.623288748852
2030-03-23 15:00:00,268.9314158482676
2030-03-23 16:00:00,269.91224566745825
2030-03-23 17:00:00,271.4275015653974
2030-03-23 18:00:00,273.3050270424536
2030-03-23 19:00:00,275.3503850941826
2030-03-23 20:00:00,277.36010603947597
2030-03-23 21:00:00,279.13563969914156
2030-03-23 22:00:00,280.4969962238596
2030-03-23 23:00:00,281.2950737018535
2030-03-24 00:00:00,281.4217738010111
2030-03-24 01:00:00,280.8393764805843
2030-03-24 02:00:00,279.6955254879053
2030-03-24 03:00:00,278.6034951798357
2030-03-24 04:00:00,277.5607361527535
2030-03-24 05:00:00,276.56484284864416
2030-03-24 06:00:00,275.6135437425345
2030-03-24 07:00:00,274.7046923545157
2030-03-24 08:00:00,273.8362590028553
2030-03-24 09:00:00,273.00632322452236
2030-03-24 10:00:00,272.21306679797135
2030-03-24 11:00:00,271.45476731043607
2030-03-24 12:00:00,270.7297922184428
2030-03-24 13:00:00,270.0365933558904
2030-03-24 14:00:00,269.61117844589705
2030-03-24 15:00:00,269.95422991303025
2030-03-24 16:00:00,270.96702200525493
2030-03-24 17:00:00,272.5083713872295
2030-03-24 18:00:00,274.40396054165757
2030-03-24 19:00:00,276.45806400283175
2030-03-24 20:00:00,278.46686556954194
2030-03-24 21:00:00,280.2324147154172
2030-03-24 22:00:00,281.5762041603372
2030-03-24 23:00:00,282.3513705094283
2030-03-25 00:00:00,282.45262908731496
2030-03-25 01:00:00,281.8382061921983
2030-03-25 02:00:00,280.6482667002872
2030-03-25 03:00:00,279.51175357786934
2030-03-25 04:00:00,278.4260481182631
2030-03-25 05:00:00,277.38867989346807
2030-03-25 06:00:00,276.3973165387212
2030-03-25 07:00:00,275.44975440606555
2030-03-25 08:00:00,274.54390999793173
2030-03-25 09:00:00,273.6778121023085
2030-03-25 10:00:00,272.849594560236
2030-03-25 11:00:00,272.05748960430765
2030-03-25 12:00:00,271.2998217137872
2030-03-25 13:00:00,270.5750019379868
2030-03-25 14:00:00,270.13431449312884
2030-03-25 15:00:00,270.462457430841
2030-03-25 16:00:00,271.46107110695084
2030-03-25 17:00:00,272.98928424940436
2030-03-25 18:00:00,274.8730158794413
2030-03-25 19:00:00,276.9166853804467
2030-03-25 20:00:00,278.9165202147397
2030-03-25 21:00:00,280.6745102716842
2030-03-25 22:00:00,282.01199091152273
2030-03-25 23:00:00,282.7818560462503
2030-03-26 00:00:00,282.8785112383283
2030-03-26 01:00:00,282.26053215987054
2030-03-26 02:00:00,281.0542075058534
2030-03-26 03:00:00,279.90642478489724
2030-03-26 04:00:00,278.8141175821393
2030-03-26 05:00:00,277.7744021396427
2030-03-26 06:00:00,276.7845643040094
2030-03-26 07:00:00,275.84204761925616
2030-03-26 08:00:00,274.94444244376996
2030-03-26 09:00:00,274.08947598508075
2030-03-26 10:00:00,273.2750031590348
2030-03-26 11:00:00,272.49899819104377
2030-03-26 12:00:00,271.7595468866868
2030-03-26 13:00:00,271.05483950727665
2030-03-26 14:00:00,270.6512479530174
2030-03-26 15:00:00,271.01623122404243
2030-03-26 16:00:00,272.0486531622889
2030-03-26 17:00:00,273.60534981432073
2030-03-26 18:00:00,275.5105670777268
2030-03-26 19:00:00,277.5677681197692
2030-03-26 20:00:00,279.5729909232133
2030-03-26 21:00:00,281.3287992605967
2030-03-26 22:00:00,282.65780789883735
2030-03-26 23:00:00,283.4147870758254
2030-03-27 00:00:00,283.49646477191095
2030-03-27 01:00:00,282.8703766009402
2030-03-27 02:00:00,281.63257544658285
2030-03-27 03:00:00,280.43789131271245
2030-03-27 04:00:00,279.28457884321296
2030-03-27 05:00:00,278.1709804232048
2030-03-27 06:00:00,277.0955205528446
2030-03-27 07:00:00,276.05670066982026
2030-03-27 08:00:00,275.0530943779332
2030-03-27 09:00:00,274.08334304381236
2030-03-27 10:00:00,273.14615172788723
2030-03-27 11:00:00,272.24028541933427
2030-03-27 12:00:00,271.36456554787407
2030-03-27 13:00:00,270.5178667480847
2030-03-27 14:00:00,269.98246167982285
2030-03-27 15:00:00,270.2142041947114
2030-03-27 16:00:00,271.1226975995429
2030-03-27 17:00:00,272.57381090899787
2030-03-27 18:00:00,274.39856932601344
2030-03-27 19:00:00,276.4045550140952
2030-03-27 20:00:00,278.3890354301832
2030-03-27 21:00:00,280.1528864916271
2030-03-27 22:00:00,281.5142986796528
2030-03-27 23:00:00,282.32125956406634
2030-03-28 00:00:00,282.4619011469339
2030-03-28 01:00:00,281.88760356648936
2030-03-28 02:00:00,280.68505895193306
2030-03-28 03:00:00,279.5252918141572
2030-03-28 04:00:00,278.4065524903093
2030-03-28 05:00:00,277.32717923716154
2030-03-28 06:00:00,276.28559262590886
2030-03-28 07:00:00,275.28029038154256
2030-03-28 08:00:00,274.30984262474016
2030-03-28 09:00:00,273.3728874787944
2030-03-28 10:00:00,272.4681270081224
2030-03-28 11:00:00,271.59432345843214
2030-03-28 12:00:00,270.75029577173694
2030-03-28 13:00:00,269.9349163521591
2030-03-28 14:00:00,269.4456876159301
2030-03-28 15:00:00,269.72229250505126
2030-03-28 16:00:00,270.6737696307853
2030-03-28 17:00:00,272.1655141837298
2030-03-28 18:00:00,274.0282042132765
2030-03-28 19:00:00,276.0692285473692
2030-03-28 20:00:00,278.08583135534025
2030-03-28 21:00:00,279.8790391948574
2030-03-28 22:00:00,281.2673581998296
2030-03-28 23:00:00,282.09923551338676
2030-03-29 00:00:00,282.26337501573937
2030-03-29 01:00:00,281.71545724877564
2030-03-29 02:00:00,280.5263639322547
2030-03-29 03:00:00,279.386306151352
2030-03-29 04:00:00,278.29304109441114
2030-03-29 05:00:00,277.24444690940254
2030-03-29 06:00:00,276.2385146365091
2030-03-29 07:00:00,275.2733408081849
2030-03-29 08:00:00,274.3471206503945
2030-03-29 09:00:00,273.45814182635456
2030-03-29 10:00:00,272.6047786707292
2030-03-29 11:00:00,271.78548686801594
2030-03-29 12:00:00,270.99879853392014
2030-03-29 13:00:00,270.243317662953
2030-03-29 14:00:00,269.83149038435033
2030-03-29 15:00:00,270.18502575930853
2030-03-29 16:00:00,271.20859716434677
2030-03-29 17:00:00,272.76391967796917
2030-03-29 18:00:00,274.6789072123966
2030-03-29 19:00:00,276.75927382903654
2030-03-29 20:00:00,278.8017787475571
2030-03-29 21:00:00,280.60817057630453
2030-03-29 22:00:00,281.99881485875505
2030-03-29 23:00:00,282.8250032203185
2030-03-30 00:00:00,282.97904609959267
2030-03-30 01:00:00,282.4164223092385
2030-03-30 02:00:00,281.197079937628
2030-03-30 03:00:00,280.0255864216281
2030-03-30 04:00:00,278.89983019745125
2030-03-30 05:00:00,277.8178114213125
2030-03-30 06:00:00,276.77763457520086
2030-03-30 07:00:00,275.77750168098305
2030-03-30 08:00:00,274.8157060629201
2030-03-30 09:00:00,273.89062660548757
2030-03-30 10:00:00,273.0007224593296
2030-03-30 11:00:00,272.1445281533693
2030-03-30 12:00:00,271.3206490756447
2030-03-30 13:00:00,270.5277572894347
2030-03-30 14:00:00,270.0935157846065
2030-03-30 15:00:00,270.424360586113
2030-03-30 16:00:00,271.426582699215
2030-03-30 17:00:00,272.96328024967147
2030-03-30 18:00:00,274.8634295397358
2030-03-30 19:00:00,276.93342060740633
2030-03-30 20:00:00,278.9702626025688
2030-03-30 21:00:00,280.77551835765115
2030-03-30 22:00:00,282.1689535914585
2030-03-30 23:00:00,283.00089755503734
2030-03-31 00:00:00,283.1624128624549
2030-03-31 01:00:00,282.60774630020967
2030-03-31 02:00:00,281.38033603536616
2030-03-31 03:00:00,280.1994483081662
2030-03-31 04:00:00,279.0630819663343
2030-03-31 05:00:00,277.9693401353074
2030-03-31 06:00:00,276.91642337731486
2030-03-31 07:00:00,275.9026234086634
2030-03-31 08:00:00,274.92631732078473
2030-03-31 09:00:00,273.98596225672503
2030-03-31 10:00:00,273.0800905000986
2030-03-31 11:00:00,272.20730493821173
2030-03-31 12:00:00,271.36627486516767
2030-03-31 13:00:00,270.5557320943757
2030-03-31 14:00:00,270.1185034367969
2030-03-31 15:00:00,270.4455790029161
2030-03-31 16:00:00,271.444348905712
2030-03-31 17:00:00,272.97886235382515
2030-03-31 18:00:00,274.87884118268965
2030-03-31 19:00:00,276.9511706543046
2030-03-31 20:00:00,278.9930767889748
2030-03-31 21:00:00,280.80605232815793
2030-03-31 22:00:00,282.2095178635934
2030-03-31 23:00:00,283.05321417212673
2030-04-01 00:00:00,283.22742087074073
2030-04-01 01:00:00,282.68374739284
2030-04-01 02:00:00,281.4554411110614
2030-04-01 03:00:00,280.2814475545639
2030-04-01 04:00:00,279.1591291849805
2030-04-01 05:00:00,278.0859976104682
2030-04-01 06:00:00,277.05970325586975
2030-04-01 07:00:00,276.0780259181785
2030-04-01 08:00:00,275.1388661160669
2030-04-01 09:00:00,274.2402371531299
2030-04-01 10:00:00,273.38025782392504
2030-04-01 11:00:00,272.55714570007
2030-04-01 12:00:00,271.76921094077727
2030-04-01 13:00:00,271.01485057840927
2030-04-01 14:00:00,270.6516371563879
2030-04-01 15:00:00,271.0520479290806
2030-04-01 16:00:00,272.1186514505427
2030-04-01 17:00:00,273.7114682573689
2030-04-01 18:00:00,275.6572335964192
2030-04-01 19:00:00,277.76107202196965
2030-04-01 20:00:00,279.81977641797044
2030-04-01 21:00:00,281.6357427447131
2030-04-01 22:00:00,283.03054387185546
2030-04-01 23:00:00,283.85714402331433
2030-04-02 00:00:00,284.0098629988425
2030-04-02 01:00:00,283.4480955296172
2030-04-02 02:00:00,282.18669530157547
2030-04-02 03:00:00,280.97888779160445
2030-04-02 04:00:00,279.82214520601144
2030-04-02 05:00:00,278.7140805049013
2030-04-02 06:00:00,277.6524377008673
2030-04-02 07:00:00,276.6350829873364
2030-04-02 08:00:00,275.65999661142564
2030-04-02 09:00:00,274.725265416268
2030-04-02 10:00:00,273.8290759865143
2030-04-02 11:00:00,272.96970833832387
2030-04-02 12:00:00,272.14553010177326
2030-04-02 13:00:00,271.35499114939324
2030-04-02 14:00:00,270.97071587897454
2030-04-02 15:00:00,271.3499000700634
2030-04-02 16:00:00,272.39653082978276
2030-04-02 17:00:00,273.97184261741893
2030-04-02 18:00:00,275.9035045523581
2030-04-02 19:00:00,277.9972373882653
2030-04-02 20:00:00,280.05005780179573
2030-04-02 21:00:00,281.86420464709505
2030-04-02 22:00:00,283.2607316742265
2030-04-02 23:00:00,284.09176689872487
2030-04-03 00:00:00,284.250544041181
2030-04-03 01:00:00,283.6912708696174
2030-04-03 02:00:00,282.41841055485605
2030-04-03 03:00:00,281.20170164829216
2030-04-03 04:00:00,280.03841189826124
2030-04-03 05:00:00,278.9259647348344
2030-04-03 06:00:00,277.8619283563464
2030-04-03 07:00:00,276.8440057638013
2030-04-03 08:00:00,275.87002564424233
2030-04-03 09:00:00,274.9379340161198
2030-04-03 10:00:00,274.0457865600083
2030-04-03 11:00:00,273.19174156696624
2030-04-03 12:00:00,272.37405344459626
2030-04-03 13:00:00,271.59106672762556
2030-04-03 14:00:00,271.2302522435899
2030-04-03 15:00:00,271.6321344238573
2030-04-03 16:00:00,272.69952425605885
2030-04-03 17:00:00,274.292703437649
2030-04-03 18:00:00,276.2386707103805
2030-04-03 19:00:00,278.34280003816986
2030-04-03 20:00:00,280.40210438939255
2030-04-03 21:00:00,282.21915744672805
2030-04-03 22:00:00,283.6156573867462
2030-04-03 23:00:00,284.4446347681142
2030-04-04 00:00:00,284.6004139507729
2030-04-04 01:00:00,284.0527731512433
2030-04-04 02:00:00,282.7721167538033
2030-04-04 03:00:00,281.53805652777856
2030-04-04 04:00:00,280.34863501895285
2030-04-04 05:00:00,279.20199623893507
2030-04-04 06:00:00,278.096378976889
2030-04-04 07:00:00,277.030110659679
2030-04-04 08:00:00,276.00160170684387
2030-04-04 09:00:00,275.00934033283585
2030-04-04 10:00:00,274.05188775422175
2030-04-04 11:00:00,273.12787376415366
2030-04-04 12:00:00,272.2359926404586
2030-04-04 13:00:00,271.3749993572532
2030-04-04 14:00:00,270.94762899441383
2030-04-04 15:00:00,271.28198988106965
2030-04-04 16:00:00,272.2869384970394
2030-04-04 17:00:00,273.82788083017084
2030-04-04 18:00:00,275.73570328401684
2030-04-04 19:00:00,277.8181928553813
2030-04-04 20:00:00,279.8731617070184
2030-04-04 21:00:00,281.70234265089374
2030-04-04 22:00:00,283.1250445297011
2030-04-04 23:00:00,283.99056372242194
2030-04-05 00:00:00,284.18844481237966
2030-04-05 01:00:00,283.6668973987098
2030-04-05 02:00:00,282.40533664991244
2030-04-05 03:00:00,281.18635304578726
2030-04-05 04:00:00,280.01504337880533
2030-04-05 05:00:00,278.88930934734634
2030-04-05 06:00:00,277.807163469382
2030-04-05 07:00:00,276.76672175699775
2030-04-05 08:00:00,275.7661969928794
2030-04-05 09:00:00,274.8038925495489
2030-04-05 10:00:00,273.87819669885744
2030-04-05 11:00:00,272.9875773651033
2030-04-05 12:00:00,272.13057728026916
2030-04-05 13:00:00,271.3058095043648
2030-04-05 14:00:00,270.93068987771784
2030-04-05 15:00:00,271.3161643475905
2030-04-05 16:00:00,272.368891019126
2030-04-05 17:00:00,273.9524452786521
2030-04-05 18:00:00,275.8963686997654
2030-04-05 19:00:00,278.00767621490496
2030-04-05 20:00:00,280.0840288744548
2030-04-05 21:00:00,281.9276337031617
2030-04-05 22:00:00,283.3588582060774
2030-04-05 23:00:00,284.228558345141
2030-04-06 00:00:00,284.4282196017521
2030-04-06 01:00:00,283.9017691886836
2030-04-06 02:00:00,282.63968525279734
2030-04-06 03:00:00,281.41401410420616
2030-04-06 04:00:00,280.24485173221063
2030-04-06 05:00:00,279.1293586439156
2030-04-06 06:00:00,278.0648598088377
2030-04-06 07:00:00,277.04883309071784
2030-04-06 08:00:00,276.07889868341846
2030-04-06 09:00:00,275.15280944595935
2030-04-06 10:00:00,274.26844204447707
2030-04-06 11:00:00,273.4237888198795
2030-04-06 12:00:00,272.6169503094792
2030-04-06 13:00:00,271.8461283591422
2030-04-06 14:00:00,271.5430982106469
2030-04-06 15:00:00,271.9996083540882
2030-04-06 16:00:00,273.11704259518
2030-04-06 17:00:00,274.7546027770176
2030-04-06 18:00:00,276.7386265054823
2030-04-06 19:00:00,278.8742895111328
2030-04-06 20:00:00,280.95888199015513
2030-04-06 21:00:00,282.79570912365466
2030-04-06 22:00:00,284.2076005531003
2030-04-06 23:00:00,285.0490344648425
2030-04-07 00:00:00,285.21599212705627
2030-04-07 01:00:00,284.51891147793197
2030-04-07 02:00:00,283.14141290693783
2030-04-07 03:00:00,281.88306955849083
2030-04-07 04:00:00,280.76708830051973
2030-04-07 05:00:00,279.77714065420196
2030-04-07 06:00:00,278.8988193828833
2030-04-07 07:00:00,278.11940183360406
2030-04-07 08:00:00,277.4276447543233
2030-04-07 09:00:00,276.8136058954726
2030-04-07 10:00:00,276.2684885108282
2030-04-07 11:00:00,275.7845055185723
2030-04-07 12:00:00,275.3547606051015
2030-04-07 13:00:00,274.9731439788193
2030-04-07 14:00:00,275.0823850093605
2030-04-07 15:00:00,275.92495259201957
2030-04-07 16:00:00,277.35390127222496
2030-04-07 17:00:00,279.19209697589287
2030-04-07 18:00:00,281.2431274303136
2030-04-07 19:00:00,283.3037972685138
2030-04-07 20:00:00,285.17728603649607
2030-04-07 21:00:00,286.6859866644584
2030-04-07 22:00:00,287.6830644255315
2030-04-07 23:00:00,288.0618837662223
2030-04-08 00:00:00,287.76263240097825
2030-04-08 01:00:00,287.1372963349211
2030-04-08 02:00:00,285.7786463008847
2030-04-08 03:00:00,284.4236711604624
2030-04-08 04:00:00,283.12379025364777
2030-04-08 05:00:00,281.8764685577743
2030-04-08 06:00:00,280.67931191986656
2030-04-08 07:00:00,279.53005721841816
2030-04-08 08:00:00,278.42656337964775
2030-04-08 09:00:00,277.3668031595194
2030-04-08 10:00:00,276.34885561342384
2030-04-08 11:00:00,275.37089918460276
2030-04-08 12:00:00,274.4312053503701
2030-04-08 13:00:00,273.5281327721177
2030-04-08 14:00:00,273.12285148281103
2030-04-08 15:00:00,273.4782588820475
2030-04-08 16:00:00,274.5001320803733
2030-04-08 17:00:00,276.05143022141607
2030-04-08 18:00:00,277.9613706725042
2030-04-08 19:00:00,280.03694651631866
2030-04-08 20:00:00,282.0760908713673
2030-04-08 21:00:00,283.88154883394776
2030-04-08 22:00:00,285.2744453733878
2030-04-08 23:00:00,286.10655058017363
2030-04-09 00:00:00,286.2703462901295
2030-04-09 01:00:00,285.74647323608184
2030-04-09 02:00:00,284.4814097811179
2030-04-09 03:00:00,283.19099435277013
2030-04-09 04:00:00,281.9424845844292
2030-04-09 05:00:00,280.73425112583635
2030-04-09 06:00:00,279.56474548432993
2030-04-09 07:00:00,278.4324948504014
2030-04-09 08:00:00,277.33609733425305
2030-04-09 09:00:00,276.27421757464
2030-04-09 10:00:00,275.2455826854636
2030-04-09 11:00:00,274.2489785092633
2030-04-09 12:00:00,273.2832461499902
2030-04-09 13:00:00,272.34727876030445
2030-04-09 14:00:00,271.917249002822
2030-04-09 15:00:00,272.24477257557044
2030-04-09 16:00:00,273.24197980521234
2030-04-09 17:00:00,274.7772659962311
2030-04-09 18:00:00,276.6840357182729
2030-04-09 19:00:00,278.7719654801066
2030-04-09 20:00:00,280.8400130925737
2030-04-09 21:00:00,282.690250263709
2030-04-09 22:00:00,284.1415130437593
2030-04-09 23:00:00,285.04186675007804
2030-04-10 00:00:00,285.2789734331519
2030-04-10 01:00:00,284.79715428445905
2030-04-10 02:00:00,283.5742809763971
2030-04-10 03:00:00,282.31219598029503
2030-04-10 04:00:00,281.09344977993885
2030-04-10 05:00:00,279.91629966280306
2030-04-10 06:00:00,278.7790905936768
2030-04-10 07:00:00,277.6802495693348
2030-04-10 08:00:00,276.6182804251129
2030-04-10 09:00:00,275.5917590503641
2030-04-10 10:00:00,274.59932897447925
2030-04-10 11:00:00,273.639697289285
2030-04-10 12:00:00,272.71163087725955
2030-04-10 13:00:00,271.8139529182049
2030-04-10 14:00:00,271.4371822370219
2030-04-10 15:00:00,271.8164516313559
2030-04-10 16:00:00,272.86252412220176
2030-04-10 17:00:00,274.4426648598843
2030-04-10 18:00:00,276.38946259983743
2030-04-10 19:00:00,278.5121488949747
2030-04-10 20:00:00,280.6096383227847
2030-04-10 21:00:00,282.48436321520273
2030-04-10 22:00:00,283.95589678429945
2030-04-10 23:00:00,284.87336313381604
2030-04-11 00:00:00,285.12572658140783
2030-04-11 01:00:00,284.6481216941912
2030-04-11 02:00:00,283.43335850635754
2030-04-11 03:00:00,282.1730425021037
2030-04-11 04:00:00,280.96494238798573
2030-04-11 05:00:00,279.8066440464786
2030-04-11 06:00:00,278.6958659617815
2030-04-11 07:00:00,277.63045016360786
2030-04-11 08:00:00,276.60835393908957
2030-04-11 09:00:00,275.6276422346944
2030-04-11 10:00:00,274.68648067922595
2030-04-11 11:00:00,273.78312916693534
2030-04-11 12:00:00,272.91593594669973
2030-04-11 13:00:00,272.0833321692618
2030-04-11 14:00:00,271.7897887282908
2030-04-11 15:00:00,272.25103932893177
2030-04-11 16:00:00,273.37253021818725
2030-04-11 17:00:00,275.01707483039326
2030-04-11 18:00:00,277.01395745809975
2030-04-11 19:00:00,279.17046189631714
2030-04-11 20:00:00,281.2850295227189
2030-04-11 21:00:00,283.16110801110875
2030-04-11 22:00:00,284.62068082136716
2030-04-11 23:00:00,285.516481896816
2030-04-12 00:00:00,285.74200353617186
2030-04-12 01:00:00,285.265802188132
2030-04-12 02:00:00,284.0508085259688
2030-04-12 03:00:00,282.76991150903297
2030-04-12 04:00:00,281.53599966587797
2030-04-12 05:00:00,280.34708746630395
2030-04-12 06:00:00,279.2012926801096
2030-04-12 07:00:00,278.096829550571
2030-04-12 08:00:00,277.0320025291236
2030-04-12 09:00:00,276.00520051625006
2030-04-12 10:00:00,275.0148915597767
2030-04-12 11:00:00,274.05961796719737
2030-04-12 12:00:00,273.13799179338366
2030-04-12 13:00:00,272.24869066919644
2030-04-12 14:00:00,271.9106381500644
2030-04-12 15:00:00,272.32684029191984
2030-04-12 16:00:00,273.40646953155016
2030-04-12 17:00:00,275.0155344176833
2030-04-12 18:00:00,276.9857822886444
2030-04-12 19:00:00,279.1260730795611
2030-04-12 20:00:00,281.23544238777316
2030-04-12 21:00:00,283.1169243074553
2030-04-12 22:00:00,284.5911277679892
2030-04-12 23:00:00,285.5085678325418
2030-04-13 00:00:00,285.7598503961376
2030-04-13 01:00:00,285.302121542031
2030-04-13 02:00:00,284.1047453221116
2030-04-13 03:00:00,282.8240012180196
2030-04-13 04:00:00,281.5877703758532
2030-04-13 05:00:00,280.39424283941406
2030-04-13 06:00:00,279.2417006510976
2030-04-13 07:00:00,278.1285118694443
2030-04-13 08:00:00,277.0531250703591
2030-04-13 09:00:00,276.0140642854883
2030-04-13 10:00:00,275.00992433638476
2030-04-13 11:00:00,274.0393665275927
2030-04-13 12:00:00,273.1011146657355
2030-04-13 13:00:00,272.1939513751645
2030-04-13 14:00:00,271.8510201947821
2030-04-13 15:00:00,272.26114753049234
2030-04-13 16:00:00,273.33507247276873
2030-04-13 17:00:00,274.94018757214553
2030-04-13 18:00:00,276.9093553230275
2030-04-13 19:00:00,279.0522123420101
2030-04-13 20:00:00,281.16818537574534
2030-04-13 21:00:00,283.06029406391946
2030-04-13 22:00:00,284.5487363956239
2030-04-13 23:00:00,285.4832578857293
2030-04-14 00:00:00,285.7533997641264
2030-04-14 01:00:00,285.2974434931069
2030-04-14 02:00:00,284.1045258520882
2030-04-14 03:00:00,282.81892303755933
2030-04-14 04:00:00,281.5836659340963
2030-04-14 05:00:00,280.39651988918223
2030-04-14 06:00:00,279.2553702456432
2030-04-14 07:00:00,278.15821423566643
2030-04-14 08:00:00,277.10315355586124
2030-04-14 09:00:00,276.0883875549682
2030-04-14 10:00:00,275.11220697373744
2030-04-14 11:00:00,274.1729881833806
2030-04-14 12:00:00,273.26918787500693
2030-04-14 13:00:00,272.3993381576996
2030-04-14 14:00:00,272.11036377520816
2030-04-14 15:00:00,272.573230726558
2030-04-14 16:00:00,273.6954373012955
2030-04-14 17:00:00,275.34168176792394
2030-04-14 18:00:00,277.34285102232695
2030-04-14 19:00:00,279.5074511562413
2030-04-14 20:00:00,281.634692650361
2030-04-14 21:00:00,283.5282977928147
2030-04-14 22:00:00,285.0100242232497
2030-04-14 23:00:00,285.9319095843492
2030-04-15 00:00:00,286.18634244932485
2030-04-15 01:00:00,285.7383005950067
2030-04-15 02:00:00,284.55216761398486
2030-04-15 03:00:00,283.2545701917416
2030-04-15 04:00:00,282.0032027501097
2030-04-15 05:00:00,280.7961479510688
2030-04-15 06:00:00,279.63158738749195
2030-04-15 07:00:00,278.5077950663362
2030-04-15 08:00:00,277.4231314256726
2030-04-15 09:00:00,276.3760378335087
2030-04-15 10:00:00,275.36503152219166
2030-04-15 11:00:00,274.38870091727586
2030-04-15 12:00:00,273.4457013242075
2030-04-15 13:00:00,272.5347509400978
2030-04-15 14:00:00,272.2168560847959
2030-04-15 15:00:00,272.64998903541976
2030-04-15 16:00:00,273.74444235843964
2030-04-15 17:00:00,275.3673379706711
2030-04-15 18:00:00,277.35146245258125
2030-04-15 19:00:00,279.50657721669154
2030-04-15 20:00:00,281.6324267375649
2030-04-15 21:00:00,283.532519813729
2030-04-15 22:00:00,285.02768094349244
2030-04-15 23:00:00,285.9683751141199
2030-04-16 00:00:00,286.24490457896184
2030-04-16 01:00:00,285.78523563023816
2030-04-16 02:00:00,284.5919405966192
2030-04-16 03:00:00,283.28166318222554
2030-04-16 04:00:00,282.02734144854475
2030-04-16 05:00:00,280.8263131523857
2030-04-16 06:00:00,279.67606624112767
2030-04-16 07:00:00,278.57422833133546
2030-04-16 08:00:00,277.5185571024957
2030-04-16 09:00:00,276.50693151043623
2030-04-16 10:00:00,275.53734373648643
2030-04-16 11:00:00,274.60789179837286
2030-04-16 12:00:00,273.7167727574594
2030-04-16 13:00:00,272.8622764644251
2030-04-16 14:00:00,272.61880287223255
2030-04-16 15:00:00,273.12480461141814
2030-04-16 16:00:00,274.28534436481493
2030-04-16 17:00:00,275.9631936859304
2030-04-16 18:00:00,277.9879432161556
2030-04-16 19:00:00,280.16751433288607
2030-04-16 20:00:00,282.3012771171154
2030-04-16 21:00:00,284.1938379428225
2030-04-16 22:00:00,285.66849065062144
2030-04-16 23:00:00,286.57934114123634
2030-04-17 00:00:00,286.82121998438606
2030-04-17 01:00:00,286.34590639770636
2030-04-17 02:00:00,285.1390108377619
2030-04-17 03:00:00,283.80300079482004
2030-04-17 04:00:00,282.5255931295
2030-04-17 05:00:00,281.30393333185765
2030-04-17 06:00:00,280.1353311070648
2030-04-17 07:00:00,279.01724867760316
2030-04-17 08:00:00,277.94729011946623
2030-04-17 09:00:00,276.92319162271593
2030-04-17 10:00:00,275.9428125801749
2030-04-17 11:00:00,275.0041274196198
2030-04-17 12:00:00,274.1052181048556
2030-04-17 13:00:00,273.2442672397307
2030-04-17 14:00:00,273.0092520162299
2030-04-17 15:00:00,273.5228302798639
2030-04-17 16:00:00,274.68932506463517
2030-04-17 17:00:00,276.37095382758076
2030-04-17 18:00:00,278.39697184471794
2030-04-17 19:00:00,280.5752030706028
2030-04-17 20:00:00,282.7051612793587
2030-04-17 21:00:00,284.5918238829506
2030-04-17 22:00:00,286.0590528990071
2030-04-17 23:00:00,286.9616749419218
2030-04-18 00:00:00,287.1953382931023
2030-04-18 01:00:00,286.74461451571574
2030-04-18 02:00:00,285.5590841797703
2030-04-18 03:00:00,284.2216599781102
2030-04-18 04:00:00,282.9340724667987
2030-04-18 05:00:00,281.69417620446296
2030-04-18 06:00:00,280.49993979276496
2030-04-18 07:00:00,279.3494381646261
2030-04-18 08:00:00,278.2408455211149
2030-04-18 09:00:00,277.17242885199806
2030-04-18 10:00:00,276.1425419824444
2030-04-18 11:00:00,275.1496200948926
2030-04-18 12:00:00,274.19217468078165
2030-04-18 13:00:00,273.26878888182074
2030-04-18 14:00:00,272.98136988843993
2030-04-18 15:00:00,273.44200298380815
2030-04-18 16:00:00,274.5601020594491
2030-04-18 17:00:00,276.2022243281153
2030-04-18 18:00:00,278.2009422640218
2030-04-18 19:00:00,280.36616750361276
2030-04-18 20:00:00,282.4981479721261
2030-04-18 21:00:00,284.4012130222856
2030-04-18 22:00:00,285.89726551221133
2030-04-18 23:00:00,286.8380280832263
2030-04-19 00:00:00,287.1151480832136
2030-04-19 01:00:00,286.6458780571931
2030-04-19 02:00:00,285.44730064919787
2030-04-19 03:00:00,284.09347580455153
2030-04-19 04:00:00,282.8014544220507
2030-04-19 05:00:00,281.56812370943913
2030-04-19 06:00:00,280.39055452982996
2030-04-19 07:00:00,279.26598806608007
2030-04-19 08:00:00,278.1918236850068
2030-04-19 09:00:00,277.16560787177514
2030-04-19 10:00:00,276.18502412099485
2030-04-19 11:00:00,275.24788368499486
2030-04-19 12:00:00,274.35211709174837
2030-04-19 13:00:00,273.49576635529405
2030-04-19 14:00:00,273.29366626684913
2030-04-19 15:00:00,273.8374649952546
2030-04-19 16:00:00,275.0304142391658
2030-04-19 17:00:00,276.7339721522064
2030-04-19 18:00:00,278.7769955653162
2030-04-19 19:00:00,280.9672959308297
2030-04-19 20:00:00,283.10475896306195
2030-04-19 21:00:00,284.9950895274009
2030-04-19 22:00:00,286.4631777217084
2030-04-19 23:00:00,287.36510189115455
2030-04-20 00:00:00,287.59789263655153
2030-04-20 01:00:00,287.1621949341938
2030-04-20 02:00:00,285.9924998400684
2030-04-20 03:00:00,284.6416367745465
2030-04-20 04:00:00,283.339956306007
2030-04-20 05:00:00,282.0853723288906
2030-04-20 06:00:00,280.8759089102392
2030-04-20 07:00:00,279.7096928584926
2030-04-20 08:00:00,278.5849469155612
2030-04-20 09:00:00,277.4999835099781
2030-04-20 10:00:00,276.4531990160649
2030-04-20 11:00:00,275.4430684702612
2030-04-20 12:00:00,274.4681407011917
2030-04-20 13:00:00,273.5270338347945
2030-04-20 14:00:00,273.24842290442876
2030-04-20 15:00:00,273.71559030523866
2030-04-20 16:00:00,274.8388400516602
2030-04-20 17:00:00,276.4856131521433
2030-04-20 18:00:00,278.4893049297289
2030-04-20 19:00:00,280.6605374463119
2030-04-20 20:00:00,282.8001123919774
2030-04-20 21:00:00,284.71272282295774
2030-04-20 22:00:00,286.22042538040864
2030-04-20 23:00:00,287.174881745446
2030-04-21 00:00:00,287.46747388878345
2030-04-21 01:00:00,287.03754714871656
2030-04-21 02:00:00,285.87544098926134
2030-04-21 03:00:00,284.5212682320652
2030-04-21 04:00:00,283.21994260302387
2030-04-21 05:00:00,281.96910626908647
2030-04-21 06:00:00,280.76652988237095
2030-04-21 07:00:00,279.61010372346703
2030-04-21 08:00:00,278.49782960421203
2030-04-21 09:00:00,277.42781345222767
2030-04-21 10:00:00,276.3982585086576
2030-04-21 11:00:00,275.407459078485
2030-04-21 12:00:00,274.453794779718
2030-04-21 13:00:00,273.5357252437528
2030-04-21 14:00:00,273.2949481026062
2030-04-21 15:00:00,273.7983932786565
2030-04-21 16:00:00,274.95452603628155
2030-04-21 17:00:00,276.62929825248546
2030-04-21 18:00:00,278.6550622877184
2030-04-21 19:00:00,280.84191108501926
2030-04-21 20:00:00,282.990663594314
2030-04-21 21:00:00,284.9065702182939
2030-04-21 22:00:00,286.41273944306664
2030-04-21 23:00:00,287.36229749650744
2030-04-22 00:00:00,287.6483921033077
2030-04-22 01:00:00,287.24298155158306
2030-04-22 02:00:00,286.10370489557874
2030-04-22 03:00:00,284.7533058055523
2030-04-22 04:00:00,283.4501287420318
2030-04-22 05:00:00,282.1922262631176
2030-04-22 06:00:00,280.9777520880666
2030-04-22 07:00:00,279.8049543530721
2030-04-22 08:00:00,278.67216942572793
2030-04-22 09:00:00,277.5778162232027
2030-04-22 10:00:00,276.5203909853622
2030-04-22 11:00:00,275.49846245950073
2030-04-22 12:00:00,274.51066745808856
2030-04-22 13:00:00,273.55570675510353
2030-04-22 14:00:00,273.28853938258715
2030-04-22 15:00:00,273.7645703132559
2030-04-22 16:00:00,274.89542773461756
2030-04-22 17:00:00,276.549812045856
2030-04-22 18:00:00,278.56223550610173
2030-04-22 19:00:00,280.7442250628567
2030-04-22 20:00:00,282.8972194271436
2030-04-22 21:00:00,284.8262435592271
2030-04-22 22:00:00,286.3533654694485
2030-04-22 23:00:00,287.32994539655056
2030-04-23 00:00:00,287.6467810518581
2030-04-23 01:00:00,287.22178313082117
2030-04-23 02:00:00,286.06749115695015
2030-04-23 03:00:00,284.69716785331894
2030-04-23 04:00:00,283.3842206001224
2030-04-23 05:00:00,282.12594545161926
2030-04-23 06:00:00,280.9197914133754
2030-04-23 07:00:00,279.7633496100773
2030-04-23 08:00:00,278.6543434070164
2030-04-23 09:00:00,277.5906193847809
2030-04-23 10:00:00,276.57013907889313
2030-04-23 11:00:00,275.590971406667
2030-04-23 12:00:00,274.65128571267877
2030-04-23 13:00:00,273.7493453721645
2030-04-23 14:00:00,273.552595646449
2030-04-23 15:00:00,274.09716060973926
2030-04-23 16:00:00,275.2896551738926
2030-04-23 17:00:00,276.99461770410926
2030-04-23 18:00:00,279.0435152578246
2030-04-23 19:00:00,281.2461405328524
2030-04-23 20:00:00,283.4036139528598
2030-04-23 21:00:00,285.3220629033727
2030-04-23 22:00:00,286.82598018646354
2030-04-23 23:00:00,287.770278280475
2030-04-24 00:00:00,288.050158778231
2030-04-24 01:00:00,287.6239270080538
2030-04-24 02:00:00,286.4691488798945
2030-04-24 03:00:00,285.0843627992464
2030-04-24 04:00:00,283.75668794578525
2030-04-24 05:00:00,282.4834598189562
2030-04-24 06:00:00,281.26216399650775
2030-04-24 07:00:00,280.0904255126215
2030-04-24 08:00:00,278.96599917092686
2030-04-24 09:00:00,277.88676069404164
2030-04-24 10:00:00,276.8506986232009
2030-04-24 11:00:00,275.85590689183465
2030-04-24 12:00:00,274.9005780058727
2030-04-24 13:00:00,273.9829967713015
2030-04-24 14:00:00,273.7833807479648
2030-04-24 15:00:00,274.3241174811064
2030-04-24 16:00:00,275.51243121971976
2030-04-24 17:00:00,277.2134439291961
2030-04-24 18:00:00,279.2591435809876
2030-04-24 19:00:00,281.45974784206453
2030-04-24 20:00:00,283.6166792846294
2030-04-24 21:00:00,285.5362263581837
2030-04-24 22:00:00,287.04289370784795
2030-04-24 23:00:00,287.9914590400386
2030-04-25 00:00:00,288.2768555443552
2030-04-25 01:00:00,287.8471630725852
2030-04-25 02:00:00,286.6905671039188
2030-04-25 03:00:00,285.29230071431397
2030-04-25 04:00:00,283.9533892564521
2030-04-25 05:00:00,282.6709981342317
2030-04-25 06:00:00,281.44245515700266
2030-04-25 07:00:00,280.26523889319685
2030-04-25 08:00:00,279.13696806215773
2030-04-25 09:00:00,278.0553918534314
2030-04-25 10:00:00,277.01838107639753
2030-04-25 11:00:00,276.02392005485285
2030-04-25 12:00:00,275.0700991913002
2030-04-25 13:00:00,274.1551081344832
2030-04-25 14:00:00,273.9716814698155
2030-04-25 15:00:00,274.5272303974956
2030-04-25 16:00:00,275.72822933721415
2030-04-25 17:00:00,277.4392473879663
2030-04-25 18:00:00,279.4919517880726
2030-04-25 19:00:00,281.69649157870657
2030-04-25 20:00:00,283.85447546797184
2030-04-25 21:00:00,285.77261730855986
2030-04-25 22:00:00,287.2760534746974
2030-04-25 23:00:00,288.2203516531267
2030-04-26 00:00:00,288.50133383530033
2030-04-26 01:00:00,288.0514415528734
2030-04-26 02:00:00,286.8783686162824
2030-04-26 03:00:00,285.45618845387014
2030-04-26 04:00:00,284.1002579006783
2030-04-26 05:00:00,282.8071666472838
2030-04-26 06:00:00,281.57371045846173
2030-04-26 07:00:00,280.3968758227484
2030-04-26 08:00:00,279.2738260194103
2030-04-26 09:00:00,278.2018884456831
2030-04-26 10:00:00,277.17854306728333
2030-04-26 11:00:00,276.20141187242865
2030-04-26 12:00:00,275.2682492243984
2030-04-26 13:00:00,274.37693302040327
2030-04-26 14:00:00,274.23236404660094
2030-04-26 15:00:00,274.82482021805777
2030-04-26 16:00:00,276.05788227370516
2030-04-26 17:00:00,277.7937921772967
2030-04-26 18:00:00,279.86260155052906
2030-04-26 19:00:00,282.0736545396059
2030-04-26 20:00:00,284.2286096622213
2030-04-26 21:00:00,286.1350687321968
2030-04-26 22:00:00,287.61981695637587
2030-04-26 23:00:00,288.5406991247826
2030-04-27 00:00:00,288.7962653785168
2030-04-27 01:00:00,288.3911349094275
2030-04-27 02:00:00,287.2584839139395
2030-04-27 03:00:00,285.85291344587586
2030-04-27 04:00:00,284.50156712438553
2030-04-27 05:00:00,283.2020315716681
2030-04-27 06:00:00,281.9520258649746
2030-04-27 07:00:00,280.74939229424524
2030-04-27 08:00:00,279.5920879219236
2030-04-27 09:00:00,278.4781768620059
2030-04-27 10:00:00,277.4058232052421
2030-04-27 11:00:00,276.3732845259496
2030-04-27 12:00:00,275.3789059133205
2030-04-27 13:00:00,274.42111447656623
2030-04-27 14:00:00,274.2176235205202
2030-04-27 15:00:00,274.7511534719685
2030-04-27 16:00:00,275.9313262878284
2030-04-27 17:00:00,277.6255050068596
2030-04-27 18:00:00,279.6676215317915
2030-04-27 19:00:00,281.869417523287
2030-04-27 20:00:00,284.0333246726492
2030-04-27 21:00:00,285.9660667634952
2030-04-27 22:00:00,287.4919923045101
2030-04-27 23:00:00,288.4651564312149
2030-04-28 00:00:00,288.7792686138235
2030-04-28 01:00:00,288.38627602409707
2030-04-28 02:00:00,287.26632608982914
2030-04-28 03:00:00,285.86030457916974
2030-04-28 04:00:00,284.5085750978574
2030-04-28 05:00:00,283.2087194948183
2030-04-28 06:00:00,281.9584524043229
2030-04-28 07:00:00,280.75561197677604
2030-04-28 08:00:00,279.598151414348
2030-04-28 09:00:00,278.48413122819164
2030-04-28 10:00:00,277.41171214389203
2030-04-28 11:00:00,276.37914859037426
2030-04-28 12:00:00,275.38478271494444
2030-04-28 13:00:00,274.42703887362995
2030-04-28 14:00:00,274.2357724239726
2030-04-28 15:00:00,274.7800830615589
2030-04-28 16:00:00,275.9697046726846
2030-04-28 17:00:00,277.6721707896576
2030-04-28 18:00:00,279.7216330271283
2030-04-28 19:00:00,281.93008892588057
2030-04-28 20:00:00,284.10024636454955
2030-04-28 21:00:00,286.0391080906976
2030-04-28 22:00:00,287.5712864516656
2030-04-28 23:00:00,288.55106836413154
2030-04-29 00:00:00,288.87234831512444
2030-04-29 01:00:00,288.4803164076208
2030-04-29 02:00:00,287.36279317786364
2030-04-29 03:00:00,285.94789473468444
2030-04-29 04:00:00,284.5893204356244
2030-04-29 05:00:00,283.2845027391288
2030-04-29 06:00:00,282.03101731361835
2030-04-29 07:00:00,280.8265729227838
2030-04-29 08:00:00,279.66900219955716
2030-04-29 09:00:00,278.55625321563514
2030-04-29 10:00:00,277.486381764656
2030-04-29 11:00:00,276.45754428683654
2030-04-29 12:00:00,275.46799137128977
2030-04-29 13:00:00,274.5181640477061
2030-04-29 14:00:00,274.34553776157645
2030-04-29 15:00:00,274.90699668881825
2030-04-29 16:00:00,276.1115390597521
2030-04-29 17:00:00,277.82615654375235
2030-04-29 18:00:00,279.8846881550176
2030-04-29 19:00:00,282.09906843441183
2030-04-29 20:00:00,284.27219494354875
2030-04-29 21:00:00,286.21149779244064
2030-04-29 22:00:00,287.7422219741232
2030-04-29 23:00:00,288.719444836325
2030-04-30 00:00:00,289.0379502237682
2030-04-30 01:00:00,288.65099650413566
2030-04-30 02:00:00,287.53937983275944
2030-04-30 03:00:00,286.11772564513166
2030-04-30 04:00:00,284.7526138934146
2030-04-30 05:00:00,283.4414668369653
2030-04-30 06:00:00,282.18185068022217
2030-04-30 07:00:00,280.97146538850797
2030-04-30 08:00:00,279.8081354001557
2030-04-30 09:00:00,278.6898011408887
2030-04-30 10:00:00,277.6145112577399
2030-04-30 11:00:00,276.58041549961274
2030-04-30 12:00:00,275.58575818009155
2030-04-30 13:00:00,274.64384101597335
2030-04-30 14:00:00,274.47773552467737
2030-04-30 15:00:00,275.04443443213216
2030-04-30 16:00:00,276.2531060360736
2030-04-30 17:00:00,277.9709639123649
2030-04-30 18:00:00,280.0321073177966
2030-04-30 19:00:00,282.2487529622726
2030-04-30 20:00:00,284.4240843473358
2030-04-30 21:00:00,286.365802710478
2030-04-30 22:00:00,287.8993917194631
2030-04-30 23:00:00,288.8801195510165
2030-05-01 00:00:00,289.2029010035571
2030-05-01 01:00:00,288.81216052518516
2030-05-01 02:00:00,287.6985011075012
2030-05-01 03:00:00,286.26418757456696
2030-05-01 04:00:00,284.8888839707017
2030-05-01 05:00:00,283.5698280982941
2030-05-01 06:00:00,282.3044148653634
2030-05-01 07:00:00,281.09018501416114
2030-05-01 08:00:00,279.9248148556213
2030-05-01 09:00:00,278.8061069024901
2030-05-01 10:00:00,277.7319813071072
2030-05-01 11:00:00,276.7004680211439
2030-05-01 12:00:00,275.7096996044004
2030-05-01 13:00:00,274.78558286087963
2030-05-01 14:00:00,274.63680889697025
2030-05-01 15:00:00,275.21935203890274
2030-05-01 16:00:00,276.44152527512955
2030-05-01 17:00:00,278.1699043747187
2030-05-01 18:00:00,280.2382093096095
2030-05-01 19:00:00,282.45856006291956
2030-05-01 20:00:00,284.6343305277207
2030-05-01 21:00:00,286.5736835036829
2030-05-01 22:00:00,288.1027996368969
2030-05-01 23:00:00,289.07782646684285
2030-05-02 00:00:00,289.3946744254814
2030-05-02 01:00:00,288.98590682496774
2030-05-02 02:00:00,287.8573922182994
2030-05-02 03:00:00,286.400527119851
2030-05-02 04:00:00,285.0084337701624
2030-05-02 05:00:00,283.67788884807777
2030-05-02 06:00:00,282.40586032909783
2030-05-02 07:00:00,281.18949333042633
2030-05-02 08:00:00,280.02609725729764
2030-05-02 09:00:00,278.9131341073307
2030-05-02 10:00:00,277.8482078078414
2030-05-02 11:00:00,276.82905447663865
2030-05-02 12:00:00,275.8535335102367
2030-05-02 13:00:00,274.95984543780116
2030-05-02 14:00:00,274.84220813706037
2030-05-02 15:00:00,275.45401624092244
2030-05-02 16:00:00,276.7013190781981
2030-05-02 17:00:00,278.44888612271615
2030-05-02 18:00:00,280.52920244920824
2030-05-02 19:00:00,282.753801570023
2030-05-02 20:00:00,284.92615199464694
2030-05-02 21:00:00,286.8551764771189
2030-05-02 22:00:00,288.3684168499814
2030-05-02 23:00:00,289.3238751181009
2030-05-03 00:00:00,289.6196663620283
2030-05-03 01:00:00,289.23590302249534
2030-05-03 02:00:00,288.13095258321715
2030-05-03 03:00:00,286.6807062088319
2030-05-03 04:00:00,285.28968720015274
2030-05-03 05:00:00,283.95513367622266
2030-05-03 06:00:00,282.6744408624303
2030-05-03 07:00:00,281.44514979272117
2030-05-03 08:00:00,280.26493702242794
2030-05-03 09:00:00,279.1316052438571
2030-05-03 10:00:00,278.0430747100129
2030-05-03 11:00:00,276.9973753832572
2030-05-03 12:00:00,275.9926397355752
2030-05-03 13:00:00,275.0797039436649
2030-05-03 14:00:00,274.9392345746101
2030-05-03 15:00:00,275.527613738518
2030-05-03 16:00:00,276.75367177049947
2030-05-03 17:00:00,278.48458044274076
2030-05-03 18:00:00,280.55469727125455
2030-05-03 19:00:00,282.7767806575534
2030-05-03 20:00:00,284.9548025731227
2030-05-03 21:00:00,286.8974448964748
2030-05-03 22:00:00,288.43129517523374
2030-05-03 23:00:00,289.41277045070643
2030-05-04 00:00:00,289.7378977668909
2030-05-04 01:00:00,289.34175922370594
2030-05-04 02:00:00,288.22709611729283
2030-05-04 03:00:00,286.7588395538907
2030-05-04 04:00:00,285.35452059217187
2030-05-04 05:00:00,284.0110046107847
2030-05-04 06:00:00,282.72534151950777
2030-05-04 07:00:00,281.49475215425906
2030-05-04 08:00:00,280.31661591904503
2030-05-04 09:00:00,279.18845953814844
2030-05-04 10:00:00,278.107946799122
2030-05-04 11:00:00,277.07286918197224
2030-05-04 12:00:00,276.08113728267074
2030-05-04 13:00:00,275.1955922058293
2030-05-04 14:00:00,275.08276910959506
2030-05-04 15:00:00,275.6969701453164
2030-05-04 16:00:00,276.9452127028161
2030-05-04 17:00:00,278.69323669098355
2030-05-04 18:00:00,280.7744399600428
2030-05-04 19:00:00,283.00115381950906
2030-05-04 20:00:00,285.17747953851955
2030-05-04 21:00:00,287.1127688618626
2030-05-04 22:00:00,288.63476459441966
2030-05-04 23:00:00,289.6014337983116
2030-05-05 00:00:00,289.9106295214696
2030-05-05 01:00:00,289.54082936830986
2030-05-05 02:00:00,288.45118771988996
2030-05-05 03:00:00,286.9916567554209
2030-05-05 04:00:00,285.5907837749778
2030-05-05 05:00:00,284.24586276120044
2030-05-05 06:00:00,282.9543408344706
2030-05-05 07:00:00,281.7138072637733
2030-05-05 08:00:00,280.5219834584877
2030-05-05 09:00:00,279.376713836732
2030-05-05 10:00:00,278.27595747865485
2030-05-05 11:00:00,277.21778048408305
2030-05-05 12:00:00,276.20034896346294
2030-05-05 13:00:00,275.2987786653927
2030-05-05 14:00:00,275.16646642719513
2030-05-05 15:00:00,275.76047577474236
2030-05-05 16:00:00,276.9904047800825
2030-05-05 17:00:00,278.72423313475923
2030-05-05 18:00:00,280.79711625600726
2030-05-05 19:00:00,283.02254989551903
2030-05-05 20:00:00,285.20513585625014
2030-05-05 21:00:00,287.1540386338801
2030-05-05 22:00:00,288.6961518972313
2030-05-05 23:00:00,289.6880056800519
2030-05-06 00:00:00,290.0255439896593
2030-05-06 01:00:00,289.6323671800355
2030-05-06 02:00:00,288.52301310997797
2030-05-06 03:00:00,287.0377999290022
2030-05-06 04:00:00,285.6184196669577
2030-05-06 05:00:00,284.2615954839127
2030-05-06 06:00:00,282.9642458057647
2030-05-06 07:00:00,281.72346977934666
2030-05-06 08:00:00,280.5365340740422
2030-05-06 09:00:00,279.4008608807414
2030-05-06 10:00:00,278.3140169780144
2030-05-06 11:00:00,277.2737037516942
2030-05-06 12:00:00,276.2777480680753
2030-05-06 13:00:00,275.41280789696225
2030-05-06 14:00:00,275.31822170559724
2030-05-06 15:00:00,275.94784486896424
2030-05-06 16:00:00,277.2084404339256
2030-05-06 17:00:00,278.9657041409012
2030-05-06 18:00:00,281.0532036253902
2030-05-06 19:00:00,283.2836429918262
2030-05-06 20:00:00,285.46167394416256
2030-05-06 21:00:00,287.39733795274634
2030-05-06 22:00:00,288.9191581009113
2030-05-06 23:00:00,289.88591674814967
2030-05-07 00:00:00,290.1962592161884
2030-05-07 01:00:00,289.78690123949787
2030-05-07 02:00:00,288.6642502335701
2030-05-07 03:00:00,287.15809312161826
2030-05-07 04:00:00,285.7226308296403
2030-05-07 05:00:00,284.35417737921574
2030-05-07 06:00:00,283.0492738837677
2030-05-07 07:00:00,281.80467121592204
2030-05-07 08:00:00,280.61731431651697
2030-05-07 09:00:00,279.4843279588115
2030-05-07 10:00:00,278.4030038058871
2030-05-07 11:00:00,277.3707886200813
2030-05-07 12:00:00,276.3852735011203
2030-05-07 13:00:00,275.54457284549056
2030-05-07 14:00:00,275.4743032095972
2030-05-07 15:00:00,276.1263296667869
2030-05-07 16:00:00,277.4056991283574
2030-05-07 17:00:00,279.17677210307227
2030-05-07 18:00:00,281.27224560827517
2030-05-07 19:00:00,283.50447115793713
2030-05-07 20:00:00,285.67828372051196
2030-05-07 21:00:00,287.60442354510684
2030-05-07 22:00:00,289.1125701863107
2030-05-07 23:00:00,290.063029031167
2030-05-08 00:00:00,290.3562178958674
2030-05-08 01:00:00,289.97442347514135
2030-05-08 02:00:00,288.87782461741244
2030-05-08 03:00:00,287.3817796387128
2030-05-08 04:00:00,285.95087867718604
2030-05-08 05:00:00,284.58191976457726
2030-05-08 06:00:00,283.27189048782895
2030-05-08 07:00:00,282.0179539080313
2030-05-08 08:00:00,280.8174357799418
2030-05-08 09:00:00,279.6678129284721
2030-05-08 10:00:00,278.56670265680145
2030-05-08 11:00:00,277.5118530764278
2030-05-08 12:00:00,276.50113426292603
2030-05-08 13:00:00,275.6444065086465
2030-05-08 14:00:00,275.55481427268535
2030-05-08 15:00:00,276.1870081502283
2030-05-08 16:00:00,277.4486201777461
2030-05-08 17:00:00,279.2062365039786
2030-05-08 18:00:00,281.29428126278015
2030-05-08 19:00:00,283.52622701104923
2030-05-08 20:00:00,285.70735715310917
2030-05-08 21:00:00,287.648168734604
2030-05-08 22:00:00,289.17743741276547
2030-05-08 23:00:00,290.1539828062265
2030-05-09 00:00:00,290.47627516614716
2030-05-09 01:00:00,290.12739002358603
2030-05-09 02:00:00,289.0620256280508
2030-05-09 03:00:00,287.5810253500072
2030-05-09 04:00:00,286.1589220517423
2030-05-09 05:00:00,284.7930128784112
2030-05-09 06:00:00,283.48074797785335
2030-05-09 07:00:00,282.21971948682847
2030-05-09 08:00:00,281.00765150334007
2030-05-09 09:00:00,279.8423909399041
2030-05-09 10:00:00,278.7218991655021
2030-05-09 11:00:00,277.6442443550712
2030-05-09 12:00:00,276.60759447498896
2030-05-09 13:00:00,275.73338338161705
2030-05-09 14:00:00,275.62262659984015
2030-05-09 15:00:00,276.2330420137636
2030-05-09 16:00:00,277.47512138232577
2030-05-09 17:00:00,279.21792491410076
2030-05-09 18:00:00,281.29780857569216
2030-05-09 19:00:00,283.52951226277287
2030-05-09 20:00:00,285.7188449910674
2030-05-09 21:00:00,287.67606293023476
2030-05-09 22:00:00,289.2289651380462
2030-05-09 23:00:00,290.2347431873138
2030-05-10 00:00:00,290.58971855991024
2030-05-10 01:00:00,290.2738102577934
2030-05-10 02:00:00,289.2400298684009
2030-05-10 03:00:00,287.7749623756043
2030-05-10 04:00:00,286.3627971901991
2030-05-10 05:00:00,285.00126867606053
2030-05-10 06:00:00,283.6882340586763
2030-05-10 07:00:00,282.42166485655906
2030-05-10 08:00:00,281.19963905475845
2030-05-10 09:00:00,280.0203339442194
2030-05-10 10:00:00,278.88201955972204
2030-05-10 11:00:00,277.78305265693825
2030-05-10 12:00:00,276.7218711759236
2030-05-10 13:00:00,275.8312624411291
2030-05-10 14:00:00,275.70036462058744
2030-05-10 15:00:00,276.2898467190699
2030-05-10 16:00:00,277.51297546708065
2030-05-10 17:00:00,279.24123503386113
2030-05-10 18:00:00,281.3128989433708
2030-05-10 19:00:00,283.54399485510373
2030-05-10 20:00:00,285.7409090635797
2030-05-10 21:00:00,287.71373416032264
2030-05-10 22:00:00,289.2893881691805
2030-05-10 23:00:00,290.32353992838665
2030-05-11 00:00:00,290.71046823620816
2030-05-11 01:00:00,290.4170311484466
2030-05-11 02:00:00,289.4053279001032
2030-05-11 03:00:00,287.9488560299212
2030-05-11 04:00:00,286.5417024215575
2030-05-11 05:00:00,285.18184421953356
2030-05-11 06:00:00,283.8673655044007
2030-05-11 07:00:00,282.596449980407
2030-05-11 08:00:00,281.3673742829335
2030-05-11 09:00:00,280.17850184351863
2030-05-11 10:00:00,279.0282772574388
2030-05-11 11:00:00,277.9152211050437
2030-05-11 12:00:00,276.8379251834811
2030-05-11 13:00:00,275.94022273346155
2030-05-11 14:00:00,275.79935810953225
2030-05-11 15:00:00,276.37782712151574
2030-05-11 16:00:00,277.5906523780672
2030-05-11 17:00:00,279.3108916654975
2030-05-11 18:00:00,281.37810819940483
2030-05-11 19:00:00,283.60925147571766
2030-05-11 20:00:00,285.81120268287145
2030-05-11 21:00:00,287.79409347660277
2030-05-11 22:00:00,289.38442931425885
2030-05-11 23:00:00,290.4370520331985
2030-05-12 00:00:00,290.8450660027013
2030-05-12 01:00:00,290.52287501296473
2030-05-12 02:00:00,289.48585654881515
2030-05-12 03:00:00,287.99914512193
2030-05-12 04:00:00,286.569097106339
2030-05-12 05:00:00,285.19318747890196
2030-05-12 06:00:00,283.869031826859
2030-05-12 07:00:00,282.59437633051175
2030-05-12 08:00:00,281.36708863300737
2030-05-12 09:00:00,280.18514950385196
2030-05-12 10:00:00,279.0466452140648
2030-05-12 11:00:00,277.94976055063535
2030-05-12 12:00:00,276.89277240639734
2030-05-12 13:00:00,276.0299164625816
2030-05-12 14:00:00,275.92537706429425
2030-05-12 15:00:00,276.53840229574655
2030-05-12 16:00:00,277.7811033624478
2030-05-12 17:00:00,279.52414953733916
2030-05-12 18:00:00,281.6053938579451
2030-05-12 19:00:00,283.8408654231581
2030-05-12 20:00:00,286.0373720621231
2030-05-12 21:00:00,288.0058159593199
2030-05-12 22:00:00,289.5742522527879
2030-05-12 23:00:00,290.5997297254186
2030-05-13 00:00:00,290.97804778901786
2030-05-13 01:00:00,290.699359768584
2030-05-13 02:00:00,289.7038690574696
2030-05-13 03:00:00,288.2421775192706
2030-05-13 04:00:00,286.8289810597638
2030-05-13 05:00:00,285.4623142390507
2030-05-13 06:00:00,284.1403149588463
2030-05-13 07:00:00,282.8612174215845
2030-05-13 08:00:00,281.6233456836208
2030-05-13 09:00:00,280.42510774323995
2030-05-13 10:00:00,279.26499011095683
2030-05-13 11:00:00,278.1415528155115
2030-05-13 12:00:00,277.0534248041212
2030-05-13 13:00:00,276.165662961537
2030-05-13 14:00:00,276.03164162007096
2030-05-13 15:00:00,276.6145237091047
2030-05-13 16:00:00,277.8300938494618
2030-05-13 17:00:00,279.55221942500833
2030-05-13 18:00:00,281.62126908900996
2030-05-13 19:00:00,283.8549412290212
2030-05-13 20:00:00,286.06076035668565
2030-05-13 21:00:00,288.0493540722475
2030-05-13 22:00:00,289.64754510650164
2030-05-13 23:00:00,290.7102955272486
2030-05-14 00:00:00,291.1306286703587
2030-05-14 01:00:00,290.80347037560784
2030-05-14 02:00:00,289.76430656251733
2030-05-14 03:00:00,288.2572819449796
2030-05-14 04:00:00,286.8099177367191
2030-05-14 05:00:00,285.4194768227198
2030-05-14 06:00:00,284.0833776598643
2030-05-14 07:00:00,282.7991830088044
2030-05-14 08:00:00,281.5645896807771
2030-05-14 09:00:00,280.3774191905772
2030-05-14 10:00:00,279.2356092202899
2030-05-14 11:00:00,278.13720580992964
2030-05-14 12:00:00,277.0803562011077
2030-05-14 13:00:00,276.2399451284228
2030-05-14 14:00:00,276.15612116427053
2030-05-14 15:00:00,276.7871317760089
2030-05-14 16:00:00,278.044320935653
2030-05-14 17:00:00,279.79787421566004
2030-05-14 18:00:00,281.88547647476395
2030-05-14 19:00:00,284.12331493022805
2030-05-14 20:00:00,286.3186697756691
2030-05-14 21:00:00,288.2831950727387
2030-05-14 22:00:00,289.84592202890855
2030-05-14 23:00:00,290.8650278062043
2030-05-15 00:00:00,291.2375097062111
2030-05-15 01:00:00,290.9132102403899
2030-05-15 02:00:00,289.8779142116261
2030-05-15 03:00:00,288.3652204431958
2030-05-15 04:00:00,286.91269519185704
2030-05-15 05:00:00,285.5175669418295
2030-05-15 06:00:00,284.17722222451755
2030-05-15 07:00:00,282.8891941371749
2030-05-15 08:00:00,281.65115189880663
2030-05-15 09:00:00,280.46089133178737
2030-05-15 10:00:00,279.31632617144675
2030-05-15 11:00:00,278.21548011773694
2030-05-15 12:00:00,277.15647955334487
2030-05-15 13:00:00,276.32425446715126
2030-05-15 14:00:00,276.2473977325301
2030-05-15 15:00:00,276.88408604194996
2030-05-15 16:00:00,278.1456714109416
2030-05-15 17:00:00,279.9024266667885
2030-05-15 18:00:00,281.9921980713177
2030-05-15 19:00:00,284.2313980788001
2030-05-15 20:00:00,286.4275809929884
2030-05-15 21:00:00,288.39270524228203
2030-05-15 22:00:00,289.956115710705
2030-05-15 23:00:00,290.9762908327721
2030-05-16 00:00:00,291.35049595601316
2030-05-16 01:00:00,291.04941068626323
2030-05-16 02:00:00,290.0367562585106
2030-05-16 03:00:00,288.53410417782106
2030-05-16 04:00:00,287.0877661623186
2030-05-16 05:00:00,285.6952567296608
2030-05-16 06:00:00,284.35422842340967
2030-05-16 07:00:00,283.0624619790639
2030-05-16 08:00:00,281.8178573605899
2030-05-16 09:00:00,280.6184255759616
2030-05-16 10:00:00,279.46228119125226
2030-05-16 11:00:00,278.3476354723611
2030-05-16 12:00:00,277.27279009172844
2030-05-16 13:00:00,276.43268514450466
2030-05-16 14:00:00,276.3452516830553
2030-05-16 15:00:00,276.9705252458421
2030-05-16 16:00:00,278.2216283346076
2030-05-16 17:00:00,279.97040432907244
2030-05-16 18:00:00,282.0559693569393
2030-05-16 19:00:00,284.2956231883353
2030-05-16 20:00:00,286.49736892493826
2030-05-16 21:00:00,288.4731503504685
2030-05-16 22:00:00,290.0518429595451
2030-05-16 23:00:00,291.09104291074055
2030-05-17 00:00:00,291.4867918269504
2030-05-17 01:00:00,291.2146484428206
2030-05-17 02:00:00,290.2300576386099
2030-05-17 03:00:00,288.7422807123195
2030-05-17 04:00:00,287.3057555721066
2030-05-17 05:00:00,285.9183467701648
2030-05-17 06:00:00,284.5780334034766
2030-05-17 07:00:00,283.28290116877395
2030-05-17 08:00:00,282.031135100614
2030-05-17 09:00:00,280.82101292304196
2030-05-17 10:00:00,279.6508989534254
2030-05-17 11:00:00,278.51923850409145
2030-05-17 12:00:00,277.4245527335408
2030-05-17 13:00:00,276.5716117151812
2030-05-17 14:00:00,276.4681608547785
2030-05-17 15:00:00,277.0766443308124
2030-05-17 16:00:00,278.3124690892403
2030-05-17 17:00:00,280.04949329499857
2030-05-17 18:00:00,282.1284476045851
2030-05-17 19:00:00,284.3677407771931
2030-05-17 20:00:00,286.57590841830773
2030-05-17 21:00:00,288.56482029129825
2030-05-17 22:00:00,290.16268541101994
2030-05-17 23:00:00,291.2258983812893
2030-05-18 00:00:00,291.64886004142755
2030-05-18 01:00:00,291.3283248330728
2030-05-18 02:00:00,290.2999408510025
2030-05-18 03:00:00,288.7670020743195
2030-05-18 04:00:00,287.2958598186198
2030-05-18 05:00:00,285.8836336931033
2030-05-18 06:00:00,284.5276092582184
2030-05-18 07:00:00,283.22522585475684
2030-05-18 08:00:00,281.97406554304644
2030-05-18 09:00:00,280.77184303171884
2030-05-18 10:00:00,279.61639649056013
2030-05-18 11:00:00,278.50567915487807
2030-05-18 12:00:00,277.4377516399692
2030-05-18 13:00:00,276.62635096920576
2030-05-18 14:00:00,276.5668222626493
2030-05-18 15:00:00,277.21714878513546
2030-05-18 16:00:00,278.48872090726434
2030-05-18 17:00:00,280.25208127473394
2030-05-18 18:00:00,282.34556118769893
2030-05-18 19:00:00,284.58624189940946
2030-05-18 20:00:00,286.78248546205344
2030-05-18 21:00:00,288.7471418112958
2030-05-18 22:00:00,290.3104694550988
2030-05-18 23:00:00,291.33181907168006
2030-05-19 00:00:00,291.70922636737055
2030-05-19 01:00:00,291.399128741986
2030-05-19 02:00:00,290.3815937224048
2030-05-19 03:00:00,288.84976704909616
2030-05-19 04:00:00,287.37879807939953
2030-05-19 05:00:00,285.9658797757716
2030-05-19 06:00:00,284.60836579738594
2030-05-19 07:00:00,283.30375876662004
2030-05-19 08:00:00,282.0496996008506
2030-05-19 09:00:00,280.8439577944988
2030-05-19 10:00:00,279.68442255053617
2030-05-19 11:00:00,278.56909467294673
2030-05-19 12:00:00,277.4960791422433
2030-05-19 13:00:00,276.68832340660373
2030-05-19 14:00:00,276.6308075076809
2030-05-19 15:00:00,277.28203743469436
2030-05-19 16:00:00,278.55394921394617
2030-05-19 17:00:00,280.3176205202046
2030-05-19 18:00:00,282.41187330366716
2030-05-19 19:00:00,284.6542037186127
2030-05-19 20:00:00,286.8532864950223
2030-05-19 21:00:00,288.8221626417684
2030-05-19 22:00:00,290.391149477413
2030-05-19 23:00:00,291.41952314982785
2030-05-20 00:00:00,291.80511996253813
2030-05-20 01:00:00,291.51796690003295
2030-05-20 02:00:00,290.5228357379142
2030-05-20 03:00:00,289.00188145053545
2030-05-20 04:00:00,287.53805555673864
2030-05-20 05:00:00,286.12882684377115
2030-05-20 06:00:00,284.77180542360253
2030-05-20 07:00:00,283.4647326034016
2030-05-20 08:00:00,282.2054716579333
2030-05-20 09:00:00,280.9919994085539
2030-05-20 10:00:00,279.82239852504125
2030-05-20 11:00:00,278.6948504764793
2030-05-20 12:00:00,277.6076290660682
2030-05-20 13:00:00,276.7927759618726
2030-05-20 14:00:00,276.7256528690713
2030-05-20 15:00:00,277.3665052777036
2030-05-20 16:00:00,278.62892711165387
2030-05-20 17:00:00,280.3854676426335
2030-05-20 18:00:00,282.4761395190001
2030-05-20 19:00:00,284.7192717647642
2030-05-20 20:00:00,286.9239614667409
2030-05-20 21:00:00,288.9032378746899
2030-05-20 22:00:00,290.48698034010425
2030-05-20 23:00:00,291.5336398340716
2030-05-21 00:00:00,291.9399070187591
2030-05-21 01:00:00,291.68033813164607
2030-05-21 02:00:00,290.71200168046926
2030-05-21 03:00:00,289.2058574449161
2030-05-21 04:00:00,287.7520522148864
2030-05-21 05:00:00,286.34838706427087
2030-05-21 06:00:00,284.9927819625085
2030-05-21 07:00:00,283.6832674623619
2030-05-21 08:00:00,282.41797710804883
2030-05-21 09:00:00,281.1951404898337
2030-05-21 10:00:00,280.0130768798705
2030-05-21 11:00:00,278.8701893916284
2030-05-21 12:00:00,277.7649596117977
2030-05-21 13:00:00,276.9383244954237
2030-05-21 14:00:00,276.85651736986955
2030-05-21 15:00:00,277.4820045705425
2030-05-21 16:00:00,278.7304873377028
2030-05-21 17:00:00,280.4763742800145
2030-05-21 18:00:00,282.56116865378596
2030-05-21 19:00:00,284.8042239714529
2030-05-21 20:00:00,287.01512999715806
2030-05-21 21:00:00,289.0068489236467
2030-05-21 22:00:00,290.6086461090508
2030-05-21 23:00:00,291.6778643905393
2030-05-22 00:00:00,292.1096804670171
2030-05-22 01:00:00,291.77446465957456
2030-05-22 02:00:00,290.73693725998953
2030-05-22 03:00:00,289.1647559594825
2030-05-22 04:00:00,287.6604484990152
2030-05-22 05:00:00,286.2206759268316
2030-05-22 06:00:00,284.8422992313159
2030-05-22 07:00:00,283.5223642222438
2030-05-22 08:00:00,282.25808783396616
2030-05-22 09:00:00,281.04684569096923
2030-05-22 10:00:00,279.88616079684255
2030-05-22 11:00:00,278.77369322529313
2030-05-22 12:00:00,277.70723070694976
2030-05-22 13:00:00,276.93552295224663
2030-05-22 14:00:00,276.9123775721172
2030-05-22 15:00:00,277.5938602218526
2030-05-22 16:00:00,278.88989489755227
2030-05-22 17:00:00,280.6701044098566
2030-05-22 18:00:00,282.77250696523197
2030-05-22 19:00:00,285.01449674535195
2030-05-22 20:00:00,287.20535011626123
2030-05-22 21:00:00,289.15936459493884
2030-05-22 22:00:00,290.7086721574184
2030-05-22 23:00:00,291.7147841130124
2030-05-23 00:00:00,292.07802487459816
2030-05-23 01:00:00,291.79143684722055
2030-05-23 02:00:00,290.8000968391924
2030-05-23 03:00:00,289.2599097032692
2030-05-23 04:00:00,287.7793790994321
2030-05-23 05:00:00,286.3557991148337
2030-05-23 06:00:00,284.98661745281873
2030-05-23 07:00:00,283.66942426829235
2030-05-23 08:00:00,282.40194201157215
2030-05-23 09:00:00,281.1820161724989
2030-05-23 10:00:00,280.0076068299082
2030-05-23 11:00:00,278.87678092305146
2030-05-23 12:00:00,277.787705171482
2030-05-23 13:00:00,276.9977011521645
2030-05-23 14:00:00,276.9525490877073
2030-05-23 15:00:00,277.6117906913187
2030-05-23 16:00:00,278.8885748859182
2030-05-23 17:00:00,280.65529540879265
2030-05-23 18:00:00,282.7521103506007
2030-05-23 19:00:00,284.99778595910993
2030-05-23 20:00:00,287.2021183833003
2030-05-23 21:00:00,289.1790486922439
2030-05-23 22:00:00,290.75951588956843
2030-05-23 23:00:00,291.8031024760686
2030-05-24 00:00:00,292.20762145316917
2030-05-24 01:00:00,291.85842554448493
2030-05-24 02:00:00,290.8102964538465
2030-05-24 03:00:00,289.2152974718366
2030-05-24 04:00:00,287.69318577427174
2030-05-24 05:00:00,286.2402114350686
2030-05-24 06:00:00,284.8528562121348
2030-05-24 07:00:00,283.52781561763567
2030-05-24 08:00:00,282.2619827130969
2030-05-24 09:00:00,281.05243343094475
2030-05-24 10:00:00,279.8964132503631
2030-05-24 11:00:00,278.7913250777201
2030-05-24 12:00:00,277.7347182009209
2030-05-24 13:00:00,276.9913128524813
2030-05-24 14:00:00,276.995297090286
2030-05-24 15:00:00,277.70093675092636
2030-05-24 16:00:00,279.0166620136867
2030-05-24 17:00:00,280.81100343572126
2030-05-24 18:00:00,282.9213589557372
2030-05-24 19:00:00,285.1650134668498
2030-05-24 20:00:00,287.3516484259506
2030-05-24 21:00:00,289.29644722594685
2030-05-24 22:00:00,290.8328397137917
2030-05-24 23:00:00,291.8239481604351
2030-05-25 00:00:00,292.17189998035457
2030-05-25 01:00:00,291.8682117725556
2030-05-25 02:00:00,290.8631659629383
2030-05-25 03:00:00,289.29786546008904
2030-05-25 04:00:00,287.7977194344166
2030-05-25 05:00:00,286.35960938277424
2030-05-25 06:00:00,284.98060026222885
2030-05-25 07:00:00,283.65792678965335
2030-05-25 08:00:00,282.38898101385644
2030-05-25 09:00:00,281.1713010194464
2030-05-25 10:00:00,280.0025606395257
2030-05-25 11:00:00,278.8805600696616
2030-05-25 12:00:00,277.8032172887721
2030-05-25 13:00:00,277.0433193393436
2030-05-25 14:00:00,277.0275193937507
2030-05-25 15:00:00,277.71327469702584
2030-05-25 16:00:00,279.01196220576117
2030-05-25 17:00:00,280.79463058929264
2030-05-25 18:00:00,282.9006076546898
2030-05-25 19:00:00,285.148397898974
2030-05-25 20:00:00,287.34811848298597
2030-05-25 21:00:00,289.314586594436
2030-05-25 22:00:00,290.8801041333354
2030-05-25 23:00:00,291.90599924839694
2030-05-26 00:00:00,292.29208200533833
2030-05-26 01:00:00,291.95280210023526
2030-05-26 02:00:00,290.91589656415107
2030-05-26 03:00:00,289.3171155499049
2030-05-26 04:00:00,287.79121010603086
2030-05-26 05:00:00,286.3344368909467
2030-05-26 06:00:00,284.9432837212359
2030-05-26 07:00:00,283.6144516795333
2030-05-26 08:00:00,282.34483894404366
2030-05-26 09:00:00,281.1315261416546
2030-05-26 10:00:00,279.9717630528314
2030-05-26 11:00:00,278.8629565188113
2030-05-26 12:00:00,277.80265942068604
2030-05-26 13:00:00,277.07079270931723
2030-05-26 14:00:00,277.0839196971891
2030-05-26 15:00:00,277.79653515743274
2030-05-26 16:00:00,279.11740020809873
2030-05-26 17:00:00,280.9154595236303
2030-05-26 18:00:00,283.028583155893
2030-05-26 19:00:00,285.2745562822144
2030-05-26 20:00:00,287.4635564975418
2030-05-26 21:00:00,289.4112267958982
2030-05-26 22:00:00,290.9513901031771
2030-05-26 23:00:00,291.9474699677715
2030-05-27 00:00:00,292.3017845907718
2030-05-27 01:00:00,292.0267001945509
2030-05-27 02:00:00,291.0501759073671
2030-05-27 03:00:00,289.49604628063304
2030-05-27 04:00:00,288.0029943755909
2030-05-27 05:00:00,286.56821711037514
2030-05-27 06:00:00,285.1890719865715
2030-05-27 07:00:00,283.86306532521166
2030-05-27 08:00:00,282.58784157402437
2030-05-27 09:00:00,281.36117357000717
2030-05-27 10:00:00,280.1809536557831
2030-05-27 11:00:00,279.04518556059963
2030-05-27 12:00:00,277.9519769675236
2030-05-27 13:00:00,277.18898336670105
2030-05-27 14:00:00,277.16666909603856
2030-05-27 15:00:00,277.8443873326674
2030-05-27 16:00:00,279.1353610925381
2030-05-27 17:00:00,280.91231938363535
2030-05-27 18:00:00,283.0159971523795
2030-05-27 19:00:00,285.2659422311221
2030-05-27 20:00:00,287.4728851878521
2030-05-27 21:00:00,289.4517909158092
2030-05-27 22:00:00,291.03464126482896
2030-05-27 23:00:00,292.0820085712177
2030-05-28 00:00:00,292.4925745070773
2030-05-28 01:00:00,292.2680511840066
2030-05-28 02:00:00,291.33969772091586
2030-05-28 03:00:00,289.8201803308811
2030-05-28 04:00:00,288.3520751575244
2030-05-28 05:00:00,286.9332535873411
2030-05-28 06:00:00,285.5617014994421
2030-05-28 07:00:00,284.2355112829183
2030-05-28 08:00:00,282.9528745432681
2030-05-28 09:00:00,281.7120754275655
2030-05-28 10:00:00,280.51148450626556
2030-05-28 11:00:00,279.3495531566884
2030-05-28 12:00:00,278.2248083994442
2030-05-28 13:00:00,277.4322602437597
2030-05-28 14:00:00,277.37630251814215
2030-05-28 15:00:00,278.0204886703822
2030-05-28 16:00:00,279.2819542190299
2030-05-28 17:00:00,281.0368016571704
2030-05-28 18:00:00,283.1283801120384
2030-05-28 19:00:00,285.37792078482147
2030-05-28 20:00:00,287.596799016782
2030-05-28 21:00:00,289.59955213124664
2030-05-28 22:00:00,291.2167065115786
2030-05-28 23:00:00,292.30647084126326
2030-05-29 00:00:00,292.76443990905403
2030-05-29 01:00:00,292.48289574169036
2030-05-29 02:00:00,291.50183593107965
2030-05-29 03:00:00,289.9304626891515
2030-05-29 04:00:00,288.4208603295885
2030-05-29 05:00:00,286.97018770371295
2030-05-29 06:00:00,285.57576709499784
2030-05-29 07:00:00,284.2350721873075
2030-05-29 08:00:00,282.94571713402735
2030-05-29 09:00:00,281.70544660841125
2030-05-29 10:00:00,280.5121267303997
2030-05-29 11:00:00,279.3637367780022
2030-05-29 12:00:00,278.25836160240925
2030-05-29 13:00:00,277.49729838541964
2030-05-29 14:00:00,277.4751640238465
2030-05-29 15:00:00,278.15142148389697
2030-05-29 16:00:00,279.4395099784738
2030-05-29 17:00:00,281.2124671636012
2030-05-29 18:00:00,283.3114085634176
2030-05-29 19:00:00,285.5563087821521
2030-05-29 20:00:00,287.75834216989756
2030-05-29 21:00:00,289.7329038525011
2030-05-29 22:00:00,291.31236266069294
2030-05-29 23:00:00,292.3576080251701
2030-05-30 00:00:00,292.7675472382352
2030-05-30 01:00:00,292.486148847342
2030-05-30 02:00:00,291.50616722566537
2030-05-30 03:00:00,289.93025794216874
2030-05-30 04:00:00,288.41710715503586
2030-05-30 05:00:00,286.9638006059447
2030-05-30 06:00:00,285.5675927240452
2030-05-30 07:00:00,284.2258941474881
2030-05-30 08:00:00,282.9362603924438
2030-05-30 09:00:00,281.69638154418783
2030-05-30 10:00:00,280.5040728605621
2030-05-30 11:00:00,279.35726619164063
2030-05-30 12:00:00,278.2540021310805
2030-05-30 13:00:00,277.50197574397527
2030-05-30 14:00:00,277.4881350999427
2030-05-30 15:00:00,278.1716070961771
2030-05-30 16:00:00,279.46557856202236
2030-05-30 17:00:00,281.2429354540678
2030-05-30 18:00:00,283.3447527226724
2030-05-30 19:00:00,285.591078385084
2030-05-30 20:00:00,287.7932689833098
2030-05-30 21:00:00,289.7669974868687
2030-05-30 22:00:00,291.34498601703945
2030-05-30 23:00:00,292.38852696594967
2030-05-31 00:00:00,292.7969509559649
2030-05-31 01:00:00,292.49227004257324
2030-05-31 02:00:00,291.4915531789004
2030-05-31 03:00:00,289.8926896449476
2030-05-31 04:00:00,288.36192328143096
2030-05-31 05:00:00,286.89592853864684
2030-05-31 06:00:00,285.4915788896462
2030-05-31 07:00:00,284.14593173386925
2030-05-31 08:00:00,282.8562147250464
2030-05-31 09:00:00,281.61981336323464
2030-05-31 10:00:00,280.43425971154693
2030-05-31 11:00:00,279.2972221158201
2030-05-31 12:00:00,278.20649582063913
2030-05-31 13:00:00,277.475721628277
2030-05-31 14:00:00,277.48358815504974
2030-05-31 15:00:00,278.18717760023253
2030-05-31 16:00:00,279.4978716635374
2030-05-31 17:00:00,281.28710616267455
2030-05-31 18:00:00,283.39495480404287
2030-05-31 19:00:00,285.6409777166875
2030-05-31 20:00:00,287.83658588954563
2030-05-31 21:00:00,289.7980392154245
2030-05-31 22:00:00,291.35913046465066
2030-05-31 23:00:00,292.3826222887609
2030-06-01 00:00:00,292.76960258496877
2030-06-01 01:00:00,292.53202783675135
2030-06-01 02:00:00,291.59478840577884
2030-06-01 03:00:00,290.0452660179602
2030-06-01 04:00:00,288.5520836245596
2030-06-01 05:00:00,287.11278904969254
2030-06-01 06:00:00,285.725066363792
2030-06-01 07:00:00,284.38672612005365
2030-06-01 08:00:00,283.0956964589259
2030-06-01 09:00:00,281.85001498921173
2030-06-01 10:00:00,280.64782136539014
2030-06-01 11:00:00,279.48735049030626
2030-06-01 12:00:00,278.3669262806543
2030-06-01 13:00:00,277.6065902204865
2030-06-01 14:00:00,277.58061335246236
2030-06-01 15:00:00,278.2508377293475
2030-06-01 16:00:00,279.53303564790264
2030-06-01 17:00:00,281.3023848611102
2030-06-01 18:00:00,283.40181051180144
2030-06-01 19:00:00,285.65264914028637
2030-06-01 20:00:00,287.866902205513
2030-06-01 21:00:00,289.8602077108971
2030-06-01 22:00:00,291.4645860661481
2030-06-01 23:00:00,292.54002304175714
2030-06-02 00:00:00,292.984042963262
2030-06-02 01:00:00,292.69562241491417
2030-06-02 02:00:00,291.71149625208926
2030-06-02 03:00:00,290.11620437911256
2030-06-02 04:00:00,288.58654468091333
2030-06-02 05:00:00,287.1193920393194
2030-06-02 06:00:00,285.71180546148423
2030-06-02 07:00:00,284.36101426307647
2030-06-02 08:00:00,283.064405540772
2030-06-02 09:00:00,281.81951279089446
2030-06-02 10:00:00,280.62400554929917
2030-06-02 11:00:00,279.4756799432347
2030-06-02 12:00:00,278.3724500593614
2030-06-02 13:00:00,277.6396117903495
2030-06-02 14:00:00,277.64297787042574
2030-06-02 15:00:00,278.3408320715501
2030-06-02 16:00:00,279.64574645073355
2030-06-02 17:00:00,281.43026123181687
2030-06-02 18:00:00,283.5353978329102
2030-06-02 19:00:00,285.78144620263976
2030-06-02 20:00:00,287.9802826693144
2030-06-02 21:00:00,289.9483400396297
2030-06-02 22:00:00,291.51928477105525
2030-06-02 23:00:00,292.5554689221345
2030-06-03 00:00:00,292.95732079252895
2030-06-03 01:00:00,292.6053995707528
2030-06-03 02:00:00,291.56352112872776
2030-06-03 03:00:00,289.9150081234492
2030-06-03 04:00:00,288.3456863910435
2030-06-03 05:00:00,286.8513034396919
2030-06-03 06:00:00,285.42787871333866
2030-06-03 07:00:00,284.0716819294467
2030-06-03 08:00:00,282.7792135601476
2030-06-03 09:00:00,281.5471872028897
2030-06-03 10:00:00,280.3725136213441
2030-06-03 11:00:00,279.2522862666804
2030-06-03 12:00:00,278.18376811425924
2030-06-03 13:00:00,277.4970171151611
2030-06-03 14:00:00,277.5487358129794
2030-06-03 15:00:00,278.2920386180551
2030-06-03 16:00:00,279.63488224273965
2030-06-03 17:00:00,281.4460372029929
2030-06-03 18:00:00,283.5638418948297
2030-06-03 19:00:00,285.80716013539666
2030-06-03 20:00:00,287.98778264118124
2030-06-03 21:00:00,289.9233850184808
2030-06-03 22:00:00,291.450096098277
2030-06-03 23:00:00,292.4337522396572
2030-06-04 00:00:00,292.77901784176566
2030-06-04 01:00:00,292.5526617273291
2030-06-04 02:00:00,291.62830367682517
2030-06-04 03:00:00,290.07618292976093
2030-06-04 04:00:00,288.58075293269627
2030-06-04 05:00:00,287.1395380576838
2030-06-04 06:00:00,285.75020054004034
2030-06-04 07:00:00,284.41053057974733
2030-06-04 08:00:00,283.11843732470396
2030-06-04 09:00:00,281.87194064274456
2030-06-04 10:00:00,280.66916360059554
2030-06-04 11:00:00,279.50832557768143
2030-06-04 12:00:00,278.3877359511255
2030-06-04 13:00:00,277.64351757122523
2030-06-04 14:00:00,277.63119214436267
2030-06-04 15:00:00,278.3126043920009
2030-06-04 16:00:00,279.603667034587
2030-06-04 17:00:00,281.3798291384119
2030-06-04 18:00:00,283.4844018859533
2030-06-04 19:00:00,285.73919803086204
2030-06-04 20:00:00,287.9567540775929
2030-06-04 21:00:00,289.9532659837839
2030-06-04 22:00:00,291.5612971750206
2030-06-04 23:00:00,292.6413246106029
2030-06-05 00:00:00,293.0912788694503
2030-06-05 01:00:00,292.8114883487215
2030-06-05 02:00:00,291.8375670453881
2030-06-05 03:00:00,290.237635404254
2030-06-05 04:00:00,288.70345969585816
2030-06-05 05:00:00,287.23190960815685
2030-06-05 06:00:00,285.8200393682013
2030-06-05 07:00:00,284.46507388080073
2030-06-05 08:00:00,283.1643961618552
2030-06-05 09:00:00,281.9155359224936
2030-06-05 10:00:00,280.71615917850374
2030-06-05 11:00:00,279.5640587752721
2030-06-05 12:00:00,278.4571457319627
2030-06-05 13:00:00,277.7359865723155
2030-06-05 14:00:00,277.74859633600886
2030-06-05 15:00:00,278.45342620112916
2030-06-05 16:00:00,279.76333399853786
2030-06-05 17:00:00,281.55124763749956
2030-06-05 18:00:00,283.658654157085
2030-06-05 19:00:00,285.90635713881693
2030-06-05 20:00:00,288.10676078338497
2030-06-05 21:00:00,290.0768048662016
2030-06-05 22:00:00,291.650608052242
2030-06-05 23:00:00,292.69088986261386
2030-06-06 00:00:00,293.0983374619781
2030-06-06 01:00:00,292.85688894263296
2030-06-06 02:00:00,291.91947057667136
2030-06-06 03:00:00,290.3470295328287
2030-06-06 04:00:00,288.83379947636723
2030-06-06 05:00:00,287.3771350503395
2030-06-06 06:00:00,285.9745406137352
2030-06-06 07:00:00,284.62365934194963
2030-06-06 08:00:00,283.32226331244584
2030-06-06 09:00:00,282.0682444700084
2030-06-06 10:00:00,280.85960637896545
2030-06-06 11:00:00,279.69445668094465
2030-06-06 12:00:00,278.57100018640017
2030-06-06 13:00:00,277.8346160203888
2030-06-06 14:00:00,277.82947261990387
2030-06-06 15:00:00,278.5166472434799
2030-06-06 16:00:00,279.81143268533924
2030-06-06 17:00:00,281.58884552071373
2030-06-06 18:00:00,283.69197993450575
2030-06-06 19:00:00,285.9426608658248
2030-06-06 20:00:00,288.1536639211031
2030-06-06 21:00:00,290.1416324780906
2030-06-06 22:00:00,291.73975179333377
2030-06-06 23:00:00,292.8092483081048
2030-06-07 00:00:00,293.24887383495934
2030-06-07 01:00:00,292.98252094660467
2030-06-07 02:00:00,292.02229034687014
2030-06-07 03:00:00,290.4260358691957
2030-06-07 04:00:00,288.89344049945504
2030-06-07 05:00:00,287.42153830401224
2030-06-07 06:00:00,286.00753592152535
2030-06-07 07:00:00,284.64879972001705
2030-06-07 08:00:00,283.3428441419194
2030-06-07 09:00:00,282.08732110652363
2030-06-07 10:00:00,280.8800103557326
2030-06-07 11:00:00,279.7188106431488
2030-06-07 12:00:00,278.6017316787035
2030-06-07 13:00:00,277.87822893942786
2030-06-07 14:00:00,277.8865615665742
2030-06-07 15:00:00,278.58617596040517
2030-06-07 16:00:00,279.8909140105775
2030-06-07 17:00:00,281.67461429005294
2030-06-07 18:00:00,283.7795423762421
2030-06-07 19:00:00,286.02709764162887
2030-06-07 20:00:00,288.230059005362
2030-06-07 21:00:00,290.2054971819365
2030-06-07 22:00:00,291.7874129470569
2030-06-07 23:00:00,292.83817217011983
2030-06-08 00:00:00,293.2579025556354
2030-06-08 01:00:00,292.9509077785701
2030-06-08 02:00:00,291.9534883551733
2030-06-08 03:00:00,290.32201722105805
2030-06-08 04:00:00,288.76250314857685
2030-06-08 05:00:00,287.2713294101761
2030-06-08 06:00:00,285.8451005903644
2030-06-08 07:00:00,284.48062548281706
2030-06-08 08:00:00,283.17490163133544
2030-06-08 09:00:00,281.92510132619066
2030-06-08 10:00:00,280.72855889222393
2030-06-08 11:00:00,279.5827591262424
2030-06-08 12:00:00,278.48532675934587
2030-06-08 13:00:00,277.78933652259616
2030-06-08 14:00:00,277.8265683755404
2030-06-08 15:00:00,278.55333040967844
2030-06-08 16:00:00,279.8806538345237
2030-06-08 17:00:00,281.6800733514624
2030-06-08 18:00:00,283.79220627847735
2030-06-08 19:00:00,286.03756533348746
2030-06-08 20:00:00,288.22885784727265
2030-06-08 21:00:00,290.18389317963425
2030-06-08 22:00:00,291.738157046834
2030-06-08 23:00:00,292.7561281282132
2030-06-09 00:00:00,293.1405116701733
2030-06-09 01:00:00,292.89420383991865
2030-06-09 02:00:00,291.95397716300783
2030-06-09 03:00:00,290.36881907125866
2030-06-09 04:00:00,288.8453792626617
2030-06-09 05:00:00,287.38083300923705
2030-06-09 06:00:00,285.9725179806923
2030-06-09 07:00:00,284.6179222734637
2030-06-09 08:00:00,283.31467353612777
2030-06-09 09:00:00,282.06052907197295
2030-06-09 10:00:00,280.85336681438577
2030-06-09 11:00:00,279.69117708349654
2030-06-09 12:00:00,278.57205504355807
2030-06-09 13:00:00,277.8532082029981
2030-06-09 14:00:00,277.8643472768912
2030-06-09 15:00:00,278.56569194540555
2030-06-09 16:00:00,279.87185678698063
2030-06-09 17:00:00,281.657404594833
2030-06-09 18:00:00,283.7652308431932
2030-06-09 19:00:00,286.0172302067567
2030-06-09 20:00:00,288.2265109442754
2030-06-09 21:00:00,290.21028740205077
2030-06-09 22:00:00,291.8025119351387
2030-06-09 23:00:00,292.8653175692556
2030-06-10 00:00:00,293.2984356050104
2030-06-10 01:00:00,293.0089273185205
2030-06-10 02:00:00,292.02876834328237
2030-06-10 03:00:00,290.4058365064887
2030-06-10 04:00:00,288.8523743732749
2030-06-10 05:00:00,287.36496875833865
2030-06-10 06:00:00,285.9404122150731
2030-06-10 07:00:00,284.5756873079172
2030-06-10 08:00:00,283.26795238006895
2030-06-10 09:00:00,282.0145286471745
2030-06-10 10:00:00,280.81288846964804
2030-06-10 11:00:00,279.66064467510455
2030-06-10 12:00:00,278.5555408185118
2030-06-10 13:00:00,277.8578671863085
2030-06-10 14:00:00,277.89164728375164
2030-06-10 15:00:00,278.6142336630195
2030-06-10 16:00:00,279.93766596351327
2030-06-10 17:00:00,281.7343882962479
2030-06-10 18:00:00,283.84577052151496
2030-06-10 19:00:00,286.0928729375298
2030-06-10 20:00:00,288.2887112215309
2030-06-10 21:00:00,290.251146471639
2030-06-10 22:00:00,291.8154607275231
2030-06-10 23:00:00,292.845693326294
2030-06-11 00:00:00,293.24391106216564
2030-06-11 01:00:00,293.0013720161158
2030-06-11 02:00:00,292.0655685606661
2030-06-11 03:00:00,290.47830434994154
2030-06-11 04:00:00,288.95247690942466
2030-06-11 05:00:00,287.4852849518154
2030-06-11 06:00:00,286.07408795375454
2030-06-11 07:00:00,284.7163943169176
2030-06-11 08:00:00,283.40985061214974
2030-06-11 09:00:00,282.15223178904847
2030-06-11 10:00:00,280.9414322480434
2030-06-11 11:00:00,279.7754576846201
2030-06-11 12:00:00,278.6524176262047
2030-06-11 13:00:00,277.9360684044584
2030-06-11 14:00:00,277.94858655626797
2030-06-11 15:00:00,278.65042036604996
2030-06-11 16:00:00,279.9564522295051
2030-06-11 17:00:00,281.74153526849636
2030-06-11 18:00:00,283.84885913663925
2030-06-11 19:00:00,286.1005972746532
2030-06-11 20:00:00,288.3101028845571
2030-06-11 21:00:00,290.2947853113689
2030-06-11 22:00:00,291.8887293980758
2030-06-11 23:00:00,292.9541301047013
2030-06-12 00:00:00,293.3907071541572
2030-06-12 01:00:00,293.1601189616065
2030-06-12 02:00:00,292.2358391416534
2030-06-12 03:00:00,290.65679842484315
2030-06-12 04:00:00,289.1354292642493
2030-06-12 05:00:00,287.6703189158632
2030-06-12 06:00:00,286.2590006479131
2030-06-12 07:00:00,284.89914465362654
2030-06-12 08:00:00,283.58854827680244
2030-06-12 09:00:00,282.3251271038109
2030-06-12 10:00:00,281.10690683091696
2030-06-12 11:00:00,279.9320158268123
2030-06-12 12:00:00,278.7986783197379
2030-06-12 13:00:00,278.07359604505854
2030-06-12 14:00:00,278.0762676876436
2030-06-12 15:00:00,278.7682498669134
2030-06-12 16:00:00,280.0654651706117
2030-06-12 17:00:00,281.8436716417349
2030-06-12 18:00:00,283.9467692028194
2030-06-12 19:00:00,286.1974000651673
2030-06-12 20:00:00,288.409114435018
2030-06-12 21:00:00,290.3992360335695
2030-06-12 22:00:00,292.0014912070583
2030-06-12 23:00:00,293.07747326250836
2030-06-13 00:00:00,293.5261042688639
2030-06-13 01:00:00,293.22372251362634
2030-06-13 02:00:00,292.2326657915235
2030-06-13 03:00:00,290.59616152722623
2030-06-13 04:00:00,289.0274235106919
2030-06-13 05:00:00,287.52691968446067
2030-06-13 06:00:00,286.09127577976665
2030-06-13 07:00:00,284.71732013723266
2030-06-13 08:00:00,283.402068366057
2030-06-13 09:00:00,282.1427094478543
2030-06-13 10:00:00,280.93659312277
2030-06-13 11:00:00,279.78121841648056
2030-06-13 12:00:00,278.67422318464264
2030-06-13 13:00:00,277.9843126010552
2030-06-13 14:00:00,278.0250809988967
2030-06-13 15:00:00,278.7532306827471
2030-06-13 16:00:00,280.080291870438
2030-06-13 17:00:00,281.8783724583834
2030-06-13 18:00:00,283.98870063670097
2030-06-13 19:00:00,286.23239785376876
2030-06-13 20:00:00,288.42273784722136
2030-06-13 21:00:00,290.3780165752199
2030-06-13 22:00:00,291.9340946522005
2030-06-13 23:00:00,292.95569009895917
2030-06-14 00:00:00,293.3455978559402
2030-06-14 01:00:00,293.0712611667131
2030-06-14 02:00:00,292.1068195201566
2030-06-14 03:00:00,290.49432749892907
2030-06-14 04:00:00,288.9432544720724
2030-06-14 05:00:00,287.456885114783
2030-06-14 06:00:00,286.0321221804874
2030-06-14 07:00:00,284.66605025096624
2030-06-14 08:00:00,283.3559222018174
2030-06-14 09:00:00,282.09914692102797
2030-06-14 10:00:00,280.89327814238965
2030-06-14 11:00:00,279.7360042730261
2030-06-14 12:00:00,278.62513910933876
2030-06-14 13:00:00,277.9318125559917
2030-06-14 14:00:00,277.96777775636974
2030-06-14 15:00:00,278.6910926996072
2030-06-14 16:00:00,280.01453427265636
2030-06-14 17:00:00,281.81127013051395
2030-06-14 18:00:00,283.9233341691085
2030-06-14 19:00:00,286.17234861094636
2030-06-14 20:00:00,288.3717529533729
2030-06-14 21:00:00,290.33966760978785
2030-06-14 22:00:00,291.9114548381287
2030-06-14 23:00:00,292.9510534826224
2030-06-15 00:00:00,293.36026046450894
2030-06-15 01:00:00,293.0950447845441
2030-06-15 02:00:00,292.1393924053338
2030-06-15 03:00:00,290.5348286779305
2030-06-15 04:00:00,288.987990270836
2030-06-15 05:00:00,287.50447321872923
2030-06-15 06:00:00,286.0812888635367
2030-06-15 07:00:00,284.71562240571984
2030-06-15 08:00:00,283.40482004795916
2030-06-15 09:00:00,282.146377321238
2030-06-15 10:00:00,280.9379284638299
2030-06-15 11:00:00,279.7772367399876
2030-06-15 12:00:00,278.6621855991227
2030-06-15 13:00:00,277.96594110592855
2030-06-15 14:00:00,277.9982982624148
2030-06-15 15:00:00,278.71791632542113
2030-06-15 16:00:00,280.0381359838814
2030-06-15 17:00:00,281.8326154995795
2030-06-15 18:00:00,283.9437745867017
2030-06-15 19:00:00,286.19349159708867
2030-06-15 20:00:00,288.39531642198517
2030-06-15 21:00:00,290.36732845192097
2030-06-15 22:00:00,291.94470283244243
2030-06-15 23:00:00,292.99106118370514
2030-06-16 00:00:00,293.40777836060136
2030-06-16 01:00:00,293.0832744847376
2030-06-16 02:00:00,292.0728520341308
2030-06-16 03:00:00,290.4216965517403
2030-06-16 04:00:00,288.8376695296084
2030-06-16 05:00:00,287.32737799246013
2030-06-16 06:00:00,285.8869778038835
2030-06-16 07:00:00,284.5128640215427
2030-06-16 08:00:00,283.20165232937626
2030-06-16 09:00:00,281.9501622605904
2030-06-16 10:00:00,280.7554020047191
2030-06-16 11:00:00,279.61455461952147
2030-06-16 12:00:00,278.52496549188464
2030-06-16 13:00:00,277.8609820916107
2030-06-16 14:00:00,277.92784816293306
2030-06-16 15:00:00,278.6800358313532
2030-06-16 16:00:00,280.0271211265542
2030-06-16 17:00:00,281.8396584943643
2030-06-16 18:00:00,283.95782368270653
2030-06-16 19:00:00,286.2022539476204
2030-06-16 20:00:00,288.3863349212153
2030-06-16 21:00:00,290.32905563105265
2030-06-16 22:00:00,291.8674936027596
2030-06-16 23:00:00,292.8680121010852
2030-06-17 00:00:00,293.2353538125832
2030-06-17 01:00:00,292.91407836038076
2030-06-17 02:00:00,291.9070968053653
2030-06-17 03:00:00,290.25996516994
2030-06-17 04:00:00,288.6792094035426
2030-06-17 05:00:00,287.17292343230156
2030-06-17 06:00:00,285.73718967759106
2030-06-17 07:00:00,284.3683356595474
2030-06-17 08:00:00,283.0629149128422
2030-06-17 09:00:00,281.8176897479803
2030-06-17 10:00:00,280.62961564437836
2030-06-17 11:00:00,279.49582709002055
2030-06-17 12:00:00,278.41362470675125
2030-06-17 13:00:00,277.75870404468156
2030-06-17 14:00:00,277.83441758520763
2030-06-17 15:00:00,278.59483304883173
2030-06-17 16:00:00,279.94917581835307
2030-06-17 17:00:00,281.7677266930445
2030-06-17 18:00:00,283.8904831955899
2030-06-17 19:00:00,286.1380117937666
2030-06-17 20:00:00,288.3237392367502
2030-06-17 21:00:00,290.2668039462489
2030-06-17 22:00:00,291.8045295441334
2030-06-17 23:00:00,292.80360345122705
2030-06-18 00:00:00,293.1691463975389
2030-06-18 01:00:00,292.0967975200003
2030-06-18 02:00:00,290.454300222191
2030-06-18 03:00:00,288.3237003399747
2030-06-18 04:00:00,286.43878501502707
2030-06-18 05:00:00,284.78194328437974
2030-06-18 06:00:00,283.3250696759308
2030-06-18 07:00:00,282.0436408777574
2030-06-18 08:00:00,280.91623127522723
2030-06-18 09:00:00,279.9241005686001
2030-06-18 10:00:00,279.0508412233659
2030-06-18 11:00:00,278.2820759300483
2030-06-18 12:00:00,277.60519712023336
2030-06-18 13:00:00,277.3884800390939
2030-06-18 14:00:00,277.89852684438154
2030-06-18 15:00:00,279.03567027824914
2030-06-18 16:00:00,280.66509663259876
2030-06-18 17:00:00,282.62499066148877
2030-06-18 18:00:00,284.7367681016291
2030-06-18 19:00:00,286.8166587539849
2030-06-18 20:00:00,288.687789615894
2030-06-18 21:00:00,290.19187137039967
2030-06-18 22:00:00,291.1996213574361
2030-06-18 23:00:00,291.6191618953961
2030-06-19 00:00:00,291.4018037410282
2030-06-19 01:00:00,291.19472951314634
2030-06-19 02:00:00,290.29605858339744
2030-06-19 03:00:00,288.7493469393806
2030-06-19 04:00:00,287.2571180099891
2030-06-19 05:00:00,285.8302994121799
2030-06-19 06:00:00,284.4656609640826
2030-06-19 07:00:00,283.16016417994797
2030-06-19 08:00:00,281.9109480149917
2030-06-19 09:00:00,280.71531592809833
2030-06-19 10:00:00,279.57072411668634
2030-06-19 11:00:00,278.4747707965899
2030-06-19 12:00:00,277.4251864157176
2030-06-19 13:00:00,276.79996786001925
2030-06-19 14:00:00,276.9018012314951
2030-06-19 15:00:00,277.6872310058154
2030-06-19 16:00:00,279.06771770852197
2030-06-19 17:00:00,280.9154047361654
2030-06-19 18:00:00,283.07166976460405
2030-06-19 19:00:00,285.35789727693884
2030-06-19 20:00:00,287.58772785046995
2030-06-19 21:00:00,289.57990984350545
2030-06-19 22:00:00,291.1708166705177
2030-06-19 23:00:00,292.2257096363744
2030-06-20 00:00:00,292.64792524737015
2030-06-20 01:00:00,292.4040801000908
2030-06-20 02:00:00,291.4699307960445
2030-06-20 03:00:00,289.88780535715404
2030-06-20 04:00:00,288.3584953998485
2030-06-20 05:00:00,286.8936169810218
2030-06-20 06:00:00,285.4900703296525
2030-06-20 07:00:00,284.1449376140529
2030-06-20 08:00:00,282.85546944015965
2030-06-20 09:00:00,281.6190725961272
2030-06-20 10:00:00,280.4332989059987
2030-06-20 11:00:00,279.2958350726059
2030-06-20 12:00:00,278.2044934047533
2030-06-20 13:00:00,277.5378590213647
2030-06-20 14:00:00,277.5987630267824
2030-06-20 15:00:00,278.34502185400015
2030-06-20 16:00:00,279.6892577847611
2030-06-20 17:00:00,281.50458523433696
2030-06-20 18:00:00,283.63309352077647
2030-06-20 19:00:00,285.89656831550286
2030-06-20 20:00:00,288.1087118625057
2030-06-20 21:00:00,290.0879903344159
2030-06-20 22:00:00,291.6701721383251
2030-06-20 23:00:00,292.7196354933648
2030-06-21 00:00:00,293.1386204024659
2030-06-21 01:00:00,292.8487462804969
2030-06-21 02:00:00,291.8713097397539
2030-06-21 03:00:00,290.25027554133857
2030-06-21 04:00:00,288.6876117656306
2030-06-21 05:00:00,287.19476456488644
2030-06-21 06:00:00,285.7682131669521
2030-06-21 07:00:00,284.40465063803293
2030-06-21 08:00:00,283.1009675850251
2030-06-21 09:00:00,281.8542374022095
2030-06-21 10:00:00,280.66170288739715
2030-06-21 11:00:00,279.5207640754211
2030-06-21 12:00:00,278.4289671563396
2030-06-21 13:00:00,277.7648697389154
2030-06-21 14:00:00,277.8298544348326
2030-06-21 15:00:00,278.57983717648733
2030-06-21 16:00:00,279.9257280479884
2030-06-21 17:00:00,281.73922384930154
2030-06-21 18:00:00,283.86137985983237
2030-06-21 19:00:00,286.1133955894837
2030-06-21 20:00:00,288.30886870493373
2030-06-21 21:00:00,290.26664187425934
2030-06-21 22:00:00,291.8233056194177
2030-06-21 23:00:00,292.84443800370576
2030-06-22 00:00:00,293.2337618834802
2030-06-22 01:00:00,292.9104982887222
2030-06-22 02:00:00,291.9020964821148
2030-06-22 03:00:00,290.25435446318556
2030-06-22 04:00:00,288.6709391432605
2030-06-22 05:00:00,287.1627553347964
2030-06-22 06:00:00,285.7258182387416
2030-06-22 07:00:00,284.35639356628343
2030-06-22 08:00:00,283.05097796622965
2030-06-22 09:00:00,281.8062813511893
2030-06-22 10:00:00,280.6192109018628
2030-06-22 11:00:00,279.4868565583338
2030-06-22 12:00:00,278.40647783238285
2030-06-22 13:00:00,277.75629393977397
2030-06-22 14:00:00,277.8364491219678
2030-06-22 15:00:00,278.6007370309032
2030-06-22 16:00:00,279.95816140860205
2030-06-22 17:00:00,281.77884814901597
2030-06-22 18:00:00,283.9027166670537
2030-06-22 19:00:00,286.15033701304696
2030-06-22 20:00:00,288.335220369284
2030-06-22 21:00:00,290.27666375958967
2030-06-22 22:00:00,291.81221145595566
2030-06-22 23:00:00,292.8088169291643
2030-06-23 00:00:00,293.17189252816456
2030-06-23 01:00:00,292.95307879488007
2030-06-23 02:00:00,292.04185814124514
2030-06-23 03:00:00,290.47747951437174
2030-06-23 04:00:00,288.95823479097555
2030-06-23 05:00:00,287.4960422607134
2030-06-23 06:00:00,286.08837500061725
2030-06-23 07:00:00,284.732847102146
2030-06-23 08:00:00,283.4272035695376
2030-06-23 09:00:00,282.1693111171091
2030-06-23 10:00:00,280.9571497705484
2030-06-23 11:00:00,279.7888051887457
2030-06-23 12:00:00,278.66246163265635
2030-06-23 13:00:00,277.9568315313148
2030-06-23 14:00:00,277.97708352173845
2030-06-23 15:00:00,278.68444579898767
2030-06-23 16:00:00,279.9946479749482
2030-06-23 17:00:00,281.78340556784036
2030-06-23 18:00:00,283.89473121474225
2030-06-23 19:00:00,286.1515289305382
2030-06-23 20:00:00,288.36774283487443
2030-06-23 21:00:00,290.36119587399673
2030-06-23 22:00:00,291.96618420661355
2030-06-23 23:00:00,293.04490153704444
2030-06-24 00:00:00,293.496858789112
2030-06-24 01:00:00,293.2635406131347
2030-06-24 02:00:00,292.3383288128786
2030-06-24 03:00:00,290.7605930931921
2030-06-24 04:00:00,289.2295180121646
2030-06-24 05:00:00,287.75624222699895
2030-06-24 06:00:00,286.3381927014996
2030-06-24 07:00:00,284.97294069591015
2030-06-24 08:00:00,283.6581913797
2030-06-24 09:00:00,282.3917743732207
2030-06-24 10:00:00,281.17163511963804
2030-06-24 11:00:00,279.9958270005492
2030-06-24 12:00:00,278.86250411906104
2030-06-24 13:00:00,278.14969182040204
2030-06-24 14:00:00,278.16323443677726
2030-06-24 15:00:00,278.864210040456
2030-06-24 16:00:00,280.1682068885903
2030-06-24 17:00:00,281.9508155503882
2030-06-24 18:00:00,284.0559469935529
2030-06-24 19:00:00,286.3064324153067
2030-06-24 20:00:00,288.51617573631364
2030-06-24 21:00:00,290.5029938849578
2030-06-24 22:00:00,292.10121031626574
2030-06-24 23:00:00,293.1730760541348
2030-06-25 00:00:00,293.6181839083148
2030-06-25 01:00:00,293.3069570405404
2030-06-25 02:00:00,292.308827030972
2030-06-25 03:00:00,290.6676525965808
2030-06-25 04:00:00,289.08775465980983
2030-06-25 05:00:00,287.5782514071026
2030-06-25 06:00:00,286.13559466490057
2030-06-25 07:00:00,284.7564522061211
2030-06-25 08:00:00,283.4376912319462
2030-06-25 09:00:00,282.17636342475953
2030-06-25 10:00:00,280.9696913937012
2030-06-25 11:00:00,279.81505635765717
2030-06-25 12:00:00,278.70998693042003
2030-06-25 13:00:00,278.0309746634533
2030-06-25 14:00:00,278.08185509038464
2030-06-25 15:00:00,278.81861274658485
2030-06-25 16:00:00,280.1522032062795
2030-06-25 17:00:00,281.9543398422561
2030-06-25 18:00:00,284.06606196447683
2030-06-25 19:00:00,286.30851947907126
2030-06-25 20:00:00,288.4952283800569
2030-06-25 21:00:00,290.44492170033635
2030-06-25 22:00:00,291.9940586669661
2030-06-25 23:00:00,293.008072355001
2030-06-26 00:00:00,293.3905359110606
2030-06-26 01:00:00,293.19845933990206
2030-06-26 02:00:00,292.3118911188584
2030-06-26 03:00:00,290.76770377171965
2030-06-26 04:00:00,289.2654614469859
2030-06-26 05:00:00,287.81430745637687
2030-06-26 06:00:00,286.4121256349881
2030-06-26 07:00:00,285.05691328710105
2030-06-26 08:00:00,283.74677330663656
2030-06-26 09:00:00,282.47990697538967
2030-06-26 10:00:00,281.254607370081
2030-06-26 11:00:00,280.06925331730054
2030-06-26 12:00:00,278.9223038424094
2030-06-26 13:00:00,278.18987536842087
2030-06-26 14:00:00,278.1820592049498
2030-06-26 15:00:00,278.8626979977135
2030-06-26 16:00:00,280.1498979714571
2030-06-26 17:00:00,281.9213583959615
2030-06-26 18:00:00,284.02255130281065
2030-06-26 19:00:00,286.27721857060385
2030-06-26 20:00:00,288.499466470167
2030-06-26 21:00:00,290.5065986772281
2030-06-26 22:00:00,292.1317548364787
2030-06-26 23:00:00,293.2354258358551
2030-06-27 00:00:00,293.7150036585734
2030-06-27 01:00:00,293.4289640662544
2030-06-27 02:00:00,292.45366856305156
2030-06-27 03:00:00,290.8310637730048
2030-06-27 04:00:00,289.2671038812781
2030-06-27 05:00:00,287.76823392892857
2030-06-27 06:00:00,286.3313392415456
2030-06-27 07:00:00,284.95348831621754
2030-06-27 08:00:00,283.63191914819964
2030-06-27 09:00:00,282.3640268270962
2030-06-27 10:00:00,281.1473522621416
2030-06-27 11:00:00,279.97957191400843
2030-06-27 12:00:00,278.8584884258728
2030-06-27 13:00:00,278.1580692838988
2030-06-27 14:00:00,278.1867623979477
2030-06-27 15:00:00,278.9027253887035
2030-06-27 16:00:00,280.2188537033386
2030-06-27 17:00:00,282.00844352889646
2030-06-27 18:00:00,284.1136575931178
2030-06-27 19:00:00,286.3562375817456
2030-06-27 20:00:00,288.5497241353184
2030-06-27 21:00:00,290.5123129108702
2030-06-27 22:00:00,292.07940985002887
2030-06-27 23:00:00,293.11496257455326
2030-06-28 00:00:00,293.5207410551095
2030-06-28 01:00:00,293.1976191179262
2030-06-28 02:00:00,292.18789824523986
2030-06-28 03:00:00,290.53624020173413
2030-06-28 04:00:00,288.9531940639811
2030-06-28 05:00:00,287.44254034223377
2030-06-28 06:00:00,286.0005564048424
2030-06-28 07:00:00,284.6237491812618
2030-06-28 08:00:00,283.3088374463793
2030-06-28 09:00:00,282.05273580414826
2030-06-28 10:00:00,280.85254017557946
2030-06-28 11:00:00,279.7055146219022
2030-06-28 12:00:00,278.60907935564427
2030-06-28 13:00:00,277.9350209582454
2030-06-28 14:00:00,277.9920543362018
2030-06-28 15:00:00,278.7352385900158
2030-06-28 16:00:00,280.0746532216377
2030-06-28 17:00:00,281.88123995368323
2030-06-28 18:00:00,283.99542016620677
2030-06-28 19:00:00,286.23791910667427
2030-06-28 20:00:00,288.42204778032095
2030-06-28 21:00:00,290.3665647148459
2030-06-28 22:00:00,291.90817922191127
2030-06-28 23:00:00,292.9127768461473
2030-06-29 00:00:00,293.28454899444546
2030-06-29 01:00:00,293.0719154714367
2030-06-29 02:00:00,292.16517738302053
2030-06-29 03:00:00,290.6025244476824
2030-06-29 04:00:00,289.0912746880436
2030-06-29 05:00:00,287.6342851360903
2030-06-29 06:00:00,286.22922589554435
2030-06-29 07:00:00,284.873894674728
2030-06-29 08:00:00,283.56620777540587
2030-06-29 09:00:00,282.3041918712368
2030-06-29 10:00:00,281.0859764938404
2030-06-29 11:00:00,279.90978715424694
2030-06-29 12:00:00,278.7739390359554
2030-06-29 13:00:00,278.0489360033095
2030-06-29 14:00:00,278.0504158781153
2030-06-29 15:00:00,278.74076627385267
2030-06-29 16:00:00,280.0367047085262
2030-06-29 17:00:00,281.8146977241111
2030-06-29 18:00:00,283.9192216074566
2030-06-29 19:00:00,286.173325387506
2030-06-29 20:00:00,288.39077060475375
2030-06-29 21:00:00,290.3888847456141
2030-06-29 22:00:00,292.00119335524545
2030-06-29 23:00:00,293.0889023371459
2030-06-30 00:00:00,293.5503911391796
2030-06-30 01:00:00,293.2648783393671
2030-06-30 02:00:00,292.2892710247214
2030-06-30 03:00:00,290.6656321130373
2030-06-30 04:00:00,289.10762443273836
2030-06-30 05:00:00,287.61460779795976
2030-06-30 06:00:00,286.18346902777233
2030-06-30 07:00:00,284.8112779745539
2030-06-30 08:00:00,283.4952738740902
2030-06-30 09:00:00,282.2328529618285
2030-06-30 10:00:00,281.0215572153388
2030-06-30 11:00:00,279.85906410081276
2030-06-30 12:00:00,278.74317721667177
2030-06-30 13:00:00,278.04151676642255
2030-06-30 14:00:00,278.06993505727917
2030-06-30 15:00:00,278.78645887896545
2030-06-30 16:00:00,280.10380614587046
2030-06-30 17:00:00,281.8950600042873
2030-06-30 18:00:00,284.0021485161726
2030-06-30 19:00:00,286.24657267914324
2030-06-30 20:00:00,288.4416426141075
2030-06-30 21:00:00,290.4053491980215
2030-06-30 22:00:00,291.9729331016427
2030-06-30 23:00:00,293.00822710982527
2030-07-01 00:00:00,293.4129440705834
2030-07-01 01:00:00,293.12914833360287
2030-07-01 02:00:00,292.15487479209355
2030-07-01 03:00:00,290.53264248183507
2030-07-01 04:00:00,288.9788027110365
2030-07-01 05:00:00,287.4900321076512
2030-07-01 06:00:00,286.0632062854747
2030-07-01 07:00:00,284.69538470080363
2030-07-01 08:00:00,283.38379694234044
2030-07-01 09:00:00,282.1258302928437
2030-07-01 10:00:00,280.91901842192397
2030-07-01 11:00:00,279.76103108724874
2030-07-01 12:00:00,278.6496647367401
2030-07-01 13:00:00,277.9498386989452
2030-07-01 14:00:00,277.9804937621107
2030-07-01 15:00:00,278.69950990653405
2030-07-01 16:00:00,280.01944666739604
2030-07-01 17:00:00,281.81322760593883
2030-07-01 18:00:00,283.92263064461275
2030-07-01 19:00:00,286.16902622009655
2030-07-01 20:00:00,288.36562229592425
2030-07-01 21:00:00,290.33034281125833
2030-07-01 22:00:00,291.89840098459234
2030-07-01 23:00:00,292.9336430285508
2030-07-02 00:00:00,293.3378345562778
2030-07-02 01:00:00,293.00229851591536
2030-07-02 02:00:00,291.9797897818854
2030-07-02 03:00:00,290.31933594432456
2030-07-02 04:00:00,288.7372649559019
2030-07-02 05:00:00,287.22942001991976
2030-07-02 06:00:00,285.79190841342825
2030-07-02 07:00:00,284.4210805065571
2030-07-02 08:00:00,283.1135108534811
2030-07-02 09:00:00,281.86598111038325
2030-07-02 10:00:00,280.6754645690428
2030-07-02 11:00:00,279.53911212286744
2030-07-02 12:00:00,278.4542395061562
2030-07-02 13:00:00,277.782338804654
2030-07-02 14:00:00,277.84359117467073
2030-07-02 15:00:00,278.59206069320123
2030-07-02 16:00:00,279.9368388944242
2030-07-02 17:00:00,281.74794809900163
2030-07-02 18:00:00,283.865017274688
2030-07-02 19:00:00,286.10815698489426
2030-07-02 20:00:00,288.290280134964
2030-07-02 21:00:00,290.2299873612789
2030-07-02 22:00:00,291.7640765964315
2030-07-02 23:00:00,292.7587569687057
2030-07-03 00:00:00,293.1187501519714
2030-07-03 01:00:00,292.8601706146351
2030-07-03 02:00:00,291.9087522451355
2030-07-03 03:00:00,290.312564316762
2030-07-03 04:00:00,288.7808024571696
2030-07-03 05:00:00,287.31043977038894
2030-07-03 06:00:00,285.8986263320583
2030-07-03 07:00:00,284.54267597614324
2030-07-03 08:00:00,283.2400543081265
2030-07-03 09:00:00,281.98836780932857
2030-07-03 10:00:00,280.78535391415886
2030-07-03 11:00:00,279.6288719568033
2030-07-03 12:00:00,278.5168948965064
2030-07-03 13:00:00,277.80825701657216
2030-07-03 14:00:00,277.830014332279
2030-07-03 15:00:00,278.54133308193815
2030-07-03 16:00:00,279.8558830890729
2030-07-03 17:00:00,281.6474519318738
2030-07-03 18:00:00,283.75838005973634
2030-07-03 19:00:00,286.01026354672086
2030-07-03 20:00:00,288.21618698786494
2030-07-03 21:00:00,290.19361481763417
2030-07-03 22:00:00,291.77700203756336
2030-07-03 23:00:00,292.8291971981786
2030-07-04 00:00:00,293.25080510685365
2030-07-04 01:00:00,292.97727378982654
2030-07-04 02:00:00,292.01123227842584
2030-07-04 03:00:00,290.40500470076466
2030-07-04 04:00:00,288.8646859129499
2030-07-04 05:00:00,287.3871397508543
2030-07-04 06:00:00,285.9694150649944
2030-07-04 07:00:00,284.6087318059749
2030-07-04 08:00:00,283.3024684111388
2030-07-04 09:00:00,282.048150347686
2030-07-04 10:00:00,280.8434396860052
2030-07-04 11:00:00,279.6861255927984
2030-07-04 12:00:00,278.57411564718234
2030-07-04 13:00:00,277.8626303853109
2030-07-04 14:00:00,277.88258510042044
2030-07-04 15:00:00,278.5926129362696
2030-07-04 16:00:00,279.9058679105407
2030-07-04 17:00:00,281.69567086613085
2030-07-04 18:00:00,283.80397389690165
2030-07-04 19:00:00,286.05208761793705
2030-07-04 20:00:00,288.25293170826757
2030-07-04 21:00:00,290.2239354060811
2030-07-04 22:00:00,291.7996480411698
2030-07-04 23:00:00,292.8431323988456
2030-07-05 00:00:00,293.25530923004266
2030-07-05 01:00:00,292.9722859051022
2030-07-05 02:00:00,291.99681633083776
2030-07-05 03:00:00,290.3857446241395
2030-07-05 04:00:00,288.8417493606332
2030-07-05 05:00:00,287.3616039785512
2030-07-05 06:00:00,285.9422736261409
2030-07-05 07:00:00,284.58090066626966
2030-07-05 08:00:00,283.27479154400646
2030-07-05 09:00:00,282.0214048646524
2030-07-05 10:00:00,280.81834054929266
2030-07-05 11:00:00,279.6633299517155
2030-07-05 12:00:00,278.554226834946
2030-07-05 13:00:00,277.8423653067969
2030-07-05 14:00:00,277.8628861263124
2030-07-05 15:00:00,278.5739364250341
2030-07-05 16:00:00,279.88819462368707
2030-07-05 17:00:00,281.6785460822582
2030-07-05 18:00:00,283.78657525242926
2030-07-05 19:00:00,286.0333165160756
2030-07-05 20:00:00,288.2315221659608
2030-07-05 21:00:00,290.1985726686051
2030-07-05 22:00:00,291.7690883854894
2030-07-05 23:00:00,292.8063154122513
2030-07-06 00:00:00,293.21145453279894
2030-07-06 01:00:00,293.0181586279931
2030-07-06 02:00:00,292.12638860800774
2030-07-06 03:00:00,290.5914329106479
2030-07-06 04:00:00,289.10671809214307
2030-07-06 05:00:00,287.6701998652764
2030-07-06 06:00:00,286.2799432416538
2030-07-06 07:00:00,284.9341149380947
2030-07-06 08:00:00,283.6309764351118
2030-07-06 09:00:00,282.36887762136433
2030-07-06 10:00:00,281.14625096564225
2030-07-06 11:00:00,279.96160616461697
2030-07-06 12:00:00,278.8135252204147
2030-07-06 13:00:00,278.04990579131555
2030-07-06 14:00:00,278.01445005511397
2030-07-06 15:00:00,278.6719353411708
2030-07-06 16:00:00,279.94107873979465
2030-07-06 17:00:00,281.69982376561694
2030-07-06 18:00:00,283.79350161579134
2030-07-06 19:00:00,286.04533636296657
2030-07-06 20:00:00,288.26857449201304
2030-07-06 21:00:00,290.2793779615699
2030-07-06 22:00:00,291.90954384305036
2030-07-06 23:00:00,293.01811566170454
2030-07-07 00:00:00,293.5010367868297
2030-07-07 01:00:00,293.16997998339866
2030-07-07 02:00:00,292.1483755314608
2030-07-07 03:00:00,290.5041402525928
2030-07-07 04:00:00,288.9332240001626
2030-07-07 05:00:00,287.4319071635254
2030-07-07 06:00:00,285.996699450667
2030-07-07 07:00:00,284.624322051587
2030-07-07 08:00:00,283.3116915271094
2030-07-07 09:00:00,282.0559052239724
2030-07-07 10:00:00,280.85422804347587
2030-07-07 11:00:00,279.7040804134598
2030-07-07 12:00:00,278.60302733259186
2030-07-07 13:00:00,277.8936175723239
2030-07-07 14:00:00,277.91968194591556
2030-07-07 15:00:00,278.63706276290293
2030-07-07 16:00:00,279.95627881463156
2030-07-07 17:00:00,281.74833514793386
2030-07-07 18:00:00,283.8533338275064
2030-07-07 19:00:00,286.0913182459944
2030-07-07 20:00:00,288.27460127467185
2030-07-07 21:00:00,290.22069666461795
2030-07-07 22:00:00,291.76491041877046
2030-07-07 23:00:00,292.7716661320219
2030-07-08 00:00:00,293.14373843292697
2030-07-08 01:00:00,292.8537363152565
2030-07-08 02:00:00,291.8698992284957
2030-07-08 03:00:00,290.2632942569047
2030-07-08 04:00:00,288.7236950162942
2030-07-08 05:00:00,287.2478758962695
2030-07-08 06:00:00,285.8328028965629
2030-07-08 07:00:00,284.47561914952485
2030-07-08 08:00:00,283.17363180298685
2030-07-08 09:00:00,281.9243001113378
2030-07-08 10:00:00,280.7252246021996
2030-07-08 11:00:00,279.57413720281477
2030-07-08 12:00:00,278.4688922246209
2030-07-08 13:00:00,277.7476299831402
2030-07-08 14:00:00,277.76088072570116
2030-07-08 15:00:00,278.46661753034357
2030-07-08 16:00:00,279.7772435396639
2030-07-08 17:00:00,281.56528370219866
2030-07-08 18:00:00,283.67189935284523
2030-07-08 19:00:00,285.9176663208087
2030-07-08 20:00:00,288.1148730892724
2030-07-08 21:00:00,290.080461917603
2030-07-08 22:00:00,291.6486697607724
2030-07-08 23:00:00,292.6824394118967
2030-07-09 00:00:00,293.0827679670809
2030-07-09 01:00:00,292.8380273453679
2030-07-09 02:00:00,291.8957794791072
2030-07-09 03:00:00,290.3293174943762
2030-07-09 04:00:00,288.8209403607755
2030-07-09 05:00:00,287.3680813750472
2030-07-09 06:00:00,285.9683180679751
2030-07-09 07:00:00,284.61936176410353
2030-07-09 08:00:00,283.319048079385
2030-07-09 09:00:00,282.0653282568844
2030-07-09 10:00:00,280.85626125285955
2030-07-09 11:00:00,279.69000649605766
2030-07-09 12:00:00,278.5648172521735
2030-07-09 13:00:00,277.81425225259255
2030-07-09 14:00:00,277.7965218928931
2030-07-09 15:00:00,278.47303845389683
2030-07-09 16:00:00,279.7592982602765
2030-07-09 17:00:00,281.5303752451757
2030-07-09 18:00:00,283.6292698942605
2030-07-09 19:00:00,285.877568010636
2030-07-09 20:00:00,288.08767668876516
2030-07-09 21:00:00,290.0757670066676
2030-07-09 22:00:00,291.6744814871532
2030-07-09 23:00:00,292.7444720168063
2030-07-10 00:00:00,293.18392487847257
2030-07-10 01:00:00,292.9249343763299
2030-07-10 02:00:00,291.96846769993044
2030-07-10 03:00:00,290.39383796653107
2030-07-10 04:00:00,288.87857423270947
2030-07-10 05:00:00,287.4200213045301
2030-07-10 06:00:00,286.0156744091589
2030-07-10 07:00:00,284.6631682336101
2030-07-10 08:00:00,283.3602669552118
2030-07-10 09:00:00,282.10485515738725
2030-07-10 10:00:00,280.8949295374379
2030-07-10 11:00:00,279.7285913242961
2030-07-10 12:00:00,278.6040393339684
2030-07-10 13:00:00,277.8495522982042
2030-07-10 14:00:00,277.8291649336558
2030-07-10 15:00:00,278.5037814471927
2030-07-10 16:00:00,279.78838837789914
2030-07-10 17:00:00,281.5575797497409
2030-07-10 18:00:00,283.6539364193708
2030-07-10 19:00:00,285.8987117104821
2030-07-10 20:00:00,288.1040885144358
2030-07-10 21:00:00,290.0861355372094
2030-07-10 22:00:00,291.67751952329456
2030-07-10 23:00:00,292.73903871402814
2030-07-11 00:00:00,293.1691346346347
2030-07-11 01:00:00,292.9216649083714
2030-07-11 02:00:00,291.97520985974154
2030-07-11 03:00:00,290.4139579266037
2030-07-11 04:00:00,288.9091999083306
2030-07-11 05:00:00,287.45848060695505
2030-07-11 06:00:00,286.059481416131
2030-07-11 07:00:00,284.71001051125717
2030-07-11 08:00:00,283.4079939133963
2030-07-11 09:00:00,282.1514673348186
2030-07-11 10:00:00,280.93856872513953
2030-07-11 11:00:00,279.7675314466525
2030-07-11 12:00:00,278.63667801580607
2030-07-11 13:00:00,277.86890120501107
2030-07-11 14:00:00,277.83522728419643
2030-07-11 15:00:00,278.49765856924074
2030-07-11 16:00:00,279.7721412532054
2030-07-11 17:00:00,281.53402820101843
2030-07-11 18:00:00,283.6264082745791
2030-07-11 19:00:00,285.8707585084228
2030-07-11 20:00:00,288.0791874822425
2030-07-11 21:00:00,290.0673992512477
2030-07-11 22:00:00,291.6674345319821
2030-07-11 23:00:00,292.73925231306566
2030-07-12 00:00:00,293.1803050728802
2030-07-12 01:00:00,292.9310399404956
2030-07-12 02:00:00,291.9820499000587
2030-07-12 03:00:00,290.4234867224186
2030-07-12 04:00:00,288.9208127843278
2030-07-12 05:00:00,287.4716141442027
2030-07-12 06:00:00,286.0736106428649
2030-07-12 07:00:00,284.72464632523804
2030-07-12 08:00:00,283.42268071233934
2030-07-12 09:00:00,282.16578083420023
2030-07-12 10:00:00,280.9521139451145
2030-07-12 11:00:00,279.7799408519195
2030-07-12 12:00:00,278.6476097940878
2030-07-12 13:00:00,277.8722651375102
2030-07-12 14:00:00,277.8317519047204
2030-07-12 15:00:00,278.4882732514713
2030-07-12 16:00:00,279.7579110017683
2030-07-12 17:00:00,281.51607888448086
2030-07-12 18:00:00,283.6058472649037
2030-07-12 19:00:00,285.84859621174206
2030-07-12 20:00:00,288.0562653683824
2030-07-12 21:00:00,290.0443296614483
2030-07-12 22:00:00,291.64455675089147
2030-07-12 23:00:00,292.71660817289865
2030-07-13 00:00:00,293.1576358211117
2030-07-13 01:00:00,292.8364790537083
2030-07-13 02:00:00,291.81958599659777
2030-07-13 03:00:00,290.2080267027517
2030-07-13 04:00:00,288.6649545368346
2030-07-13 05:00:00,287.1870259642107
2030-07-13 06:00:00,285.77109788532545
2030-07-13 07:00:00,284.41421239065244
2030-07-13 08:00:00,283.11358295781713
2030-07-13 09:00:00,281.8665819283739
2030-07-13 10:00:00,280.6707291227546
2030-07-13 11:00:00,279.5236814698909
2030-07-13 12:00:00,278.42322354343247
2030-07-13 13:00:00,277.6799322522481
2030-07-13 14:00:00,277.6760804362588
2030-07-13 15:00:00,278.3687966080679
2030-07-13 16:00:00,279.6694805353667
2030-07-13 17:00:00,281.44955442125985
2030-07-13 18:00:00,283.54904559115454
2030-07-13 19:00:00,285.7874364640787
2030-07-13 20:00:00,287.97603288928497
2030-07-13 21:00:00,289.930968266175
2030-07-13 22:00:00,291.4858952847714
2030-07-13 23:00:00,292.5034317523649
2030-07-14 00:00:00,292.8845251252413
2030-07-14 01:00:00,292.55282278600845
2030-07-14 02:00:00,291.52561236367103
2030-07-14 03:00:00,289.91184745280367
2030-07-14 04:00:00,288.3693671224172
2030-07-14 05:00:00,286.89459034765497
2030-07-14 06:00:00,285.4841546184126
2030-07-14 07:00:00,284.1348991217057
2030-07-14 08:00:00,282.843849533814
2030-07-14 09:00:00,281.60820423832234
2030-07-14 10:00:00,280.4253218103303
2030-07-14 11:00:00,279.2927096276996
2030-07-14 12:00:00,278.2080134878206
2030-07-14 13:00:00,277.47537439588444
2030-07-14 14:00:00,277.4837669315244
2030-07-14 15:00:00,278.1889865875602
2030-07-14 16:00:00,279.5011723492837
2030-07-14 17:00:00,281.2906378526986
2030-07-14 18:00:00,283.3965255736304
2030-07-14 19:00:00,285.6377140444805
2030-07-14 20:00:00,287.8252242556805
2030-07-14 21:00:00,289.77523915585175
2030-07-14 22:00:00,291.32178648700796
2030-07-14 23:00:00,292.32815202148447
2030-07-15 00:00:00,292.69619063031314
2030-07-15 01:00:00,292.42636160801896
2030-07-15 02:00:00,291.4558162226962
2030-07-15 03:00:00,289.89648997811605
2030-07-15 04:00:00,288.3965631016152
2030-07-15 05:00:00,286.9533656043908
2030-07-15 06:00:00,285.564378783357
2030-07-15 07:00:00,284.2272242150664
2030-07-15 08:00:00,282.93965374421344
2030-07-15 09:00:00,281.6995403600569
2030-07-15 10:00:00,280.5048698672219
2030-07-15 11:00:00,279.35373326864686
2030-07-15 12:00:00,278.24431978821895
2030-07-15 13:00:00,277.47470601464846
2030-07-15 14:00:00,277.4438115732074
2030-07-15 15:00:00,278.11199517387905
2030-07-15 16:00:00,279.3934862175519
2030-07-15 17:00:00,281.16195634367244
2030-07-15 18:00:00,283.25895767523116
2030-07-15 19:00:00,285.5046757834664
2030-07-15 20:00:00,287.7102576862483
2030-07-15 21:00:00,289.6908372712604
2030-07-15 22:00:00,291.27830971640645
2030-07-15 23:00:00,292.33291543894177
2030-07-16 00:00:00,292.7527869558535
2030-07-16 01:00:00,292.49428045096164
2030-07-16 02:00:00,291.5332863569319
2030-07-16 03:00:00,289.98772435367914
2030-07-16 04:00:00,288.4980311103098
2030-07-16 05:00:00,287.06178550286035
2030-07-16 06:00:00,285.6767005136265
2030-07-16 07:00:00,284.34061364669157
2030-07-16 08:00:00,283.0514781931855
2030-07-16 09:00:00,281.8073552570356
2030-07-16 10:00:00,280.6064064627129
2030-07-16 11:00:00,279.4468872757678
2030-07-16 12:00:00,278.3271408750068
2030-07-16 13:00:00,277.53855621881405
2030-07-16 14:00:00,277.4886680041428
2030-07-16 15:00:00,278.13925814743897
2030-07-16 16:00:00,279.40580454104986
2030-07-16 17:00:00,281.16297136897117
2030-07-16 18:00:00,283.25298180868
2030-07-16 19:00:00,285.4963266703269
2030-07-16 20:00:00,287.7040734538088
2030-07-16 21:00:00,289.6909004697524
2030-07-16 22:00:00,291.28790751249426
2030-07-16 23:00:00,292.35426100520067
2030-07-17 00:00:00,292.7868220229332
2030-07-17 01:00:00,292.5074978863233
2030-07-17 02:00:00,291.52598211095585
2030-07-17 03:00:00,289.9687201593194
2030-07-17 04:00:00,288.46993163362754
2030-07-17 05:00:00,287.0270141658177
2030-07-17 06:00:00,285.6375119700523
2030-07-17 07:00:00,284.29910522574363
2030-07-17 08:00:00,283.00960041544255
2030-07-17 09:00:00,281.76692151573155
2030-07-17 10:00:00,280.56910195172367
2030-07-17 11:00:00,279.4142772365174
2030-07-17 12:00:00,278.3006782262577
2030-07-17 13:00:00,277.51249828311893
2030-07-17 14:00:00,277.4649604734679
2030-07-17 15:00:00,278.1187288029203
2030-07-17 16:00:00,279.3881982148914
2030-07-17 17:00:00,281.1470532295458
2030-07-17 18:00:00,283.2367036307918
2030-07-17 19:00:00,285.4770457775238
2030-07-17 20:00:00,287.6788095826833
2030-07-17 21:00:00,289.6566124028742
2030-07-17 22:00:00,291.2417694112058
2030-07-17 23:00:00,292.29391826731285
2030-07-18 00:00:00,292.7106082820743
2030-07-18 01:00:00,292.44894784091986
2030-07-18 02:00:00,291.48298177639066
2030-07-18 03:00:00,289.94554296751744
2030-07-18 04:00:00,288.46252513912117
2030-07-18 05:00:00,287.03160422057437
2030-07-18 06:00:00,285.65058366239
2030-07-18 07:00:00,284.3173853934098
2030-07-18 08:00:00,283.0300415729877
2030-07-18 09:00:00,281.78668705543055
2030-07-18 10:00:00,280.5855524938246
2030-07-18 11:00:00,279.4249580189256
2030-07-18 12:00:00,278.3033074362109
2030-07-18 13:00:00,277.49761012630813
2030-07-18 14:00:00,277.43232467791046
2030-07-18 15:00:00,278.0696951191855
2030-07-18 16:00:00,279.3255067207552
2030-07-18 17:00:00,281.07455479198035
2030-07-18 18:00:00,283.1590075466463
2030-07-18 19:00:00,285.3991177351897
2030-07-18 20:00:00,287.6055477466095
2030-07-18 21:00:00,289.59243200656977
2030-07-18 22:00:00,291.1902262652131
2030-07-18 23:00:00,292.257398819606
2030-07-19 00:00:00,292.69010846795607
2030-07-19 01:00:00,292.36480947778927
2030-07-19 02:00:00,291.33852352430176
2030-07-19 03:00:00,289.7562298214042
2030-07-19 04:00:00,288.2393829906498
2030-07-19 05:00:00,286.7848591594722
2030-07-19 06:00:00,285.38971840450455
2030-07-19 07:00:00,284.051190975882
2030-07-19 08:00:00,282.7666648045574
2030-07-19 09:00:00,281.5336741503728
2030-07-19 10:00:00,280.349889266744
2030-07-19 11:00:00,279.2131069733456
2030-07-19 12:00:00,278.1212420415295
2030-07-19 13:00:00,277.34324746032536
2030-07-19 14:00:00,277.3102894568721
2030-07-19 15:00:00,277.97999851102776
2030-07-19 16:00:00,279.26388108605727
2030-07-19 17:00:00,281.0330603087263
2030-07-19 18:00:00,283.1268759302659
2030-07-19 19:00:00,285.36377898263635
2030-07-19 20:00:00,287.55376975835935
2030-07-19 21:00:00,289.5114919927856
2030-07-19 22:00:00,291.06902866608823
2030-07-19 23:00:00,292.0874580548178
2030-07-20 00:00:00,292.46632612826494
2030-07-20 01:00:00,292.1405933376129
2030-07-20 02:00:00,291.1130676866143
2030-07-20 03:00:00,289.53732480424816
2030-07-20 04:00:00,288.0272396369608
2030-07-20 05:00:00,286.57966378059336
2030-07-20 06:00:00,285.1916345499932
2030-07-20 07:00:00,283.86036106640194
2030-07-20 08:00:00,282.5832116411139
2030-07-20 09:00:00,281.3577023115536
2030-07-20 10:00:00,280.18148640426
2030-07-20 11:00:00,279.0523450149817
2030-07-20 12:00:00,277.9681783095965
2030-07-20 13:00:00,277.1900765591401
2030-07-20 14:00:00,277.15818820547634
2030-07-20 15:00:00,277.8298415744461
2030-07-20 16:00:00,279.1162043728795
2030-07-20 17:00:00,280.88804574902855
2030-07-20 18:00:00,282.98435917873815
2030-07-20 19:00:00,285.2232798864292
2030-07-20 20:00:00,287.4145436783765
2030-07-20 21:00:00,289.37259842825597
2030-07-20 22:00:00,290.92941226765436
2030-07-20 23:00:00,291.94603616805534
2030-07-21 00:00:00,292.32207659085833
2030-07-21 01:00:00,292.0252065701012
2030-07-21 02:00:00,291.02344060774317
2030-07-21 03:00:00,289.47685105420214
2030-07-21 04:00:00,287.9897863914647
2030-07-21 05:00:00,286.5595563743372
2030-07-21 06:00:00,285.18362333350746
2030-07-21 07:00:00,283.8595910853547
2030-07-21 08:00:00,282.58519484343356
2030-07-21 09:00:00,281.35829202419035
2030-07-21 10:00:00,280.1768538526912
2030-07-21 11:00:00,279.03895768553963
2030-07-21 12:00:00,277.9427799780106
2030-07-21 13:00:00,277.1415725878565
2030-07-21 14:00:00,277.085892474929
2030-07-21 15:00:00,277.7354411460129
2030-07-21 16:00:00,279.003482961251
2030-07-21 17:00:00,280.7624737213604
2030-07-21 18:00:00,282.8525748102087
2030-07-21 19:00:00,285.0924957655047
2030-07-21 20:00:00,287.2919191723949
2030-07-21 21:00:00,289.2646230679114
2030-07-21 22:00:00,290.84134505572325
2030-07-21 23:00:00,291.8814418220251
2030-07-22 00:00:00,292.28249182665286
2030-07-22 01:00:00,291.99615775114665
2030-07-22 02:00:00,291.0030634109641
2030-07-22 03:00:00,289.47099957529093
2030-07-22 04:00:00,287.9952679304292
2030-07-22 05:00:00,286.57340438597254
2030-07-22 06:00:00,285.2030817083203
2030-07-22 07:00:00,283.8820997350499
2030-07-22 08:00:00,282.60837645787836
2030-07-22 09:00:00,281.3799398828015
2030-07-22 10:00:00,280.19492058702815
2030-07-22 11:00:00,279.0515449018662
2030-07-22 12:00:00,277.9481286589848
2030-07-22 13:00:00,277.1297139392775
2030-07-22 14:00:00,277.0570080275836
2030-07-22 15:00:00,277.6909672431433
2030-07-22 16:00:00,278.9459396770737
2030-07-22 17:00:00,280.6952236354024
2030-07-22 18:00:00,282.77952649708277
2030-07-22 19:00:00,285.01777158125833
2030-07-22 20:00:00,287.2195103757186
2030-07-22 21:00:00,289.19805703395144
2030-07-22 22:00:00,290.7833889602345
2030-07-22 23:00:00,291.8338645495307
2030-07-23 00:00:00,292.2459011574816
2030-07-23 01:00:00,292.01653240502725
2030-07-23 02:00:00,291.07575285051854
2030-07-23 03:00:00,289.5958223974754
2030-07-23 04:00:00,288.1602877995829
2030-07-23 05:00:00,286.76744654191594
2030-07-23 06:00:00,285.4156834282756
2030-07-23 07:00:00,284.10346474659
2030-07-23 08:00:00,282.82933291493697
2030-07-23 09:00:00,281.5919015615112
2030-07-23 10:00:00,280.3898509970499
2030-07-23 11:00:00,279.22192404277286
2030-07-23 12:00:00,278.08692218087566
2030-07-23 13:00:00,277.2217633572593
2030-07-23 14:00:00,277.0990541044561
2030-07-23 15:00:00,277.6848665183762
2030-07-23 16:00:00,278.8982094460221
2030-07-23 17:00:00,280.6162854501216
2030-07-23 18:00:00,282.68269287912494
2030-07-23 19:00:00,284.91804162649913
2030-07-23 20:00:00,287.1322569823234
2030-07-23 21:00:00,289.1376995124604
2030-07-23 22:00:00,290.7621480255575
2030-07-23 23:00:00,291.8606911278049
2030-07-24 00:00:00,292.3256562185226
2030-07-24 01:00:00,292.0622594191006
2030-07-24 02:00:00,291.08817561385047
2030-07-24 03:00:00,289.5868464203291
2030-07-24 04:00:00,288.1344580383977
2030-07-24 05:00:00,286.7290351251706
2030-07-24 06:00:00,285.3687068024451
2030-07-24 07:00:00,284.0516994818126
2030-07-24 08:00:00,282.77633029917126
2030-07-24 09:00:00,281.54100109750004
2030-07-24 10:00:00,280.34419290377633
2030-07-24 11:00:00,279.1844608520418
2030-07-24 12:00:00,278.0604295099638
2030-07-24 13:00:00,277.2000311493758
2030-07-24 14:00:00,277.08517857357856
2030-07-24 15:00:00,277.67990502699985
2030-07-24 16:00:00,278.9012614722671
2030-07-24 17:00:00,280.6246989765268
2030-07-24 18:00:00,282.6923851241756
2030-07-24 19:00:00,284.9239140170452
2030-07-24 20:00:00,287.1286762934427
2030-07-24 21:00:00,289.1190110774378
2030-07-24 22:00:00,290.7231836655306
2030-07-24 23:00:00,291.7972345507186
2030-07-25 00:00:00,292.2348322466144
2030-07-25 01:00:00,291.94877200741
2030-07-25 02:00:00,290.9523151803967
2030-07-25 03:00:00,289.4398650250446
2030-07-25 04:00:00,287.97964070386604
2030-07-25 05:00:00,286.5694547576871
2030-07-25 06:00:00,285.2072379499108
2030-07-25 07:00:00,283.8910309988995
2030-07-25 08:00:00,282.6189770268203
2030-07-25 09:00:00,281.38931465148505
2030-07-25 10:00:00,280.2003716563491
2030-07-25 11:00:00,279.05055918132655
2030-07-25 12:00:00,277.9383663836048
2030-07-25 13:00:00,277.0825449818638
2030-07-25 14:00:00,276.9747992177184
2030-07-25 15:00:00,277.57761763043646
2030-07-25 16:00:00,278.8065562276665
2030-07-25 17:00:00,280.5357162612049
2030-07-25 18:00:00,282.6061484115976
2030-07-25 19:00:00,284.83663601704126
2030-07-25 20:00:00,287.0361176208357
2030-07-25 21:00:00,289.0168660421422
2030-07-25 22:00:00,290.60746514523197
2030-07-25 23:00:00,291.6646297920791
2030-07-26 00:00:00,292.08300396535503
2030-07-26 01:00:00,291.75187934832815
2030-07-26 02:00:00,290.7124467311523
2030-07-26 03:00:00,289.17215957216615
2030-07-26 04:00:00,287.6922090923828
2030-07-26 05:00:00,286.2698370000419
2030-07-26 06:00:00,284.90244230608755
2030-07-26 07:00:00,283.58756985589446
2030-07-26 08:00:00,282.3228999003556
2030-07-26 09:00:00,281.10623859436777
2030-07-26 10:00:00,279.93550932459266
2030-07-26 11:00:00,278.80874478029585
2030-07-26 12:00:00,277.72407969136435
2030-07-26 13:00:00,276.8906495478121
2030-07-26 14:00:00,276.8094731771224
2030-07-26 15:00:00,277.439386524851
2030-07-26 16:00:00,278.69252522792704
2030-07-26 17:00:00,280.44001989986526
2030-07-26 18:00:00,282.52059244260636
2030-07-26 19:00:00,284.7514905038667
2030-07-26 20:00:00,286.94100721588256
2030-07-26 21:00:00,288.9016941953401
2030-07-26 22:00:00,290.4633050059534
2030-07-26 23:00:00,291.48451668984166
2030-07-27 00:00:00,291.86257261205054
2030-07-27 01:00:00,291.47515723253076
2030-07-27 02:00:00,290.3830966000547
2030-07-27 03:00:00,288.8082562934995
2030-07-27 04:00:00,287.30513918162166
2030-07-27 05:00:00,285.87007117716064
2030-07-27 06:00:00,284.4996039572833
2030-07-27 07:00:00,283.1904975995299
2030-07-27 08:00:00,281.93970487777693
2030-07-27 09:00:00,280.7443570284167
2030-07-27 10:00:00,279.6017508219496
2030-07-27 11:00:00,278.50933679648256
2030-07-27 12:00:00,277.4647085278359
2030-07-27 13:00:00,276.6669866291893
2030-07-27 14:00:00,276.62633309007947
2030-07-27 15:00:00,277.29654974460556
2030-07-27 16:00:00,278.58513661301646
2030-07-27 17:00:00,280.3592777782372
2030-07-27 18:00:00,282.4546887773806
2030-07-27 19:00:00,284.68674197386963
2030-07-27 20:00:00,286.86310006719685
2030-07-27 21:00:00,288.7969544658144
2030-07-27 22:00:00,290.3199019171169
2030-07-27 23:00:00,291.29351162432494
2030-07-28 00:00:00,291.61873899114346
2030-07-28 01:00:00,291.24590011797267
2030-07-28 02:00:00,290.1661817530279
2030-07-28 03:00:00,288.6108791582036
2030-07-28 04:00:00,287.1242623196234
2030-07-28 05:00:00,285.7029000700078
2030-07-28 06:00:00,284.3435681849396
2030-07-28 07:00:00,283.04323369719873
2030-07-28 08:00:00,281.7990406895131
2030-07-28 09:00:00,280.60829739924435
2030-07-28 10:00:00,279.4684644901025
2030-07-28 11:00:00,278.3771443644255
2030-07-28 12:00:00,277.3320714053626
2030-07-28 13:00:00,276.5227613022018
2030-07-28 14:00:00,276.4709646851729
2030-07-28 15:00:00,277.1314791074814
2030-07-28 16:00:00,278.41262905101985
2030-07-28 17:00:00,280.18220039622474
2030-07-28 18:00:00,282.276250201667
2030-07-28 19:00:00,284.51021163923343
2030-07-28 20:00:00,286.69152647902143
2030-07-28 21:00:00,288.6329025914392
2030-07-28 22:00:00,290.165228860864
2030-07-28 23:00:00,291.1491969454116
2030-07-29 00:00:00,291.48478164362604
2030-07-29 01:00:00,291.1177557406938
2030-07-29 02:00:00,290.0421677663537
2030-07-29 03:00:00,288.4992117903398
2030-07-29 04:00:00,287.0228624040302
2030-07-29 05:00:00,285.6098524673527
2030-07-29 06:00:00,284.2571093077078
2030-07-29 07:00:00,282.9617401294532
2030-07-29 08:00:00,281.72101878489855
2030-07-29 09:00:00,280.53237375513993
2030-07-29 10:00:00,279.3933772084986
2030-07-29 11:00:00,278.30173502097415
2030-07-29 12:00:00,277.2552776574121
2030-07-29 13:00:00,276.43365414649514
2030-07-29 14:00:00,276.37030909806066
2030-07-29 15:00:00,277.02073567840193
2030-07-29 16:00:00,278.2938140774565
2030-07-29 17:00:00,280.0577105226107
2030-07-29 18:00:00,282.1486626840064
2030-07-29 19:00:00,284.38207357551823
2030-07-29 20:00:00,286.56514769646986
2030-07-29 21:00:00,288.5101670916173
2030-07-29 22:00:00,290.04743864263946
2030-07-29 23:00:00,291.0369596476176
2030-07-30 00:00:00,291.3779499615089
2030-07-30 01:00:00,291.0643097318818
2030-07-30 02:00:00,290.0365656012647
2030-07-30 03:00:00,288.5420197926805
2030-07-30 04:00:00,287.101765048133
2030-07-30 05:00:00,285.7134575079798
2030-07-30 06:00:00,284.37488167660166
2030-07-30 07:00:00,283.0839413751234
2030-07-30 08:00:00,281.8386514858329
2030-07-30 09:00:00,280.6371304061337
2030-07-30 10:00:00,279.4775931396462
2030-07-30 11:00:00,278.3583449605472
2030-07-30 12:00:00,277.2777755945958
2030-07-30 13:00:00,276.4058835502668
2030-07-30 14:00:00,276.2894320009454
2030-07-30 15:00:00,276.88917776629563
2030-07-30 16:00:00,278.11872691356206
2030-07-30 17:00:00,279.8501344044298
2030-07-30 18:00:00,281.9224397168105
2030-07-30 19:00:00,284.1525813579003
2030-07-30 20:00:00,286.34794045427265
2030-07-30 21:00:00,288.3196210868552
2030-07-30 22:00:00,289.895500522007
2030-07-30 23:00:00,290.9320891923677
2030-07-31 00:00:00,291.324332806488
2030-07-31 01:00:00,290.9718378086334
2030-07-31 02:00:00,289.9069404442497
2030-07-31 03:00:00,288.39056533356177
2030-07-31 04:00:00,286.9350663222107
2030-07-31 05:00:00,285.5376195292681
2030-07-31 06:00:00,284.19556287706047
2030-07-31 07:00:00,282.90638429364657
2030-07-31 08:00:00,281.6677109851053
2030-07-31 09:00:00,280.4772996621389
2030-07-31 10:00:00,279.3330276198207
2030-07-31 11:00:00,278.23288458164694
2030-07-31 12:00:00,277.1749652296947
2030-07-31 13:00:00,276.31860641798494
2030-07-31 14:00:00,276.2215094847452
2030-07-31 15:00:00,276.84137519837486
2030-07-31 16:00:00,278.0889417224069
2030-07-31 17:00:00,279.83376486722375
2030-07-31 18:00:00,281.9129137775962
2030-07-31 19:00:00,284.14201204075863
2030-07-31 20:00:00,286.32786339893215
2030-07-31 21:00:00,288.2817619455424
2030-07-31 22:00:00,289.8325165061682
2030-07-31 23:00:00,290.8382306643717
2030-08-01 00:00:00,291.1959775256564
2030-08-01 01:00:00,290.84766287217104
2030-08-01 02:00:00,289.78534890867917
2030-08-01 03:00:00,288.2804923628932
2030-08-01 04:00:00,286.83455005522654
2030-08-01 05:00:00,285.44484102677086
2030-08-01 06:00:00,284.10883591434026
2030-08-01 07:00:00,282.82414601162526
2030-08-01 08:00:00,281.5885133118031
2030-08-01 09:00:00,280.39980142686
2030-08-01 10:00:00,279.25598729171696
2030-08-01 11:00:00,278.1551535723248
2030-08-01 12:00:00,277.09548170646497
2030-08-01 13:00:00,276.2257947791485
2030-08-01 14:00:00,276.1160957810459
2030-08-01 15:00:00,276.72478904294746
2030-08-01 16:00:00,277.96318054487693
2030-08-01 17:00:00,279.7012214955938
2030-08-01 18:00:00,281.7761782235052
2030-08-01 19:00:00,284.00366070559295
2030-08-01 20:00:00,286.19025037681956
2030-08-01 21:00:00,288.1468274346614
2030-08-01 22:00:00,289.70162638940064
2030-08-01 23:00:00,290.71205906016587
2030-08-02 00:00:00,291.0744407068897
2030-08-02 01:00:00,290.72060396958346
2030-08-02 02:00:00,289.6519421962865
2030-08-02 03:00:00,288.1514122598971
2030-08-02 04:00:00,286.70979825041235
2030-08-02 05:00:00,285.32441497538656
2030-08-02 06:00:00,283.9927291077361
2030-08-02 07:00:00,282.7123482321353
2030-08-02 08:00:00,281.48101087383617
2030-08-02 09:00:00,280.29657740507963
2030-08-02 10:00:00,279.1570217371125
2030-08-02 11:00:00,278.06042371690563
2030-08-02 12:00:00,277.00496215725116
2030-08-02 13:00:00,276.12865757400584
2030-08-02 14:00:00,276.0137775926172
2030-08-02 15:00:00,276.61855989873106
2030-08-02 16:00:00,277.8540844284827
2030-08-02 17:00:00,279.59003030324493
2030-08-02 18:00:00,281.66336261228014
2030-08-02 19:00:00,283.8893801925312
2030-08-02 20:00:00,286.07436364719956
2030-08-02 21:00:00,288.02892230462845
2030-08-02 22:00:00,289.5810673747004
2030-08-02 23:00:00,290.58804917182124
2030-08-03 00:00:00,290.946093060495
2030-08-03 01:00:00,290.58284139443873
2030-08-03 02:00:00,289.50427370923717
2030-08-03 03:00:00,288.0053947857134
2030-08-03 04:00:00,286.5662878944956
2030-08-03 05:00:00,285.18419905139484
2030-08-03 06:00:00,283.85653099447825
2030-08-03 07:00:00,282.5808318355066
2030-08-03 08:00:00,281.35478473341976
2030-08-03 09:00:00,280.1761984802802
2030-08-03 10:00:00,279.04299890358413
2030-08-03 11:00:00,277.953221000485
2030-08-03 12:00:00,276.90500172952636
2030-08-03 13:00:00,276.0253209926794
2030-08-03 14:00:00,275.9088271214477
2030-08-03 15:00:00,276.51319591509235
2030-08-03 16:00:00,277.74892059130593
2030-08-03 17:00:00,279.48510478013657
2030-08-03 18:00:00,281.5581855810149
2030-08-03 19:00:00,283.78301505601564
2030-08-03 20:00:00,285.9655367012469
2030-08-03 21:00:00,287.9161532445237
2030-08-03 22:00:00,289.46281128491506
2030-08-03 23:00:00,290.4628397316276
2030-08-04 00:00:00,290.8126767361222
2030-08-04 01:00:00,290.4504563516395
2030-08-04 02:00:00,289.37153551871165
2030-08-04 03:00:00,287.8822634608158
2030-08-04 04:00:00,286.45134228882785
2030-08-04 05:00:00,285.0761200137157
2030-08-04 06:00:00,283.7540941078687
2030-08-04 07:00:00,282.48290076632594
2030-08-04 08:00:00,281.2603051274973
2030-08-04 09:00:00,280.0841923513657
2030-08-04 10:00:00,278.95255946561673
2030-08-04 11:00:00,277.8635079008914
2030-08-04 12:00:00,276.81523664565964
2030-08-04 13:00:00,275.9235845835225
2030-08-04 14:00:00,275.79604679321807
2030-08-04 15:00:00,276.3907699903629
2030-08-04 16:00:00,277.61860262869607
2030-08-04 17:00:00,279.3488646214083
2030-08-04 18:00:00,281.4180560508438
2030-08-04 19:00:00,283.6409346366584
2030-08-04 20:00:00,285.8231991960773
2030-08-04 21:00:00,287.7748752856988
2030-08-04 22:00:00,289.3234274469855
2030-08-04 23:00:00,290.3256330038408
2030-08-05 00:00:00,290.67734933755537
2030-08-05 01:00:00,290.3047387955606
2030-08-05 02:00:00,289.2150268105618
2030-08-05 03:00:00,287.7270950543093
2030-08-05 04:00:00,286.29857250069267
2030-08-05 05:00:00,284.926722815132
2030-08-05 06:00:00,283.60896507471904
2030-08-05 07:00:00,282.34286254578996
2030-08-05 08:00:00,281.1261124694373
2030-08-05 09:00:00,279.9565367471459
2030-08-05 10:00:00,278.83207343199047
2030-08-05 11:00:00,277.75076894225623
2030-08-05 12:00:00,276.7107709242175
2030-08-05 13:00:00,275.8164779433101
2030-08-05 14:00:00,275.68816497595947
2030-08-05 15:00:00,276.2833095064364
2030-08-05 16:00:00,277.51207517434244
2030-08-05 17:00:00,279.2431236616686
2030-08-05 18:00:00,281.31236489969643
2030-08-05 19:00:00,283.5340721577659
2030-08-05 20:00:00,285.713596196591
2030-08-05 21:00:00,287.66077209462327
2030-08-05 22:00:00,289.20304135983815
2030-08-05 23:00:00,290.1973234751503
2030-08-06 00:00:00,290.53976912743826
2030-08-06 01:00:00,290.1607283335852
2030-08-06 02:00:00,289.0638450495951
2030-08-06 03:00:00,287.5803715020855
2030-08-06 04:00:00,286.1564807519198
2030-08-06 05:00:00,284.78941809332616
2030-08-06 06:00:00,283.4765855194012
2030-08-06 07:00:00,282.21553040178486
2030-08-06 08:00:00,281.00393518756533
2030-08-06 09:00:00,279.8396080045131
2030-08-06 10:00:00,278.72047407914175
2030-08-06 11:00:00,277.6445678836447
2030-08-06 12:00:00,276.61002593773475
2030-08-06 13:00:00,275.70965474115025
2030-08-06 14:00:00,275.5768059852269
2030-08-06 15:00:00,276.16868899234413
2030-08-06 16:00:00,277.3951486745961
2030-08-06 17:00:00,279.12449649483233
2030-08-06 18:00:00,281.19228244542404
2030-08-06 19:00:00,283.4124330228215
2030-08-06 20:00:00,285.58998765186084
2030-08-06 21:00:00,287.53452544628345
2030-08-06 22:00:00,289.0733033673032
2030-08-06 23:00:00,290.0631387095068
2030-08-07 00:00:00,290.40016740514113
2030-08-07 01:00:00,290.0374789353899
2030-08-07 02:00:00,288.95416537251515
2030-08-07 03:00:00,287.491903307106
2030-08-07 04:00:00,286.08422252428926
2030-08-07 05:00:00,284.7287330293628
2030-08-07 06:00:00,283.42317601803404
2030-08-07 07:00:00,282.16541465151107
2030-08-07 08:00:00,280.9534256377751
2030-08-07 09:00:00,279.78529153532793
2030-08-07 10:00:00,278.6591937056824
2030-08-07 11:00:00,277.5734058495086
2030-08-07 12:00:00,276.5262880688518
2030-08-07 13:00:00,275.599089055122
2030-08-07 14:00:00,275.4388940975038
2030-08-07 15:00:00,276.00508448196115
2030-08-07 16:00:00,277.20941587179067
2030-08-07 17:00:00,278.921728004016
2030-08-07 18:00:00,280.9786183794941
2030-08-07 19:00:00,283.1945132183737
2030-08-07 20:00:00,285.3743744661147
2030-08-07 21:00:00,287.3271382760221
2030-08-07 22:00:00,288.8789061113511
2030-08-07 23:00:00,289.8849176971081
2030-08-08 00:00:00,290.2394300312797
2030-08-08 01:00:00,289.88189947877703
2030-08-08 02:00:00,288.80198658863173
2030-08-08 03:00:00,287.35300645818427
2030-08-08 04:00:00,285.95618081321527
2030-08-08 05:00:00,284.6092857481584
2030-08-08 06:00:00,283.31021730591
2030-08-08 07:00:00,282.05698316082027
2030-08-08 08:00:00,280.8476950179112
2030-08-08 09:00:00,279.68056165512763
2030-08-08 10:00:00,278.5538825440119
2030-08-08 11:00:00,277.4660419916431
2030-08-08 12:00:00,276.4155037531711
2030-08-08 13:00:00,275.4716658275155
2030-08-08 14:00:00,275.2952526755974
2030-08-08 15:00:00,275.8466266991401
2030-08-08 16:00:00,277.03837060461825
2030-08-08 17:00:00,278.74094388768947
2030-08-08 18:00:00,280.79131611156214
2030-08-08 19:00:00,283.00401375485194
2030-08-08 20:00:00,285.18382187358776
2030-08-08 21:00:00,287.13923706507103
2030-08-08 22:00:00,288.69569227156904
2030-08-08 23:00:00,289.70758028102335
2030-08-09 00:00:00,290.06819613983953
2030-08-09 01:00:00,289.6748738192203
2030-08-09 02:00:00,288.561126816743
2030-08-09 03:00:00,287.09608142567134
2030-08-09 04:00:00,285.6902278650638
2030-08-09 05:00:00,284.34082326901193
2030-08-09 06:00:00,283.0452805550065
2030-08-09 07:00:00,281.80115720964625
2030-08-09 08:00:00,280.60614507853813
2030-08-09 09:00:00,279.45806105318735
2030-08-09 10:00:00,278.35483856083385
2030-08-09 11:00:00,277.29451977453874
2030-08-09 12:00:00,276.2752484706315
2030-08-09 13:00:00,275.3539985629214
2030-08-09 14:00:00,275.20457027072564
2030-08-09 15:00:00,275.7837393444782
2030-08-09 16:00:00,277.0007335813443
2030-08-09 17:00:00,278.72309978822466
2030-08-09 18:00:00,280.78552289376023
2030-08-09 19:00:00,283.00101892712405
2030-08-09 20:00:00,285.1737303581994
2030-08-09 21:00:00,287.1124113312297
2030-08-09 22:00:00,288.6436194687961
2030-08-09 23:00:00,289.62364316176235
2030-08-10 00:00:00,289.94829258445014
2030-08-10 01:00:00,289.56342919233515
2030-08-10 02:00:00,288.45592094904487
2030-08-10 03:00:00,287.00636467222665
2030-08-10 04:00:00,285.6123671358206
2030-08-10 05:00:00,284.271454024343
2030-08-10 06:00:00,282.98128789021695
2030-08-10 07:00:00,281.7396584946548
2030-08-10 08:00:00,280.5444739961977
2030-08-10 09:00:00,279.393752898406
2030-08-10 10:00:00,278.28561667880894
2030-08-10 11:00:00,277.21828303040905
2030-08-10 12:00:00,276.1900596550058
2030-08-10 13:00:00,275.24577649170055
2030-08-10 14:00:00,275.0733171008259
2030-08-10 15:00:00,275.63103478174173
2030-08-10 16:00:00,276.82952416636664
2030-08-10 17:00:00,278.53740135239644
2030-08-10 18:00:00,280.59005423024274
2030-08-10 19:00:00,282.8007905953194
2030-08-10 20:00:00,284.97361689219974
2030-08-10 21:00:00,286.9167373656312
2030-08-10 22:00:00,288.45578996795393
2030-08-10 23:00:00,289.4458448380942
2030-08-11 00:00:00,289.78128789944765
2030-08-11 01:00:00,289.39586799260616
2030-08-11 02:00:00,288.2865237255998
2030-08-11 03:00:00,286.84650862576876
2030-08-11 04:00:00,285.4608199193998
2030-08-11 05:00:00,284.1270678077429
2030-08-11 06:00:00,282.842993513089
2030-08-11 07:00:00,281.6064601000552
2030-08-11 08:00:00,280.41544409633497
2030-08-11 09:00:00,279.26802783010476
2030-08-11 10:00:00,278.16239241112635
2030-08-11 11:00:00,277.0968112911232
2030-08-11 12:00:00,276.0696443464209
2030-08-11 13:00:00,275.11330504138766
2030-08-11 14:00:00,274.9297286065319
2030-08-11 15:00:00,275.4776717299061
2030-08-11 16:00:00,276.66802579110737
2030-08-11 17:00:00,278.36957743497254
2030-08-11 18:00:00,280.41774745384276
2030-08-11 19:00:00,282.62573670740653
2030-08-11 20:00:00,284.79731243881804
2030-08-11 21:00:00,286.74032453042844
2030-08-11 22:00:00,288.2799670049108
2030-08-11 23:00:00,289.27080875008403
2030-08-12 00:00:00,289.6067135215327
2030-08-12 01:00:00,289.22942521030586
2030-08-12 02:00:00,288.1261134307479
2030-08-12 03:00:00,286.7019148745946
2030-08-12 04:00:00,285.3287000909123
2030-08-12 05:00:00,284.0043104628336
2030-08-12 06:00:00,282.72670280367095
2030-08-12 07:00:00,281.4939414263334
2030-08-12 08:00:00,280.3041908895617
2030-08-12 09:00:00,279.1557093524178
2030-08-12 10:00:00,278.04684247643286
2030-08-12 11:00:00,276.9760178217526
2030-08-12 12:00:00,275.9417396896563
2030-08-12 13:00:00,274.96392784166807
2030-08-12 14:00:00,274.7588255778843
2030-08-12 15:00:00,275.2866556992702
2030-08-12 16:00:00,276.4595834484166
2030-08-12 17:00:00,278.14739582429996
2030-08-12 18:00:00,280.18617575242615
2030-08-12 19:00:00,282.38940532145836
2030-08-12 20:00:00,284.56073555128967
2030-08-12 21:00:00,286.5075144184974
2030-08-12 22:00:00,288.05408826375754
2030-08-12 23:00:00,289.05389780516197
2030-08-13 00:00:00,289.39948362682634
2030-08-13 01:00:00,289.0067322930975
2030-08-13 02:00:00,287.8881683984201
2030-08-13 03:00:00,286.46357357314974
2030-08-13 04:00:00,285.09252270265466
2030-08-13 05:00:00,283.77267111473253
2030-08-13 06:00:00,282.5018019961432
2030-08-13 07:00:00,281.2778174866716
2030-08-13 08:00:00,280.0987305445041
2030-08-13 09:00:00,278.9626575034613
2030-08-13 10:00:00,277.8678112520346
2030-08-13 11:00:00,276.8124949723251
2030-08-13 12:00:00,275.7950963840708
2030-08-13 13:00:00,274.822637375386
2030-08-13 14:00:00,274.6255143186343
2030-08-13 15:00:00,275.1624428757331
2030-08-13 16:00:00,276.3441336191509
2030-08-13 17:00:00,278.0390623762292
2030-08-13 18:00:00,280.0822280161418
2030-08-13 19:00:00,282.28632524314474
2030-08-13 20:00:00,284.4545639796891
2030-08-13 21:00:00,286.3942225999479
2030-08-13 22:00:00,287.9299476784508
2030-08-13 23:00:00,288.9158214349655
2030-08-14 00:00:00,289.2453142227495
2030-08-14 01:00:00,288.8269176170113
2030-08-14 02:00:00,287.6839729792358
2030-08-14 03:00:00,286.25202017968905
2030-08-14 04:00:00,284.8784384296181
2030-08-14 05:00:00,283.5605148325448
2030-08-14 06:00:00,282.29569005246657
2030-08-14 07:00:00,281.08154733534667
2030-08-14 08:00:00,279.91580250693596
2030-08-14 09:00:00,278.79629484329695
2030-08-14 10:00:00,277.72097872306017
2030-08-14 11:00:00,276.6879159813614
2030-08-14 12:00:00,275.69526889485786
2030-08-14 13:00:00,274.74129373541535
2030-08-14 14:00:00,274.5617010432109
2030-08-14 15:00:00,275.1171343029022
2030-08-14 16:00:00,276.3158246738287
2030-08-14 17:00:00,278.0240815256224
2030-08-14 18:00:00,280.07518717197564
2030-08-14 19:00:00,282.2806783817609
2030-08-14 20:00:00,284.4432367931793
2030-08-14 21:00:00,286.37026875678833
2030-08-14 22:00:00,287.8871842231071
2030-08-14 23:00:00,288.84939711299967
2030-08-15 00:00:00,289.1521701357862
2030-08-15 01:00:00,288.7394438804848
2030-08-15 02:00:00,287.5999996666053
2030-08-15 03:00:00,286.1815212469855
2030-08-15 04:00:00,284.81774911951095
2030-08-15 05:00:00,283.50624522453313
2030-08-15 06:00:00,282.24470571162004
2030-08-15 07:00:00,281.03095153904263
2030-08-15 08:00:00,279.8629198922344
2030-08-15 09:00:00,278.7386563362531
2030-08-15 10:00:00,277.6563076274057
2030-08-15 11:00:00,276.61411511797417
2030-08-15 12:00:00,275.61040869560037
2030-08-15 13:00:00,274.64360120552084
2030-08-15 14:00:00,274.43748472073287
2030-08-15 15:00:00,274.96797760449164
2030-08-15 16:00:00,276.1447858142725
2030-08-15 17:00:00,277.83538216099475
2030-08-15 18:00:00,279.8738263216815
2030-08-15 19:00:00,282.0719967536368
2030-08-15 20:00:00,284.23246139841194
2030-08-15 21:00:00,286.16207024237303
2030-08-15 22:00:00,287.6852791683959
2030-08-15 23:00:00,288.65622440240503
2030-08-16 00:00:00,288.9686646064694
2030-08-16 01:00:00,288.57553073477266
2030-08-16 02:00:00,287.4522937009844
2030-08-16 03:00:00,286.05758216553625
2030-08-16 04:00:00,284.7109718523782
2030-08-16 05:00:00,283.4104848029833
2030-08-16 06:00:00,282.1542465154468
2030-08-16 07:00:00,280.94047897410803
2030-08-16 08:00:00,279.76749426217816
2030-08-16 09:00:00,278.63368869953825
2030-08-16 10:00:00,277.53753745445545
2030-08-16 11:00:00,276.47758958370724
2030-08-16 12:00:00,275.4524634606225
2030-08-16 13:00:00,274.46084255494554
2030-08-16 14:00:00,274.21454931869766
2030-08-16 15:00:00,274.70632328672093
2030-08-16 16:00:00,275.8487512332065
2030-08-16 17:00:00,277.5116737950717
2030-08-16 18:00:00,279.53085333102086
2030-08-16 19:00:00,281.719096449632
2030-08-16 20:00:00,283.87906811336234
2030-08-16 21:00:00,285.81688656723304
2030-08-16 22:00:00,287.35550982205956
2030-08-16 23:00:00,288.3469288151224
2030-08-17 00:00:00,288.68227478491696
2030-08-17 01:00:00,288.2903988289637
2030-08-17 02:00:00,287.1671333911478
2030-08-17 03:00:00,285.7846281506054
2030-08-17 04:00:00,284.4489585308033
2030-08-17 05:00:00,283.1582246987042
2030-08-17 06:00:00,281.9106251997735
2030-08-17 07:00:00,280.70445038791314
2030-08-17 08:00:00,279.53807639990777
2030-08-17 09:00:00,278.4099596208816
2030-08-17 10:00:00,277.3186315932953
2030-08-17 11:00:00,276.26269432728066
2030-08-17 12:00:00,275.24081597472036
2030-08-17 13:00:00,274.2517268335274
2030-08-17 14:00:00,273.9949143765839
2030-08-17 15:00:00,274.47734085310896
2030-08-17 16:00:00,275.61191147589284
2030-08-17 17:00:00,277.26866470547435
2030-08-17 18:00:00,279.28342702906895
2030-08-17 19:00:00,281.4689312606343
2030-08-17 20:00:00,283.6276359263033
2030-08-17 21:00:00,285.5653349471207
2030-08-17 22:00:00,287.10456752817396
2030-08-17 23:00:00,288.09684175944847
2030-08-18 00:00:00,288.4327771512277
2030-08-18 01:00:00,288.01284729076474
2030-08-18 02:00:00,286.86337671322184
2030-08-18 03:00:00,285.473754566599
2030-08-18 04:00:00,284.13740670451546
2030-08-18 05:00:00,282.85197719250164
2030-08-18 06:00:00,281.6152385485332
2030-08-18 07:00:00,280.42508283976395
2030-08-18 08:00:00,279.2795135468597
2030-08-18 09:00:00,278.1766381170896
2030-08-18 10:00:00,277.11466113664034
2030-08-18 11:00:00,276.0918780606957
2030-08-18 12:00:00,275.10666944684783
2030-08-18 13:00:00,274.15749564352467
2030-08-18 14:00:00,273.93105955866656
2030-08-18 15:00:00,274.4448837151547
2030-08-18 16:00:00,275.608421913205
2030-08-18 17:00:00,277.2887089116657
2030-08-18 18:00:00,279.3192069484497
2030-08-18 19:00:00,281.51107552012473
2030-08-18 20:00:00,283.6660888175948
2030-08-18 21:00:00,285.5902806876773
2030-08-18 22:00:00,287.1073228544832
2030-08-18 23:00:00,288.07065177208716
2030-08-19 00:00:00,288.3734573302157
2030-08-19 01:00:00,287.9318096853451
2030-08-19 02:00:00,286.76145354976353
2030-08-19 03:00:00,285.36750353510826
2030-08-19 04:00:00,284.03002476265544
2030-08-19 05:00:00,282.7464152808324
2030-08-19 06:00:00,281.5142187474205
2030-08-19 07:00:00,280.3311141539548
2030-08-19 08:00:00,279.19490645210533
2030-08-19 09:00:00,278.1035179874911
2030-08-19 10:00:00,277.0549806577872
2030-08-19 11:00:00,276.04742872185074
2030-08-19 12:00:00,275.07909219513664
2030-08-19 13:00:00,274.1482907741043
2030-08-19 14:00:00,273.9289163490191
2030-08-19 15:00:00,274.4509794702282
2030-08-19 16:00:00,275.62218261220045
2030-08-19 17:00:00,277.30801332964785
2030-08-19 18:00:00,279.34068728466207
2030-08-19 19:00:00,281.5304959253218
2030-08-19 20:00:00,283.67877647438706
2030-08-19 21:00:00,285.59157917668534
2030-08-19 22:00:00,287.09303512464345
2030-08-19 23:00:00,288.03744058506084
2030-08-20 00:00:00,288.3191746371626
2030-08-20 01:00:00,287.8843399518538
2030-08-20 02:00:00,286.7181727151088
2030-08-20 03:00:00,285.33784994448064
2030-08-20 04:00:00,284.0090315140734
2030-08-20 05:00:00,282.72948607156894
2030-08-20 06:00:00,281.49710223709826
2030-08-20 07:00:00,280.3098803770409
2030-08-20 08:00:00,279.16592507929005
2030-08-20 09:00:00,278.0634382587897
2030-08-20 10:00:00,277.00071283045247
2030-08-20 11:00:00,275.97612689378457
2030-08-20 12:00:00,274.9881383798286
2030-08-20 13:00:00,274.0352801165259
2030-08-20 14:00:00,273.7788188653156
2030-08-20 15:00:00,274.2653357893395
2030-08-20 16:00:00,275.40478346726934
2030-08-20 17:00:00,277.0644759300542
2030-08-20 18:00:00,279.0779149346853
2030-08-20 19:00:00,281.2560557176819
2030-08-20 20:00:00,283.40023750672424
2030-08-20 21:00:00,285.3158582409301
2030-08-20 22:00:00,286.8257974104779
2030-08-20 23:00:00,287.78259920092535
2030-08-21 00:00:00,288.07852484998176
2030-08-21 01:00:00,287.6385656220906
2030-08-21 02:00:00,286.4666565221738
2030-08-21 03:00:00,285.09461140736295
2030-08-21 04:00:00,283.77415111070724
2030-08-21 05:00:00,282.5030309957419
2030-08-21 06:00:00,281.2791272532628
2030-08-21 07:00:00,280.1004286195462
2030-08-21 08:00:00,278.96502880060416
2030-08-21 09:00:00,277.8711195307984
2030-08-21 10:00:00,276.8169842024997
2030-08-21 11:00:00,275.80099201074813
2030-08-21 12:00:00,274.82159256320153
2030-08-21 13:00:00,273.877310911186
2030-08-21 14:00:00,273.61644066498434
2030-08-21 15:00:00,274.099700837772
2030-08-21 16:00:00,275.23669981054263
2030-08-21 17:00:00,276.894390706482
2030-08-21 18:00:00,278.9059200546729
2030-08-21 19:00:00,281.08191594146757
2030-08-21 20:00:00,283.2234392007631
2030-08-21 21:00:00,285.1356754774996
2030-08-21 22:00:00,286.6413707302776
2030-08-21 23:00:00,287.59302142528645
2030-08-22 00:00:00,287.8829279020118
2030-08-22 01:00:00,287.44056535897676
2030-08-22 02:00:00,286.2651547547436
2030-08-22 03:00:00,284.9026126751268
2030-08-22 04:00:00,283.5904562117441
2030-08-22 05:00:00,282.3265212793977
2030-08-22 06:00:00,281.10875918357226
2030-08-22 07:00:00,279.93522877294095
2030-08-22 08:00:00,278.80408925558635
2030-08-22 09:00:00,277.7135936121219
2030-08-22 10:00:00,276.66208254662905
2030-08-22 11:00:00,275.6479789230518
2030-08-22 12:00:00,274.66978264055575
2030-08-22 13:00:00,273.72606590648473
2030-08-22 14:00:00,273.45206294823646
2030-08-22 15:00:00,273.92339014075253
2030-08-22 16:00:00,275.0499900120722
2030-08-22 17:00:00,276.6990308102943
2030-08-22 18:00:00,278.7037407866219
2030-08-22 19:00:00,280.874690810719
2030-08-22 20:00:00,283.01274962356996
2030-08-22 21:00:00,284.9227896085344
2030-08-22 22:00:00,286.42714489249977
2030-08-22 23:00:00,287.37783146053044
2030-08-23 00:00:00,287.66663548083915
2030-08-23 01:00:00,287.2018126593934
2030-08-23 02:00:00,286.0056309445616
2030-08-23 03:00:00,284.64130156808557
2030-08-23 04:00:00,283.33254155225535
2030-08-23 05:00:00,282.07678818428747
2030-08-23 06:00:00,280.87162157738044
2030-08-23 07:00:00,279.71475466261364
2030-08-23 08:00:00,278.60402405300215
2030-08-23 09:00:00,277.53738168886434
2030-08-23 10:00:00,276.51288718456004
2030-08-23 11:00:00,275.5287008060873
2030-08-23 12:00:00,274.58307701720605
2030-08-23 13:00:00,273.67435853887037
2030-08-23 14:00:00,273.42432727432254
2030-08-23 15:00:00,273.9206136068537
2030-08-23 16:00:00,275.07021855806005
2030-08-23 17:00:00,276.73776207883554
2030-08-23 18:00:00,278.7544773463003
2030-08-23 19:00:00,280.9296186931738
2030-08-23 20:00:00,283.063496482861
2030-08-23 21:00:00,284.9612091244432
2030-08-23 22:00:00,286.44607077735867
2030-08-23 23:00:00,287.3717463010021
2030-08-24 00:00:00,287.632206687441
2030-08-24 01:00:00,287.1741044884239
2030-08-24 02:00:00,285.98168375792665
2030-08-24 03:00:00,284.6300936480394
2030-08-24 04:00:00,283.32821864731113
2030-08-24 05:00:00,282.0739345255437
2030-08-24 06:00:00,280.8652297452317
2030-08-24 07:00:00,279.70019783595217
2030-08-24 08:00:00,278.5770304104736
2030-08-24 09:00:00,277.49401075830707
2030-08-24 10:00:00,276.44950795982066
2030-08-24 11:00:00,275.44197147048226
2030-08-24 12:00:00,274.4699261304185
2030-08-24 13:00:00,273.53196755939683
2030-08-24 14:00:00,273.2367463011447
2030-08-24 15:00:00,273.68928116984546
2030-08-24 16:00:00,274.7994158275969
2030-08-24 17:00:00,276.4341044867586
2030-08-24 18:00:00,278.42625769519685
2030-08-24 19:00:00,280.58604384129734
2030-08-24 20:00:00,282.7138694787175
2030-08-24 21:00:00,284.61411466529034
2030-08-24 22:00:00,286.1086230653394
2030-08-24 23:00:00,287.0489542066412
2030-08-25 00:00:00,287.3265017549445
2030-08-25 01:00:00,286.8412644298849
2030-08-25 02:00:00,285.6246856241784
2030-08-25 03:00:00,284.270853919594
2030-08-25 04:00:00,282.974681758692
2030-08-25 05:00:00,281.73342026721303
2030-08-25 06:00:00,280.54447685702587
2030-08-25 07:00:00,279.4054041484223
2030-08-25 08:00:00,278.3138898679613
2030-08-25 09:00:00,277.26774761895604
2030-08-25 10:00:00,276.2649084342224
2030-08-25 11:00:00,275.3034130315182
2030-08-25 12:00:00,274.38140470145987
2030-08-25 13:00:00,273.497122765821
2030-08-25 14:00:00,273.24539039539667
2030-08-25 15:00:00,273.7422127106104
2030-08-25 16:00:00,274.8929374079743
2030-08-25 17:00:00,276.56066923560445
2030-08-25 18:00:00,278.57535685726947
2030-08-25 19:00:00,280.74527954115416
2030-08-25 20:00:00,282.87014034313404
2030-08-25 21:00:00,284.75483081286575
2030-08-25 22:00:00,286.2228627438005
2030-08-25 23:00:00,287.12847809302264
2030-08-26 00:00:00,287.36655260393
2030-08-26 01:00:00,286.86724438194943
2030-08-26 02:00:00,285.63627207546585
2030-08-26 03:00:00,284.2824821661532
2030-08-26 04:00:00,282.9860771480563
2030-08-26 05:00:00,281.7443313133332
2030-08-26 06:00:00,280.5546735462729
2030-08-26 07:00:00,279.4146763831372
2030-08-26 08:00:00,278.32204603402374
2030-08-26 09:00:00,277.2746132654415
2030-08-26 10:00:00,276.27032505459584
2030-08-26 11:00:00,275.30723693700924
2030-08-26 12:00:00,274.3835059783017
2030-08-26 13:00:00,273.4973843089418
2030-08-26 14:00:00,273.23008971811987
2030-08-26 15:00:00,273.7127412538507
2030-08-26 16:00:00,274.85071427070244
2030-08-26 17:00:00,276.50707431494203
2030-08-26 18:00:00,278.5116644428441
2030-08-26 19:00:00,280.67259710106464
2030-08-26 20:00:00,282.78935698330895
2030-08-26 21:00:00,284.66657928310764
2030-08-26 22:00:00,286.12749792954077
2030-08-26 23:00:00,287.0260737329224
2030-08-27 00:00:00,287.25691660936025
2030-08-27 01:00:00,286.7694718819467
2030-08-27 02:00:00,285.54669103786347
2030-08-27 03:00:00,284.20899543004475
2030-08-27 04:00:00,282.9215296277123
2030-08-27 05:00:00,281.68211919549105
2030-08-27 06:00:00,280.4887056797172
2030-08-27 07:00:00,279.3393387469432
2030-08-27 08:00:00,278.23216898530256
2030-08-27 09:00:00,277.1654413021288
2030-08-27 10:00:00,276.1374888589214
2030-08-27 11:00:00,275.1467274914487
2030-08-27 12:00:00,274.1916505686189
2030-08-27 13:00:00,273.2708242488598
2030-08-27 14:00:00,272.9520234723045
2030-08-27 15:00:00,273.3844921771144
2030-08-27 16:00:00,274.47714251247396
2030-08-27 17:00:00,276.095956733896
2030-08-27 18:00:00,278.0728911488576
2030-08-27 19:00:00,280.21723581878587
2030-08-27 20:00:00,282.32864858824
2030-08-27 21:00:00,284.21093539191077
2030-08-27 22:00:00,285.6855730694536
2030-08-27 23:00:00,286.60397966409255
2030-08-28 00:00:00,286.85763500317677
2030-08-28 01:00:00,286.38878637415394
2030-08-28 02:00:00,285.1810260438642
2030-08-28 03:00:00,283.8666728426269
2030-08-28 04:00:00,282.5958192604643
2030-08-28 05:00:00,281.36674604121436
2030-08-28 06:00:00,280.17782047028663
2030-08-28 07:00:00,279.02749076113184
2030-08-28 08:00:00,277.91428089373693
2030-08-28 09:00:00,276.83678586196766
2030-08-28 10:00:00,275.79366729131493
2030-08-28 11:00:00,274.7836493927515
2030-08-28 12:00:00,273.8055152220545
2030-08-28 13:00:00,272.85810321715934
2030-08-28 14:00:00,272.4955932054657
2030-08-28 15:00:00,272.8850566981997
2030-08-28 16:00:00,273.9386722092555
2030-08-28 17:00:00,275.52514607691666
2030-08-28 18:00:00,277.4784433904679
2030-08-28 19:00:00,279.6090199833816
2030-08-28 20:00:00,281.7167856070146
2030-08-28 21:00:00,283.6048777430171
2030-08-28 22:00:00,285.09324453853867
2030-08-28 23:00:00,286.0310380902297
2030-08-29 00:00:00,286.3069111524791
2030-08-29 01:00:00,285.8172523634328
2030-08-29 02:00:00,284.59237035970534
2030-08-29 03:00:00,283.2852012768439
2030-08-29 04:00:00,282.03128885411445
2030-08-29 05:00:00,280.82819112360505
2030-08-29 06:00:00,279.6736004953102
2030-08-29 07:00:00,278.56533450035903
2030-08-29 08:00:00,277.50132732694544
2030-08-29 09:00:00,276.4796220677209
2030-08-29 10:00:00,275.49836360701124
2030-08-29 11:00:00,274.5557920845449
2030-08-29 12:00:00,273.65023687961826
2030-08-29 13:00:00,272.78011106592794
2030-08-29 14:00:00,272.48523330589273
2030-08-29 15:00:00,272.9432433289376
2030-08-29 16:00:00,274.0603952322725
2030-08-29 17:00:00,275.70031411401976
2030-08-29 18:00:00,277.6930483748815
2030-08-29 19:00:00,279.84654969337436
2030-08-29 20:00:00,281.95978893754955
2030-08-29 21:00:00,283.83657247879637
2030-08-29 22:00:00,285.2990514741771
2030-08-29 23:00:00,286.19992989491436
2030-08-30 00:00:00,286.4324794341157
2030-08-30 01:00:00,285.9252002758019
2030-08-30 02:00:00,284.6825163596377
2030-08-30 03:00:00,283.372293215698
2030-08-30 04:00:00,282.1149807995889
2030-08-30 05:00:00,280.90816863809266
2030-08-30 06:00:00,279.7495784113106
2030-08-30 07:00:00,278.63705486707227
2030-08-30 08:00:00,277.5685575120035
2030-08-30 09:00:00,276.54215299983656
2030-08-30 10:00:00,275.55600814690473
2030-08-30 11:00:00,274.6083835128881
2030-08-30 12:00:00,273.69762749193774
2030-08-30 13:00:00,272.82217086546314
2030-08-30 14:00:00,272.50777951547326
2030-08-30 15:00:00,272.94763179032884
2030-08-30 16:00:00,274.0481469350378
2030-08-30 17:00:00,275.6730353573036
2030-08-30 18:00:00,277.6523432047743
2030-08-30 19:00:00,279.793930663461
2030-08-30 20:00:00,281.89659255556995
2030-08-30 21:00:00,283.7638855327428
2030-08-30 22:00:00,285.21765375149624
2030-08-30 23:00:00,286.1102576412698
2030-08-31 00:00:00,286.33461232944893
2030-08-31 01:00:00,285.83287153408986
2030-08-31 02:00:00,284.59247632695076
2030-08-31 03:00:00,283.29325228361745
2030-08-31 04:00:00,282.04047660112855
2030-08-31 05:00:00,280.8322177252385
2030-08-31 06:00:00,279.6666439563789
2030-08-31 07:00:00,278.5420168617429
2030-08-31 08:00:00,277.4566852278931
2030-08-31 09:00:00,276.40907950110517
2030-08-31 10:00:00,275.3977066685873
2030-08-31 11:00:00,274.42114553889184
2030-08-31 12:00:00,273.47804238437317
2030-08-31 13:00:00,272.5671069125258
2030-08-31 14:00:00,272.20019395595534
2030-08-31 15:00:00,272.5885233389199
2030-08-31 16:00:00,273.641940724043
2030-08-31 17:00:00,275.2270039008515
2030-08-31 18:00:00,277.1758475198441
2030-08-31 19:00:00,279.29752971410437
2030-08-31 20:00:00,281.3910811574489
2030-08-31 21:00:00,283.25932849227985
2030-08-31 22:00:00,284.72248607692524
2030-08-31 23:00:00,285.63051641847505
2030-09-01 00:00:00,285.8733553973023
2030-09-01 01:00:00,285.38982396777243
2030-09-01 02:00:00,284.16366185185854
2030-09-01 03:00:00,282.88608210689904
2030-09-01 04:00:00,281.6471891101301
2030-09-01 05:00:00,280.4455478888358
2030-09-01 06:00:00,279.2797926476314
2030-09-01 07:00:00,278.14862244533145
2030-09-01 08:00:00,277.05079720645523
2030-09-01 09:00:00,275.9851340367118
2030-09-01 10:00:00,274.9505038150302
2030-09-01 11:00:00,273.94582803753934
2030-09-01 12:00:00,272.97007589141595
2030-09-01 13:00:00,272.02226153873806
2030-09-01 14:00:00,271.60025568949095
2030-09-01 15:00:00,271.9336998867898
2030-09-01 16:00:00,272.93652440581735
2030-09-01 17:00:00,274.47873737161075
2030-09-01 18:00:00,276.3950694273962
2030-09-01 19:00:00,278.4961540566022
2030-09-01 20:00:00,280.58147889366046
2030-09-01 21:00:00,282.4531899615835
2030-09-01 22:00:00,283.929746456806
2030-09-01 23:00:00,284.8584227689964
2030-09-02 00:00:00,285.12574273308405
2030-09-02 01:00:00,284.64281641862146
2030-09-02 02:00:00,283.41840338099325
2030-09-02 03:00:00,282.16180796065487
2030-09-02 04:00:00,280.94796302417376
2030-09-02 05:00:00,279.7751620171676
2030-09-02 06:00:00,278.6417837801834
2030-09-02 07:00:00,277.54628707564274
2030-09-02 08:00:00,276.4872055508353
2030-09-02 09:00:00,275.4631430956523
2030-09-02 10:00:00,274.4727695582487
2030-09-02 11:00:00,273.5148167857695
2030-09-02 12:00:00,272.5880749607478
2030-09-02 13:00:00,271.6913892068402
2030-09-02 14:00:00,271.308104303523
2030-09-02 15:00:00,271.68126289301046
2030-09-02 16:00:00,272.72182411627074
2030-09-02 17:00:00,274.2971976938589
2030-09-02 18:00:00,276.24005594956645
2030-09-02 19:00:00,278.35964746116724
2030-09-02 20:00:00,280.4548362290273
2030-09-02 21:00:00,282.32794009849613
2030-09-02 22:00:00,283.79836222311917
2030-09-02 23:00:00,284.7150135394277
2030-09-03 00:00:00,284.9666177589456
2030-09-03 01:00:00,284.46981907157783
2030-09-03 02:00:00,283.23269078742715
2030-09-03 03:00:00,281.9818184899626
2030-09-03 04:00:00,280.77675218529095
2030-09-03 05:00:00,279.615565956064
2030-09-03 06:00:00,278.49643322502686
2030-09-03 07:00:00,277.41762025847476
2030-09-03 08:00:00,276.37748019825847
2030-09-03 09:00:00,275.37444757104316
2030-09-03 10:00:00,274.40703322925754
2030-09-03 11:00:00,273.4738196831783
2030-09-03 12:00:00,272.57345678798845
2030-09-03 13:00:00,271.7046577535011
2030-09-03 14:00:00,271.3361862885756
2030-09-03 15:00:00,271.7252520096358
2030-09-03 16:00:00,272.780731551428
2030-09-03 17:00:00,274.368216769078
2030-09-03 18:00:00,276.3189407430409
2030-09-03 19:00:00,278.4411818478482
2030-09-03 20:00:00,280.53336192505657
2030-09-03 21:00:00,282.3979066781389
2030-09-03 22:00:00,283.85485948968955
2030-09-03 23:00:00,284.754247606913
2030-09-04 00:00:00,284.98629681134423
2030-09-04 01:00:00,284.4722885337632
2030-09-04 02:00:00,283.21857689116945
2030-09-04 03:00:00,281.96798036316295
2030-09-04 04:00:00,280.7645645125124
2030-09-04 05:00:00,279.606301397489
2030-09-04 06:00:00,278.49126912979654
2030-09-04 07:00:00,277.41764487447995
2030-09-04 08:00:00,276.383698424606
2030-09-04 09:00:00,275.38778629434887
2030-09-04 10:00:00,274.4283462804821
2030-09-04 11:00:00,273.50389244783605
2030-09-04 12:00:00,272.61301049914385
2030-09-04 13:00:00,271.7543534939648
2030-09-04 14:00:00,271.3820850715914
2030-09-04 15:00:00,271.76847267651266
2030-09-04 16:00:00,272.82145706692796
2030-09-04 17:00:00,274.40579494011115
2030-09-04 18:00:00,276.3520354605907
2030-09-04 19:00:00,278.4679656913514
2030-09-04 20:00:00,280.55173740223717
2030-09-04 21:00:00,282.4057407120713
2030-09-04 22:00:00,283.8502143784959
2030-09-04 23:00:00,284.7355918220381
2030-09-05 00:00:00,284.95268071854395
2030-09-05 01:00:00,284.4230662075826
2030-09-05 02:00:00,283.154470461146
2030-09-05 03:00:00,281.90609995802953
2030-09-05 04:00:00,280.70642041875226
2030-09-05 05:00:00,279.5532862194198
2030-09-05 06:00:00,278.4446657033791
2030-09-05 07:00:00,277.37863358288774
2030-09-05 08:00:00,276.3533639707327
2030-09-05 09:00:00,275.3671239793277
2030-09-05 10:00:00,274.41826783196365
2030-09-05 11:00:00,273.50523143710905
2030-09-05 12:00:00,272.62652738209437
2030-09-05 13:00:00,271.78074030727413
2030-09-05 14:00:00,271.4073437145528
2030-09-05 15:00:00,271.7936663985544
2030-09-05 16:00:00,272.84658261436846
2030-09-05 17:00:00,274.4299075756901
2030-09-05 18:00:00,276.3734309584773
2030-09-05 19:00:00,278.4844081802522
2030-09-05 20:00:00,280.56071794108897
2030-09-05 21:00:00,282.40474858384135
2030-09-05 22:00:00,283.8370016872353
2030-09-05 23:00:00,284.7084123454882
2030-09-06 00:00:00,284.91048613828895
2030-09-06 01:00:00,284.37013047250014
2030-09-06 02:00:00,283.0901098117812
2030-09-06 03:00:00,281.84435330143145
2030-09-06 04:00:00,280.6458279163099
2030-09-06 05:00:00,279.4924971785198
2030-09-06 06:00:00,278.38243123146333
2030-09-06 07:00:00,277.31379980229565
2030-09-06 08:00:00,276.2848657421939
2030-09-06 09:00:00,275.2939790877609
2030-09-06 10:00:00,274.3395715932887
2030-09-06 11:00:00,273.4201516892009
2030-09-06 12:00:00,272.53429982688135
2030-09-06 13:00:00,271.68066417439167
2030-09-06 14:00:00,271.2840733986942
2030-09-06 15:00:00,271.6481398768591
2030-09-06 16:00:00,272.6804942303812
2030-09-06 17:00:00,274.2455538129798
2030-09-06 18:00:00,276.1735169807987
2030-09-06 19:00:00,278.2718275659695
2030-09-06 20:00:00,280.33832055541006
2030-09-06 21:00:00,282.17511298312536
2030-09-06 22:00:00,283.60222857457865
2030-09-06 23:00:00,284.469954248969
2030-09-07 00:00:00,284.66902570326346
2030-09-07 01:00:00,284.13117185932396
2030-09-07 02:00:00,282.8510346078804
2030-09-07 03:00:00,281.61366581198246
2030-09-07 04:00:00,280.4173733988892
2030-09-07 05:00:00,279.26054992571244
2030-09-07 06:00:00,278.14166713957724
2030-09-07 07:00:00,277.05927097216784
2030-09-07 08:00:00,276.01197692746615
2030-09-07 09:00:00,274.9984658259761
2030-09-07 10:00:00,274.0174798726651
2030-09-07 11:00:00,273.0678190193161
2030-09-07 12:00:00,272.1483375950359
2030-09-07 13:00:00,271.2579411813585
2030-09-07 14:00:00,270.8069221834153
2030-09-07 15:00:00,271.1168638632586
2030-09-07 16:00:00,272.0989594021143
2030-09-07 17:00:00,273.62062570414093
2030-09-07 18:00:00,275.51430820647613
2030-09-07 19:00:00,277.58880316125493
2030-09-07 20:00:00,279.6423211059487
2030-09-07 21:00:00,281.476364027195
2030-09-07 22:00:00,282.9094077150619
2030-09-07 23:00:00,283.7893839867137
2030-09-08 00:00:00,284.00405015650716
2030-09-08 01:00:00,283.46903392930375
2030-09-08 02:00:00,282.2087944136286
2030-09-08 03:00:00,280.99658782040837
2030-09-08 04:00:00,279.830331320549
2030-09-08 05:00:00,278.708051802857
2030-09-08 06:00:00,277.6278785856206
2030-09-08 07:00:00,276.5880367304504
2030-09-08 08:00:00,275.5868408989291
2030-09-08 09:00:00,274.6226896993784
2030-09-08 10:00:00,273.69406047695026
2030-09-08 11:00:00,272.7995045054022
2030-09-08 12:00:00,271.93764254343233
2030-09-08 13:00:00,271.1071607224153
2030-09-08 14:00:00,270.7032972191802
2030-09-08 15:00:00,271.06129704074436
2030-09-08 16:00:00,272.0886305813239
2030-09-08 17:00:00,273.6495099791672
2030-09-08 18:00:00,275.5738961571106
2030-09-08 19:00:00,277.66897807467365
2030-09-08 20:00:00,279.732334171232
2030-09-08 21:00:00,281.56583900540426
2030-09-08 22:00:00,282.98930269333204
2030-09-08 23:00:00,283.85284040780954
2030-09-09 00:00:00,284.04706842216837
2030-09-09 01:00:00,283.4926779718552
2030-09-09 02:00:00,282.2301203971333
2030-09-09 03:00:00,281.01931328631275
2030-09-09 04:00:00,279.8578835212457
2030-09-09 05:00:00,278.74358766962104
2030-09-09 06:00:00,277.67430315445756
2030-09-09 07:00:00,276.64802017058923
2030-09-09 08:00:00,275.6628342724263
2030-09-09 09:00:00,274.7169395661362
2030-09-09 10:00:00,273.8086224470808
2030-09-09 11:00:00,272.9362558300462
2030-09-09 12:00:00,272.09829382564226
2030-09-09 13:00:00,271.29326682136116
2030-09-09 14:00:00,270.90135403601255
2030-09-09 15:00:00,271.2724223509632
2030-09-09 16:00:00,272.31165209752
2030-09-09 17:00:00,273.8812934046099
2030-09-09 18:00:00,275.809792306165
2030-09-09 19:00:00,277.903361349979
2030-09-09 20:00:00,279.95919653305117
2030-09-09 21:00:00,281.7793980005495
2030-09-09 22:00:00,283.18457997372275
2030-09-09 23:00:00,284.0261689875997
2030-09-10 00:00:00,284.1964926996279
2030-09-10 01:00:00,283.61754548848637
2030-09-10 02:00:00,282.3479952266154
2030-09-10 03:00:00,281.13433163943665
2030-09-10 04:00:00,279.9738407948323
2030-09-10 05:00:00,278.86396311273376
2030-09-10 06:00:00,277.80228256362534
2030-09-10 07:00:00,276.7865168036011
2030-09-10 08:00:00,275.814508148412
2030-09-10 09:00:00,274.8842153007026
2030-09-10 10:00:00,273.9937057547996
2030-09-10 11:00:00,273.14114881222423
2030-09-10 12:00:00,272.32480914875094
2030-09-10 13:00:00,271.5430408804998
2030-09-10 14:00:00,271.160884755096
2030-09-10 15:00:00,271.5428750188811
2030-09-10 16:00:00,272.5917811489021
2030-09-10 17:00:00,274.16780618819337
2030-09-10 18:00:00,276.0978344826947
2030-09-10 19:00:00,278.1870939257156
2030-09-10 20:00:00,280.23242621116964
2030-09-10 21:00:00,282.03621700854154
2030-09-10 22:00:00,283.41996966667057
2030-09-10 23:00:00,284.23652384923236
2030-09-11 00:00:00,284.3800278154779
2030-09-11 01:00:00,283.7812143218229
2030-09-11 02:00:00,282.5062070358683
2030-09-11 03:00:00,281.28447635489863
2030-09-11 04:00:00,280.1135389805245
2030-09-11 05:00:00,278.99104907024093
2030-09-11 06:00:00,277.9147887799394
2030-09-11 07:00:00,276.8826596144855
2030-09-11 08:00:00,275.8926745035904
2030-09-11 09:00:00,274.9429505299946
2030-09-11 10:00:00,274.0317022454716
2030-09-11 11:00:00,273.1572355175367
2030-09-11 12:00:00,272.3179418561737
2030-09-11 13:00:00,271.51229317550343
2030-09-11 14:00:00,271.09040849240273
2030-09-11 15:00:00,271.4337333778579
2030-09-11 16:00:00,272.44670191498574
2030-09-11 17:00:00,273.99088499845936
2030-09-11 18:00:00,275.89415176116705
2030-09-11 19:00:00,277.96226986342305
2030-09-11 20:00:00,279.9921438398452
2030-09-11 21:00:00,281.7857469201828
2030-09-11 22:00:00,283.1637306741685
2030-09-11 23:00:00,283.9777115451503
2030-09-12 00:00:00,284.12033764509766
2030-09-12 01:00:00,283.5184287898646
2030-09-12 02:00:00,282.2548602958692
2030-09-12 03:00:00,281.0429736184536
2030-09-12 04:00:00,279.8804024738387
2030-09-12 05:00:00,278.76490977745135
2030-09-12 06:00:00,277.694378850203
2030-09-12 07:00:00,276.6668053683956
2030-09-12 08:00:00,275.68028998191176
2030-09-12 09:00:00,274.73303153416026
2030-09-12 10:00:00,273.82332082489944
2030-09-12 11:00:00,272.9495348637221
2030-09-12 12:00:00,272.1101315677992
2030-09-12 13:00:00,271.3036448625642
2030-09-12 14:00:00,270.86516824434705
2030-09-12 15:00:00,271.1924928792737
2030-09-12 16:00:00,272.19067209309276
2030-09-12 17:00:00,273.72177395087124
2030-09-12 18:00:00,275.6140113075141
2030-09-12 19:00:00,277.67332036826537
2030-09-12 20:00:00,279.69658900874464
2030-09-12 21:00:00,281.4855915148956
2030-09-12 22:00:00,282.8606143020075
2030-09-12 23:00:00,283.6727707115729
2030-09-13 00:00:00,283.81410612676905
2030-09-13 01:00:00,283.205878686097
2030-09-13 02:00:00,281.95413299943306
2030-09-13 03:00:00,280.75951620467373
2030-09-13 04:00:00,279.6191755955875
2030-09-13 05:00:00,278.5304235172952
2030-09-13 06:00:00,277.4907257173762
2030-09-13 07:00:00,276.49769071303496
2030-09-13 08:00:00,275.5490600676873
2030-09-13 09:00:00,274.6426994832987
2030-09-13 10:00:00,273.77659062600367
2030-09-13 11:00:00,272.94882361222477
2030-09-13 12:00:00,272.157590090912
2030-09-13 13:00:00,271.40117686483177
2030-09-13 14:00:00,270.99931673846515
2030-09-13 15:00:00,271.3640417769632
2030-09-13 16:00:00,272.39666318922497
2030-09-13 17:00:00,273.95609833886067
2030-09-13 18:00:00,275.8681900487006
2030-09-13 19:00:00,277.9374257145513
2030-09-13 20:00:00,279.96024466896847
2030-09-13 21:00:00,281.7389821912237
2030-09-13 22:00:00,283.0954322964259
2030-09-13 23:00:00,283.88303154788633
2030-09-14 00:00:00,283.99677570527706
2030-09-14 01:00:00,283.372348683258
2030-09-14 02:00:00,282.1156894636554
2030-09-14 03:00:00,280.907292297628
2030-09-14 04:00:00,279.7450532909006
2030-09-14 05:00:00,278.6269796831609
2030-09-14 06:00:00,277.551182456122
2030-09-14 07:00:00,276.51586955312945
2030-09-14 08:00:00,275.5193396498488
2030-09-14 09:00:00,274.55997642245643
2030-09-14 10:00:00,273.63624326576496
2030-09-14 11:00:00,272.7466784189632
2030-09-14 12:00:00,271.8898904612471
2030-09-14 13:00:00,271.0645541436542
2030-09-14 14:00:00,270.5755884220716
2030-09-14 15:00:00,270.8536883036419
2030-09-14 16:00:00,271.80574179567776
2030-09-14 17:00:00,273.29532898589616
2030-09-14 18:00:00,275.1517554256374
2030-09-14 19:00:00,277.1815604871609
2030-09-14 20:00:00,279.1817083334466
2030-09-14 21:00:00,280.9535222429585
2030-09-14 22:00:00,282.31634796939755
2030-09-14 23:00:00,283.11994198327903
2030-09-15 00:00:00,283.25468021931084
2030-09-15 01:00:00,282.64517793533787
2030-09-15 02:00:00,281.4144871092852
2030-09-15 03:00:00,280.2240068067454
2030-09-15 04:00:00,279.0721821475368
2030-09-15 05:00:00,277.957534213725
2030-09-15 06:00:00,276.8786552815861
2030-09-15 07:00:00,275.83420442540813
2030-09-15 08:00:00,274.822903458685
2030-09-15 09:00:00,273.84353318192154
2030-09-15 10:00:00,272.8949299094972
2030-09-15 11:00:00,271.9759822508823
2030-09-15 12:00:00,271.08562812401743
2030-09-15 13:00:00,270.2228519808949
2030-09-15 14:00:00,269.677650239623
2030-09-15 15:00:00,269.8986433221615
2030-09-15 16:00:00,270.79713615450936
2030-09-15 17:00:00,272.24046018902806
2030-09-15 18:00:00,274.0607741229822
2030-09-15 19:00:00,276.0663951673908
2030-09-15 20:00:00,278.05488426566257
2030-09-15 21:00:00,279.8269568345188
2030-09-15 22:00:00,281.2002089515964
2030-09-15 23:00:00,282.02165138683677
2030-09-16 00:00:00,282.17813581632487
2030-09-16 01:00:00,281.595081030354
2030-09-16 02:00:00,280.40951149967117
2030-09-16 03:00:00,279.2715842666951
2030-09-16 04:00:00,278.17916525278844
2030-09-16 05:00:00,277.1302337897185
2030-09-16 06:00:00,276.12287513370455
2030-09-16 07:00:00,275.15527359300023
2030-09-16 08:00:00,274.2257062087044
2030-09-16 09:00:00,273.33253693534544
2030-09-16 10:00:00,272.47421127375543
2030-09-16 11:00:00,271.64925131397484
2030-09-16 12:00:00,270.8562511505016
2030-09-16 13:00:00,270.0938726362162
2030-09-16 14:00:00,269.63656099920536
2030-09-16 15:00:00,269.9464272833846
2030-09-16 16:00:00,270.9288439418672
2030-09-16 17:00:00,272.44607956373926
2030-09-16 18:00:00,274.32641648866604
2030-09-16 19:00:00,276.3757245110846
2030-09-16 20:00:00,278.39069270011373
2030-09-16 21:00:00,280.17277642045536
2030-09-16 22:00:00,281.5418439928995
2030-09-16 23:00:00,282.3485202292662
2030-09-17 00:00:00,282.4843263572321
2030-09-17 01:00:00,281.874341221773
2030-09-17 02:00:00,280.6789447771704
2030-09-17 03:00:00,279.5331582103409
2030-09-17 04:00:00,278.4346994788776
2030-09-17 05:00:00,277.38141021739574
2030-09-17 06:00:00,276.3712474535165
2030-09-17 07:00:00,275.4022760120904
2030-09-17 08:00:00,274.47266153901467
2030-09-17 09:00:00,273.58066408391704
2030-09-17 10:00:00,272.7246321878681
2030-09-17 11:00:00,271.90299742829495
2030-09-17 12:00:00,271.11426937852224
2030-09-17 13:00:00,270.35703094396877
2030-09-17 14:00:00,269.89037504455416
2030-09-17 15:00:00,270.192007974685
2030-09-17 16:00:00,271.1662414333636
2030-09-17 17:00:00,272.67444301175794
2030-09-17 18:00:00,274.54420471798915
2030-09-17 19:00:00,276.5809548111007
2030-09-17 20:00:00,278.5812114541844
2030-09-17 21:00:00,280.34653294098456
2030-09-17 22:00:00,281.69714817262303
2030-09-17 23:00:00,282.48426565323183
2030-09-18 00:00:00,282.6001633262008
2030-09-18 01:00:00,281.9715353628758
2030-09-18 02:00:00,280.77580848202984
2030-09-18 03:00:00,279.63404226679893
2030-09-18 04:00:00,278.543579368675
2030-09-18 05:00:00,277.5019135331162
2030-09-18 06:00:00,276.50667915150404
2030-09-18 07:00:00,275.55564170505994
2030-09-18 08:00:00,274.6466890090408
2030-09-18 09:00:00,273.7778231764686
2030-09-18 10:00:00,272.947153230111
2030-09-18 11:00:00,272.1528882996432
2030-09-18 12:00:00,271.393331348064
2030-09-18 13:00:00,270.6668733776701
2030-09-18 14:00:00,270.2171249292469
2030-09-18 15:00:00,270.53674584845544
2030-09-18 16:00:00,271.527179182723
2030-09-18 17:00:00,273.0473862686258
2030-09-18 18:00:00,274.92315636014155
2030-09-18 19:00:00,276.95882225135904
2030-09-18 20:00:00,278.9505708358939
2030-09-18 21:00:00,280.70039723808077
2030-09-18 22:00:00,282.02968450908253
2030-09-18 23:00:00,282.79141046770127
2030-09-19 00:00:00,282.88009219757265
2030-09-19 01:00:00,282.2228524823505
2030-09-19 02:00:00,281.01171808371475
2030-09-19 03:00:00,279.8489997660727
2030-09-19 04:00:00,278.7325318602032
2030-09-19 05:00:00,277.6602641531938
2030-09-19 06:00:00,276.63025421871504
2030-09-19 07:00:00,275.6406603802644
2030-09-19 08:00:00,274.6897352447794
2030-09-19 09:00:00,273.77581975116846
2030-09-19 10:00:00,272.89733768453954
2030-09-19 11:00:00,272.05279061234705
2030-09-19 12:00:00,271.24075320344355
2030-09-19 13:00:00,270.459868895202
2030-09-19 14:00:00,269.9386575082997
2030-09-19 15:00:00,270.1872593480812
2030-09-19 16:00:00,271.11112046735144
2030-09-19 17:00:00,272.57255489903804
2030-09-19 18:00:00,274.39984875332874
2030-09-19 19:00:00,276.39882378669245
2030-09-19 20:00:00,278.3660631889858
2030-09-19 21:00:00,280.102857156309
2030-09-19 22:00:00,281.4288529190928
2030-09-19 23:00:00,282.194406400658
2030-09-20 00:00:00,282.29073462026446
2030-09-20 01:00:00,281.6389036421401
2030-09-20 02:00:00,280.44553654214957
2030-09-20 03:00:00,279.29484431840916
2030-09-20 04:00:00,278.1850768665941
2030-09-20 05:00:00,277.1145720165564
2030-09-20 06:00:00,276.0817499347868
2030-09-20 07:00:00,275.0851079701693
2030-09-20 08:00:00,274.12321590113714
2030-09-20 09:00:00,273.1947115468959
2030-09-20 10:00:00,272.2982967093824
2030-09-20 11:00:00,271.4327334161452
2030-09-20 12:00:00,270.5968404374341
2030-09-20 13:00:00,269.78949005352274
2030-09-20 14:00:00,269.2240748993446
2030-09-20 15:00:00,269.4278047036906
2030-09-20 16:00:00,270.3093988644769
2030-09-20 17:00:00,271.7339463105193
2030-09-20 18:00:00,273.531839729992
2030-09-20 19:00:00,275.51021040421534
2030-09-20 20:00:00,277.4660779205827
2030-09-20 21:00:00,279.2002802084257
2030-09-20 22:00:00,280.53117158474197
2030-09-20 23:00:00,281.3070833407175
2030-09-21 00:00:00,281.41663758634246
2030-09-21 01:00:00,280.78130500643334
2030-09-21 02:00:00,279.61929640103455
2030-09-21 03:00:00,278.49902775457906
2030-09-21 04:00:00,277.41878862030325
2030-09-21 05:00:00,276.376953943835
2030-09-21 06:00:00,275.3719786789712
2030-09-21 07:00:00,274.4023928257915
2030-09-21 08:00:00,273.46679685154044
2030-09-21 09:00:00,272.56385745897944
2030-09-21 10:00:00,271.69230367066524
2030-09-21 11:00:00,270.85092320091474
2030-09-21 12:00:00,270.0385590901306
2030-09-21 13:00:00,269.25410657873823
2030-09-21 14:00:00,268.69562625064486
2030-09-21 15:00:00,268.9061780371627
2030-09-21 16:00:00,269.7943166438259
2030-09-21 17:00:00,271.2249900186505
2030-09-21 18:00:00,273.0284836931027
2030-09-21 19:00:00,275.01186306907783
2030-09-21 20:00:00,276.9721273192415
2030-09-21 21:00:00,278.7101400895481
2030-09-21 22:00:00,280.0443247953098
2030-09-21 23:00:00,280.82311945971657
2030-09-22 00:00:00,280.9352824518579
2030-09-22 01:00:00,280.3105985479617
2030-09-22 02:00:00,279.1768021851699
2030-09-22 03:00:00,278.08840092460633
2030-09-22 04:00:00,277.0433781403377
2030-09-22 05:00:00,276.0398228833386
2030-09-22 06:00:00,275.07592303158975
2030-09-22 07:00:00,274.1499589910001
2030-09-22 08:00:00,273.26029789397904
2030-09-22 09:00:00,272.4053882484219
2030-09-22 10:00:00,271.58375499506406
2030-09-22 11:00:00,270.79399493570617
2030-09-22 12:00:00,270.03477249880603
2030-09-22 13:00:00,269.30481581244715
2030-09-22 14:00:00,268.7866678434426
2030-09-22 15:00:00,269.0383183273601
2030-09-22 16:00:00,269.96506214810034
2030-09-22 17:00:00,271.4290862786525
2030-09-22 18:00:00,273.2585832042179
2030-09-22 19:00:00,275.2593205338078
2030-09-22 20:00:00,277.2278691008297
2030-09-22 21:00:00,278.965547220617
2030-09-22 22:00:00,280.29206635215417
2030-09-22 23:00:00,281.05787622581994
2030-09-23 00:00:00,281.15430951750307
2030-09-23 01:00:00,280.50128436840413
2030-09-23 02:00:00,279.35424477055153
2030-09-23 03:00:00,278.2506004237203
2030-09-23 04:00:00,277.18850485634096
2030-09-23 05:00:00,276.1662057993759
2030-09-23 06:00:00,275.1820391745551
2030-09-23 07:00:00,274.23442355950846
2030-09-23 08:00:00,273.3218550844959
2030-09-23 09:00:00,272.44290272040024
2030-09-23 10:00:00,271.596203922005
2030-09-23 11:00:00,270.78046059440135
2030-09-23 12:00:00,269.9944353537376
2030-09-23 13:00:00,269.23694805649194
2030-09-23 14:00:00,268.67526318768137
2030-09-23 15:00:00,268.8837114809294
2030-09-23 16:00:00,269.7693143430714
2030-09-23 17:00:00,271.195727817994
2030-09-23 18:00:00,272.9922628512459
2030-09-23 19:00:00,274.9653836136019
2030-09-23 20:00:00,276.91189245592943
2030-09-23 21:00:00,278.6328634672869
2030-09-23 22:00:00,279.9473116018359
2030-09-23 23:00:00,280.70459415690965
2030-09-24 00:00:00,280.7946403547005
2030-09-24 01:00:00,280.1173066064895
2030-09-24 02:00:00,278.9553209723879
2030-09-24 03:00:00,277.82533087256473
2030-09-24 04:00:00,276.7262424595907
2030-09-24 05:00:00,275.6570109561197
2030-09-24 06:00:00,274.61663779522485
2030-09-24 07:00:00,273.60416796694926
2030-09-24 08:00:00,272.6186875534794
2030-09-24 09:00:00,271.6593214370719
2030-09-24 10:00:00,270.72523116639724
2030-09-24 11:00:00,269.8156129683288
2030-09-24 12:00:00,268.92969589342744
2030-09-24 13:00:00,268.0667400844603
2030-09-24 14:00:00,267.3790632598121
2030-09-24 15:00:00,267.4587948027123
2030-09-24 16:00:00,268.2210580989696
2030-09-24 17:00:00,269.5364815734467
2030-09-24 18:00:00,271.239782469097
2030-09-24 19:00:00,273.1409251548102
2030-09-24 20:00:00,275.03809211647155
2030-09-24 21:00:00,276.73155059742345
2030-09-24 22:00:00,278.03741125398284
2030-09-24 23:00:00,278.80027131215934
2030-09-25 00:00:00,278.9038195297095
2030-09-25 01:00:00,278.29997679585586
2030-09-25 02:00:00,277.23010246905153
2030-09-25 03:00:00,276.19897552411186
2030-09-25 04:00:00,275.2050168105204
2030-09-25 05:00:00,274.2467243851468
2030-09-25 06:00:00,273.3226687891643
2030-09-25 07:00:00,272.43148868412504
2030-09-25 08:00:00,271.5718868144851
2030-09-25 09:00:00,270.7426262673116
2030-09-25 10:00:00,269.94252700293583
2030-09-25 11:00:00,269.17046263299386
2030-09-25 12:00:00,268.42535742466816
2030-09-25 13:00:00,267.7061835120427
2030-09-25 14:00:00,267.14963012088884
2030-09-25 15:00:00,267.36194721460924
2030-09-25 16:00:00,268.25137073765876
2030-09-25 17:00:00,269.6826052698623
2030-09-25 18:00:00,271.4857846865206
2030-09-25 19:00:00,273.46792325582174
2030-09-25 20:00:00,275.42607004353937
2030-09-25 21:00:00,277.1612320214184
2030-09-25 22:00:00,278.49205482023984
2030-09-25 23:00:00,279.26725793053083
2030-09-26 00:00:00,279.37591789777775
2030-09-26 01:00:00,278.7233856447054
2030-09-26 02:00:00,277.6191762152495
2030-09-26 03:00:00,276.5501383108005
2030-09-26 04:00:00,275.5149625318631
2030-09-26 05:00:00,274.51240034651903
2030-09-26 06:00:00,273.5412604730531
2030-09-26 07:00:00,272.60040552991546
2030-09-26 08:00:00,271.68874892950123
2030-09-26 09:00:00,270.8052519946103
2030-09-26 10:00:00,269.9489212785577
2030-09-26 11:00:00,269.11880607177955
2030-09-26 12:00:00,268.3139960794429
2030-09-26 13:00:00,267.5336192560523
2030-09-26 14:00:00,266.8991661434576
2030-09-26 15:00:00,267.03327107936093
2030-09-26 16:00:00,267.84762553380557
2030-09-26 17:00:00,269.2099112668036
2030-09-26 18:00:00,270.9525714018951
2030-09-26 19:00:00,272.884113410743
2030-09-26 20:00:00,274.80216966721684
2030-09-26 21:00:00,276.50739003266887
2030-09-26 22:00:00,277.81715950092274
2030-09-26 23:00:00,278.5781359398371
2030-09-27 00:00:00,278.6766936675039
2030-09-27 01:00:00,278.05134333149323
2030-09-27 02:00:00,276.99173201185135
2030-09-27 03:00:00,275.97072023837853
2030-09-27 04:00:00,274.9867297703273
2030-09-27 05:00:00,274.03825954863083
2030-09-27 06:00:00,273.1238809824811
2030-09-27 07:00:00,272.2422335936197
2030-09-27 08:00:00,271.3920209858135
2030-09-27 09:00:00,270.57200711040593
2030-09-27 10:00:00,269.781012801845
2030-09-27 11:00:00,269.0179125597506
2030-09-27 12:00:00,268.2816315564408
2030-09-27 13:00:00,267.571142850923
2030-09-27 14:00:00,266.99246108394925
2030-09-27 15:00:00,267.18316116129137
2030-09-27 16:00:00,268.0513189329792
2030-09-27 17:00:00,269.4615363563162
2030-09-27 18:00:00,271.2439046284248
2030-09-27 19:00:00,273.20545366820363
2030-09-27 20:00:00,275.1433007549778
2030-09-27 21:00:00,276.8585640845125
2030-09-27 22:00:00,278.17003098051623
2030-09-27 23:00:00,278.92657871701965
2030-09-28 00:00:00,279.01744284732047
2030-09-28 01:00:00,278.3416039117163
2030-09-28 02:00:00,277.24497839730816
2030-09-28 03:00:00,276.182132494393
2030-09-28 04:00:00,275.15183936450234
2030-09-28 05:00:00,274.15292826074483
2030-09-28 06:00:00,273.1842812378974
2030-09-28 07:00:00,272.2448301023342
2030-09-28 08:00:00,271.33355358100334
2030-09-28 09:00:00,270.44947469073225
2030-09-28 10:00:00,269.591658290985
2030-09-28 11:00:00,268.75920880482903
2030-09-28 12:00:00,267.95126809432924
2030-09-28 13:00:00,267.1670134778863
2030-09-28 14:00:00,266.4973420858877
2030-09-28 15:00:00,266.5961340896683
2030-09-28 16:00:00,267.3759257936699
2030-09-28 17:00:00,268.70516642305284
2030-09-28 18:00:00,270.41693820803965
2030-09-28 19:00:00,272.320215715004
2030-09-28 20:00:00,274.212893657178
2030-09-28 21:00:00,275.8956606427629
2030-09-28 22:00:00,277.18571394062224
2030-09-28 23:00:00,277.9293110612592
2030-09-29 00:00:00,278.01224312770603
2030-09-29 01:00:00,277.35630885347626
2030-09-29 02:00:00,276.2948388898257
2030-09-29 03:00:00,275.26680089469795
2030-09-29 04:00:00,274.2709687142212
2030-09-29 05:00:00,273.3061721413164
2030-09-29 06:00:00,272.37129365757136
2030-09-29 07:00:00,271.4652654111085
2030-09-29 08:00:00,270.587066410083
2030-09-29 09:00:00,269.73571991347467
2030-09-29 10:00:00,268.9102910026286
2030-09-29 11:00:00,268.10988431860136
2030-09-29 12:00:00,267.33364195179183
2030-09-29 13:00:00,266.5807414716075
2030-09-29 14:00:00,265.9267947794889
2030-09-29 15:00:00,266.0410735806438
2030-09-29 16:00:00,266.8355595695999
2030-09-29 17:00:00,268.178243379458
2030-09-29 18:00:00,269.9018750030198
2030-09-29 19:00:00,271.8152448501025
2030-09-29 20:00:00,273.7162227736786
2030-09-29 21:00:00,275.4056315049115
2030-09-29 22:00:00,276.70094957230424
2030-09-29 23:00:00,277.44884052750064
2030-09-30 00:00:00,277.53559538812937
2030-09-30 01:00:00,276.8830393234863
2030-09-30 02:00:00,275.84063447281864
2030-09-30 03:00:00,274.8316879219583
2030-09-30 04:00:00,273.854959437094
2030-09-30 05:00:00,272.90926550736975
2030-09-30 06:00:00,271.9934760468584
2030-09-30 07:00:00,271.10651133509305
2030-09-30 08:00:00,270.247339175576
2030-09-30 09:00:00,269.4149722537307
2030-09-30 10:00:00,268.60846567757835
2030-09-30 11:00:00,267.82691468603616
2030-09-30 12:00:00,267.0694525111746
2030-09-30 13:00:00,266.335248382057
2030-09-30 14:00:00,265.6846499983098
2030-09-30 15:00:00,265.8022798523605
2030-09-30 16:00:00,266.5996553972992
2030-09-30 17:00:00,267.94439205224927
2030-09-30 18:00:00,269.66897676674955
2030-09-30 19:00:00,271.58206478932954
2030-09-30 20:00:00,273.4815255248167
2030-09-30 21:00:00,275.16831319106353
2030-09-30 22:00:00,276.4601574618593
2030-09-30 23:00:00,277.20407189820617
2030-10-01 00:00:00,277.2867688317576
2030-10-01 01:00:00,276.66106529424184
2030-10-01 02:00:00,275.66375484206
2030-10-01 03:00:00,274.7043947079942
2030-10-01 04:00:00,273.78139013076077
2030-10-01 05:00:00,272.89322492560336
2030-10-01 06:00:00,272.0384567176476
2030-10-01 07:00:00,271.2157125335538
2030-10-01 08:00:00,270.4236847190993
2030-10-01 09:00:00,269.6611271537087
2030-10-01 10:00:00,268.92685173593844
2030-10-01 11:00:00,268.2197251165623
2030-10-01 12:00:00,267.5386656582422
2030-10-01 13:00:00,266.882640602842
2030-10-01 14:00:00,266.2965851577106
2030-10-01 15:00:00,266.48000281526924
2030-10-01 16:00:00,267.3397300262839
2030-10-01 17:00:00,268.73941112223196
2030-10-01 18:00:00,270.5085160035542
2030-10-01 19:00:00,272.4538218001036
2030-10-01 20:00:00,274.372568048787
2030-10-01 21:00:00,276.0663500577787
2030-10-01 22:00:00,277.35474154283366
2030-10-01 23:00:00,278.08764823590576
2030-10-02 00:00:00,278.15549309623293
2030-10-02 01:00:00,277.47290265685706
2030-10-02 02:00:00,276.43517061897995
2030-10-02 03:00:00,275.4352929291813
2030-10-02 04:00:00,274.4717243135349
2030-10-02 05:00:00,273.5429946785889
2030-10-02 06:00:00,272.6477045546739
2030-10-02 07:00:00,271.7845208822993
2030-10-02 08:00:00,270.9521731106691
2030-10-02 09:00:00,270.149449580578
2030-10-02 10:00:00,269.3751941668013
2030-10-02 11:00:00,268.62830315761124
2030-10-02 12:00:00,267.9077223512869
2030-10-02 13:00:00,267.2124443514658
2030-10-02 14:00:00,266.572243489569
2030-10-02 15:00:00,266.70205407771084
2030-10-02 16:00:00,267.5100013834115
2030-10-02 17:00:00,268.8608593740376
2030-10-02 18:00:00,270.5849929103584
2030-10-02 19:00:00,272.4897787304054
2030-10-02 20:00:00,274.3727198513813
2030-10-02 21:00:00,276.0353217549696
2030-10-02 22:00:00,277.2967233030765
2030-10-02 23:00:00,278.00608379095615
2030-10-03 00:00:00,278.05282423178176
2030-10-03 01:00:00,277.376592674341
2030-10-03 02:00:00,276.3627610332438
2030-10-03 03:00:00,275.3895722875058
2030-10-03 04:00:00,274.45524114657695
2030-10-03 05:00:00,273.55807334839466
2030-10-03 06:00:00,272.69645999036055
2030-10-03 07:00:00,271.8688722967892
2030-10-03 08:00:00,271.0738567823857
2030-10-03 09:00:00,270.310030775656
2030-10-03 10:00:00,269.57607826997577
2030-10-03 11:00:00,268.870746073405
2030-10-03 12:00:00,268.19284023130575
2030-10-03 13:00:00,267.5412226984429
2030-10-03 14:00:00,266.93040430629776
2030-10-03 15:00:00,267.0904035622996
2030-10-03 16:00:00,267.9265205839996
2030-10-03 17:00:00,269.3011672911671
2030-10-03 18:00:00,271.0429504001911
2030-10-03 19:00:00,272.958195702611
2030-10-03 20:00:00,274.8441188784366
2030-10-03 21:00:00,276.5027052097268
2030-10-03 22:00:00,277.75428946474756
2030-10-03 23:00:00,278.44984056006035
2030-10-04 00:00:00,278.48105709738434
2030-10-04 01:00:00,277.75778257407796
2030-10-04 02:00:00,276.7118333708198
2030-10-04 03:00:00,275.7045258864927
2030-10-04 04:00:00,274.7342652821881
2030-10-04 05:00:00,273.7995350083084
2030-10-04 06:00:00,272.89889202337713
2030-10-04 07:00:00,272.03096237549363
2030-10-04 08:00:00,271.1944371134459
2030-10-04 09:00:00,270.38806849796515
2030-10-04 10:00:00,269.6106664866628
2030-10-04 11:00:00,268.8610954688894
2030-10-04 12:00:00,268.1382712291479
2030-10-04 13:00:00,267.4411581198091
2030-10-04 14:00:00,266.76926859359827
2030-10-04 15:00:00,266.86794147862804
2030-10-04 16:00:00,267.64500794765985
2030-10-04 17:00:00,268.9650630598427
2030-10-04 18:00:00,270.6584121203647
2030-10-04 19:00:00,272.53248817579555
2030-10-04 20:00:00,274.38495516073
2030-10-04 21:00:00,276.01756561606857
2030-10-04 22:00:00,277.2497671970734
2030-10-04 23:00:00,277.93106130000643
2030-10-05 00:00:00,277.95121427681215
2030-10-05 01:00:00,277.2245207080012
2030-10-05 02:00:00,276.18935690005634
2030-10-05 03:00:00,275.1907458758083
2030-10-05 04:00:00,274.2272333005838
2030-10-05 05:00:00,273.29743435668945
2030-10-05 06:00:00,272.40002958210766
2030-10-05 07:00:00,271.5337610188656
2030-10-05 08:00:00,270.6974286434836
2030-10-05 09:00:00,269.88988705474685
2030-10-05 10:00:00,269.1100423965567
2030-10-05 11:00:00,268.35684949583924
2030-10-05 12:00:00,267.6293091974629
2030-10-05 13:00:00,266.92646587987076
2030-10-05 14:00:00,266.2474051366946
2030-10-05 15:00:00,266.3230389724632
2030-10-05 16:00:00,267.0775667672158
2030-10-05 17:00:00,268.3767464118938
2030-10-05 18:00:00,270.0518174412888
2030-10-05 19:00:00,271.9108606272198
2030-10-05 20:00:00,273.7518616186149
2030-10-05 21:00:00,275.3765513655213
2030-10-05 22:00:00,276.6040196814185
2030-10-05 23:00:00,277.28310531004144
2030-10-06 00:00:00,277.30266072354533
2030-10-06 01:00:00,276.6104640023112
2030-10-06 02:00:00,275.62697295782783
2030-10-06 03:00:00,274.6827295835764
2030-10-06 04:00:00,273.7760215975138
2030-10-06 05:00:00,272.9052231673063
2030-10-06 06:00:00,272.06878959286064
2030-10-06 07:00:00,271.26525239286576
2030-10-06 08:00:00,270.4932147583868
2030-10-06 09:00:00,269.75134734047856
2030-10-06 10:00:00,269.0383843422393
2030-10-06 11:00:00,268.3531198887725
2030-10-06 12:00:00,267.6944046512159
2030-10-06 13:00:00,267.0611427033801
2030-10-06 14:00:00,266.4522885916525
2030-10-06 15:00:00,266.58313729072347
2030-10-06 16:00:00,267.3899364361124
2030-10-06 17:00:00,268.7354152290382
2030-10-06 18:00:00,270.44854983393157
2030-10-06 19:00:00,272.3360584987912
2030-10-06 20:00:00,274.1955408156771
2030-10-06 21:00:00,275.8293260232749
2030-10-06 22:00:00,277.05802437906
2030-10-06 23:00:00,277.73278884618117
2030-10-07 00:00:00,277.74539532244154
2030-10-07 01:00:00,277.0106474724553
2030-10-07 02:00:00,276.0001928220473
2030-10-07 03:00:00,275.02827768363164
2030-10-07 04:00:00,274.09327712617716
2030-10-07 05:00:00,273.1936466540946
2030-10-07 06:00:00,272.32791730018107
2030-10-07 07:00:00,271.4946910896051
2030-10-07 08:00:00,270.6926368412204
2030-10-07 09:00:00,269.92048627604396
2030-10-07 10:00:00,269.1770304058604
2030-10-07 11:00:00,268.4611161776756
2030-10-07 12:00:00,267.7716433521853
2030-10-07 13:00:00,267.1075615965907
2030-10-07 14:00:00,266.4678677740133
2030-10-07 15:00:00,266.55243162298206
2030-10-07 16:00:00,267.3143851707221
2030-10-07 17:00:00,268.6177304192258
2030-10-07 18:00:00,270.2924574766273
2030-10-07 19:00:00,272.1459740046384
2030-10-07 20:00:00,273.97620028133264
2030-10-07 21:00:00,275.5853988871531
2030-10-07 22:00:00,276.79373516092005
2030-10-07 23:00:00,277.4515754209488
2030-10-08 00:00:00,277.4496284400831
2030-10-08 01:00:00,276.7008657649281
2030-10-08 02:00:00,275.6906420639133
2030-10-08 03:00:00,274.7170379538904
2030-10-08 04:00:00,273.7785709724748
2030-10-08 05:00:00,272.8738300072413
2030-10-08 06:00:00,272.00147102496754
2030-10-08 07:00:00,271.16021311834214
2030-10-08 08:00:00,270.34883484183223
2030-10-08 09:00:00,269.56617081132583
2030-10-08 10:00:00,268.8111085447415
2030-10-08 11:00:00,268.0825855230818
2030-10-08 12:00:00,267.3795864534318
2030-10-08 13:00:00,266.701140717206
2030-10-08 14:00:00,266.0463199885468
2030-10-08 15:00:00,266.0996350392942
2030-10-08 16:00:00,266.83106355046243
2030-10-08 17:00:00,268.10596503112924
2030-10-08 18:00:00,269.7554181783084
2030-10-08 19:00:00,271.5875826907545
2030-10-08 20:00:00,273.40074846338325
2030-10-08 21:00:00,274.9971455557349
2030-10-08 22:00:00,276.1965134646698
2030-10-08 23:00:00,276.8484366216391
2030-10-09 00:00:00,276.842548892774
2030-10-09 01:00:00,276.0692095592274
2030-10-09 02:00:00,275.04632527178256
2030-10-09 03:00:00,274.0551639991027
2030-10-09 04:00:00,273.0945824167404
2030-10-09 05:00:00,272.1634883591865
2030-10-09 06:00:00,271.2608379010709
2030-10-09 07:00:00,270.3856326455041
2030-10-09 08:00:00,269.53691720204023
2030-10-09 09:00:00,268.71377683845117
2030-10-09 10:00:00,267.91533529201746
2030-10-09 11:00:00,267.14075272739854
2030-10-09 12:00:00,266.38922382935374
2030-10-09 13:00:00,265.65997601966836
2030-10-09 14:00:00,264.9522677886092
2030-10-09 15:00:00,264.9353974149197
2030-10-09 16:00:00,265.5984365589502
2030-10-09 17:00:00,266.8103875852887
2030-10-09 18:00:00,268.4052000285413
2030-10-09 19:00:00,270.19295528251246
2030-10-09 20:00:00,271.9728004514836
2030-10-09 21:00:00,273.5467159407862
2030-10-09 22:00:00,274.7331208692071
2030-10-09 23:00:00,275.379321998964
2030-10-10 00:00:00,275.3719005972743
2030-10-10 01:00:00,274.61610046001704
2030-10-10 02:00:00,273.62373208407394
2030-10-10 03:00:00,272.6601964019692
2030-10-10 04:00:00,271.72450668276764
2030-10-10 05:00:00,270.81571865889015
2030-10-10 06:00:00,269.9329281831654
2030-10-10 07:00:00,269.07526904658516
2030-10-10 08:00:00,268.2419109436485
2030-10-10 09:00:00,267.43205757341264
2030-10-10 10:00:00,266.6449448654686
2030-10-10 11:00:00,265.8798393210474
2030-10-10 12:00:00,265.13603646034613
2030-10-10 13:00:00,264.41285936795856
2030-10-10 14:00:00,263.7096573290106
2030-10-10 15:00:00,263.68047166703474
2030-10-10 16:00:00,264.3309265033235
2030-10-10 17:00:00,265.5314287775506
2030-10-10 18:00:00,267.1170805539004
2030-10-10 19:00:00,268.8987931561305
2030-10-10 20:00:00,270.676170515321
2030-10-10 21:00:00,272.2512511821318
2030-10-10 22:00:00,273.44211618785545
2030-10-10 23:00:00,274.09536917893195
2030-10-11 00:00:00,274.0965812487353
2030-10-11 01:00:00,273.37589443680383
2030-10-11 02:00:00,272.4334543370137
2030-10-11 03:00:00,271.5195783652281
2030-10-11 04:00:00,270.6332678072759
2030-10-11 05:00:00,269.7735669778253
2030-10-11 06:00:00,268.93956086544625
2030-10-11 07:00:00,268.13037293801824
2030-10-11 08:00:00,267.3451630954539
2030-10-11 09:00:00,266.58312575793275
2030-10-11 10:00:00,265.8434880789275
2030-10-11 11:00:00,265.1255082732857
2030-10-11 12:00:00,264.42847405150434
2030-10-11 13:00:00,263.7517011521258
2030-10-11 14:00:00,263.09453196488926
2030-10-11 15:00:00,263.09570894019566
2030-10-11 16:00:00,263.7750900677457
2030-10-11 17:00:00,265.00229451613603
2030-10-11 18:00:00,266.611863578551
2030-10-11 19:00:00,268.41441123221824
2030-10-11 20:00:00,270.2095256221909
2030-10-11 21:00:00,271.79950915839476
2030-10-11 22:00:00,273.00296432835273
2030-10-11 23:00:00,273.6672333237089
2030-10-12 00:00:00,273.6787871894313
2030-10-12 01:00:00,272.95946641175414
2030-10-12 02:00:00,272.03344530164975
2030-10-12 03:00:00,271.1357799642817
2030-10-12 04:00:00,270.2654741734972
2030-10-12 05:00:00,269.4215745898169
2030-10-12 06:00:00,268.60316842208607
2030-10-12 07:00:00,267.80938124774434
2030-10-12 08:00:00,267.0393749788639
2030-10-12 09:00:00,266.29234596230754
2030-10-12 10:00:00,265.56752320343014
2030-10-12 11:00:00,264.86416670371204
2030-10-12 12:00:00,264.18156590357444
2030-10-12 13:00:00,263.5190382224053
2030-10-12 14:00:00,262.8759276885212
2030-10-12 15:00:00,262.8757418712484
2030-10-12 16:00:00,263.5531732738324
2030-10-12 17:00:00,264.7777271843424
2030-10-12 18:00:00,266.38391592734945
2030-10-12 19:00:00,268.18240985220893
2030-10-12 20:00:00,269.9729331167102
2030-10-12 21:00:00,271.5579922747991
2030-10-12 22:00:00,272.7564456408027
2030-10-12 23:00:00,273.41592287738905
2030-10-13 00:00:00,273.4231921930336
2030-10-13 01:00:00,272.7285186733481
2030-10-13 02:00:00,271.84344613275505
2030-10-13 03:00:00,270.98836428062765
2030-10-13 04:00:00,270.16214075419197
2030-10-13 05:00:00,269.3636938752108
2030-10-13 06:00:00,268.5919898347053
2030-10-13 07:00:00,267.8460400717801
2030-10-13 08:00:00,267.1248988304895
2030-10-13 09:00:00,266.42766088022137
2030-10-13 10:00:00,265.75345938644784
2030-10-13 11:00:00,265.1014639199163
2030-10-13 12:00:00,264.4708785934526
2030-10-13 13:00:00,263.8609403165307
2030-10-13 14:00:00,263.2709171586447
2030-10-13 15:00:00,263.30906967662963
2030-10-13 16:00:00,264.0229422399787
2030-10-13 17:00:00,265.2799272798821
2030-10-13 18:00:00,266.91295965220286
2030-10-13 19:00:00,268.73176361039634
2030-10-13 20:00:00,270.5358027157639
2030-10-13 21:00:00,272.12801513588596
2030-10-13 22:00:00,273.32834050759226
2030-10-13 23:00:00,273.98605030211183
2030-10-14 00:00:00,273.9899858596546
2030-10-14 01:00:00,273.27568193034614
2030-10-14 02:00:00,272.38756764960254
2030-10-14 03:00:00,271.5310442779846
2030-10-14 04:00:00,270.7048710111675
2030-10-14 05:00:00,269.90786417341747
2030-10-14 06:00:00,269.13889398030216
2030-10-14 07:00:00,268.3968815286746
2030-10-14 08:00:00,267.68079599475107
2030-10-14 09:00:00,266.9896520229776
2030-10-14 10:00:00,266.3225072900508
2030-10-14 11:00:00,265.6784602299445
2030-10-14 12:00:00,265.0566479071225
2030-10-14 13:00:00,264.45624402630347
2030-10-14 14:00:00,263.8764570682073
2030-10-14 15:00:00,263.91038238468843
2030-10-14 16:00:00,264.6194330183561
2030-10-14 17:00:00,265.86999147461415
2030-10-14 18:00:00,267.4942805572942
2030-10-14 19:00:00,269.3016486814397
2030-10-14 20:00:00,271.0915361132116
2030-10-14 21:00:00,272.6672024584745
2030-10-14 22:00:00,273.8492214057823
2030-10-14 23:00:00,274.4877566820026
2030-10-15 00:00:00,274.4727275390707
2030-10-15 01:00:00,273.7240553950926
2030-10-15 02:00:00,272.81726915895104
2030-10-15 03:00:00,271.94253912554166
2030-10-15 04:00:00,271.0986095680964
2030-10-15 05:00:00,270.2842826779439
2030-10-15 06:00:00,269.4984152655836
2030-10-15 07:00:00,268.73991569475163
2030-10-15 08:00:00,268.00774102971195
2030-10-15 09:00:00,267.3008943779457
2030-10-15 10:00:00,266.618422412141
2030-10-15 11:00:00,265.95941305692304
2030-10-15 12:00:00,265.32299332713774
2030-10-15 13:00:00,264.7083273057266
2030-10-15 14:00:00,264.11461425033053
2030-10-15 15:00:00,264.11990319336286
2030-10-15 16:00:00,264.80060032645724
2030-10-15 17:00:00,266.02336946302165
2030-10-15 18:00:00,267.62071755346494
2030-10-15 19:00:00,269.4022576692734
2030-10-15 20:00:00,271.1676541930283
2030-10-15 21:00:00,272.7203321220598
2030-10-15 22:00:00,273.8809579277337
2030-10-15 23:00:00,274.49970707609765
2030-10-16 00:00:00,274.46642724786534
2030-10-16 01:00:00,273.73212305052357
2030-10-16 02:00:00,272.85620357387336
2030-10-16 03:00:00,272.0141966289174
2030-10-16 04:00:00,271.20467550579673
2030-10-16 05:00:00,270.42628238245743
2030-10-16 06:00:00,269.6777243017221
2030-10-16 07:00:00,268.9577694377675
2030-10-16 08:00:00,268.2652436269147
2030-10-16 09:00:00,267.5990271401677
2030-10-16 10:00:00,266.9580516771812
2030-10-16 11:00:00,266.34129756332464
2030-10-16 12:00:00,265.74779113328395
2030-10-16 13:00:00,265.1766022862139
2030-10-16 14:00:00,264.62684219886376
2030-10-16 15:00:00,264.6615168665148
2030-10-16 16:00:00,265.3697620205564
2030-10-16 17:00:00,266.6161005753136
2030-10-16 18:00:00,268.2314718124322
2030-10-16 19:00:00,270.02458449539836
2030-10-16 20:00:00,271.7949084482262
2030-10-16 21:00:00,273.3463813905924
2030-10-16 22:00:00,274.50083730652335
2030-10-16 23:00:00,275.11017471340784
2030-10-17 00:00:00,275.06638147074784
2030-10-17 01:00:00,274.3198748400483
2030-10-17 02:00:00,273.4491528982009
2030-10-17 03:00:00,272.6150343910453
2030-10-17 04:00:00,271.8158682833893
2030-10-17 05:00:00,271.05008750192457
2030-10-17 06:00:00,270.31620385717866
2030-10-17 07:00:00,269.6128033409754
2030-10-17 08:00:00,268.9385417658876
2030-10-17 09:00:00,268.2921407166589
2030-10-17 10:00:00,267.6723837866496
2030-10-17 11:00:00,267.0781130750841
2030-10-17 12:00:00,266.50822592328547
2030-10-17 13:00:00,265.9616718702231
2030-10-17 14:00:00,265.43744980959616
2030-10-17 15:00:00,265.4835823273852
2030-10-17 16:00:00,266.20196000908595
2030-10-17 17:00:00,267.4550230703614
2030-10-17 18:00:00,269.0722064335536
2030-10-17 19:00:00,270.8613736368148
2030-10-17 20:00:00,272.62184620511107
2030-10-17 21:00:00,274.15810069753053
2030-10-17 22:00:00,275.2931390261633
2030-10-17 23:00:00,275.88055407047585
2030-10-18 00:00:00,275.81441509328704
2030-10-18 01:00:00,275.0624566480286
2030-10-18 02:00:00,274.20518944576776
2030-10-18 03:00:00,273.3888969759627
2030-10-18 04:00:00,272.6115122915609
2030-10-18 05:00:00,271.8710830970622
2030-10-18 06:00:00,271.165764387254
2030-10-18 07:00:00,270.4938116545561
2030-10-18 08:00:00,269.8535746120044
2030-10-18 09:00:00,269.2434913846965
2030-10-18 10:00:00,268.6620831275922
2030-10-18 11:00:00,268.1079490320154
2030-10-18 12:00:00,267.57976168711576
2030-10-18 13:00:00,267.0762627660021
2030-10-18 14:00:00,266.59625900930524
2030-10-18 15:00:00,266.6728040274283
2030-10-18 16:00:00,267.419146705989
2030-10-18 17:00:00,268.6940513005418
2030-10-18 18:00:00,270.32428466001
2030-10-18 19:00:00,272.11619020749305
2030-10-18 20:00:00,273.8687828207995
2030-10-18 21:00:00,275.38742885174105
2030-10-18 22:00:00,276.49711573635517
2030-10-18 23:00:00,277.0543396354804
2030-10-19 00:00:00,276.9567493087452
2030-10-19 01:00:00,276.12050308460186
2030-10-19 02:00:00,275.1952847167935
2030-10-19 03:00:00,274.31212482910706
2030-10-19 04:00:00,273.46898379148405
2030-10-19 05:00:00,272.66393254941204
2030-10-19 06:00:00,271.8951455560625
2030-10-19 07:00:00,271.16089425426406
2030-10-19 08:00:00,270.4595410566742
2030-10-19 09:00:00,269.78953377818283
2030-10-19 10:00:00,269.14940047954315
2030-10-19 11:00:00,268.5377446855826
2030-10-19 12:00:00,267.95324094517576
2030-10-19 13:00:00,267.3946307035377
2030-10-19 14:00:00,266.8607184603755
2030-10-19 15:00:00,266.86985475833467
2030-10-19 16:00:00,267.5511664768148
2030-10-19 17:00:00,268.7651048808306
2030-10-19 18:00:00,270.33976048724395
2030-10-19 19:00:00,272.0823535775689
2030-10-19 20:00:00,273.792275273148
2030-10-19 21:00:00,275.2747484681856
2030-10-19 22:00:00,276.3541153587663
2030-10-19 23:00:00,276.88577910081386
2030-10-20 00:00:00,276.7659336457194
2030-10-20 01:00:00,275.88824615582683
2030-10-20 02:00:00,274.932508255908
2030-10-20 03:00:00,274.01465618893394
2030-10-20 04:00:00,273.1330508639387
2030-10-20 05:00:00,272.28613506886586
2030-10-20 06:00:00,271.4724284972318
2030-10-20 07:00:00,270.6905231476707
2030-10-20 08:00:00,269.93907906269015
2030-10-20 09:00:00,269.2168203764977
2030-10-20 10:00:00,268.52253164487195
2030-10-20 11:00:00,267.8550544328013
2030-10-20 12:00:00,267.2132841380482
2030-10-20 13:00:00,266.596167030953
2030-10-20 14:00:00,266.00269749270865
2030-10-20 15:00:00,265.9368007311438
2030-10-20 16:00:00,266.5451956135085
2030-10-20 17:00:00,267.6923683972442
2030-10-20 18:00:00,269.20952921282446
2030-10-20 19:00:00,270.9059233092948
2030-10-20 20:00:00,272.58176372250443
2030-10-20 21:00:00,274.0418656949903
2030-10-20 22:00:00,275.1089940582423
2030-10-20 23:00:00,275.6359479892757
2030-10-21 00:00:00,275.5155063697436
2030-10-21 01:00:00,274.69036239011905
2030-10-21 02:00:00,273.80079224681685
2030-10-21 03:00:00,272.9483222896881
2030-10-21 04:00:00,272.1312876519689
2030-10-21 05:00:00,271.34810804015734
2030-10-21 06:00:00,270.59728260399356
2030-10-21 07:00:00,269.877385187657
2030-10-21 08:00:00,269.18705992799767
2030-10-21 09:00:00,268.5250171691906
2030-10-21 10:00:00,267.8900296663554
2030-10-21 11:00:00,267.28092905346585
2030-10-21 12:00:00,266.6966025533391
2030-10-21 13:00:00,266.1359899096793
2030-10-21 14:00:00,265.5980805230909
2030-10-21 15:00:00,265.5722977305285
2030-10-21 16:00:00,266.2185108156891
2030-10-21 17:00:00,267.3999483394399
2030-10-21 18:00:00,268.94694939353104
2030-10-21 19:00:00,270.66832553226646
2030-10-21 20:00:00,272.3643145302923
2030-10-21 21:00:00,273.8402038606997
2030-10-21 22:00:00,274.91963534575706
2030-10-21 23:00:00,275.45661843897517
2030-10-22 00:00:00,275.3453809891266
2030-10-22 01:00:00,274.4990177644808
2030-10-22 02:00:00,273.6013957566745
2030-10-22 03:00:00,272.7394879576651
2030-10-22 04:00:00,271.91175348963117
2030-10-22 05:00:00,271.1167275592427
2030-10-22 06:00:00,270.3530169253003
2030-10-22 07:00:00,269.6192956986457
2030-10-22 08:00:00,268.91430144497605
2030-10-22 09:00:00,268.23683156421424
2030-10-22 10:00:00,267.58573992275706
2030-10-22 11:00:00,266.95993371728525
2030-10-22 12:00:00,266.3583705509177
2030-10-22 13:00:00,265.7800557043526
2030-10-22 14:00:00,265.224039586299
2030-10-22 15:00:00,265.1654121234874
2030-10-22 16:00:00,265.7791543177047
2030-10-22 17:00:00,266.9299290637774
2030-10-22 18:00:00,268.4492445827958
2030-10-22 19:00:00,270.1467457404306
2030-10-22 20:00:00,271.82311865349
2030-10-22 21:00:00,273.28369110202516
2030-10-22 22:00:00,274.35174281582647
2030-10-22 23:00:00,274.8805532442624
2030-10-23 00:00:00,274.7633131614173
2030-10-23 01:00:00,273.83792705594664
2030-10-23 02:00:00,272.86818127905553
2030-10-23 03:00:00,271.9264932164239
2030-10-23 04:00:00,271.01190953408474
2030-10-23 05:00:00,270.1235175158837
2030-10-23 06:00:00,269.26044284730824
2030-10-23 07:00:00,268.4218475496595
2030-10-23 08:00:00,267.6069280524269
2030-10-23 09:00:00,266.8149133928541
2030-10-23 10:00:00,266.0450635326953
2030-10-23 11:00:00,265.2966677830658
2030-10-23 12:00:00,264.56904332910653
2030-10-23 13:00:00,263.861533846911
2030-10-23 14:00:00,263.1735082058243
2030-10-23 15:00:00,262.96607921737194
2030-10-23 16:00:00,263.4335896958649
2030-10-23 17:00:00,264.4482228844204
2030-10-23 18:00:00,265.84739041350997
2030-10-23 19:00:00,267.44466923843294
2030-10-23 20:00:00,269.0424795849469
2030-10-23 21:00:00,270.44560845131184
2030-10-23 22:00:00,271.47460316746754
2030-10-23 23:00:00,271.97805930316673
2030-10-24 00:00:00,271.8429116419711
2030-10-24 01:00:00,271.0406647072029
2030-10-24 02:00:00,270.207528417799
2030-10-24 03:00:00,269.40204863371395
2030-10-24 04:00:00,268.62320550707324
2030-10-24 05:00:00,267.87002360277677
2030-10-24 06:00:00,267.14156950507186
2030-10-24 07:00:00,266.4369495841272
2030-10-24 08:00:00,265.7553079097617
2030-10-24 09:00:00,265.09582430067786
2030-10-24 10:00:00,264.45771249861696
2030-10-24 11:00:00,263.8402184578134
2030-10-24 12:00:00,263.2426187409844
2030-10-24 13:00:00,262.66421901386576
2030-10-24 14:00:00,262.1043526309999
2030-10-24 15:00:00,262.00994104751817
2030-10-24 16:00:00,262.5869341529093
2030-10-24 17:00:00,263.704693560575
2030-10-24 18:00:00,265.19850443736834
2030-10-24 19:00:00,266.8806487798454
2030-10-24 20:00:00,268.55316348197556
2030-10-24 21:00:00,270.0213802368753
2030-10-24 22:00:00,271.10726935837266
2030-10-24 23:00:00,271.661615008634
2030-10-25 00:00:00,271.57413923377806
2030-10-25 01:00:00,270.83755805510305
2030-10-25 02:00:00,270.08591722707325
2030-10-25 03:00:00,269.36382788708175
2030-10-25 04:00:00,268.67004620810275
2030-10-25 05:00:00,268.0033871899093
2030-10-25 06:00:00,267.36272136177956
2030-10-25 07:00:00,266.74697171073825
2030-10-25 08:00:00,266.1551108167101
2030-10-25 09:00:00,265.586158177761
2030-10-25 10:00:00,265.03917771020065
2030-10-25 11:00:00,264.513275409749
2030-10-25 12:00:00,264.0075971612433
2030-10-25 13:00:00,263.52132668550615
2030-10-25 14:00:00,263.0536836130145
2030-10-25 15:00:00,263.0374489651576
2030-10-25 16:00:00,263.6893415614431
2030-10-25 17:00:00,264.87475997087506
2030-10-25 18:00:00,266.42603200363624
2030-10-25 19:00:00,268.1536614020842
2030-10-25 20:00:00,269.8591819182801
2030-10-25 21:00:00,271.3487057716028
2030-10-25 22:00:00,272.44618545622143
2030-10-25 23:00:00,273.0054211366105
2030-10-26 00:00:00,272.9199436382585
2030-10-26 01:00:00,272.0671258967923
2030-10-26 02:00:00,271.2131908583121
2030-10-26 03:00:00,270.38878593473993
2030-10-26 04:00:00,269.59278245419864
2030-10-26 05:00:00,268.8241023722595
2030-10-26 06:00:00,268.0817154745976
2030-10-26 07:00:00,267.3646367711726
2030-10-26 08:00:00,266.67192406617346
2030-10-26 09:00:00,266.0026756894688
2030-10-26 10:00:00,265.3560283766464
2030-10-26 11:00:00,264.73115528592444
2030-10-26 12:00:00,264.1272641412894
2030-10-26 13:00:00,263.5435954921801
2030-10-26 14:00:00,262.97942108089825
2030-10-26 15:00:00,262.8536641032479
2030-10-26 16:00:00,263.3986991456673
2030-10-26 17:00:00,264.4832946973939
2030-10-26 18:00:00,265.94244828023193
2030-10-26 19:00:00,267.5884663713374
2030-10-26 20:00:00,269.2237086486801
2030-10-26 21:00:00,270.6540937803954
2030-10-26 22:00:00,271.7023907487243
2030-10-26 23:00:00,272.22032684666254
2030-10-27 00:00:00,272.0986348955186
2030-10-27 01:00:00,271.2690628270007
2030-10-27 02:00:00,270.45130811349327
2030-10-27 03:00:00,269.6623312623353
2030-10-27 04:00:00,268.90102161886074
2030-10-27 05:00:00,268.16631833249977
2030-10-27 06:00:00,267.45720762748755
2030-10-27 07:00:00,266.77272025848134
2030-10-27 08:00:00,266.1119291360074
2030-10-27 09:00:00,265.473947108087
2030-10-27 10:00:00,264.857924885665
2030-10-27 11:00:00,264.2630491006061
2030-10-27 12:00:00,263.68854048604385
2030-10-27 13:00:00,263.1336521697849
2030-10-27 14:00:00,262.59766807229425
2030-10-27 15:00:00,262.4857518154043
2030-10-27 16:00:00,263.0433320234959
2030-10-27 17:00:00,264.1389146599687
2030-10-27 18:00:00,265.6073819853176
2030-10-27 19:00:00,267.2610786322545
2030-10-27 20:00:00,268.9025511547604
2030-10-27 21:00:00,270.33803842850523
2030-10-27 22:00:00,271.3907379936612
2030-10-27 23:00:00,271.91288144029306
2030-10-28 00:00:00,271.79574400457506
2030-10-28 01:00:00,270.96817655787254
2030-10-28 02:00:00,270.16573488321103
2030-10-28 03:00:00,269.3918100493451
2030-10-28 04:00:00,268.6452945951477
2030-10-28 05:00:00,267.92513079615503
2030-10-28 06:00:00,267.2303079454938
2030-10-28 07:00:00,266.5598598183435
2030-10-28 08:00:00,265.91286230501464
2030-10-28 09:00:00,265.2884311991315
2030-10-28 10:00:00,264.6857201286677
2030-10-28 11:00:00,264.1039186187095
2030-10-28 12:00:00,263.54225027582953
2030-10-28 13:00:00,262.99997108486065
2030-10-28 14:00:00,262.4763678096721
2030-10-28 15:00:00,262.36297478458766
2030-10-28 16:00:00,262.9182483549499
2030-10-28 17:00:00,264.01062356618166
2030-10-28 18:00:00,265.47501685374635
2030-10-28 19:00:00,267.1239074453454
2030-10-28 20:00:00,268.76006514314696
2030-10-28 21:00:00,270.19002259519306
2030-10-28 22:00:00,271.2373184723935
2030-10-28 23:00:00,271.7545464650469
2030-10-29 00:00:00,271.63333738032554
2030-10-29 01:00:00,270.8742242782389
2030-10-29 02:00:00,270.14664641329523
2030-10-29 03:00:00,269.44920992323205
2030-10-29 04:00:00,268.7805895412866
2030-10-29 05:00:00,268.13952463378337
2030-10-29 06:00:00,267.52481551554314
2030-10-29 07:00:00,266.9353200195988
2030-10-29 08:00:00,266.36995030003396
2030-10-29 09:00:00,265.8276698488275
2030-10-29 10:00:00,265.307490709426
2030-10-29 11:00:00,264.80847087140415
2030-10-29 12:00:00,264.3297118320325
2030-10-29 13:00:00,263.8703563118802
2030-10-29 14:00:00,263.4295861127454
2030-10-29 15:00:00,263.3853506632635
2030-10-29 16:00:00,264.00674306444114
2030-10-29 17:00:00,265.1584246106924
2030-10-29 18:00:00,266.6725227755755
2030-10-29 19:00:00,268.3598711287553
2030-10-29 20:00:00,270.0228208321052
2030-10-29 21:00:00,271.4687127580557
2030-10-29 22:00:00,272.5230342865752
2030-10-29 23:00:00,273.04130086578743
2030-10-30 00:00:00,272.9188022205627
2030-10-30 01:00:00,272.14004233082915
2030-10-30 02:00:00,271.39641227019314
2030-10-30 03:00:00,270.68623878572225
2030-10-30 04:00:00,270.0079363233325
2030-10-30 05:00:00,269.3600017031158
2030-10-30 06:00:00,268.74100918379946
2030-10-30 07:00:00,268.1496058820369
2030-10-30 08:00:00,267.58450751577976
2030-10-30 09:00:00,267.0444944441111
2030-10-30 10:00:00,266.52840797868777
2030-10-30 11:00:00,266.0351469443933
2030-10-30 12:00:00,265.56366446897687
2030-10-30 13:00:00,265.11296498338936
2030-10-30 14:00:00,264.6821014162508
2030-10-30 15:00:00,264.6355648632043
2030-10-30 16:00:00,265.25397209803015
2030-10-30 17:00:00,266.3998036453795
2030-10-30 18:00:00,267.9036366241497
2030-10-30 19:00:00,269.57545971643987
2030-10-30 20:00:00,271.21751451542264
2030-10-30 21:00:00,272.6377480912067
2030-10-30 22:00:00,273.66290068885286
2030-10-30 23:00:00,274.1502729803899
2030-10-31 00:00:00,273.99732138719475
2030-10-31 01:00:00,273.09593564162736
2030-10-31 02:00:00,272.22796496073397
2030-10-31 03:00:00,271.39204965763776
2030-10-31 04:00:00,270.5868944079109
2030-10-31 05:00:00,269.81126452216307
2030-10-31 06:00:00,269.0639824856158
2030-10-31 07:00:00,268.34392474165145
2030-10-31 08:00:00,267.6500186986262
2030-10-31 09:00:00,266.9812399412777
2030-10-31 10:00:00,266.3366096298734
2030-10-31 11:00:00,265.7151920718597
2030-10-31 12:00:00,265.116092452212
2030-10-31 13:00:00,264.5384547099734
2030-10-31 14:00:00,263.9814595496181
2030-10-31 15:00:00,263.7965311604331
2030-10-31 16:00:00,264.28013554276265
2030-10-31 17:00:00,265.3003239437621
2030-10-31 18:00:00,266.6919889846782
2030-10-31 19:00:00,268.2679270277289
2030-10-31 20:00:00,269.8315249685225
2030-10-31 21:00:00,271.1901715703896
2030-10-31 22:00:00,272.1684235504693
2030-10-31 23:00:00,272.6199667963938
2030-11-01 00:00:00,272.4375067051626
2030-11-01 01:00:00,271.58481452471494
2030-11-01 02:00:00,270.7627960260425
2030-11-01 03:00:00,269.9702405573289
2030-11-01 04:00:00,269.20599301977575
2030-11-01 05:00:00,268.46895075060814
2030-11-01 06:00:00,267.75806062234057
2030-11-01 07:00:00,267.07231634024583
2030-11-01 08:00:00,266.4107559217193
2030-11-01 09:00:00,265.7724593427897
2030-11-01 10:00:00,265.1565463384176
2030-11-01 11:00:00,264.5621743444651
2030-11-01 12:00:00,263.98853657033146
2030-11-01 13:00:00,263.43486019224605
2030-11-01 14:00:00,262.90040465810296
2030-11-01 15:00:00,262.7236445551809
2030-11-01 16:00:00,263.2139893076122
2030-11-01 17:00:00,264.24037362958745
2030-11-01 18:00:00,265.6384631846125
2030-11-01 19:00:00,267.2216737476958
2030-11-01 20:00:00,268.7938234304592
2030-11-01 21:00:00,270.1625213622487
2030-11-01 22:00:00,271.1523255002191
2030-11-01 23:00:00,271.6167111793376
2030-11-02 00:00:00,271.44798410988614
2030-11-02 01:00:00,270.6076010838433
2030-11-02 02:00:00,269.79562698286617
2030-11-02 03:00:00,269.0109976911062
2030-11-02 04:00:00,268.2526960174065
2030-11-02 05:00:00,267.5197491404433
2030-11-02 06:00:00,266.81122622633063
2030-11-02 07:00:00,266.12623620470157
2030-11-02 08:00:00,265.46392569059236
2030-11-02 09:00:00,264.8234770406315
2030-11-02 10:00:00,264.2041065330877
2030-11-02 11:00:00,263.6050626622744
2030-11-02 12:00:00,263.0256245386542
2030-11-02 13:00:00,262.4651003867507
2030-11-02 14:00:00,261.92282613365836
2030-11-02 15:00:00,261.724489014097
2030-11-02 16:00:00,262.1926108806276
2030-11-02 17:00:00,263.1977469132228
2030-11-02 18:00:00,264.57690885003444
2030-11-02 19:00:00,266.14450430861166
2030-11-02 20:00:00,267.7049311728977
2030-11-02 21:00:00,269.06593584953015
2030-11-02 22:00:00,270.0517714638986
2030-11-02 23:00:00,270.51519840259476
2030-11-03 00:00:00,270.34745879429903
2030-11-03 01:00:00,269.6244526064324
2030-11-03 02:00:00,268.93035368700623
2030-11-03 03:00:00,268.26393074716583
2030-11-03 04:00:00,267.62401100294335
2030-11-03 05:00:00,267.00947690571445
2030-11-03 06:00:00,266.4192630946881
2030-11-03 07:00:00,265.8523535532278
2030-11-03 08:00:00,265.3077789525477
2030-11-03 09:00:00,264.78461416788537
2030-11-03 10:00:00,264.2819759536385
2030-11-03 11:00:00,263.7990207651989
2030-11-03 12:00:00,263.3349427163258
2030-11-03 13:00:00,262.8889716618988
2030-11-03 14:00:00,262.46037139678697
2030-11-03 15:00:00,262.3620729382293
2030-11-03 16:00:00,262.9266522081031
2030-11-03 17:00:00,264.02067072852293
2030-11-03 18:00:00,265.47816601716755
2030-11-03 19:00:00,267.1117648912379
2030-11-03 20:00:00,268.725373378902
2030-11-03 21:00:00,270.1275421607637
2030-11-03 22:00:00,271.1445407364189
2030-11-03 23:00:00,271.63218770293025
2030-11-04 00:00:00,271.4855814920291
2030-11-04 01:00:00,270.68499660941757
2030-11-04 02:00:00,269.9143380951203
2030-11-04 03:00:00,269.1723935829603
2030-11-04 04:00:00,268.4580068687961
2030-11-04 05:00:00,267.770074774604
2030-11-04 06:00:00,267.10754422795094
2030-11-04 07:00:00,266.46940953901924
2030-11-04 08:00:00,265.8547098590647
2030-11-04 09:00:00,265.26252680572173
2030-11-04 10:00:00,264.6919822419366
2030-11-04 11:00:00,264.1422361965328
2030-11-04 12:00:00,263.6124849155053
2030-11-04 13:00:00,263.10195903412404
2030-11-04 14:00:00,262.6099218608048
2030-11-04 15:00:00,262.4367872904554
2030-11-04 16:00:00,262.9279878670087
2030-11-04 17:00:00,263.952025480109
2030-11-04 18:00:00,265.34451287579753
2030-11-04 19:00:00,266.91918728156287
2030-11-04 20:00:00,268.4805310928857
2030-11-04 21:00:00,269.8371047540378
2030-11-04 22:00:00,270.8146284246783
2030-11-04 23:00:00,271.2678598652926
2030-11-05 00:00:00,271.0904094003305
2030-11-05 01:00:00,270.3508758041846
2030-11-05 02:00:00,269.64181762224064
2030-11-05 03:00:00,268.96189970975473
2030-11-05 04:00:00,268.3098519695531
2030-11-05 05:00:00,267.6844656371755
2030-11-05 06:00:00,267.0845898233192
2030-11-05 07:00:00,266.50912829207147
2030-11-05 08:00:00,265.9570364555244
2030-11-05 09:00:00,265.4273185672391
2030-11-05 10:00:00,264.91902509869146
2030-11-05 11:00:00,264.4312502843201
2030-11-05 12:00:00,263.9631298221238
2030-11-05 13:00:00,263.5138387179452
2030-11-05 14:00:00,263.0825892626413
2030-11-05 15:00:00,262.95741261146003
2030-11-05 16:00:00,263.4943599236036
2030-11-05 17:00:00,264.55954727176254
2030-11-05 18:00:00,265.9868625034301
2030-11-05 19:00:00,267.589074414715
2030-11-05 20:00:00,269.1704993958747
2030-11-05 21:00:00,270.54032546442266
2030-11-05 22:00:00,271.52562947628826
2030-11-05 23:00:00,271.98313900099026
2030-11-06 00:00:00,271.80888846496947
2030-11-06 01:00:00,270.9592671764322
2030-11-06 02:00:00,270.13864156713544
2030-11-06 03:00:00,269.34591580281375
2030-11-06 04:00:00,268.58004277115407
2030-11-06 05:00:00,267.8400214085827
2030-11-06 06:00:00,267.1248942088791
2030-11-06 07:00:00,266.4337448987562
2030-11-06 08:00:00,265.76569626695334
2030-11-06 09:00:00,265.1199081346467
2030-11-06 10:00:00,264.4955754561039
2030-11-06 11:00:00,263.89192653951903
2030-11-06 12:00:00,263.3082213788672
2030-11-06 13:00:00,262.7437500884285
2030-11-06 14:00:00,262.19783143236447
2030-11-06 15:00:00,261.9464431314398
2030-11-06 16:00:00,262.35941575627714
2030-11-06 17:00:00,263.3078112987793
2030-11-06 18:00:00,264.6294066666839
2030-11-06 19:00:00,266.1395717130242
2030-11-06 20:00:00,267.64378814023195
2030-11-06 21:00:00,268.95092338227664
2030-11-06 22:00:00,269.8863018658862
2030-11-06 23:00:00,270.30362287518375
2030-11-07 00:00:00,270.0948631959794
2030-11-07 01:00:00,269.2734295994883
2030-11-07 02:00:00,268.47789199368043
2030-11-07 03:00:00,267.70733549498357
2030-11-07 04:00:00,266.9608837955911
2030-11-07 05:00:00,266.2376971358982
2030-11-07 06:00:00,265.53697040932065
2030-11-07 07:00:00,264.8579313891311
2030-11-07 08:00:00,264.1998390678871
2030-11-07 09:00:00,263.561982100867
2030-11-07 10:00:00,262.94367734568897
2030-11-07 11:00:00,262.3442684909697
2030-11-07 12:00:00,261.76312476749473
2030-11-07 13:00:00,261.19963973592826
2030-11-07 14:00:00,260.6532301455907
2030-11-07 15:00:00,260.38800382301196
2030-11-07 16:00:00,260.785933827181
2030-11-07 17:00:00,261.7199822526404
2030-11-07 18:00:00,263.0294986400595
2030-11-07 19:00:00,264.53100652666615
2030-11-07 20:00:00,266.03065658996485
2030-11-07 21:00:00,267.33746673910287
2030-11-07 22:00:00,268.2763954948884
2030-11-07 23:00:00,268.700298798241
2030-11-08 00:00:00,268.49990592578916
2030-11-08 01:00:00,267.8315246118878
2030-11-08 02:00:00,267.18880079989407
2030-11-08 03:00:00,266.57068572307503
2030-11-08 04:00:00,265.9761783997689
2030-11-08 05:00:00,265.40432307485145
2030-11-08 06:00:00,264.8542068275735
2030-11-08 07:00:00,264.32495733271026
2030-11-08 08:00:00,263.81574076316343
2030-11-08 09:00:00,263.32575982323146
2030-11-08 10:00:00,262.85425190272764
2030-11-08 11:00:00,262.40048734299245
2030-11-08 12:00:00,261.96376780662456
2030-11-08 13:00:00,261.54342474345793
2030-11-08 14:00:00,261.1388179459452
2030-11-08 15:00:00,261.002234250679
2030-11-08 16:00:00,261.5249291949895
2030-11-08 17:00:00,262.5754016135915
2030-11-08 18:00:00,263.9896425189471
2030-11-08 19:00:00,265.5821220658833
2030-11-08 20:00:00,267.158357275528
2030-11-08 21:00:00,268.5281694198218
2030-11-08 22:00:00,269.51867357377256
2030-11-08 23:00:00,269.9860552381848
2030-11-09 00:00:00,269.8252830640823
2030-11-09 01:00:00,269.1094432063959
2030-11-09 02:00:00,268.4214216160728
2030-11-09 03:00:00,267.7600633737961
2030-11-09 04:00:00,267.12426727183487
2030-11-09 05:00:00,266.5129828631353
2030-11-09 06:00:00,265.9252077079031
2030-11-09 07:00:00,265.35998480172276
2030-11-09 08:00:00,264.81640017076387
2030-11-09 09:00:00,264.29358062097253
2030-11-09 10:00:00,263.79069162934826
2030-11-09 11:00:00,263.30693536648556
2030-11-09 12:00:00,262.8415488405251
2030-11-09 13:00:00,262.3938021535296
2030-11-09 14:00:00,261.96299686207925
2030-11-09 15:00:00,261.78979413023535
2030-11-09 16:00:00,262.2763300567001
2030-11-09 17:00:00,263.2909909854051
2030-11-09 18:00:00,264.66977463626955
2030-11-09 19:00:00,266.227267011949
2030-11-09 20:00:00,267.7691934336889
2030-11-09 21:00:00,269.10565342444266
2030-11-09 22:00:00,270.0640832838121
2030-11-09 23:00:00,270.5010030913456
2030-11-10 00:00:00,270.31169937342304
2030-11-10 01:00:00,269.5647332268328
2030-11-10 02:00:00,268.84613201476265
2030-11-10 03:00:00,268.1547378001288
2030-11-10 04:00:00,267.4894460838048
2030-11-10 05:00:00,266.84920286422306
2030-11-10 06:00:00,266.2330018950198
2030-11-10 07:00:00,265.6398821246252
2030-11-10 08:00:00,265.06892530322824
2030-11-10 09:00:00,264.5192537439082
2030-11-10 10:00:00,263.99002822594366
2030-11-10 11:00:00,263.48044602939996
2030-11-10 12:00:00,262.98973909107485
2030-11-10 13:00:00,262.51717227276066
2030-11-10 14:00:00,262.06204173357077
2030-11-10 15:00:00,261.8536359153378
2030-11-10 16:00:00,262.3051273905274
2030-11-10 17:00:00,263.285684004552
2030-11-10 18:00:00,264.63199508749494
2030-11-10 19:00:00,266.15920259780745
2030-11-10 20:00:00,267.67341508009906
2030-11-10 21:00:00,268.9849172384814
2030-11-10 22:00:00,269.92112120574325
2030-11-10 23:00:00,270.33831735441015
2030-11-11 00:00:00,270.1313756881732
2030-11-11 01:00:00,269.32943542373795
2030-11-11 02:00:00,268.5540689710418
2030-11-11 03:00:00,267.80430206681217
2030-11-11 04:00:00,267.0792024189164
2030-11-11 05:00:00,266.37787747723314
2030-11-11 06:00:00,265.6994723512512
2030-11-11 07:00:00,265.0431678627874
2030-11-11 08:00:00,264.40817872328137
2030-11-11 09:00:00,263.7937518260775
2030-11-11 10:00:00,263.1991646449629
2030-11-11 11:00:00,262.62372373099845
2030-11-11 12:00:00,262.0667633003755
2030-11-11 13:00:00,261.52764390665374
2030-11-11 14:00:00,261.00575119130195
2030-11-11 15:00:00,260.7192978308136
2030-11-11 16:00:00,261.0932230946905
2030-11-11 17:00:00,262.0001181276346
2030-11-11 18:00:00,263.27941132246093
2030-11-11 19:00:00,264.74813674833365
2030-11-11 20:00:00,266.2133396113662
2030-11-11 21:00:00,267.48524180549146
2030-11-11 22:00:00,268.3902189859726
2030-11-11 23:00:00,268.7826464749997
2030-11-12 00:00:00,268.55475827371066
2030-11-12 01:00:00,267.78793040515404
2030-11-12 02:00:00,267.04542570662994
2030-11-12 03:00:00,266.326387794521
2030-11-12 04:00:00,265.6299958570269
2030-11-12 05:00:00,264.9554628272787
2030-11-12 06:00:00,264.3020336728098
2030-11-12 07:00:00,263.66898379248096
2030-11-12 08:00:00,263.0556175127468
2030-11-12 09:00:00,262.46126667585986
2030-11-12 10:00:00,261.88528931325084
2030-11-12 11:00:00,261.3270683978983
2030-11-12 12:00:00,260.7860106700253
2030-11-12 13:00:00,260.2615455309308
2030-11-12 14:00:00,259.75312400019254
2030-11-12 15:00:00,259.4680737879319
2030-11-12 16:00:00,259.8420079152383
2030-11-12 17:00:00,260.74861437394327
2030-11-12 18:00:00,262.02826761005525
2030-11-12 19:00:00,263.4987424996422
2030-11-12 20:00:00,264.9675773210803
2030-11-12 21:00:00,266.2452127398506
2030-11-12 22:00:00,267.1579611142274
2030-11-12 23:00:00,267.55986473998666
2030-11-13 00:00:00,267.3425867248573
2030-11-13 01:00:00,266.77380216461955
2030-11-13 02:00:00,266.2287622633974
2030-11-13 03:00:00,265.70643014145213
2030-11-13 04:00:00,265.20581800168674
2030-11-13 05:00:00,264.7259844870133
2030-11-13 06:00:00,264.26603220662616
2030-11-13 07:00:00,263.82510541820375
2030-11-13 08:00:00,263.4023878542363
2030-11-13 09:00:00,262.9971006817301
2030-11-13 10:00:00,262.60850058548516
2030-11-13 11:00:00,262.235877965992
2030-11-13 12:00:00,261.8785552437618
2030-11-13 13:00:00,261.53588526259233
2030-11-13 14:00:00,261.20724978489784
2030-11-13 15:00:00,261.0891838620713
2030-11-13 16:00:00,261.62528985295074
2030-11-13 17:00:00,262.6827310550913
2030-11-13 18:00:00,264.09695641713273
2030-11-13 19:00:00,265.6827014985774
2030-11-13 20:00:00,267.24651543574777
2030-11-13 21:00:00,268.5999242918098
2030-11-13 22:00:00,269.57227936877075
2030-11-13 23:00:00,270.0223557550888
2030-11-14 00:00:00,269.84786389270016
2030-11-14 01:00:00,269.13074556634234
2030-11-14 02:00:00,268.441475811078
2030-11-14 03:00:00,267.77889900355984
2030-11-14 04:00:00,267.14191325623347
2030-11-14 05:00:00,266.52946746458105
2030-11-14 06:00:00,265.9405585520512
2030-11-14 07:00:00,265.37422889669864
2030-11-14 08:00:00,264.8295639250654
2030-11-14 09:00:00,264.3056898601842
2030-11-14 10:00:00,263.8017716117905
2030-11-14 11:00:00,263.3170107979077
2030-11-14 12:00:00,262.85064388794007
2030-11-14 13:00:00,262.401940458277
2030-11-14 14:00:00,261.9702015521948
2030-11-14 15:00:00,261.7413748706712
2030-11-14 16:00:00,262.16957181441677
2030-11-14 17:00:00,263.12409309905894
2030-11-14 18:00:00,264.4421003728083
2030-11-14 19:00:00,265.9395056582464
2030-11-14 20:00:00,267.42342260716987
2030-11-14 21:00:00,268.70529659785717
2030-11-14 22:00:00,269.61376561626963
2030-11-14 23:00:00,270.00631676811076
2030-11-15 00:00:00,269.778896875443
2030-11-15 01:00:00,268.94661212960676
2030-11-15 02:00:00,268.1392135022545
2030-11-15 03:00:00,267.3558557445986
2030-11-15 04:00:00,266.59572840269044
2030-11-15 05:00:00,265.8580540146136
2030-11-15 06:00:00,265.1420864238476
2030-11-15 07:00:00,264.44710919984595
2030-11-15 08:00:00,263.77243415766844
2030-11-15 09:00:00,263.1173999692272
2030-11-15 10:00:00,262.4813708593507
2030-11-15 11:00:00,261.86373538045325
2030-11-15 12:00:00,261.26390526012506
2030-11-15 13:00:00,260.6813143164326
2030-11-15 14:00:00,260.11541743615123
2030-11-15 15:00:00,259.74202284449973
2030-11-15 16:00:00,260.0267305265492
2030-11-15 17:00:00,260.8450103590585
2030-11-15 18:00:00,262.0389040226283
2030-11-15 19:00:00,263.42762589191585
2030-11-15 20:00:00,264.81982705091946
2030-11-15 21:00:00,266.0266573164537
2030-11-15 22:00:00,266.87468598477597
2030-11-15 23:00:00,267.2177441605772
2030-11-16 00:00:00,266.9468338734879
2030-11-16 01:00:00,266.2974579126677
2030-11-16 02:00:00,265.6712198571057
2030-11-16 03:00:00,265.0672354544612
2030-11-16 04:00:00,264.4846585257999
2030-11-16 05:00:00,263.922679017765
2030-11-16 06:00:00,263.38052117649846
2030-11-16 07:00:00,262.8574418341269
2030-11-16 08:00:00,262.352728799437
2030-11-16 09:00:00,261.8656993450923
2030-11-16 10:00:00,261.39569878440204
2030-11-16 11:00:00,260.9420991312425
2030-11-16 12:00:00,260.50429783727037
2030-11-16 13:00:00,260.0817166010488
2030-11-16 14:00:00,259.67380024414865
2030-11-16 15:00:00,259.4462952065733
2030-11-16 16:00:00,259.8731908496304
2030-11-16 17:00:00,260.8262191011871
2030-11-16 18:00:00,262.1445924188885
2030-11-16 19:00:00,263.6457790667408
2030-11-16 20:00:00,265.1378696485993
2030-11-16 21:00:00,266.43266002025723
2030-11-16 22:00:00,267.358507896958
2030-11-16 23:00:00,267.77202971914596
2030-11-17 00:00:00,267.56779374782815
2030-11-17 01:00:00,266.8704749088856
2030-11-17 02:00:00,266.19690096647514
2030-11-17 03:00:00,265.54619391390133
2030-11-17 04:00:00,264.9175129659067
2030-11-17 05:00:00,264.3100526525
2030-11-17 06:00:00,263.7230410329551
2030-11-17 07:00:00,263.155738020848
2030-11-17 08:00:00,262.6074338118061
2030-11-17 09:00:00,262.0774474063731
2030-11-17 10:00:00,261.5651252210454
2030-11-17 11:00:00,261.06983978113004
2030-11-17 12:00:00,260.5909884896063
2030-11-17 13:00:00,260.1279924666563
2030-11-17 14:00:00,259.6802954549696
2030-11-17 15:00:00,259.40382268919257
2030-11-17 16:00:00,259.7820646151226
2030-11-17 17:00:00,260.6879900595873
2030-11-17 18:00:00,261.96185679242933
2030-11-17 19:00:00,263.421919875794
2030-11-17 20:00:00,264.8767479345916
2030-11-17 21:00:00,266.138276796488
2030-11-17 22:00:00,267.03466059848284
2030-11-17 23:00:00,267.42198777079625
2030-11-18 00:00:00,267.19401658343287
2030-11-18 01:00:00,266.47095213500853
2030-11-18 02:00:00,265.7707067352237
2030-11-18 03:00:00,265.09248550339044
2030-11-18 04:00:00,264.4355259944799
2030-11-18 05:00:00,263.79909657140036
2030-11-18 06:00:00,263.1824948784345
2030-11-18 07:00:00,262.58504640827675
2030-11-18 08:00:00,262.00610315576546
2030-11-18 09:00:00,261.44504235199753
2030-11-18 10:00:00,260.9012652730462
2030-11-18 11:00:00,260.37419611798526
2030-11-18 12:00:00,259.86328095136156
2030-11-18 13:00:00,259.3679867056527
2030-11-18 14:00:00,258.88780023960726
2030-11-18 15:00:00,258.56910583943915
2030-11-18 16:00:00,258.90479795132654
2030-11-18 17:00:00,259.76967523618345
2030-11-18 18:00:00,261.00550768537414
2030-11-18 19:00:00,262.4316533784761
2030-11-18 20:00:00,263.85730896810446
2030-11-18 21:00:00,265.09452932561373
2030-11-18 22:00:00,265.97108010359256
2030-11-18 23:00:00,266.34219135796775
2030-11-19 00:00:00,266.1003644189994
2030-11-19 01:00:00,265.4336629442157
2030-11-19 02:00:00,264.78875851581876
2030-11-19 03:00:00,264.1648755671152
2030-11-19 04:00:00,263.5612702643331
2030-11-19 05:00:00,262.9772289340852
2030-11-19 06:00:00,262.4120665868547
2030-11-19 07:00:00,261.8651255294369
2030-11-19 08:00:00,261.3357740598764
2030-11-19 09:00:00,260.82340523898404
2030-11-19 10:00:00,260.3274357330137
2030-11-19 11:00:00,259.84730472252585
2030-11-19 12:00:00,259.38247287286964
2030-11-19 13:00:00,258.93242136208454
2030-11-19 14:00:00,258.4966509623561
2030-11-19 15:00:00,258.2122202317892
2030-11-19 16:00:00,258.58059614213977
2030-11-19 17:00:00,259.4759586517489
2030-11-19 18:00:00,260.73967785640997
2030-11-19 19:00:00,262.1909553598233
2030-11-19 20:00:00,263.6390826910426
2030-11-19 21:00:00,264.8964512409378
2030-11-19 22:00:00,265.79137794773584
2030-11-19 23:00:00,266.17981679986354
2030-11-20 00:00:00,265.9551115668545
2030-11-20 01:00:00,265.33458205710633
2030-11-20 02:00:00,264.73583657535676
2030-11-20 03:00:00,264.1580561029552
2030-11-20 04:00:00,263.60045623882127
2030-11-20 05:00:00,263.06228546478894
2030-11-20 06:00:00,262.5428235170223
2030-11-20 07:00:00,262.04137985567445
2030-11-20 08:00:00,261.55729222563497
2030-11-20 09:00:00,261.0899253018228
2030-11-20 10:00:00,260.63866941302905
2030-11-20 11:00:00,260.20293933881425
2030-11-20 12:00:00,259.7821731744145
2030-11-20 13:00:00,259.37583125901955
2030-11-20 14:00:00,258.98339516315724
2030-11-20 15:00:00,258.7328125996964
2030-11-20 16:00:00,259.13371545197117
2030-11-20 17:00:00,260.0588373611094
2030-11-20 18:00:00,261.3485087004663
2030-11-20 19:00:00,262.8213568678144
2030-11-20 20:00:00,264.2865931460452
2030-11-20 21:00:00,265.55701743147614
2030-11-20 22:00:00,266.46180451739554
2030-11-20 23:00:00,266.8581443699904
2030-11-21 00:00:00,266.6408970275078
2030-11-21 01:00:00,265.9473871058639
2030-11-21 02:00:00,265.27622009797085
2030-11-21 03:00:00,264.62660776430255
2030-11-21 04:00:00,263.9977941076585
2030-11-21 05:00:00,263.38905376454085
2030-11-21 06:00:00,262.7996904956752
2030-11-21 07:00:00,262.2290357683162
2030-11-21 08:00:00,261.67644742361705
2030-11-21 09:00:00,261.1413084229108
2030-11-21 10:00:00,260.6230256672719
2030-11-21 11:00:00,260.1210288851925
2030-11-21 12:00:00,259.6347695836332
2030-11-21 13:00:00,259.16372005809205
2030-11-21 14:00:00,258.7073724576853
2030-11-21 15:00:00,258.3848405875891
2030-11-21 16:00:00,258.71440985477835
2030-11-21 17:00:00,259.57091337120784
2030-11-21 18:00:00,260.7963957234999
2030-11-21 19:00:00,262.21070671283
2030-11-21 20:00:00,263.6237133970857
2030-11-21 21:00:00,264.848268428104
2030-11-21 22:00:00,265.7130021990861
2030-11-21 23:00:00,266.07401159649834
2030-11-22 00:00:00,265.8246026207049
2030-11-22 01:00:00,265.1276742707787
2030-11-22 02:00:00,264.4519083155985
2030-11-22 03:00:00,263.7965932927068
2030-11-22 04:00:00,263.1610458654582
2030-11-22 05:00:00,262.5446094517585
2030-11-22 06:00:00,261.9466529356563
2030-11-22 07:00:00,261.3665694557702
2030-11-22 08:00:00,260.8037752650415
2030-11-22 09:00:00,260.2577086567609
2030-11-22 10:00:00,259.72782895223304
2030-11-22 11:00:00,259.21361554582
2030-11-22 12:00:00,258.7145670034458
2030-11-22 13:00:00,258.2302002109559
2030-11-22 14:00:00,257.760049569009
2030-11-22 15:00:00,257.41467952669007
2030-11-22 16:00:00,257.7206313722149
2030-11-22 17:00:00,258.55411602274717
2030-11-22 18:00:00,259.758336316962
2030-11-22 19:00:00,261.15401133924183
2030-11-22 20:00:00,262.5515368586856
2030-11-22 21:00:00,263.7639245640332
2030-11-22 22:00:00,264.6195907032818
2030-11-22 23:00:00,264.9740679176707
2030-11-23 00:00:00,264.7197961361886
2030-11-23 01:00:00,264.0612052107429
2030-11-23 02:00:00,263.42268032833704
2030-11-23 03:00:00,262.8035491237369
2030-11-23 04:00:00,262.2031654983855
2030-11-23 05:00:00,261.6209083632673
2030-11-23 06:00:00,261.0561804561966
2030-11-23 07:00:00,260.5084072282285
2030-11-23 08:00:00,259.97703579432954
2030-11-23 09:00:00,259.461533943842
2030-11-23 10:00:00,258.9613892066381
2030-11-23 11:00:00,258.4761079711855
2030-11-23 12:00:00,258.0052146510475
2030-11-23 13:00:00,257.5482508966084
2030-11-23 14:00:00,257.1047748490663
2030-11-23 15:00:00,256.77704182048274
2030-11-23 16:00:00,257.09934459866264
2030-11-23 17:00:00,257.94795337709024
2030-11-23 18:00:00,259.1661938973523
2030-11-23 19:00:00,260.57496533421386
2030-11-23 20:00:00,261.98488966486474
2030-11-23 21:00:00,263.2092360962413
2030-11-23 22:00:00,264.0766924344772
2030-11-23 23:00:00,264.4430586832024
2030-11-24 00:00:00,264.20102025898075
2030-11-24 01:00:00,263.5726904555571
2030-11-24 02:00:00,262.96394102133945
2030-11-24 03:00:00,262.37410653202625
2030-11-24 04:00:00,261.80254763829265
2030-11-24 05:00:00,261.2486498254604
2030-11-24 06:00:00,260.7118222459233
2030-11-24 07:00:00,260.191496619187
2030-11-24 08:00:00,259.6871261948031
2030-11-24 09:00:00,259.198184773863
2030-11-24 10:00:00,258.72416578506227
2030-11-24 11:00:00,258.2645814116665
2030-11-24 12:00:00,257.8189617659932
2030-11-24 13:00:00,257.3868541082913
2030-11-24 14:00:00,256.9678221071351
2030-11-24 15:00:00,256.65605569438134
2030-11-24 16:00:00,256.9932811011219
2030-11-24 17:00:00,257.8554434175287
2030-11-24 18:00:00,259.0856888909788
2030-11-24 19:00:00,260.50489287949534
2030-11-24 20:00:00,261.9238086357489
2030-11-24 21:00:00,263.15598028795307
2030-11-24 22:00:00,264.03049258480576
2030-11-24 23:00:00,264.403634245978
2030-11-25 00:00:00,264.1686346056816
2030-11-25 01:00:00,263.63546020857143
2030-11-25 02:00:00,263.12156761313906
2030-11-25 03:00:00,262.62622001383323
2030-11-25 04:00:00,262.14871161994637
2030-11-25 05:00:00,261.68836614167583
2030-11-25 06:00:00,261.2445353651744
2030-11-25 07:00:00,260.816597810282
2030-11-25 08:00:00,260.40395746515503
2030-11-25 09:00:00,260.00604259248496
2030-11-25 10:00:00,259.6223046024302
2030-11-25 11:00:00,259.2522169877733
2030-11-25 12:00:00,258.89527431717397
2030-11-25 13:00:00,258.55099128270814
2030-11-25 14:00:00,258.21890179818047
2030-11-25 15:00:00,257.9853624462135
2030-11-25 16:00:00,258.3988774071244
2030-11-25 17:00:00,259.3322226670102
2030-11-25 18:00:00,260.62615735200313
2030-11-25 19:00:00,262.10009052345475
2030-11-25 20:00:00,263.56430909850155
2030-11-25 21:00:00,264.8329022148543
2030-11-25 22:00:00,265.73645173912854
2030-11-25 23:00:00,266.13356882577557
2030-11-26 00:00:00,265.92044530406616
2030-11-26 01:00:00,265.30350255843524
2030-11-26 02:00:00,264.7083004491056
2030-11-26 03:00:00,264.13401922196533
2030-11-26 04:00:00,263.57987382549845
2030-11-26 05:00:00,263.04511217153595
2030-11-26 06:00:00,262.52901350230275
2030-11-26 07:00:00,262.0308868559191
2030-11-26 08:00:00,261.55006962319135
2030-11-26 09:00:00,261.085926189136
2030-11-26 10:00:00,260.6378466532337
2030-11-26 11:00:00,260.20524562290734
2030-11-26 12:00:00,259.78756107517
2030-11-26 13:00:00,259.3842532817977
2030-11-26 14:00:00,258.99480379375404
2030-11-26 15:00:00,258.6979805022753
2030-11-26 16:00:00,259.0493610323882
2030-11-26 17:00:00,259.9225055836011
2030-11-26 18:00:00,261.1588514735952
2030-11-26 19:00:00,262.57833116939344
2030-11-26 20:00:00,263.9915620984658
2030-11-26 21:00:00,265.21274654802244
2030-11-26 22:00:00,266.07235332428627
2030-11-26 23:00:00,266.42866183768695
2030-11-27 00:00:00,266.1773368363801
2030-11-27 01:00:00,265.54487394856415
2030-11-27 02:00:00,264.9344795964217
2030-11-27 03:00:00,264.34532724809713
2030-11-27 04:00:00,263.7766252859127
2030-11-27 05:00:00,263.2276152521713
2030-11-27 06:00:00,262.697570202695
2030-11-27 07:00:00,262.1857931601135
2030-11-27 08:00:00,261.6916156596081
2030-11-27 09:00:00,261.2143963804394
2030-11-27 10:00:00,260.75351985715224
2030-11-27 11:00:00,260.3083952648573
2030-11-27 12:00:00,259.8784552734526
2030-11-27 13:00:00,259.46315496606354
2030-11-27 14:00:00,259.0619708173617
2030-11-27 15:00:00,258.74639873894364
2030-11-27 16:00:00,259.0788084211044
2030-11-27 17:00:00,259.93313365684156
2030-11-27 18:00:00,261.15117211998125
2030-11-27 19:00:00,262.55317880801624
2030-11-27 20:00:00,263.95003353844055
2030-11-27 21:00:00,265.15612255940306
2030-11-27 22:00:00,266.00200744309865
2030-11-27 23:00:00,266.3459630081821
2030-11-28 00:00:00,266.0835530220409
2030-11-28 01:00:00,265.469520802851
2030-11-28 02:00:00,264.8774563446508
2030-11-28 03:00:00,264.30652057696653
2030-11-28 04:00:00,263.75591029290683
2030-11-28 05:00:00,263.2248563404998
2030-11-28 06:00:00,262.71262192505384
2030-11-28 07:00:00,262.2185010143158
2030-11-28 08:00:00,261.7418168389126
2030-11-28 09:00:00,261.28192048120604
2030-11-28 10:00:00,260.8381895462703
2030-11-28 11:00:00,260.4100269092272
2030-11-28 12:00:00,259.9968595336484
2030-11-28 13:00:00,259.5981373561642
2030-11-28 14:00:00,259.2133322328104
2030-11-28 15:00:00,258.90694340318254
2030-11-28 16:00:00,259.2477833931613
2030-11-28 17:00:00,260.10933507655267
2030-11-28 18:00:00,261.3331159697434
2030-11-28 19:00:00,262.7392855598804
2030-11-28 20:00:00,264.13881446004837
2030-11-28 21:00:00,265.34635493570306
2030-11-28 22:00:00,266.19288648484326
2030-11-28 23:00:00,266.5372197943479
2030-11-29 00:00:00,266.27553035844284
2030-11-29 01:00:00,265.53846080923677
2030-11-29 02:00:00,264.82265597467125
2030-11-29 03:00:00,264.1274249189584
2030-11-29 04:00:00,263.4521036511211
2030-11-29 05:00:00,262.79605381053767
2030-11-29 06:00:00,262.15866143217664
2030-11-29 07:00:00,261.5393357857316
2030-11-29 08:00:00,260.937508283353
2030-11-29 09:00:00,260.3526314511135
2030-11-29 10:00:00,259.784177959744
2030-11-29 11:00:00,259.2316397105382
2030-11-29 12:00:00,258.69452697265325
2030-11-29 13:00:00,258.172367568333
2030-11-29 14:00:00,257.6647061028528
2030-11-29 15:00:00,257.22939468558263
2030-11-29 16:00:00,257.44197695109654
2030-11-29 17:00:00,258.1806780881542
2030-11-29 18:00:00,259.2907890266726
2030-11-29 19:00:00,260.5950479695213
2030-11-29 20:00:00,261.90566036631526
2030-11-29 21:00:00,263.03711080178226
2030-11-29 22:00:00,263.81884763477865
2030-11-29 23:00:00,264.1069227893916
2030-11-30 00:00:00,263.79374853607237
2030-11-30 01:00:00,263.1479109575357
2030-11-30 02:00:00,262.5211441609698
2030-11-30 03:00:00,261.9128266798367
2030-11-30 04:00:00,261.32236076332333
2030-11-30 05:00:00,260.7491712638079
2030-11-30 06:00:00,260.1927045889448
2030-11-30 07:00:00,259.6524277138546
2030-11-30 08:00:00,259.12782724927087
2030-11-30 09:00:00,258.61840856182954
2030-11-30 10:00:00,258.12369494298645
2030-11-30 11:00:00,257.643226823326
2030-11-30 12:00:00,257.1765610292737
2030-11-30 13:00:00,256.72327007945387
2030-11-30 14:00:00,256.28294151814333
2030-11-30 15:00:00,255.90703423204218
2030-11-30 16:00:00,256.1770246989224
2030-11-30 17:00:00,256.9707526994579
2030-11-30 18:00:00,258.1332644049338
2030-11-30 19:00:00,259.48721418653594
2030-11-30 20:00:00,260.8448929284254
2030-11-30 21:00:00,262.0210357176017
2030-11-30 22:00:00,262.84549021805606
2030-11-30 23:00:00,263.1748295713438
2030-12-01 00:00:00,262.90207387099764
2030-12-01 01:00:00,262.3659462082269
2030-12-01 02:00:00,261.8478088096711
2030-12-01 03:00:00,261.3470182850906
2030-12-01 04:00:00,260.86295692561936
2030-12-01 05:00:00,260.39503149769956
2030-12-01 06:00:00,259.9426721058366
2030-12-01 07:00:00,259.50533111943537
2030-12-01 08:00:00,259.0824821593596
2030-12-01 09:00:00,258.67361914020387
2030-12-01 10:00:00,258.2782553645838
2030-12-01 11:00:00,257.89592266603665
2030-12-01 12:00:00,257.5261705973872
2030-12-01 13:00:00,257.1685656616725
2030-12-01 14:00:00,256.8226905829379
2030-12-01 15:00:00,256.53384942853626
2030-12-01 16:00:00,256.8889995874303
2030-12-01 17:00:00,257.7634131513046
2030-12-01 18:00:00,259.0001873260994
2030-12-01 19:00:00,260.4207638316033
2030-12-01 20:00:00,261.8370266718185
2030-12-01 21:00:00,263.06412441790405
2030-12-01 22:00:00,263.9330957460161
2030-12-01 23:00:00,264.30238425529706
2030-12-02 00:00:00,264.0674136197017
2030-12-02 01:00:00,263.37668342143485
2030-12-02 02:00:00,262.70503274598695
2030-12-02 03:00:00,262.05186754085037
2030-12-02 04:00:00,261.41661597284605
2030-12-02 05:00:00,260.7987273880234
2030-12-02 06:00:00,260.19767133206807
2030-12-02 07:00:00,259.61293662699865
2030-12-02 08:00:00,259.04403050027486
2030-12-02 09:00:00,258.49047776274784
2030-12-02 10:00:00,257.9518200321656
2030-12-02 11:00:00,257.4276149992021
2030-12-02 12:00:00,256.917435733213
2030-12-02 13:00:00,256.42087002513347
2030-12-02 14:00:00,255.9375197651302
2030-12-02 15:00:00,255.50684113884714
2030-12-02 16:00:00,255.72148935320044
2030-12-02 17:00:00,256.46081677243063
2030-12-02 18:00:00,257.57118346927297
2030-12-02 19:00:00,258.8762749115689
2030-12-02 20:00:00,260.18906390678615
2030-12-02 21:00:00,261.3245752768831
2030-12-02 22:00:00,262.1125385429649
2030-12-02 23:00:00,262.4090142788335
2030-12-03 00:00:00,262.10615750054046
2030-12-03 01:00:00,261.5454953344264
2030-12-03 02:00:00,261.00220628126107
2030-12-03 03:00:00,260.4757086765134
2030-12-03 04:00:00,259.96544302619446
2030-12-03 05:00:00,259.4708709928013
2030-12-03 06:00:00,258.9914744381857
2030-12-03 07:00:00,258.5267545194933
2030-12-03 08:00:00,258.0762308346224
2030-12-03 09:00:00,257.6394406139305
2030-12-03 10:00:00,257.2159379551677
2030-12-03 11:00:00,256.80529309884656
2030-12-03 12:00:00,256.40709174146974
2030-12-03 13:00:00,256.02093438422844
2030-12-03 14:00:00,255.6464357149603
2030-12-03 15:00:00,255.3174885071514
2030-12-03 16:00:00,255.63176559210194
2030-12-03 17:00:00,256.4664486737041
2030-12-03 18:00:00,257.6662397927197
2030-12-03 19:00:00,259.05378379974945
2030-12-03 20:00:00,260.4416941266985
2030-12-03 21:00:00,261.6453344713431
2030-12-03 22:00:00,262.49543937959544
2030-12-03 23:00:00,262.84966108851444
2030-12-04 00:00:00,262.60221172722476
2030-12-04 01:00:00,262.13615465126924
2030-12-04 02:00:00,261.6870895710766
2030-12-04 03:00:00,261.25436715299537
2030-12-04 04:00:00,260.8373650496403
2030-12-04 05:00:00,260.4354866191162
2030-12-04 06:00:00,260.0481597166234
2030-12-04 07:00:00,259.67483555352425
2030-12-04 08:00:00,259.31498761934364
2030-12-04 09:00:00,258.96811066253406
2030-12-04 10:00:00,258.6337197261623
2030-12-04 11:00:00,258.3113492349701
2030-12-04 12:00:00,258.00055213053224
2030-12-04 13:00:00,257.700899051482
2030-12-04 14:00:00,257.4119775559995
2030-12-04 15:00:00,257.162370797908
2030-12-04 16:00:00,257.55444251094866
2030-12-04 17:00:00,258.4618876849695
2030-12-04 18:00:00,259.7267538931819
2030-12-04 19:00:00,261.17001698709527
2030-12-04 20:00:00,262.6036966859118
2030-12-04 21:00:00,263.84365561491836
2030-12-04 22:00:00,264.7221611968339
2030-12-04 23:00:00,265.0993005380822
2030-12-05 00:00:00,264.8724267250084
2030-12-05 01:00:00,264.2364790908726
2030-12-05 02:00:00,263.6208808341409
2030-12-05 03:00:00,263.02492399515364
2030-12-05 04:00:00,262.44792889829046
2030-12-05 05:00:00,261.8892427850922
2030-12-05 06:00:00,261.3482385287348
2030-12-05 07:00:00,260.82431342401907
2030-12-05 08:00:00,260.3168880475285
2030-12-05 09:00:00,259.8254051830466
2030-12-05 10:00:00,259.34932880772726
2030-12-05 11:00:00,258.88814313487353
2030-12-05 12:00:00,258.44135170951074
2030-12-05 13:00:00,258.0084765532397
2030-12-05 14:00:00,257.5890573551291
2030-12-05 15:00:00,257.20663865325014
2030-12-05 16:00:00,257.4682835380549
2030-12-05 17:00:00,258.2507650875167
2030-12-05 18:00:00,259.39857130602155
2030-12-05 19:00:00,260.7343281318737
2030-12-05 20:00:00,262.07081419382445
2030-12-05 21:00:00,263.22371994598166
2030-12-05 22:00:00,264.0242350432597
2030-12-05 23:00:00,264.33055320719086
2030-12-06 00:00:00,264.0374665645571
2030-12-06 01:00:00,263.4438818544972
2030-12-06 02:00:00,262.8697099192579
2030-12-06 03:00:00,262.3142667343185
2030-12-06 04:00:00,261.7768956047683
2030-12-06 05:00:00,261.2569658598365
2030-12-06 06:00:00,260.75387162383277
2030-12-06 07:00:00,260.2670306581021
2030-12-06 08:00:00,259.795883269043
2030-12-06 09:00:00,259.33989127763977
2030-12-06 10:00:00,258.8985370463274
2030-12-06 11:00:00,258.47132255933815
2030-12-06 12:00:00,258.05776855298274
2030-12-06 13:00:00,257.6574136925945
2030-12-06 14:00:00,257.2698137931151
2030-12-06 15:00:00,256.91383341905663
2030-12-06 16:00:00,257.2008676210511
2030-12-06 17:00:00,258.0073008345143
2030-12-06 18:00:00,259.1773647739231
2030-12-06 19:00:00,260.5335777272545
2030-12-06 20:00:00,261.8887653840831
2030-12-06 21:00:00,263.05881517203795
2030-12-06 22:00:00,263.87524818521433
2030-12-06 23:00:00,264.19669905965156
2030-12-07 00:00:00,263.9184776766194
2030-12-07 01:00:00,263.2758586117258
2030-12-07 02:00:00,262.6524598655806
2030-12-07 03:00:00,262.04764879847863
2030-12-07 04:00:00,261.4608170688679
2030-12-07 05:00:00,260.89137948930943
2030-12-07 06:00:00,260.33877294907643
2030-12-07 07:00:00,259.8024553987235
2030-12-07 08:00:00,259.2819048923345
2030-12-07 09:00:00,258.7766186835045
2030-12-07 10:00:00,258.2861123714244
2030-12-07 11:00:00,257.80991909372204
2030-12-07 12:00:00,257.347588762974
2030-12-07 13:00:00,256.89868734403916
2030-12-07 14:00:00,256.46279616958213
2030-12-07 15:00:00,256.05440600226524
2030-12-07 16:00:00,256.2890355622
2030-12-07 17:00:00,257.04500699712827
2030-12-07 18:00:00,258.16811588482153
2030-12-07 19:00:00,259.48197631222973
2030-12-07 20:00:00,260.79997729252744
2030-12-07 21:00:00,261.9380084135671
2030-12-07 22:00:00,262.7270420967051
2030-12-07 23:00:00,263.024662923877
2030-12-08 00:00:00,262.7247145788139
2030-12-08 01:00:00,262.16291205623173
2030-12-08 02:00:00,261.61906933358455
2030-12-08 03:00:00,261.09256862501996
2030-12-08 04:00:00,260.5828161962398
2030-12-08 05:00:00,260.0892412470774
2030-12-08 06:00:00,259.6112948576284
2030-12-08 07:00:00,259.148448993574
2030-12-08 08:00:00,258.70019556668313
2030-12-08 09:00:00,258.26604554680137
2030-12-08 10:00:00,257.84552812191885
2030-12-08 11:00:00,257.4381899031769
2030-12-08 12:00:00,257.04359417191154
2030-12-08 13:00:00,256.66132016605076
2030-12-08 14:00:00,256.29096240338555
2030-12-08 15:00:00,255.94292709876245
2030-12-08 16:00:00,256.2364899359227
2030-12-08 17:00:00,257.04866909730777
2030-12-08 18:00:00,258.2242779374039
2030-12-08 19:00:00,259.58633124004064
2030-12-08 20:00:00,260.948037391695
2030-12-08 21:00:00,262.1255310096627
2030-12-08 22:00:00,262.95043225722435
2030-12-08 23:00:00,263.28132460790914
2030-12-09 00:00:00,263.0133253473661
2030-12-09 01:00:00,262.3638536973428
2030-12-09 02:00:00,261.73261918487526
2030-12-09 03:00:00,261.1190509439685
2030-12-09 04:00:00,260.52259929629645
2030-12-09 05:00:00,259.94273477563985
2030-12-09 06:00:00,259.3789472080608
2030-12-09 07:00:00,258.83074484399157
2030-12-09 08:00:00,258.29765353871744
2030-12-09 09:00:00,257.7792159780114
2030-12-09 10:00:00,257.27499094592946
2030-12-09 11:00:00,256.78455263200607
2030-12-09 12:00:00,256.3074899752985
2030-12-09 13:00:00,255.8434060429211
2030-12-09 14:00:00,255.39191744088586
2030-12-09 15:00:00,254.9596550021661
2030-12-09 16:00:00,255.169438762541
2030-12-09 17:00:00,255.9009458434821
2030-12-09 18:00:00,257.0011207804697
2030-12-09 19:00:00,258.29445139480464
2030-12-09 20:00:00,259.59487282774893
2030-12-09 21:00:00,260.71846232057294
2030-12-09 22:00:00,261.49601532550366
2030-12-09 23:00:00,261.7845946210283
2030-12-10 00:00:00,261.4772218840035
2030-12-10 01:00:00,261.0521270976948
2030-12-10 02:00:00,260.6424628849573
2030-12-10 03:00:00,260.2476445181215
2030-12-10 04:00:00,259.86711121041094
2030-12-10 05:00:00,259.50032500578254
2030-12-10 06:00:00,259.14676972965526
2030-12-10 07:00:00,258.80594999651896
2030-12-10 08:00:00,258.4773902707248
2030-12-10 09:00:00,258.16063397704386
2030-12-10 10:00:00,257.85524265783806
2030-12-10 11:00:00,257.56079517392436
2030-12-10 12:00:00,257.2768869464288
2030-12-10 13:00:00,257.0031292371246
2030-12-10 14:00:00,256.73914846492914
2030-12-10 15:00:00,256.4880945599273
2030-12-10 16:00:00,256.87597190599024
2030-12-10 17:00:00,257.77708728540676
2030-12-10 18:00:00,259.03422634004045
2030-12-10 19:00:00,260.4691806635211
2030-12-10 20:00:00,261.89480805367987
2030-12-10 21:00:00,263.1277737164329
2030-12-10 22:00:00,264.0010564708455
2030-12-10 23:00:00,264.37531466045056
2030-12-11 00:00:00,264.1482941305517
2030-12-11 01:00:00,263.59559856911227
2030-12-11 02:00:00,263.0622944179235
2030-12-11 03:00:00,262.54765882777747
2030-12-11 04:00:00,262.05099888341226
2030-12-11 05:00:00,261.5716501523431
2030-12-11 06:00:00,261.1089753189253
2030-12-11 07:00:00,260.66236289760786
2030-12-11 08:00:00,260.2312260198389
2030-12-11 09:00:00,259.81500128953604
2030-12-11 10:00:00,259.4131477024503
2030-12-11 11:00:00,259.02514562512397
2030-12-11 12:00:00,258.6504958294822
2030-12-11 13:00:00,258.2887185794104
2030-12-11 14:00:00,257.9393527659471
2030-12-11 15:00:00,257.60227701196646
2030-12-11 16:00:00,257.9063635555749
2030-12-11 17:00:00,258.72681970543
2030-12-11 18:00:00,259.90715874972904
2030-12-11 19:00:00,261.2696737159342
2030-12-11 20:00:00,262.6274601804406
2030-12-11 21:00:00,263.7971388755571
2030-12-11 22:00:00,264.6113636461352
2030-12-11 23:00:00,264.9302093683372
2030-12-12 00:00:00,264.650620498407
2030-12-12 01:00:00,264.04874578123946
2030-12-12 02:00:00,263.4669965477522
2030-12-12 03:00:00,262.90464914169075
2030-12-12 04:00:00,262.36100933149663
2030-12-12 05:00:00,261.8354108836322
2030-12-12 06:00:00,261.32721422056187
2030-12-12 07:00:00,260.8358051573276
2030-12-12 08:00:00,260.3605937111639
2030-12-12 09:00:00,259.9010129790552
2030-12-12 10:00:00,259.45651807855575
2030-12-12 11:00:00,259.0265851475678
2030-12-12 12:00:00,258.6107103991178
2030-12-12 13:00:00,258.2084092274814
2030-12-12 14:00:00,257.81921536229214
2030-12-12 15:00:00,257.44268006752714
2030-12-12 16:00:00,257.70512510046433
2030-12-12 17:00:00,258.48555449695
2030-12-12 18:00:00,259.6284071575977
2030-12-12 19:00:00,260.9566183942319
2030-12-12 20:00:00,262.2836043907956
2030-12-12 21:00:00,263.42596826498624
2030-12-12 22:00:00,264.216015110297
2030-12-12 23:00:00,264.513170521741
2030-12-13 00:00:00,264.213481126293
2030-12-13 01:00:00,263.60237170502467
2030-12-13 02:00:00,263.010880729967
2030-12-13 03:00:00,262.43832619120974
2030-12-13 04:00:00,261.8840531548995
2030-12-13 05:00:00,261.3474324694704
2030-12-13 06:00:00,260.8278595478513
2030-12-13 07:00:00,260.3247532202696
2030-12-13 08:00:00,259.8375546527146
2030-12-13 09:00:00,259.36572632652644
2030-12-13 10:00:00,258.9087510749422
2030-12-13 11:00:00,258.4661311727617
2030-12-13 12:00:00,258.0373874755993
2030-12-13 13:00:00,257.6220586054604
2030-12-13 14:00:00,257.21970017963514
2030-12-13 15:00:00,256.82988408012824
2030-12-13 16:00:00,257.07609315597347
2030-12-13 17:00:00,257.8409085833766
2030-12-13 18:00:00,258.969518769045
2030-12-13 19:00:00,260.28538895537775
2030-12-13 20:00:00,261.60221596576235
2030-12-13 21:00:00,262.7366210911966
2030-12-13 22:00:00,263.5206700874058
2030-12-13 23:00:00,263.8133148757923
2030-12-14 00:00:00,263.5099339287311
2030-12-14 01:00:00,262.8715916862014
2030-12-14 02:00:00,262.252043470237
2030-12-14 03:00:00,261.65067907654213
2030-12-14 04:00:00,261.0669114799282
2030-12-14 05:00:00,260.5001757527336
2030-12-14 06:00:00,259.9499280457168
2030-12-14 07:00:00,259.4156446270825
2030-12-14 08:00:00,258.8968209756511
2030-12-14 09:00:00,258.3929709244989
2030-12-14 10:00:00,257.9036258516863
2030-12-14 11:00:00,257.42833391495554
2030-12-14 12:00:00,256.9666593275187
2030-12-14 13:00:00,256.51818167227674
2030-12-14 14:00:00,256.0824952520109
2030-12-14 15:00:00,255.6592084732709
2030-12-14 16:00:00,255.8693232192536
2030-12-14 17:00:00,256.59952791381437
2030-12-14 18:00:00,257.6964419576291
2030-12-14 19:00:00,258.9845163394554
2030-12-14 20:00:00,260.27793265778615
2030-12-14 21:00:00,261.3932736661238
2030-12-14 22:00:00,262.16205715349855
2030-12-14 23:00:00,262.4422276173019
2030-12-15 00:00:00,262.12777936488527
2030-12-15 01:00:00,261.6251985280782
2030-12-15 02:00:00,261.1396094280927
2030-12-15 03:00:00,260.6704029062478
2030-12-15 04:00:00,260.21699399139953
2030-12-15 05:00:00,259.77882077941524
2030-12-15 06:00:00,259.35534337540105
2030-12-15 07:00:00,258.9460428944429
2030-12-15 08:00:00,258.55042051695597
2030-12-15 09:00:00,258.167996595045
2030-12-15 10:00:00,257.7983098065544
2030-12-15 11:00:00,257.4409163537429
2030-12-15 12:00:00,257.09538920374797
2030-12-15 13:00:00,256.76131736821736
2030-12-15 14:00:00,256.43830521967925
2030-12-15 15:00:00,256.12597184239917
2030-12-15 16:00:00,256.4431592012436
2030-12-15 17:00:00,257.27574612511484
2030-12-15 18:00:00,258.4681276482991
2030-12-15 19:00:00,259.8433078955212
2030-12-15 20:00:00,261.21488439327413
2030-12-15 21:00:00,262.39974521164004
2030-12-15 22:00:00,263.23056723354455
2030-12-15 23:00:00,263.5672115853591
2030-12-16 00:00:00,263.30619667532596
2030-12-16 01:00:00,262.7106402432676
2030-12-16 02:00:00,262.13371454734295
2030-12-16 03:00:00,261.57478746092454
2030-12-16 04:00:00,261.0332514037017
2030-12-16 05:00:00,260.5085221922433
2030-12-16 06:00:00,260.0000379567627
2030-12-16 07:00:00,259.5072581194875
2030-12-16 08:00:00,259.0296624304086
2030-12-16 09:00:00,258.566750056521
2030-12-16 10:00:00,258.1180387209765
2030-12-16 11:00:00,257.68306388884685
2030-12-16 12:00:00,257.26137799645244
2030-12-16 13:00:00,256.8525497214428
2030-12-16 14:00:00,256.45616329102864
2030-12-16 15:00:00,256.07181782595836
2030-12-16 16:00:00,256.3165097906682
2030-12-16 17:00:00,257.07950274311384
2030-12-16 18:00:00,258.20655063280685
2030-12-16 19:00:00,259.5215726216641
2030-12-16 20:00:00,260.8385816344949
2030-12-16 21:00:00,261.9743598287548
2030-12-16 22:00:00,262.76097173726293
2030-12-16 23:00:00,263.05721060015946
2030-12-17 00:00:00,262.75815473090717
2030-12-17 01:00:00,262.1896306856555
2030-12-17 02:00:00,261.6391250845743
2030-12-17 03:00:00,261.1060221399073
2030-12-17 04:00:00,260.58972995469253
2030-12-17 05:00:00,260.08967941341473
2030-12-17 06:00:00,259.60532313580455
2030-12-17 07:00:00,259.13613448944807
2030-12-17 08:00:00,258.6816066572178
2030-12-17 09:00:00,258.24125175585135
2030-12-17 10:00:00,257.8146000022929
2030-12-17 11:00:00,257.4011989246729
2030-12-17 12:00:00,257.0006126150423
2030-12-17 13:00:00,256.6124210211937
2030-12-17 14:00:00,256.2362192751032
2030-12-17 15:00:00,255.87161705570804
2030-12-17 16:00:00,256.1341418070319
2030-12-17 17:00:00,256.914181139853
2030-12-17 18:00:00,258.0573036128249
2030-12-17 19:00:00,259.38732386209784
2030-12-17 20:00:00,260.7182379319969
2030-12-17 21:00:00,261.86689937535556
2030-12-17 22:00:00,262.6655267546418
2030-12-17 23:00:00,262.97313844634294
2030-12-18 00:00:00,262.6850924609015
2030-12-18 01:00:00,262.22887541973216
2030-12-18 02:00:00,261.7895863562436
2030-12-18 03:00:00,261.36656858880224
2030-12-18 04:00:00,260.95919302686013
2030-12-18 05:00:00,260.56685685393705
2030-12-18 06:00:00,260.18898228515275
2030-12-18 07:00:00,259.82501539423976
2030-12-18 08:00:00,259.4744250053723
2030-12-18 09:00:00,259.1367016455166
2030-12-18 10:00:00,258.81135655334344
2030-12-18 11:00:00,258.4979207410498
2030-12-18 12:00:00,258.19594410571455
2030-12-18 13:00:00,257.9049945870672
2030-12-18 14:00:00,257.6246573687825
2030-12-18 15:00:00,257.3545341206232
2030-12-18 16:00:00,257.7090141307966
2030-12-18 17:00:00,258.5760886968393
2030-12-18 18:00:00,259.7986005480737
2030-12-18 19:00:00,261.19859808521744
2030-12-18 20:00:00,262.58936773772695
2030-12-18 21:00:00,263.7881358968506
2030-12-18 22:00:00,264.6285269703789
2030-12-18 23:00:00,264.9718756374532
2030-12-19 00:00:00,264.7165796542731
2030-12-19 01:00:00,264.11925222794486
2030-12-19 02:00:00,263.5421249741467
2030-12-19 03:00:00,262.98446483713377
2030-12-19 04:00:00,262.4455687532947
2030-12-19 05:00:00,261.9247621922601
2030-12-19 06:00:00,261.4213977847319
2030-12-19 07:00:00,260.93485403081104
2030-12-19 08:00:00,260.4645340831251
2030-12-19 09:00:00,260.0098645995256
2030-12-19 10:00:00,259.5702946605556
2030-12-19 11:00:00,259.14529474727397
2030-12-19 12:00:00,258.7343557753761
2030-12-19 13:00:00,258.33698818186997
2030-12-19 14:00:00,257.95272106085906
2030-12-19 15:00:00,257.58110134524856
2030-12-19 16:00:00,257.8356808142956
2030-12-19 17:00:00,258.6073290658827
2030-12-19 18:00:00,259.7405977893296
2030-12-19 19:00:00,261.05864720425757
2030-12-19 20:00:00,262.3752115825272
2030-12-19 21:00:00,263.5072798841457
2030-12-19 22:00:00,264.2875806626353
2030-12-19 23:00:00,264.57596797563707
2030-12-20 00:00:00,264.26888930682287
2030-12-20 01:00:00,263.69485351453204
2030-12-20 02:00:00,263.14044299657746
2030-12-20 03:00:00,262.60494085743176
2030-12-20 04:00:00,262.08765954010335
2030-12-20 05:00:00,261.58793940784443
2030-12-20 06:00:00,261.10514740935986
2030-12-20 07:00:00,260.6386758215824
2030-12-20 08:00:00,260.1879410645746
2030-12-20 09:00:00,259.75238258356217
2030-12-20 10:00:00,259.3314617935111
2030-12-20 11:00:00,258.92466108202626
2030-12-20 12:00:00,258.53148286668534
2030-12-20 13:00:00,258.1514487032245
2030-12-20 14:00:00,257.7840984412703
2030-12-20 15:00:00,257.42898942456384
2030-12-20 16:00:00,257.69924778156246
2030-12-20 17:00:00,258.4859109846505
2030-12-20 18:00:00,259.6333453437656
2030-12-20 19:00:00,260.96459608172546
2030-12-20 20:00:00,262.29336026573975
2030-12-20 21:00:00,263.43666942272364
2030-12-20 22:00:00,264.2273707671082
2030-12-20 23:00:00,264.5255040090414
2030-12-21 00:00:00,264.2277554292699
2030-12-21 01:00:00,263.6329615595647
2030-12-21 02:00:00,263.0577958146364
2030-12-21 03:00:00,262.50156107676526
2030-12-21 04:00:00,261.9635882600867
2030-12-21 05:00:00,261.4432349649303
2030-12-21 06:00:00,260.9398842112588
2030-12-21 07:00:00,260.4529432455966
2030-12-21 08:00:00,259.98184241630173
2030-12-21 09:00:00,259.5260341124562
2030-12-21 10:00:00,259.08499176203105
2030-12-21 11:00:00,258.6582088853302
2030-12-21 12:00:00,258.24519820003144
2030-12-21 13:00:00,257.8454907744308
2030-12-21 14:00:00,257.45863522575803
2030-12-21 15:00:00,257.0841969606693
2030-12-21 16:00:00,257.33522234509064
2030-12-21 17:00:00,258.10359388508766
2030-12-21 18:00:00,259.2342885813694
2030-12-21 19:00:00,260.5507545717895
2030-12-21 20:00:00,261.8668618954138
2030-12-21 21:00:00,262.9995783904172
2030-12-21 22:00:00,263.78146063450424
2030-12-21 23:00:00,264.07205651117005
2030-12-22 00:00:00,263.76739928480174
2030-12-22 01:00:00,263.09953169191505
2030-12-22 02:00:00,262.45058967239316
2030-12-22 03:00:00,261.81997445772805
2030-12-22 04:00:00,261.2071097832941
2030-12-22 05:00:00,260.61144083768437
2030-12-22 06:00:00,260.0324332729329
2030-12-22 07:00:00,259.4695722713876
2030-12-22 08:00:00,258.9223616653405
2030-12-22 09:00:00,258.39032310583127
2030-12-22 10:00:00,257.8729952773236
2030-12-22 11:00:00,257.36993315520886
2030-12-22 12:00:00,256.8807073033287
2030-12-22 13:00:00,256.4049032089199
2030-12-22 14:00:00,255.94212065258233
2030-12-22 15:00:00,255.49197311104797
2030-12-22 16:00:00,255.66781354509016
2030-12-22 17:00:00,256.36427766483354
2030-12-22 18:00:00,257.42875177964385
2030-12-22 19:00:00,258.68629187059213
2030-12-22 20:00:00,259.95148363941354
2030-12-22 21:00:00,261.04108752776193
2030-12-22 22:00:00,261.7865628380181
2030-12-22 23:00:00,262.0455664932671
2030-12-23 00:00:00,261.7115997213745
2030-12-23 01:00:00,261.128969705297
2030-12-23 02:00:00,260.5634233948089
2030-12-23 03:00:00,260.01441310619316
2030-12-23 04:00:00,259.48141146907875
2030-12-23 05:00:00,258.9639105093478
2030-12-23 06:00:00,258.4614207831452
2030-12-23 07:00:00,257.9734705585613
2030-12-23 08:00:00,257.499605041826
2030-12-23 09:00:00,257.03938564509554
2030-12-23 10:00:00,256.592389293138
2030-12-23 11:00:00,256.15820776642477
2030-12-23 12:00:00,255.7364470783228
2030-12-23 13:00:00,255.3267268842522
2030-12-23 14:00:00,254.9286799208295
2030-12-23 15:00:00,254.54195147316096
2030-12-23 16:00:00,254.78053516661674
2030-12-23 17:00:00,255.53781154033703
2030-12-23 18:00:00,256.6605991520822
2030-12-23 19:00:00,257.97356689915176
2030-12-23 20:00:00,259.29112197266824
2030-12-23 21:00:00,260.4300679711697
2030-12-23 22:00:00,261.22212626399744
2030-12-23 23:00:00,261.5254163428515
2030-12-24 00:00:00,261.23406986520996
2030-12-24 01:00:00,260.7408373029033
2030-12-24 02:00:00,260.2637448316695
2030-12-24 03:00:00,259.80223106049675
2030-12-24 04:00:00,259.35575630422056
2030-12-24 05:00:00,258.9238016004433
2030-12-24 06:00:00,258.50586778041026
2030-12-24 07:00:00,258.10147459026797
2030-12-24 08:00:00,257.71015985940903
2030-12-24 09:00:00,257.33147871285985
2030-12-24 10:00:00,256.96500282489853
2030-12-24 11:00:00,256.61031971130177
2030-12-24 12:00:00,256.2670320578113
2030-12-24 13:00:00,255.93475708258802
2030-12-24 14:00:00,255.6131259305831
2030-12-24 15:00:00,255.30178309790432
2030-12-24 16:00:00,255.6156802686137
2030-12-24 17:00:00,256.4450925361791
2030-12-24 18:00:00,257.63505146671736
2030-12-24 19:00:00,259.0090282835748
2030-12-24 20:00:00,260.3808926321355
2030-12-24 21:00:00,261.5675968732252
2030-12-24 22:00:00,262.40167574344525
2030-12-24 23:00:00,262.7426577735928
2030-12-25 00:00:00,262.48656792660955
2030-12-25 01:00:00,261.8529108960924
2030-12-25 02:00:00,261.23703057120616
2030-12-25 03:00:00,260.6383725164522
2030-12-25 04:00:00,260.05640273174606
2030-12-25 05:00:00,259.49060672022773
2030-12-25 06:00:00,258.9404886088086
2030-12-25 07:00:00,258.40557031787085
2030-12-25 08:00:00,257.88539077681844
2030-12-25 09:00:00,257.3795051824352
2030-12-25 10:00:00,256.8874842972405
2030-12-25 11:00:00,256.4089137852475
2030-12-25 12:00:00,255.94339358272276
2030-12-25 13:00:00,255.4905373017286
2030-12-25 14:00:00,255.0499716643887
2030-12-25 15:00:00,254.62133596597187
2030-12-25 16:00:00,254.8208816496029
2030-12-25 17:00:00,255.54069133959462
2030-12-25 18:00:00,256.6282067160431
2030-12-25 19:00:00,257.9084893447548
2030-12-25 20:00:00,259.19608445942737
2030-12-25 21:00:00,260.3076723832222
2030-12-25 22:00:00,261.0746015567059
2030-12-25 23:00:00,261.3543983016364
2030-12-26 00:00:00,261.04042591817364
2030-12-26 01:00:00,260.6744831077332
2030-12-26 02:00:00,260.32252377277035
2030-12-26 03:00:00,259.983995442249
2030-12-26 04:00:00,259.6583688513723
2030-12-26 05:00:00,259.3451368614493
2030-12-26 06:00:00,259.04381343804806
2030-12-26 07:00:00,258.7539326836915
2030-12-26 08:00:00,258.47504792163795
2030-12-26 09:00:00,258.2067308275457
2030-12-26 10:00:00,257.9485706060598
2030-12-26 11:00:00,257.70017320957425
2030-12-26 12:00:00,257.4611605966226
2030-12-26 13:00:00,257.2311700275305
2030-12-26 14:00:00,257.0098533951315
2030-12-26 15:00:00,256.79687658850065
2030-12-26 16:00:00,257.2101715673578
2030-12-26 17:00:00,258.13369067616975
2030-12-26 18:00:00,259.409628521105
2030-12-26 19:00:00,260.859586206257
2030-12-26 20:00:00,262.2966348908879
2030-12-26 21:00:00,263.53803262277995
2030-12-26 22:00:00,264.4176796528712
2030-12-26 23:00:00,264.7974103762103
2030-12-27 00:00:00,264.57630975846354
2030-12-27 01:00:00,263.90812366813526
2030-12-27 02:00:00,263.25977460104326
2030-12-27 03:00:00,262.63061085539533
2030-12-27 04:00:00,262.0200058886964
2030-12-27 05:00:00,261.42735712054196
2030-12-27 06:00:00,260.85208480599863
2030-12-27 07:00:00,260.2936309745702
2030-12-27 08:00:00,259.7514584301569
2030-12-27 09:00:00,259.2250498077899
2030-12-27 10:00:00,258.7139066832612
2030-12-27 11:00:00,258.2175487320772
2030-12-27 12:00:00,257.7355129344453
2030-12-27 13:00:00,257.2673528232567
2030-12-27 14:00:00,256.8126377722638
2030-12-27 15:00:00,256.3709523218613
2030-12-27 16:00:00,256.5621467993927
2030-12-27 17:00:00,257.2738374432077
2030-12-27 18:00:00,258.3525616248635
2030-12-27 19:00:00,259.62272672023
2030-12-27 20:00:00,260.89850855518375
2030-12-27 21:00:00,261.99651922417667
2030-12-27 22:00:00,262.7483360319727
2030-12-27 23:00:00,263.01198616513
2030-12-28 00:00:00,262.6815611376503
2030-12-28 01:00:00,262.0776984242637
2030-12-28 02:00:00,261.4918433884939
2030-12-28 03:00:00,260.9234084691918
2030-12-28 04:00:00,260.3718283067351
2030-12-28 05:00:00,259.83655872098126
2030-12-28 06:00:00,259.3170757473112
2030-12-28 07:00:00,258.81287472678684
2030-12-28 08:00:00,258.3234694467635
2030-12-28 09:00:00,257.84839132858485
2030-12-28 10:00:00,257.38718865925154
2030-12-28 11:00:00,256.93942586419263
2030-12-28 12:00:00,256.5046828184883
2030-12-28 13:00:00,256.0825541940913
2030-12-28 14:00:00,255.67264884077719
2030-12-28 15:00:00,255.27458919872043
2030-12-28 16:00:00,255.51060546558864
2030-12-28 17:00:00,256.265973088501
2030-12-28 18:00:00,257.3870698451591
2030-12-28 19:00:00,258.69817180779364
2030-12-28 20:00:00,260.0133650884398
2030-12-28 21:00:00,261.1492234645185
2030-12-28 22:00:00,261.9373431454988
2030-12-28 23:00:00,262.23582906726625
2030-12-29 00:00:00,261.9389067660891
2030-12-29 01:00:00,261.3206173170961
2030-12-29 02:00:00,260.71962508292586
2030-12-29 03:00:00,260.13539331221835
2030-12-29 04:00:00,259.5674048817081
2030-12-29 05:00:00,259.01516140974417
2030-12-29 06:00:00,258.4781824194381
2030-12-29 07:00:00,257.95600454810085
2030-12-29 08:00:00,257.4481807998909
2030-12-29 09:00:00,256.954279838833
2030-12-29 10:00:00,256.4738853195834
2030-12-29 11:00:00,256.00659525351676
2030-12-29 12:00:00,255.5520214078887
2030-12-29 13:00:00,255.10978873599703
2030-12-29 14:00:00,254.67953483641367
2030-12-29 15:00:00,254.26090943950047
2030-12-29 16:00:00,254.47885570882724
2030-12-29 17:00:00,255.21730833160566
2030-12-29 18:00:00,256.3235325738138
2030-12-29 19:00:00,257.6223716492111
2030-12-29 20:00:00,258.92812784419436
2030-12-29 21:00:00,260.0572329198558
2030-12-29 22:00:00,260.84080044246133
2030-12-29 23:00:00,261.13615377430096
2030-12-30 00:00:00,260.83650095856285
2030-12-30 01:00:00,260.36373902542596
2030-12-30 02:00:00,259.90658010524174
2030-12-30 03:00:00,259.4644788025986
2030-12-30 04:00:00,259.03691079744516
2030-12-30 05:00:00,258.62337189691544
2030-12-30 06:00:00,258.22337713865005
2030-12-30 07:00:00,257.8364599422402
2030-12-30 08:00:00,257.4621713056801
2030-12-30 09:00:00,257.10007904394973
2030-12-30 10:00:00,256.7497670670666
2030-12-30 11:00:00,256.41083469514257
2030-12-30 12:00:00,256.082896008162
2030-12-30 13:00:00,255.76557922836486
2030-12-30 14:00:00,255.458526133269
2030-12-30 15:00:00,255.16139149750563
2030-12-30 16:00:00,255.5021535412699
2030-12-30 17:00:00,256.3585556819458
2030-12-30 18:00:00,257.57516811779817
2030-12-30 19:00:00,258.9750060264728
2030-12-30 20:00:00,260.3715211653577
2030-12-30 21:00:00,261.58131652140486
2030-12-30 22:00:00,262.43667149228935
2030-12-30 23:00:00,262.79697195615125
2030-12-31 00:00:00,262.5582232038703
2030-12-31 01:00:00,262.24074271263447
2030-12-31 02:00:00,261.93712126215655
2030-12-31 03:00:00,261.6467401652515
2030-12-31 04:00:00,261.36900953740314
2030-12-31 05:00:00,261.1033668531446
2030-12-31 06:00:00,260.8492755836826
2030-12-31 07:00:00,260.6062239104354
2030-12-31 08:00:00,260.3737235095698
2030-12-31 09:00:00,260.1513084029938
2030-12-31 10:00:00,259.9385338716069
2030-12-31 11:00:00,259.7349754269203
2030-12-31 12:00:00,259.54022783744375
2030-12-31 13:00:00,259.353904206499
2030-12-31 14:00:00,259.17563509835566
2030-12-31 15:00:00,259.00694493371196
2030-12-31 16:00:00,259.4753419139114
2030-12-31 17:00:00,260.45041954596917
2030-12-31 18:00:00,261.7713926372538
2030-12-31 19:00:00,263.25781938702056
2030-12-31 20:00:00,264.72177127687934
2030-12-31 21:00:00,265.9805869709506
2030-12-31 22:00:00,266.8692902056932
2030-12-31 23:00:00,267.2517709260504
2031-01-01 00:00:00,267.02992531033067
