Date,Température (K)
2030-01-01 00:00:00,283.0
2030-01-01 01:00:00,281.8630156784291
2030-01-01 02:00:00,280.7554571418736
2030-01-01 03:00:00,279.67637268003796
2030-01-01 04:00:00,278.6248511858372
2030-01-01 05:00:00,277.6000199003442
2030-01-01 06:00:00,276.6010423127708
2030-01-01 07:00:00,275.6271162028701
2030-01-01 08:00:00,274.6774718143261
2030-01-01 09:00:00,274.1074921492333
2030-01-01 10:00:00,274.0182113630464
2030-01-01 11:00:00,274.2744751379118
2030-01-01 12:00:00,274.7210840952832
2030-01-01 13:00:00,275.19323780639655
2030-01-01 14:00:00,275.52769479532026
2030-01-01 15:00:00,275.57385305818144
2030-01-01 16:00:00,275.2039565570432
2030-01-01 17:00:00,274.32169972247794
2030-01-01 18:00:00,273.4043842531604
2030-01-01 19:00:00,272.50963844133685
2030-01-01 20:00:00,271.6367902980168
2030-01-01 21:00:00,270.7851935982779
2030-01-01 22:00:00,269.9542266030536
2030-01-01 23:00:00,269.14329085968694
2030-01-02 00:00:00,268.35181007548465
2030-01-02 01:00:00,267.57175291771716
2030-01-02 02:00:00,266.8098396254309
2030-01-02 03:00:00,266.06556719670334
2030-01-02 04:00:00,265.33845035463327
2030-01-02 05:00:00,264.62802074274344
2030-01-02 06:00:00,263.93382616580504
2030-01-02 07:00:00,263.25542987303334
2030-01-02 08:00:00,262.5924098808388
2030-01-02 09:00:00,262.3048096892272
2030-01-02 10:00:00,262.4906123502473
2030-01-02 11:00:00,263.0157969074361
2030-01-02 12:00:00,263.7259225708604
2030-01-02 13:00:00,264.4565714137542
2030-01-02 14:00:00,265.0445259156474
2030-01-02 15:00:00,265.33888767329546
2030-01-02 16:00:00,265.21134269294043
2030-01-02 17:00:00,264.5648426377188
2030-01-02 18:00:00,263.8720885328489
2030-01-02 19:00:00,263.19509411281183
2030-01-02 20:00:00,262.53343869199836
2030-01-02 21:00:00,261.88671565576647
2030-01-02 22:00:00,261.2545318577012
2030-01-02 23:00:00,260.63650704901244
2030-01-03 00:00:00,260.03227333802806
2030-01-03 01:00:00,259.46925901631437
2030-01-03 02:00:00,258.91940153877965
2030-01-03 03:00:00,258.38235378555856
2030-01-03 04:00:00,257.85777966062045
2030-01-03 05:00:00,257.3453536528946
2030-01-03 06:00:00,256.84476041913035
2030-01-03 07:00:00,256.3556943872016
2030-01-03 08:00:00,255.87785937865286
2030-01-03 09:00:00,255.77610770927734
2030-01-03 10:00:00,256.14393100010733
2030-01-03 11:00:00,256.8471364718952
2030-01-03 12:00:00,257.7311234465219
2030-01-03 13:00:00,258.6313554103812
2030-01-03 14:00:00,259.3845611526098
2030-01-03 15:00:00,259.83987087046853
2030-01-03 16:00:00,259.86909261966144
2030-01-03 17:00:00,259.37539846330725
2030-01-03 18:00:00,258.8277303724658
2030-01-03 19:00:00,258.29281443139956
2030-01-03 20:00:00,257.77031636353723
2030-01-03 21:00:00,257.2599124052655
2030-01-03 22:00:00,256.7612888923331
2030-01-03 23:00:00,256.27414186648986
2030-01-04 00:00:00,255.7981767011727
2030-01-04 01:00:00,255.34565875003767
2030-01-04 02:00:00,254.90368255837114
2030-01-04 03:00:00,254.47197773058514
2030-01-04 04:00:00,254.05028196957906
2030-01-04 05:00:00,253.63834077920475
2030-01-04 06:00:00,253.23590718026304
2030-01-04 07:00:00,252.8427414392909
2030-01-04 08:00:00,252.45861080944513
2030-01-04 09:00:00,252.45347324761843
2030-01-04 10:00:00,252.91604482092623
2030-01-04 11:00:00,253.71205818854295
2030-01-04 12:00:00,254.68681721873278
2030-01-04 13:00:00,255.67568519597464
2030-01-04 14:00:00,256.5153010177028
2030-01-04 15:00:00,257.0547288463579
2030-01-04 16:00:00,257.16574622689626
2030-01-04 17:00:00,256.7515395548957
2030-01-04 18:00:00,256.27672772847575
2030-01-04 19:00:00,255.81303348719663
2030-01-04 20:00:00,255.36016899870313
2030-01-04 21:00:00,254.91785517888582
2030-01-04 22:00:00,254.4858213643453
2030-01-04 23:00:00,254.0638050000553
2030-01-05 00:00:00,253.65155134137598
2030-01-05 01:00:00,253.37386346753138
2030-01-05 02:00:00,253.10375640683222
2030-01-05 03:00:00,252.84101405971995
2030-01-05 04:00:00,252.58542698595372
2030-01-05 05:00:00,252.3367921720096
2030-01-05 06:00:00,252.09491280809758
2030-01-05 07:00:00,251.85959807431826
2030-01-05 08:00:00,251.63066293550986
2030-01-05 09:00:00,251.7835102988247
2030-01-05 10:00:00,252.4001760791632
2030-01-05 11:00:00,253.34443565900943
2030-01-05 12:00:00,254.4602113207987
2030-01-05 13:00:00,255.58215070679924
2030-01-05 14:00:00,256.54688772915756
2030-01-05 15:00:00,257.2041873642967
2030-01-05 16:00:00,257.42717910836996
2030-01-05 17:00:00,257.12095169307077
2030-01-05 18:00:00,256.7477379883447
2030-01-05 19:00:00,256.38487309774064
2030-01-05 20:00:00,256.0320531086434
2030-01-05 21:00:00,255.68898397602098
2030-01-05 22:00:00,255.35538114928562
2030-01-05 23:00:00,255.03096921619903
2030-01-06 00:00:00,254.71548156288128
2030-01-06 01:00:00,254.6828112333651
2030-01-06 02:00:00,254.65135427627993
2030-01-06 03:00:00,254.62106550113828
2030-01-06 04:00:00,254.59190140971165
2030-01-06 05:00:00,254.56382013198825
2030-01-06 06:00:00,254.5367813646031
2030-01-06 07:00:00,254.51074631164198
2030-01-06 08:00:00,254.48567762772439
2030-01-06 09:00:00,254.8428713065413
2030-01-06 10:00:00,255.65514546748747
2030-01-06 11:00:00,256.7818021254361
2030-01-06 12:00:00,258.0637827268082
2030-01-06 13:00:00,259.3344182736705
2030-01-06 14:00:00,260.43074992325086
2030-01-06 15:00:00,261.20461424445085
2030-01-06 16:00:00,261.53270011073596
2030-01-06 17:00:00,261.32486184863274
2030-01-06 18:00:00,261.04393028981497
2030-01-06 19:00:00,260.77366591372333
2030-01-06 20:00:00,260.5136539061575
2030-01-06 21:00:00,260.2634963207959
2030-01-06 22:00:00,260.0228113374545
2030-01-06 23:00:00,259.79123255717803
2030-01-07 00:00:00,259.5684083320217
2030-01-07 01:00:00,259.4441910056806
2030-01-07 02:00:00,259.32514122164224
2030-01-07 03:00:00,259.2110421291557
2030-01-07 04:00:00,259.10168613112654
2030-01-07 05:00:00,258.9968744766164
2030-01-07 06:00:00,258.8964168723231
2030-01-07 07:00:00,258.8001311120714
2030-01-07 08:00:00,258.7078427234047
2030-01-07 09:00:00,259.0068145099704
2030-01-07 10:00:00,259.76212842171793
2030-01-07 11:00:00,260.8309400302615
2030-01-07 12:00:00,262.0527338530708
2030-01-07 13:00:00,263.2601316031852
2030-01-07 14:00:00,264.29022310553785
2030-01-07 15:00:00,264.99561134173945
2030-01-07 16:00:00,265.254380145258
2030-01-07 17:00:00,264.97827517906256
2030-01-07 18:00:00,264.6270345073252
2030-01-07 19:00:00,264.29065191241176
2030-01-07 20:00:00,263.9684832778633
2030-01-07 21:00:00,263.6599137201784
2030-01-07 22:00:00,263.36435615153914
2030-01-07 23:00:00,263.08124992250674
2030-01-08 00:00:00,262.8100595394666
2030-01-08 01:00:00,262.4797396038427
2030-01-08 02:00:00,262.1621433354048
2030-01-08 03:00:00,261.85676697925874
2030-01-08 04:00:00,261.56312777087385
2030-01-08 05:00:00,261.28076298093833
2030-01-08 06:00:00,261.009229009855
2030-01-08 07:00:00,260.7481005288319
2030-01-08 08:00:00,260.4969696647431
2030-01-08 09:00:00,260.6493183748441
2030-01-08 10:00:00,261.2650253042047
2030-01-08 11:00:00,262.202377019844
2030-01-08 12:00:00,263.30147267603013
2030-01-08 13:00:00,264.39499063928974
2030-01-08 14:00:00,265.31951702357514
2030-01-08 15:00:00,265.9266281185188
2030-01-08 16:00:00,266.0929326037638
2030-01-08 17:00:00,265.72835861569763
2030-01-08 18:00:00,265.28499351599925
2030-01-08 19:00:00,264.8588768671425
2030-01-08 20:00:00,264.44931254042416
2030-01-08 21:00:00,264.0556344517355
2030-01-08 22:00:00,263.6772051125135
2030-01-08 23:00:00,263.31341426242665
2030-01-09 00:00:00,262.9636775782809
2030-01-09 01:00:00,262.42002593045305
2030-01-09 02:00:00,261.8916910109543
2030-01-09 03:00:00,261.37820373906567
2030-01-09 04:00:00,260.8791115300301
2030-01-09 05:00:00,260.3939775930952
2030-01-09 06:00:00,259.92238026637284
2030-01-09 07:00:00,259.4639123861855
2030-01-09 08:00:00,259.0181806887411
2030-01-09 09:00:00,258.9854638183884
2030-01-09 10:00:00,259.42328881982155
2030-01-09 11:00:00,260.1945348475123
2030-01-09 12:00:00,261.1422711716323
2030-01-09 13:00:00,262.10036863731887
2030-01-09 14:00:00,262.90479230810774
2030-01-09 15:00:00,263.4047726751192
2030-01-09 16:00:00,263.4730566596441
2030-01-09 17:00:00,263.0145087403521
2030-01-09 18:00:00,262.46942297674866
2030-01-09 19:00:00,261.93969797623345
2030-01-09 20:00:00,261.42486310295595
2030-01-09 21:00:00,260.9244642835814
2030-01-09 22:00:00,260.4380633018211
2030-01-09 23:00:00,259.96523713000306
2030-01-10 00:00:00,259.50557729533625
2030-01-10 01:00:00,259.0045460735163
2030-01-10 02:00:00,258.51625035263044
2030-01-10 03:00:00,258.0403352142003
2030-01-10 04:00:00,257.57645722707645
2030-01-10 05:00:00,257.1242839932467
2030-01-10 06:00:00,256.6834937158496
2030-01-10 07:00:00,256.25377478808514
2030-01-10 08:00:00,255.83482540180432
2030-01-10 09:00:00,255.8341360057768
2030-01-10 10:00:00,256.30357059322904
2030-01-10 11:00:00,257.10716647398715
2030-01-10 12:00:00,258.0887241030934
2030-01-10 13:00:00,259.0823876122775
2030-01-10 14:00:00,259.9239360548198
2030-01-10 15:00:00,260.46198411146213
2030-01-10 16:00:00,260.56829233219776
2030-01-10 17:00:00,260.1464534045439
2030-01-10 18:00:00,259.6290845602117
2030-01-10 19:00:00,259.12490896333713
2030-01-10 20:00:00,258.63355675284055
2030-01-10 21:00:00,258.15467015241234
2030-01-10 22:00:00,257.68790298675856
2030-01-10 23:00:00,257.23292022181454
2030-01-11 00:00:00,256.7893975274951
2030-01-11 01:00:00,256.47038309037254
2030-01-11 02:00:00,256.1607500103174
2030-01-11 03:00:00,255.8602100802017
2030-01-11 04:00:00,255.56848467194462
2030-01-11 05:00:00,255.28530437526217
2030-01-11 06:00:00,255.01040865256132
2030-01-11 07:00:00,254.74354550911033
2030-01-11 08:00:00,254.48447117767384
2030-01-11 09:00:00,254.64819224593788
2030-01-11 10:00:00,255.27773807142253
2030-01-11 11:00:00,256.2351659099076
2030-01-11 12:00:00,257.3628760305018
2030-01-11 13:00:00,258.49428393158405
2030-01-11 14:00:00,259.46515710399177
2030-01-11 15:00:00,260.12481108097563
2030-01-11 16:00:00,260.346364716391
2030-01-11 17:00:00,260.03532503215297
2030-01-11 18:00:00,259.62011639361765
2030-01-11 19:00:00,259.21728840553527
2030-01-11 20:00:00,258.8264505189386
2030-01-11 21:00:00,258.4472257837297
2030-01-11 22:00:00,258.0792502981685
2030-01-11 23:00:00,257.72217268525384
2030-01-12 00:00:00,257.37565359441174
2030-01-12 01:00:00,257.1295936410674
2030-01-12 02:00:00,256.8916555531501
2030-01-12 03:00:00,256.6615639164493
2030-01-12 04:00:00,256.43905313755795
2030-01-12 05:00:00,256.22386706192
2030-01-12 06:00:00,256.01575860881974
2030-01-12 07:00:00,255.81448942242602
2030-01-12 08:00:00,255.61982953805972
2030-01-12 09:00:00,255.85459079901935
2030-01-12 10:00:00,256.55275377541705
2030-01-12 11:00:00,257.5746023165105
2030-01-12 12:00:00,258.7612929691326
2030-01-12 13:00:00,259.9455995938186
2030-01-12 14:00:00,260.9632822130568
2030-01-12 15:00:00,261.66427138122185
2030-01-12 16:00:00,261.9228680338824
2030-01-12 17:00:00,261.64623285328815
2030-01-12 18:00:00,261.2579680536381
2030-01-12 19:00:00,260.88273014899056
2030-01-12 20:00:00,260.5200632397512
2030-01-12 21:00:00,260.1695286444781
2030-01-12 22:00:00,259.830704164343
2030-01-12 23:00:00,259.5031833847358
2030-01-13 00:00:00,259.18657501175835
2030-01-13 01:00:00,258.7619804240874
2030-01-13 02:00:00,258.3493812390019
2030-01-13 03:00:00,257.9484163016578
2030-01-13 04:00:00,257.5587365939357
2030-01-13 05:00:00,257.1800047544292
2030-01-13 06:00:00,256.81189462151553
2030-01-13 07:00:00,256.4540907981665
2030-01-13 08:00:00,256.10628823725085
2030-01-13 09:00:00,256.19934481826056
2030-01-13 10:00:00,256.761438204314
2030-01-13 11:00:00,257.65485583020217
2030-01-13 12:00:00,258.72200386162683
2030-01-13 13:00:00,259.7960774780309
2030-01-13 14:00:00,260.7124120730101
2030-01-13 15:00:00,261.3197089622052
2030-01-13 16:00:00,261.4903331839133
2030-01-13 17:00:00,261.1289504395845
2030-01-13 18:00:00,260.6491824714301
2030-01-13 19:00:00,260.18308814440235
2030-01-13 20:00:00,259.73024891651016
2030-01-13 21:00:00,259.2902607094436
2030-01-13 22:00:00,258.862733313351
2030-01-13 23:00:00,258.4472898215901
2030-01-14 00:00:00,258.04356609363
2030-01-14 01:00:00,257.5009625005877
2030-01-14 02:00:00,256.9703377095628
2030-01-14 03:00:00,256.4513909159108
2030-01-14 04:00:00,255.94383048277027
2030-01-14 05:00:00,255.4473735890778
2030-01-14 06:00:00,254.96174589440224
2030-01-14 07:00:00,254.48668121963465
2030-01-14 08:00:00,254.0219212426354
2030-01-14 09:00:00,254.00681142247183
2030-01-14 10:00:00,254.46420421779297
2030-01-14 11:00:00,255.25912864842164
2030-01-14 12:00:00,256.23579420701583
2030-01-14 13:00:00,257.2281581322033
2030-01-14 14:00:00,258.0712434173006
2030-01-14 15:00:00,258.61240540366896
2030-01-14 16:00:00,258.7217429633777
2030-01-14 17:00:00,258.30091367805375
2030-01-14 18:00:00,257.7526155572626
2030-01-14 19:00:00,257.21643982469885
2030-01-14 20:00:00,256.69208127290443
2030-01-14 21:00:00,256.179244032471
2030-01-14 22:00:00,255.67764121185974
2030-01-14 23:00:00,255.18699455451215
2030-01-15 00:00:00,254.7070341122578
2030-01-15 01:00:00,254.35697869134034
2030-01-15 02:00:00,254.0159862517118
2030-01-15 03:00:00,253.68380747397066
2030-01-15 04:00:00,253.36020065958328
2030-01-15 05:00:00,253.0449314581063
2030-01-15 06:00:00,252.73777260624146
2030-01-15 07:00:00,252.43850367810325
2030-01-15 08:00:00,252.1469108461176
2030-01-15 09:00:00,252.3111460540136
2030-01-15 10:00:00,252.94391267872226
2030-01-15 11:00:00,253.90828366135796
2030-01-15 12:00:00,255.04705323824797
2030-01-15 13:00:00,256.19340026440676
2030-01-15 14:00:00,257.18225830558396
2030-01-15 15:00:00,257.8615860142566
2030-01-15 16:00:00,258.1027331435667
2030-01-15 17:00:00,257.80916476069206
2030-01-15 18:00:00,257.3781210639841
2030-01-15 19:00:00,256.9584037595713
2030-01-15 20:00:00,256.5496924543261
2030-01-15 21:00:00,256.1516770208339
2030-01-15 22:00:00,255.76405720448363
2030-01-15 23:00:00,255.38654224898374
2030-01-16 00:00:00,255.01885053926136
2030-01-16 01:00:00,254.6368964997723
2030-01-16 02:00:00,254.26452036097538
2030-01-16 03:00:00,253.90146441205968
2030-01-16 04:00:00,253.5474787593688
2030-01-16 05:00:00,253.2023210445055
2030-01-16 06:00:00,252.8657561748605
2030-01-16 07:00:00,252.5375560659041
2030-01-16 08:00:00,252.2174993946209
2030-01-16 09:00:00,252.3628097021487
2030-01-16 10:00:00,252.97783496262466
2030-01-16 11:00:00,253.9258639925167
2030-01-16 12:00:00,255.04975916410356
2030-01-16 13:00:00,256.18261700848075
2030-01-16 14:00:00,257.15914597510965
2030-01-16 15:00:00,257.826954458525
2030-01-16 16:00:00,258.0569432383937
2030-01-16 17:00:00,257.7520629694235
2030-01-16 18:00:00,257.3010343633562
2030-01-16 19:00:00,256.86146958318096
2030-01-16 20:00:00,256.4330523001426
2030-01-16 21:00:00,256.0154761895817
2030-01-16 22:00:00,255.6084445488316
2030-01-16 23:00:00,255.2116699330842
2030-01-17 00:00:00,254.82487380820513
2030-01-17 01:00:00,254.49225727973217
2030-01-17 02:00:00,254.1684994200608
2030-01-17 03:00:00,253.85335104317633
2030-01-17 04:00:00,253.546570679629
2030-01-17 05:00:00,253.24792429960198
2030-01-17 06:00:00,252.9571850479431
2030-01-17 07:00:00,252.67413299053808
2030-01-17 08:00:00,252.3985548714383
2030-01-17 09:00:00,252.59707257761102
2030-01-17 10:00:00,253.26426082086965
2030-01-17 11:00:00,254.2625195098278
2030-01-17 12:00:00,255.43402850659737
2030-01-17 13:00:00,256.6114527638667
2030-01-17 14:00:00,257.6293477167583
2030-01-17 15:00:00,258.3354555968753
2030-01-17 16:00:00,258.6010858448335
2030-01-17 17:00:00,258.3298409375539
2030-01-17 18:00:00,257.90302776596303
2030-01-17 19:00:00,257.4877688318917
2030-01-17 20:00:00,257.08372895884605
2030-01-17 21:00:00,256.6905839112772
2030-01-17 22:00:00,256.3080199707331
2030-01-17 23:00:00,255.9357335320648
2030-01-18 00:00:00,255.57343071854066
2030-01-18 01:00:00,255.24198075592915
2030-01-18 02:00:00,254.9196451318521
2030-01-18 03:00:00,254.6061599988033
2030-01-18 04:00:00,254.30126987531165
2030-01-18 05:00:00,254.00472734033687
2030-01-18 06:00:00,253.71629274104905
2030-01-18 07:00:00,253.4357339132854
2030-01-18 08:00:00,253.16282591402143
2030-01-18 09:00:00,253.3738767896686
2030-01-18 10:00:00,254.05369080061226
2030-01-18 11:00:00,255.06409736603115
2030-01-18 12:00:00,256.24680809897126
2030-01-18 13:00:00,257.4341510004087
2030-01-18 14:00:00,258.46049641811
2030-01-18 15:00:00,259.1735635523193
2030-01-18 16:00:00,259.4447995922745
2030-01-18 17:00:00,259.1780926900409
2030-01-18 18:00:00,258.7466204890293
2030-01-18 19:00:00,258.32720841418075
2030-01-18 20:00:00,257.91949636887875
2030-01-18 21:00:00,257.52313629982757
2030-01-18 22:00:00,257.1377917212524
2030-01-18 23:00:00,256.763137262002
2030-01-19 00:00:00,256.39885823422094
2030-01-19 01:00:00,256.34300547717515
2030-01-19 02:00:00,256.28932180123815
2030-01-19 03:00:00,256.23772259661234
2030-01-19 04:00:00,256.1881265822992
2030-01-19 05:00:00,256.14045567296307
2030-01-19 06:00:00,256.0946348512855
2030-01-19 07:00:00,256.05059204557125
2030-01-19 08:00:00,256.00825801237846
2030-01-19 09:00:00,256.45409196685654
2030-01-19 10:00:00,257.3577494126561
2030-01-19 11:00:00,258.5758497923373
2030-01-19 12:00:00,259.9466392147113
2030-01-19 13:00:00,261.30092613597765
2030-01-19 14:00:00,262.4735774205581
2030-01-19 15:00:00,263.31475509198407
2030-01-19 16:00:00,263.7000885567066
2030-01-19 17:00:00,263.5390577741065
2030-01-19 18:00:00,263.20259809379775
2030-01-19 19:00:00,262.8795113309197
2030-01-19 20:00:00,262.56925175354957
2030-01-19 21:00:00,262.27129702325897
2030-01-19 22:00:00,261.98514710316107
2030-01-19 23:00:00,261.71032322398366
2030-01-20 00:00:00,261.446366904535
2030-01-20 01:00:00,260.97697193214435
2030-01-20 02:00:00,260.52139811463053
2030-01-20 03:00:00,260.07921086150145
2030-01-20 04:00:00,259.64999088221714
2030-01-20 05:00:00,259.2333335501325
2030-01-20 06:00:00,258.8288482986546
2030-01-20 07:00:00,258.4361580476421
2030-01-20 08:00:00,258.05489865821795
2030-01-20 09:00:00,258.1815415714861
2030-01-20 10:00:00,258.7802685178345
2030-01-20 11:00:00,259.71164237769534
2030-01-20 12:00:00,260.81633988837814
2030-01-20 13:00:00,261.9259368081218
2030-01-20 14:00:00,262.8743682442515
2030-01-20 15:00:00,263.5092488950311
2030-01-20 16:00:00,263.70224293930613
2030-01-20 17:00:00,263.35774469723344
2030-01-20 18:00:00,262.83176937875726
2030-01-20 19:00:00,262.3214122668806
2030-01-20 20:00:00,261.8261744212897
2030-01-20 21:00:00,261.3455749422613
2030-01-20 22:00:00,260.8791501918421
2030-01-20 23:00:00,260.42645305622796
2030-01-21 00:00:00,259.9870522467101
2030-01-21 01:00:00,259.36895028680806
2030-01-21 02:00:00,258.76377863501676
2030-01-21 03:00:00,258.1712188507444
2030-01-21 04:00:00,257.590962347967
2030-01-21 05:00:00,257.0227100042804
2030-01-21 06:00:00,256.46617178925464
2030-01-21 07:00:00,255.92106641095342
2030-01-21 08:00:00,255.38712097955988
2030-01-21 09:00:00,255.37148414408037
2030-01-21 10:00:00,255.83257219306861
2030-01-21 11:00:00,256.634792442031
2030-01-21 12:00:00,257.62136516621445
2030-01-21 13:00:00,258.62496312025826
2030-01-21 14:00:00,259.4791233152418
2030-01-21 15:00:00,260.0296218910819
2030-01-21 16:00:00,260.14499972943673
2030-01-21 17:00:00,259.7254893585101
2030-01-21 18:00:00,259.1128651863168
2030-01-21 19:00:00,258.5130361631495
2030-01-21 20:00:00,257.9256880420568
2030-01-21 21:00:00,257.3505162637988
2030-01-21 22:00:00,256.78722557416125
2030-01-21 23:00:00,256.2355296600835
2030-01-22 00:00:00,255.69515080349765
2030-01-22 01:00:00,255.2193391242819
2030-01-22 02:00:00,254.75415721444492
2030-01-22 03:00:00,254.29934015116925
2030-01-22 04:00:00,253.85463084775844
2030-01-22 05:00:00,253.419779765852
2030-01-22 06:00:00,252.99454464076408
2030-01-22 07:00:00,252.578690219226
2030-01-22 08:00:00,252.17198800886015
2030-01-22 09:00:00,252.29250776002056
2030-01-22 10:00:00,252.88744506920682
2030-01-22 11:00:00,253.82032317398688
2030-01-22 12:00:00,254.933661655675
2030-01-22 13:00:00,256.0596699482009
2030-01-22 14:00:00,257.0316957985389
2030-01-22 15:00:00,257.6956171371666
2030-01-22 16:00:00,257.92036408333774
2030-01-22 17:00:00,257.60682213369057
2030-01-22 18:00:00,257.08801481240647
2030-01-22 19:00:00,256.580921929779
2030-01-22 20:00:00,256.0852458754405
2030-01-22 21:00:00,255.6006981038009
2030-01-22 22:00:00,255.12699878885985
2030-01-22 23:00:00,254.66387649536287
2030-01-23 00:00:00,254.2110678653728
2030-01-23 01:00:00,253.90379578263023
2030-01-23 02:00:00,253.60478049257077
2030-01-23 03:00:00,253.31378887277822
2030-01-23 04:00:00,253.03059498811575
2030-01-23 05:00:00,252.75497983639124
2030-01-23 06:00:00,252.4867311047827
2030-01-23 07:00:00,252.2256429364756
2030-01-23 08:00:00,251.9715157069965
2030-01-23 09:00:00,252.25360873250833
2030-01-23 10:00:00,253.0059167919988
2030-01-23 11:00:00,254.0896519013229
2030-01-23 12:00:00,255.34567135698686
2030-01-23 13:00:00,256.60528042351194
2030-01-23 14:00:00,257.70173832972733
2030-01-23 15:00:00,258.4816507672937
2030-01-23 16:00:00,258.81543471963516
2030-01-23 17:00:00,258.6061104305927
2030-01-23 18:00:00,258.1794383206617
2030-01-23 19:00:00,257.76446526918596
2030-01-23 20:00:00,257.36084808242174
2030-01-23 21:00:00,256.96825486875866
2030-01-23 22:00:00,256.5863645980367
2030-01-23 23:00:00,256.2148666818234
2030-01-24 00:00:00,255.85346057344654
2030-01-24 01:00:00,255.50185538665926
2030-01-24 02:00:00,255.1597695318894
2030-01-24 03:00:00,254.82693036909313
2030-01-24 04:00:00,254.50307387629812
2030-01-24 05:00:00,254.18794433297953
2030-01-24 06:00:00,253.88129401746787
2030-01-24 07:00:00,253.58288291763796
2030-01-24 08:00:00,253.29247845417575
2030-01-24 09:00:00,253.5507471475463
2030-01-24 10:00:00,254.28049908798957
2030-01-24 11:00:00,255.34266121607874
2030-01-24 12:00:00,256.57780365100035
2030-01-24 13:00:00,257.81695867433126
2030-01-24 14:00:00,258.89314277962546
2030-01-24 15:00:00,259.65276346040145
2030-01-24 16:00:00,259.96609517256974
2030-01-24 17:00:00,259.73607823867474
2030-01-24 18:00:00,259.2783097263936
2030-01-24 19:00:00,258.83315878136
2030-01-24 20:00:00,258.400251608944
2030-01-24 21:00:00,257.9792269295215
2030-01-24 22:00:00,257.56973547899935
2030-01-24 23:00:00,257.1714395337443
2030-01-25 00:00:00,256.78401245847346
2030-01-25 01:00:00,256.4533867830889
2030-01-25 02:00:00,256.1323350161385
2030-01-25 03:00:00,255.82056667881673
2030-01-25 04:00:00,255.51780087335496
2030-01-25 05:00:00,255.22376592225825
2030-01-25 06:00:00,254.93819902371843
2030-01-25 07:00:00,254.66084592232951
2030-01-25 08:00:00,254.3914605942887
2030-01-25 09:00:00,254.68240846697603
2030-01-25 10:00:00,255.444094483733
2030-01-25 11:00:00,256.53638372102523
2030-01-25 12:00:00,257.79904051383767
2030-01-25 13:00:00,259.06259686843777
2030-01-25 14:00:00,260.15990371152947
2030-01-25 15:00:00,260.93754380054094
2030-01-25 16:00:00,261.26628968282137
2030-01-25 17:00:00,261.04986147717216
2030-01-25 18:00:00,260.5944523715995
2030-01-25 19:00:00,260.15247724845096
2030-01-25 20:00:00,259.7235138911026
2030-01-25 21:00:00,259.3071548891298
2030-01-25 22:00:00,258.90300702741706
2030-01-25 23:00:00,258.5106907059099
2030-01-26 00:00:00,258.1298393881516
2030-01-26 01:00:00,257.7396350134832
2030-01-26 02:00:00,257.3604741387888
2030-01-26 03:00:00,256.9920255560051
2030-01-26 04:00:00,256.63396904954107
2030-01-26 05:00:00,256.2859949709274
2030-01-26 06:00:00,255.94780383336186
2030-01-26 07:00:00,255.6191059250265
2030-01-26 08:00:00,255.29962094012728
2030-01-26 09:00:00,255.55365999444928
2030-01-26 10:00:00,256.28036891371625
2030-01-26 11:00:00,257.33971609347583
2030-01-26 12:00:00,258.57143544510774
2030-01-26 13:00:00,259.80589615406984
2030-01-26 14:00:00,260.8756648823746
2030-01-26 15:00:00,261.6269383781021
2030-01-26 16:00:00,261.9300283130102
2030-01-26 17:00:00,261.68815102629213
2030-01-26 18:00:00,261.1963312225127
2030-01-26 19:00:00,260.7186548252736
2030-01-26 20:00:00,260.25468469019063
2030-01-26 21:00:00,259.8039989432078
2030-01-26 22:00:00,259.36619034467344
2030-01-26 23:00:00,258.9408656858417
2030-01-27 00:00:00,258.5276452158006
2030-01-27 01:00:00,258.15055648800836
2030-01-27 02:00:00,257.7845355142517
2030-01-27 03:00:00,257.42923999899926
2030-01-27 04:00:00,257.08433925940875
2030-01-27 05:00:00,256.7495137706065
2030-01-27 06:00:00,256.42445473234585
2030-01-27 07:00:00,256.10886365583167
2030-01-27 08:00:00,255.80459675049676
2030-01-27 09:00:00,256.0838462275131
2030-01-27 10:00:00,256.8354624162878
2030-01-27 11:00:00,257.91873179934663
2030-01-27 12:00:00,259.17283628647147
2030-01-27 13:00:00,260.42775814377285
2030-01-27 14:00:00,261.5158664653183
2030-01-27 15:00:00,262.2833609803323
2030-01-27 16:00:00,262.60075385345624
2030-01-27 17:00:00,262.3716421928259
2030-01-27 18:00:00,261.88067668584705
2030-01-27 19:00:00,261.4043637270229
2030-01-27 20:00:00,260.9422355996249
2030-01-27 21:00:00,260.4938413415548
2030-01-27 22:00:00,260.0587460348776
2030-01-27 23:00:00,259.6365301321075
2030-01-28 00:00:00,259.22678881695106
2030-01-28 01:00:00,258.76707261226016
2030-01-28 02:00:00,258.3196882173379
2030-01-28 03:00:00,257.8842786713317
2030-01-28 04:00:00,257.4604987572406
2030-01-28 05:00:00,257.0480145388478
2030-01-28 06:00:00,256.64650292006195
2030-01-28 07:00:00,256.2556512253584
2030-01-28 08:00:00,255.88895537748633
2030-01-28 09:00:00,256.1074806532672
2030-01-28 10:00:00,256.801410397352
2030-01-28 11:00:00,257.8310033156482
2030-01-28 12:00:00,259.03599299300794
2030-01-28 13:00:00,260.2464611326751
2030-01-28 14:00:00,261.2944233766561
2030-01-28 15:00:00,262.0253041129944
2030-01-28 16:00:00,262.3084790016634
2030-01-28 17:00:00,262.046133550296
2030-01-28 18:00:00,261.51018717429343
2030-01-28 19:00:00,260.98881206895146
2030-01-28 20:00:00,260.48157577588233
2030-01-28 21:00:00,259.9880606586159
2030-01-28 22:00:00,259.50786328488164
2030-01-28 23:00:00,259.040593840678
2030-01-29 00:00:00,258.58587557415603
2030-01-29 01:00:00,258.1313201131919
2030-01-29 02:00:00,257.68869676943234
2030-01-29 03:00:00,257.25766684890846
2030-01-29 04:00:00,256.8379026161955
2030-01-29 05:00:00,256.4290868683132
2030-01-29 06:00:00,256.0309125289836
2030-01-29 07:00:00,255.64308226207194
2030-01-29 08:00:00,255.29100493044652
2030-01-29 09:00:00,255.52441136599583
2030-01-29 10:00:00,256.2336713948287
2030-01-29 11:00:00,257.2791118714969
2030-01-29 12:00:00,258.50041611053564
2030-01-29 13:00:00,259.7275047513934
2030-01-29 14:00:00,260.7921366235532
2030-01-29 15:00:00,261.539405149418
2030-01-29 16:00:00,261.8383075777923
2030-01-29 17:00:00,261.5906334533193
2030-01-29 18:00:00,261.056529310133
2030-01-29 19:00:00,260.5366513201379
2030-01-29 20:00:00,260.0305846099025
2030-01-29 21:00:00,259.5379283331619
2030-01-29 22:00:00,259.0582950922142
2030-01-29 23:00:00,258.5913103888197
2030-01-30 00:00:00,258.13661210278826
2030-01-30 01:00:00,257.6151241097762
2030-01-30 02:00:00,257.10564171884363
2030-01-30 03:00:00,256.6078549780575
2030-01-30 04:00:00,256.1214634924489
2030-01-30 05:00:00,255.64617605651827
2030-01-30 06:00:00,255.1817103043043
2030-01-30 07:00:00,254.7277923760088
2030-01-30 08:00:00,254.3219915079667
2030-01-30 09:00:00,254.5025869938409
2030-01-30 10:00:00,255.1617116066529
2030-01-30 11:00:00,256.1610164424635
2030-01-30 12:00:00,257.34099033315516
2030-01-30 13:00:00,258.53179459999075
2030-01-30 14:00:00,259.5648560504668
2030-01-30 15:00:00,260.2843952850787
2030-01-30 16:00:00,260.5580659651871
2030-01-30 17:00:00,260.2859465909489
2030-01-30 18:00:00,259.7146071984212
2030-01-30 19:00:00,259.1565777764407
2030-01-30 20:00:00,258.6115073282175
2030-01-30 21:00:00,258.07905603215266
2030-01-30 22:00:00,257.5588947949777
2030-01-30 23:00:00,257.05070482712705
2030-01-31 00:00:00,256.5541772390182
2030-01-31 01:00:00,256.008990599924
2030-01-31 02:00:00,255.4750071748572
2030-01-31 03:00:00,254.95196038355763
2030-01-31 04:00:00,254.43959148938845
2030-01-31 05:00:00,253.93764930569273
2030-01-31 06:00:00,253.44588991583637
2030-01-31 07:00:00,252.96407640617488
2030-01-31 08:00:00,252.54218673541308
2030-01-31 09:00:00,252.7068659786024
2030-01-31 10:00:00,253.3515622784728
2030-01-31 11:00:00,254.3389014476792
2030-01-31 12:00:00,255.50994945963853
2030-01-31 13:00:00,256.6950157700569
2030-01-31 14:00:00,257.7252435372075
2030-01-31 15:00:00,258.44416494699027
2030-01-31 16:00:00,258.71839606487003
2030-01-31 17:00:00,258.4467090625485
2030-01-31 18:00:00,257.86233881712934
2030-01-31 19:00:00,257.29011641178624
2030-01-31 20:00:00,256.72974695003757
2030-01-31 21:00:00,256.1809444620386
2030-01-31 22:00:00,255.64343155936675
2030-01-31 23:00:00,255.1169391064259
2030-02-01 00:00:00,254.601205907515
2030-02-01 01:00:00,254.4331118413357
2030-02-01 02:00:00,254.27043025319992
2030-02-01 03:00:00,254.1129835124269
2030-02-01 04:00:00,253.9606000322183
2030-02-01 05:00:00,253.8131140502814
2030-02-01 06:00:00,253.670365418292
2030-02-01 07:00:00,253.53219939978663
2030-02-01 08:00:00,253.46127818976979
2030-02-01 09:00:00,253.97157895615078
2030-02-01 10:00:00,254.94954628627664
2030-02-01 11:00:00,256.25219041981137
2030-02-01 12:00:00,257.71671420158356
2030-02-01 13:00:00,259.17156559249435
2030-02-01 14:00:00,260.44814060530865
2030-02-01 15:00:00,261.39230354145286
2030-02-01 16:00:00,261.8748991582549
2030-02-01 17:00:00,261.80050697225147
2030-02-01 18:00:00,261.3972304868668
2030-02-01 19:00:00,261.0073053610013
2030-02-01 20:00:00,260.6302692220327
2030-02-01 21:00:00,260.2656770578779
2030-02-01 22:00:00,259.91310047529504
2030-02-01 23:00:00,259.57212699583044
2030-02-02 00:00:00,259.2423593871095
2030-02-02 01:00:00,258.954486438988
2030-02-02 02:00:00,258.6764267110364
2030-02-02 03:00:00,258.40783552380265
2030-02-02 04:00:00,258.1483809941154
2030-02-02 05:00:00,257.89774351296273
2030-02-02 06:00:00,257.65561524787023
2030-02-02 07:00:00,257.4216996684169
2030-02-02 08:00:00,257.2713519409783
2030-02-02 09:00:00,257.70590742722794
2030-02-02 10:00:00,258.6105091167528
2030-02-02 11:00:00,259.8410750419659
2030-02-02 12:00:00,261.2339773663255
2030-02-02 13:00:00,262.61713260021503
2030-02-02 14:00:00,263.8217238803741
2030-02-02 15:00:00,264.6937194505569
2030-02-02 16:00:00,265.10436102432703
2030-02-02 17:00:00,264.9588734651288
2030-02-02 18:00:00,264.47387986037916
2030-02-02 19:00:00,264.0057789525992
2030-02-02 20:00:00,263.5539523118051
2030-02-02 21:00:00,263.11780624570133
2030-02-02 22:00:00,262.69677066274403
2030-02-02 23:00:00,262.29029799775657
2030-02-03 00:00:00,261.8978621959472
2030-02-03 01:00:00,261.4553213945799
2030-02-03 02:00:00,261.0266806537484
2030-02-03 03:00:00,260.6114788007823
2030-02-03 04:00:00,260.2092715119783
2030-02-03 05:00:00,259.81963059882463
2030-02-03 06:00:00,259.4421433306539
2030-02-03 07:00:00,259.07641179147834
2030-02-03 08:00:00,258.81074290224564
2030-02-03 09:00:00,259.13400137129776
2030-02-03 10:00:00,259.932714004832
2030-02-03 11:00:00,261.0637871489362
2030-02-03 12:00:00,262.364118723367
2030-02-03 13:00:00,263.66165337338225
2030-02-03 14:00:00,264.78710472843636
2030-02-03 15:00:00,265.58550920511567
2030-02-03 16:00:00,265.92678250806205
2030-02-03 17:00:00,265.71452512112927
2030-02-03 18:00:00,265.1510214951052
2030-02-03 19:00:00,264.60550042656433
2030-02-03 20:00:00,264.07734710421965
2030-02-03 21:00:00,263.5659703657796
2030-02-03 22:00:00,263.07080161819425
2030-02-03 23:00:00,262.59129381814273
2030-02-04 00:00:00,262.12692050870027
2030-02-04 01:00:00,261.6908894609784
2030-02-04 02:00:00,261.2688538637245
2030-02-04 03:00:00,260.860340623425
2030-02-04 04:00:00,260.46489417495025
2030-02-04 05:00:00,260.08207573262536
2030-02-04 06:00:00,259.711462579704
2030-02-04 07:00:00,259.3526473938705
2030-02-04 08:00:00,259.10719372583895
2030-02-04 09:00:00,259.45107580262703
2030-02-04 10:00:00,260.27025581267276
2030-02-04 11:00:00,261.4211187488992
2030-02-04 12:00:00,262.74011816666416
2030-02-04 13:00:00,264.05486043435053
2030-02-04 14:00:00,265.1958491126681
2030-02-04 15:00:00,266.00805200051167
2030-02-04 16:00:00,266.3614607811851
2030-02-04 17:00:00,266.15988919536755
2030-02-04 18:00:00,265.59320726602317
2030-02-04 19:00:00,265.0450158280924
2030-02-04 20:00:00,264.5146700413479
2030-02-04 21:00:00,264.0015502777042
2030-02-04 22:00:00,263.50506095534416
2030-02-04 23:00:00,263.0246294386004
2030-02-05 00:00:00,262.55970499911
2030-02-05 01:00:00,262.00139343008493
2030-02-05 02:00:00,261.45806974850154
2030-02-05 03:00:00,260.92929204698
2030-02-05 04:00:00,260.41463358659223
2030-02-05 05:00:00,259.9136821594849
2030-02-05 06:00:00,259.4260394846469
2030-02-05 07:00:00,258.9513206347451
2030-02-05 08:00:00,258.6045857874413
2030-02-05 09:00:00,258.8494084836297
2030-02-05 10:00:00,259.5747130877994
2030-02-05 11:00:00,260.6391268584144
2030-02-05 12:00:00,261.8804903004236
2030-02-05 13:00:00,263.1268623898041
2030-02-05 14:00:00,264.20824963090087
2030-02-05 15:00:00,264.96822399067406
2030-02-05 16:00:00,265.27459678765365
2030-02-05 17:00:00,265.02838626130125
2030-02-05 18:00:00,264.4033045235708
2030-02-05 19:00:00,263.7952066303761
2030-02-05 20:00:00,263.2035806477068
2030-02-05 21:00:00,262.6279328372518
2030-02-05 22:00:00,262.0677868567303
2030-02-05 23:00:00,261.5226830038414
2030-02-06 00:00:00,260.9921775009691
2030-02-06 01:00:00,260.5013477279601
2030-02-06 02:00:00,260.0241640028457
2030-02-06 03:00:00,259.56021675907846
2030-02-06 04:00:00,259.1091104104408
2030-02-06 05:00:00,258.67046277870577
2030-02-06 06:00:00,258.24390455006676
2030-02-06 07:00:00,257.82907875858905
2030-02-06 08:00:00,257.55475439177866
2030-02-06 09:00:00,257.87121947711705
2030-02-06 10:00:00,258.66667242265294
2030-02-06 11:00:00,259.7990852636887
2030-02-06 12:00:00,261.1057619150181
2030-02-06 13:00:00,262.41438306837625
2030-02-06 14:00:00,263.55476373854475
2030-02-06 15:00:00,264.3704863649055
2030-02-06 16:00:00,264.729575396951
2030-02-06 17:00:00,264.5334510297145
2030-02-06 18:00:00,263.943223081702
2030-02-06 19:00:00,263.3696780632847
2030-02-06 20:00:00,262.8122996582992
2030-02-06 21:00:00,262.27059007988805
2030-02-06 22:00:00,261.74406925900206
2030-02-06 23:00:00,261.23227407684504
2030-02-07 00:00:00,260.7347576383935
2030-02-07 01:00:00,260.17653246957263
2030-02-07 02:00:00,259.63193658574903
2030-02-07 03:00:00,259.10059808125607
2030-02-07 04:00:00,258.582157123202
2030-02-07 05:00:00,258.0762654639467
2030-02-07 06:00:00,257.582585978039
2030-02-07 07:00:00,257.10079222214046
2030-02-07 08:00:00,256.7735644229488
2030-02-07 09:00:00,257.03830878076195
2030-02-07 10:00:00,257.78509142361037
2030-02-07 11:00:00,258.87328310850955
2030-02-07 12:00:00,260.1410330307231
2030-02-07 13:00:00,261.4162656341237
2030-02-07 14:00:00,262.52843098008674
2030-02-07 15:00:00,263.32017308319854
2030-02-07 16:00:00,263.6580802193303
2030-02-07 17:00:00,263.4417495103357
2030-02-07 18:00:00,262.81685039545823
2030-02-07 19:00:00,262.2074289175793
2030-02-07 20:00:00,261.6130516996866
2030-02-07 21:00:00,261.0332999954117
2030-02-07 22:00:00,260.4677690691063
2030-02-07 23:00:00,259.91606760860327
2030-02-08 00:00:00,259.3778171685977
2030-02-08 01:00:00,258.90827305442696
2030-02-08 02:00:00,258.45121854403175
2030-02-08 03:00:00,258.00629408918104
2030-02-08 04:00:00,257.57315195449837
2030-02-08 05:00:00,257.1514557505062
2030-02-08 06:00:00,256.74087998936363
2030-02-08 07:00:00,256.34110966196516
2030-02-08 08:00:00,256.1089138929095
2030-02-08 09:00:00,256.4677949743629
2030-02-08 10:00:00,257.3063578289308
2030-02-08 11:00:00,258.4827330931883
2030-02-08 12:00:00,259.8341351552157
2030-02-08 13:00:00,261.1879228873171
2030-02-08 14:00:00,262.3733885265094
2030-02-08 15:00:00,263.2334358507697
2030-02-08 16:00:00,263.6353105997105
2030-02-08 17:00:00,263.4796167654765
2030-02-08 18:00:00,262.8997412785301
2030-02-08 19:00:00,262.3355983309813
2030-02-08 20:00:00,261.78671813877446
2030-02-08 21:00:00,261.252647293718
2030-02-08 22:00:00,260.73294806311884
2030-02-08 23:00:00,260.2271977265121
2030-02-09 00:00:00,259.7349879471199
2030-02-09 01:00:00,259.4106577012167
2030-02-09 02:00:00,259.0971295973113
2030-02-09 03:00:00,258.7940309026337
2030-02-09 04:00:00,258.50100260683746
2030-02-09 05:00:00,258.2176988592641
2030-02-09 06:00:00,257.943786433109
2030-02-09 07:00:00,257.6789442149528
2030-02-09 08:00:00,257.59420455551935
2030-02-09 09:00:00,258.09810445729386
2030-02-09 10:00:00,259.07514200616276
2030-02-09 11:00:00,260.3801616791697
2030-02-09 12:00:00,261.84811873303465
2030-02-09 13:00:00,263.30527935279304
2030-02-09 14:00:00,264.58106975027226
2030-02-09 15:00:00,265.5197288813854
2030-02-09 16:00:00,265.990928094025
2030-02-09 17:00:00,265.8985989264376
2030-02-09 18:00:00,265.36634710274757
2030-02-09 19:00:00,264.85225072981206
2030-02-09 20:00:00,264.3556540434384
2030-02-09 21:00:00,263.8759274630543
2030-02-09 22:00:00,263.41246637393243
2030-02-09 23:00:00,262.96468997786593
2030-02-10 00:00:00,262.5320402076483
2030-02-10 01:00:00,262.06888348545476
2030-02-10 02:00:00,261.6202978088955
2030-02-10 03:00:00,261.18579772470576
2030-02-10 04:00:00,260.76491566061077
2030-02-10 05:00:00,260.3572011581534
2030-02-10 06:00:00,259.96222014529593
2030-02-10 07:00:00,259.57955424630507
2030-02-10 08:00:00,259.39459461380744
2030-02-10 09:00:00,259.80206924299426
2030-02-10 10:00:00,260.6873840544587
2030-02-10 11:00:00,261.90600460523933
2030-02-10 12:00:00,263.29317486345656
2030-02-10 13:00:00,264.6750953423965
2030-02-10 14:00:00,265.88077561037187
2030-02-10 15:00:00,266.75371562440995
2030-02-10 16:00:00,267.16257696519244
2030-02-10 17:00:00,267.01008118206244
2030-02-10 18:00:00,266.4045607353638
2030-02-10 19:00:00,265.8184496162157
2030-02-10 20:00:00,265.251077955412
2030-02-10 21:00:00,264.70180208297376
2030-02-10 22:00:00,264.1700033030699
2030-02-10 23:00:00,263.65508673919396
2030-02-11 00:00:00,263.15648024472983
2030-02-11 01:00:00,262.62514005019517
2030-02-11 02:00:00,262.1092591405027
2030-02-11 03:00:00,261.6083518552219
2030-02-11 04:00:00,261.12194989173105
2030-02-11 05:00:00,260.64960156086335
2030-02-11 06:00:00,260.1908710817566
2030-02-11 07:00:00,259.745337913413
2030-02-11 08:00:00,259.5130228285769
2030-02-11 09:00:00,259.87488924924315
2030-02-11 10:00:00,260.71759528988076
2030-02-11 11:00:00,261.8975055065475
2030-02-11 12:00:00,263.2503553118669
2030-02-11 13:00:00,264.60240206058165
2030-02-11 14:00:00,265.7822804678069
2030-02-11 15:00:00,266.6327171267895
2030-02-11 16:00:00,267.0212630387176
2030-02-11 17:00:00,266.8492768305823
2030-02-11 18:00:00,266.20944678092644
2030-02-11 19:00:00,265.58854662584844
2030-02-11 20:00:00,264.9859628996855
2030-02-11 21:00:00,264.40110520357797
2030-02-11 22:00:00,263.83340514637524
2030-02-11 23:00:00,263.28231534568636
2030-02-12 00:00:00,262.74730848495864
2030-02-12 01:00:00,262.1710821004836
2030-02-12 02:00:00,261.60997201606807
2030-02-12 03:00:00,261.0635394510737
2030-02-12 04:00:00,260.53136059348475
2030-02-12 05:00:00,260.0130259701506
2030-02-12 06:00:00,259.5081398498875
2030-02-12 07:00:00,259.01631967737507
2030-02-12 08:00:00,258.75242869670524
2030-02-12 09:00:00,259.0836894010761
2030-02-12 10:00:00,259.8983239079221
2030-02-12 11:00:00,261.0538504131906
2030-02-12 12:00:00,262.38667981933594
2030-02-12 13:00:00,263.72323043016706
2030-02-12 14:00:00,264.8917819758525
2030-02-12 15:00:00,265.73422468991345
2030-02-12 16:00:00,266.1168603577736
2030-02-12 17:00:00,265.9394830925191
2030-02-12 18:00:00,265.27871070654345
2030-02-12 19:00:00,264.6355519302524
2030-02-12 20:00:00,264.0094804335234
2030-02-12 21:00:00,263.3999886680665
2030-02-12 22:00:00,262.8065870312859
2030-02-12 23:00:00,262.2288030764256
2030-02-13 00:00:00,261.6661807659232
2030-02-13 01:00:00,261.1694825382233
2030-02-13 02:00:00,260.6869381058567
2030-02-13 03:00:00,260.21811311479655
2030-02-13 04:00:00,259.7625883190866
2030-02-13 05:00:00,259.3199589526145
2030-02-13 06:00:00,258.88983413291203
2030-02-13 07:00:00,258.4718362950105
2030-02-13 08:00:00,258.29580912398154
2030-02-13 09:00:00,258.71390258684556
2030-02-13 10:00:00,259.6128379778832
2030-02-13 11:00:00,260.84887279563077
2030-02-13 12:00:00,262.2574820359804
2030-02-13 13:00:00,263.664536016916
2030-02-13 14:00:00,264.8981908617427
2030-02-13 15:00:00,265.8006441719631
2030-02-13 16:00:00,266.2389119439641
2030-02-13 17:00:00,266.11385612103754
2030-02-13 18:00:00,265.488953745396
2030-02-13 19:00:00,264.882224972646
2030-02-13 20:00:00,264.29309056253425
2030-02-13 21:00:00,263.7209927098048
2030-02-13 22:00:00,263.1653940751148
2030-02-13 23:00:00,262.62577687014664
2030-02-14 00:00:00,262.1016419932637
2030-02-14 01:00:00,261.4931679508707
2030-02-14 02:00:00,260.8991709002529
2030-02-14 03:00:00,260.3192593786294
2030-02-14 04:00:00,259.7530547609461
2030-02-14 05:00:00,259.20019072964004
2030-02-14 06:00:00,258.6603127716636
2030-02-14 07:00:00,258.13307770108923
2030-02-14 08:00:00,257.86350043333573
2030-02-14 09:00:00,258.19018982891214
2030-02-14 10:00:00,259.00254295518175
2030-02-14 11:00:00,260.15885772674227
2030-02-14 12:00:00,261.4958866417603
2030-02-14 13:00:00,262.8399375650198
2030-02-14 14:00:00,264.0187446846731
2030-02-14 15:00:00,264.87326485713095
2030-02-14 16:00:00,265.26855322107235
2030-02-14 17:00:00,265.10294040362606
2030-02-14 18:00:00,264.4223376923212
2030-02-14 19:00:00,263.758197438664
2030-02-14 20:00:00,263.1100613278214
2030-02-14 21:00:00,262.47748673202193
2030-02-14 22:00:00,261.86004602907326
2030-02-14 23:00:00,261.2573259577479
2030-02-15 00:00:00,260.6689270076517
2030-02-15 01:00:00,260.1703478009981
2030-02-15 02:00:00,259.68523501905355
2030-02-15 03:00:00,259.21319384071853
2030-02-15 04:00:00,258.75384271086824
2030-02-15 05:00:00,258.30681280200014
2030-02-15 06:00:00,257.8717475027856
2030-02-15 07:00:00,257.44830193190256
2030-02-15 08:00:00,257.2967864668371
2030-02-15 09:00:00,257.7400910773852
2030-02-15 10:00:00,258.6655344128978
2030-02-15 11:00:00,259.9296908398373
2030-02-15 12:00:00,261.3680597670956
2030-02-15 13:00:00,262.8062507769771
2030-02-15 14:00:00,264.07190077732747
2030-02-15 15:00:00,265.00647426697356
2030-02-15 16:00:00,265.47609977012894
2030-02-15 17:00:00,265.38066744915983
2030-02-15 18:00:00,264.75320269741906
2030-02-15 19:00:00,264.14307313511307
2030-02-15 20:00:00,263.5497488794981
2030-02-15 21:00:00,262.9727190831104
2030-02-15 22:00:00,262.41149109032415
2030-02-15 23:00:00,261.8655896402652
2030-02-16 00:00:00,261.33455611301554
2030-02-16 01:00:00,260.7552744474328
2030-02-16 02:00:00,260.19001062711214
2030-02-16 03:00:00,259.6383830871251
2030-02-16 04:00:00,259.1000227125825
2030-02-16 05:00:00,258.5745723307038
2030-02-16 06:00:00,258.06168622865613
2030-02-16 07:00:00,257.5610296955946
2030-02-16 08:00:00,257.34837187855356
2030-02-16 09:00:00,257.7323382973018
2030-02-16 10:00:00,258.6017938363527
2030-02-16 11:00:00,259.8144635657416
2030-02-16 12:00:00,261.2065292277694
2030-02-16 13:00:00,262.6037728801121
2030-02-16 14:00:00,263.83348771478666
2030-02-16 15:00:00,264.73630827567365
2030-02-16 16:00:00,265.17711132512864
2030-02-16 17:00:00,265.0542076731014
2030-02-16 18:00:00,264.3838555529701
2030-02-16 19:00:00,263.73005279765397
2030-02-16 20:00:00,263.0923325824393
2030-02-16 21:00:00,262.4702441479516
2030-02-16 22:00:00,261.86335210134985
2030-02-16 23:00:00,261.2712357553702
2030-02-17 00:00:00,260.69348850276356
2030-02-17 01:00:00,260.3741456879701
2030-02-17 02:00:00,260.0660084361161
2030-02-17 03:00:00,259.7686709302507
2030-02-17 04:00:00,259.48174293280437
2030-02-17 05:00:00,259.204849125471
2030-02-17 06:00:00,258.93762848139994
2030-02-17 07:00:00,258.6797336678173
2030-02-17 08:00:00,258.72252010781443
2030-02-17 09:00:00,259.35616964696914
2030-02-17 10:00:00,260.4629640750008
2030-02-17 11:00:00,261.89541906405907
2030-02-17 12:00:00,263.48621341574284
2030-02-17 13:00:00,265.0595530649237
2030-02-17 14:00:00,266.4431704476919
2030-02-17 15:00:00,267.48010179289975
2030-02-17 16:00:00,268.0393952857508
2030-02-17 17:00:00,268.02498395780316
2030-02-17 18:00:00,267.4446467377477
2030-02-17 19:00:00,266.8852346516557
2030-02-17 20:00:00,266.34594929773743
2030-02-17 21:00:00,265.8260259166494
2030-02-17 22:00:00,265.3247317419853
2030-02-17 23:00:00,264.84136444845694
2030-02-18 00:00:00,264.3752506907773
2030-02-18 01:00:00,263.8209159632102
2030-02-18 02:00:00,263.28317426377424
2030-02-18 03:00:00,262.7614895574096
2030-02-18 04:00:00,262.25534549669214
2030-02-18 05:00:00,261.7642445547295
2030-02-18 06:00:00,261.28770720495254
2030-02-18 07:00:00,260.8252711447391
2030-02-18 08:00:00,260.68391804821516
2030-02-18 09:00:00,261.13985165562326
2030-02-18 10:00:00,262.07822542105606
2030-02-18 11:00:00,263.3536986332002
2030-02-18 12:00:00,264.8002220982029
2030-02-18 13:00:00,266.24231824355803
2030-02-18 14:00:00,267.5070635577146
2030-02-18 15:00:00,268.435918015344
2030-02-18 16:00:00,268.89555094257236
2030-02-18 17:00:00,268.78688830440916
2030-02-18 18:00:00,268.09901043951976
2030-02-18 19:00:00,267.4321310021477
2030-02-18 20:00:00,266.7855464649349
2030-02-18 21:00:00,266.15858072182124
2030-02-18 22:00:00,265.5505837799501
2030-02-18 23:00:00,264.9609305288189
2030-02-19 00:00:00,264.3890195811779
2030-02-19 01:00:00,263.93553476682615
2030-02-19 02:00:00,263.4980955423625
2030-02-19 03:00:00,263.0761080306552
2030-02-19 04:00:00,262.6690021862471
2030-02-19 05:00:00,262.27623070706295
2030-02-19 06:00:00,261.89726800516684
2030-02-19 07:00:00,261.53160923271383
2030-02-19 08:00:00,261.5020706806224
2030-02-19 09:00:00,262.06743488623994
2030-02-19 10:00:00,263.1094957147666
2030-02-19 11:00:00,264.4802430071113
2030-02-19 12:00:00,266.011814855107
2030-02-19 13:00:00,267.52788817237376
2030-02-19 14:00:00,268.8557056245243
2030-02-19 15:00:00,269.83787864965564
2030-02-19 16:00:00,270.3431168694503
2030-02-19 17:00:00,270.27511572343616
2030-02-19 18:00:00,269.6108182087666
2030-02-19 19:00:00,268.9705527836366
2030-02-19 20:00:00,268.3533915902144
2030-02-19 21:00:00,267.75844685001425
2030-02-19 22:00:00,267.1848688203987
2030-02-19 23:00:00,266.6318438780458
2030-02-20 00:00:00,266.0985927198456
2030-02-20 01:00:00,265.59865327391486
2030-02-20 02:00:00,265.11693965289646
2030-02-20 03:00:00,264.65275529877357
2030-02-20 04:00:00,264.20543262000143
2030-02-20 05:00:00,263.77433161450887
2030-02-20 06:00:00,263.3588385707628
2030-02-20 07:00:00,262.95836484156433
2030-02-20 08:00:00,262.91165125222574
2030-02-20 09:00:00,263.4612250967762
2030-02-20 10:00:00,264.4880969197935
2030-02-20 11:00:00,265.843583595048
2030-02-20 12:00:00,267.35929703507117
2030-02-20 13:00:00,268.85856276441893
2030-02-20 14:00:00,270.16846377113967
2030-02-20 15:00:00,271.1316474700064
2030-02-20 16:00:00,271.61704526851065
2030-02-20 17:00:00,271.5287370642363
2030-02-20 18:00:00,270.8286135300804
2030-02-20 19:00:00,270.1545318218305
2030-02-20 20:00:00,269.5054578702236
2030-02-20 21:00:00,268.88040356468764
2030-02-20 22:00:00,268.2784243410872
2030-02-20 23:00:00,267.6986169238125
2030-02-21 00:00:00,267.1401172102739
2030-02-21 01:00:00,266.46182837461856
2030-02-21 02:00:00,265.8023565025051
2030-02-21 03:00:00,265.1611192698325
2030-02-21 04:00:00,264.53755574835077
2030-02-21 05:00:00,263.9311254287311
2030-02-21 06:00:00,263.34130729906406
2030-02-21 07:00:00,262.767598975007
2030-02-21 08:00:00,262.56495052275454
2030-02-21 09:00:00,262.96313253804914
2030-02-21 10:00:00,263.84822252903996
2030-02-21 11:00:00,265.0753980215241
2030-02-21 12:00:00,266.4786896585332
2030-02-21 13:00:00,267.8822597316802
2030-02-21 14:00:00,269.11241453285817
2030-02-21 15:00:00,270.0094929766765
2030-02-21 16:00:00,270.43877627079536
2030-02-21 17:00:00,270.29963696266304
2030-02-21 18:00:00,269.53285905784855
2030-02-21 19:00:00,268.78768420381505
2030-02-21 20:00:00,268.0634249564027
2030-02-21 21:00:00,267.3594202281691
2030-02-21 22:00:00,266.6750340201515
2030-02-21 23:00:00,266.0096542295855
2030-02-22 00:00:00,265.36269152812764
2030-02-22 01:00:00,264.818187931324
2030-02-22 02:00:00,264.2912750998177
2030-02-22 03:00:00,263.78134662845565
2030-02-22 04:00:00,263.2878194923096
2030-02-22 05:00:00,262.8101329832408
2030-02-22 06:00:00,262.34774770537285
2030-02-22 07:00:00,261.90014462552955
2030-02-22 08:00:00,261.8385071355118
2030-02-22 09:00:00,262.3748584074495
2030-02-22 10:00:00,263.39242086573717
2030-02-22 11:00:00,264.74407609455693
2030-02-22 12:00:00,266.26226856279686
2030-02-22 13:00:00,267.77038739490257
2030-02-22 14:00:00,269.09482581017704
2030-02-22 15:00:00,270.07685615059535
2030-02-22 16:00:00,270.58346561473655
2030-02-22 17:00:00,270.5163763934062
2030-02-22 18:00:00,269.8186176219057
2030-02-22 19:00:00,269.12863517557923
2030-02-22 20:00:00,268.46135936629764
2030-02-22 21:00:00,267.81597978478425
2030-02-22 22:00:00,267.1917191364698
2030-02-22 23:00:00,266.5878316079081
2030-02-23 00:00:00,266.00360133246465
2030-02-23 01:00:00,265.3748720888628
2030-02-23 02:00:00,264.7641578336388
2030-02-23 03:00:00,264.1708910603923
2030-02-23 04:00:00,263.5945251051533
2030-02-23 05:00:00,263.03453320806284
2030-02-23 06:00:00,262.49040762736223
2030-02-23 07:00:00,261.96165880217865
2030-02-23 08:00:00,261.8358594674042
2030-02-23 09:00:00,262.31030975222114
2030-02-23 10:00:00,263.2702927868566
2030-02-23 11:00:00,264.57022981917066
2030-02-23 12:00:00,266.04348924706784
2030-02-23 13:00:00,267.5137148098937
2030-02-23 14:00:00,268.80687758951905
2030-02-23 15:00:00,269.76319119609593
2030-02-23 16:00:00,270.2480327793245
2030-02-23 17:00:00,270.16108722768524
2030-02-23 18:00:00,269.4430723654231
2030-02-23 19:00:00,268.7148319923895
2030-02-23 20:00:00,268.00779772665106
2030-02-23 21:00:00,267.3212815053522
2030-02-23 22:00:00,266.6546217374024
2030-02-23 23:00:00,266.0071820388295
2030-02-24 00:00:00,265.3783500432029
2030-02-24 01:00:00,264.6919749362908
2030-02-24 02:00:00,264.0222625127647
2030-02-24 03:00:00,263.36874700288075
2030-02-24 04:00:00,262.7309786506223
2030-02-24 05:00:00,262.10852301474085
2030-02-24 06:00:00,261.5009603077886
2030-02-24 07:00:00,260.9078847706748
2030-02-24 08:00:00,260.7334189451677
2030-02-24 09:00:00,261.16046642643613
2030-02-24 10:00:00,262.0768339129631
2030-02-24 11:00:00,263.3388698284717
2030-02-24 12:00:00,264.78115589528477
2030-02-24 13:00:00,266.2277647532651
2030-02-24 14:00:00,267.5042949061692
2030-02-24 15:00:00,268.4498249746846
2030-02-24 16:00:00,268.9279278910291
2030-02-24 17:00:00,268.8359556979422
2030-02-24 18:00:00,268.11194191757136
2030-02-24 19:00:00,267.358568047261
2030-02-24 20:00:00,266.62376128714624
2030-02-24 21:00:00,265.90698878935876
2030-02-24 22:00:00,265.20773673084057
2030-02-24 23:00:00,264.52550944604246
2030-02-25 00:00:00,263.8598286088551
2030-02-25 01:00:00,263.35229442602554
2030-02-25 02:00:00,262.86075075911515
2030-02-25 03:00:00,262.38466101511943
2030-02-25 04:00:00,261.92350868334245
2030-02-25 05:00:00,261.4767964514293
2030-02-25 06:00:00,261.0440453686997
2030-02-25 07:00:00,260.62479405372363
2030-02-25 08:00:00,260.63968515205823
2030-02-25 09:00:00,261.25213668175263
2030-02-25 10:00:00,262.34550430950924
2030-02-25 11:00:00,263.7725816147734
2030-02-25 12:00:00,265.36552351605593
2030-02-25 13:00:00,266.94726085930984
2030-02-25 14:00:00,268.3436038957144
2030-02-25 15:00:00,269.3951696724032
2030-02-25 16:00:00,269.9682746813683
2030-02-25 17:00:00,269.9640121131016
2030-02-25 18:00:00,269.3248766552133
2030-02-25 19:00:00,268.64294377244005
2030-02-25 20:00:00,267.9829968222783
2030-02-25 21:00:00,267.34426543262794
2030-02-25 22:00:00,266.72601022512146
2030-02-25 23:00:00,266.1275213058627
2030-02-26 00:00:00,265.5481168467921
2030-02-26 01:00:00,264.8706609338232
2030-02-26 02:00:00,264.2101737478935
2030-02-26 03:00:00,263.56617057215476
2030-02-26 04:00:00,262.9381835480358
2030-02-26 05:00:00,262.3257609349795
2030-02-26 06:00:00,261.7284664106529
2030-02-26 07:00:00,261.1458784089813
2030-02-26 08:00:00,261.01534579988055
2030-02-26 09:00:00,261.48666298425223
2030-02-26 10:00:00,262.44694541643764
2030-02-26 11:00:00,263.75187317334553
2030-02-26 12:00:00,265.2354291149762
2030-02-26 13:00:00,266.72119911413375
2030-02-26 14:00:00,268.03444229177467
2030-02-26 15:00:00,269.0140702895182
2030-02-26 16:00:00,269.52367398998484
2030-02-26 17:00:00,269.46080714423783
2030-02-26 18:00:00,268.7638738843923
2030-02-26 19:00:00,268.0050152222454
2030-02-26 20:00:00,267.2654944724406
2030-02-26 21:00:00,266.54474222164004
2030-02-26 22:00:00,265.8422097568255
2030-02-26 23:00:00,265.1573681079403
2030-02-27 00:00:00,264.4897071456734
2030-02-27 01:00:00,264.07217084096715
2030-02-27 02:00:00,263.6703061607866
2030-02-27 03:00:00,263.2835027855407
2030-02-27 04:00:00,262.91117582066346
2030-02-27 05:00:00,262.55276461256796
2030-02-27 06:00:00,262.2077316291092
2030-02-27 07:00:00,261.87556140035156
2030-02-27 08:00:00,262.01027603698003
2030-02-27 09:00:00,262.73923656843306
2030-02-27 10:00:00,263.94205231861855
2030-02-27 11:00:00,265.4685293773246
2030-02-27 12:00:00,267.14878299495774
2030-02-27 13:00:00,268.8047791002599
2030-02-27 14:00:00,270.26249127064267
2030-02-27 15:00:00,271.3638022425771
2030-02-27 16:00:00,271.97729186122626
2030-02-27 17:00:00,272.0071382155325
2030-02-27 18:00:00,271.3995085936057
2030-02-27 19:00:00,270.719156825616
2030-02-27 20:00:00,270.0649773270271
2030-02-27 21:00:00,269.43590168154236
2030-02-27 22:00:00,268.830909852601
2030-02-27 23:00:00,268.2490276213132
2030-02-28 00:00:00,267.68932418884293
2030-02-28 01:00:00,267.19283411273386
2030-02-28 02:00:00,266.7165521175209
2030-02-28 03:00:00,266.25962385048905
2030-02-28 04:00:00,265.8212336677646
2030-02-28 05:00:00,265.4006026687097
2030-02-28 06:00:00,264.99698684737547
2030-02-28 07:00:00,264.60967535266263
2030-02-28 08:00:00,264.70935106499337
2030-02-28 09:00:00,265.40485501682394
2030-02-28 10:00:00,266.5737981039324
2030-02-28 11:00:00,268.0644124093471
2030-02-28 12:00:00,269.7057457917441
2030-02-28 13:00:00,271.31925425125314
2030-02-28 14:00:00,272.73097309172795
2030-02-28 15:00:00,273.78339340854245
2030-02-28 16:00:00,274.34618662269
2030-02-28 17:00:00,274.32500822712376
2030-02-28 18:00:00,273.66776506215507
2030-02-28 19:00:00,272.92523403821946
2030-02-28 20:00:00,272.2135374155922
2030-02-28 21:00:00,271.53132053708686
2030-02-28 22:00:00,270.87729445464043
2030-02-28 23:00:00,270.2502322209686
2030-03-01 00:00:00,269.64896543406826
2030-03-01 01:00:00,268.92660840254086
2030-03-01 02:00:00,268.22595063635003
2030-03-01 03:00:00,267.54627087546373
2030-03-01 04:00:00,266.88687604316635
2030-03-01 05:00:00,266.24709988709697
2030-03-01 06:00:00,265.6263017015936
2030-03-01 07:00:00,265.0238651254901
2030-03-01 08:00:00,264.92748476136586
2030-03-01 09:00:00,265.43435561734896
2030-03-01 10:00:00,266.42828064998093
2030-03-01 11:00:00,267.7621736505223
2030-03-01 12:00:00,269.2679664077512
2030-03-01 13:00:00,270.76803359042464
2030-03-01 14:00:00,272.087332026432
2030-03-01 15:00:00,273.06538596154314
2030-03-01 16:00:00,273.56725433803877
2030-03-01 17:00:00,273.4926930312219
2030-03-01 18:00:00,272.78286831966767
2030-03-01 19:00:00,271.96551929213257
2030-03-01 20:00:00,271.1730793347496
2030-03-01 21:00:00,270.404698488947
2030-03-01 22:00:00,269.6595613918167
2030-03-01 23:00:00,268.9368855200112
2030-03-02 00:00:00,268.2359195445064
2030-03-02 01:00:00,267.5823604520088
2030-03-02 02:00:00,266.9494782706359
2030-03-02 03:00:00,266.336562711782
2030-03-02 04:00:00,265.7429314659047
2030-03-02 05:00:00,265.1679288701793
2030-03-02 06:00:00,264.6109246543464
2030-03-02 07:00:00,264.07131275921296
2030-03-02 08:00:00,264.0537977164794
2030-03-02 09:00:00,264.63778424538066
2030-03-02 10:00:00,265.70602725076554
2030-03-02 11:00:00,267.1105731449027
2030-03-02 12:00:00,268.6827282817614
2030-03-02 13:00:00,270.2445285559504
2030-03-02 14:00:00,271.62090324647636
2030-03-02 15:00:00,272.651662616116
2030-03-02 16:00:00,273.2024449864159
2030-03-02 17:00:00,273.1738377274748
2030-03-02 18:00:00,272.50803162986955
2030-03-02 19:00:00,271.7178432231103
2030-03-02 20:00:00,270.9531206455587
2030-03-02 21:00:00,270.2129586725017
2030-03-02 22:00:00,269.4964897589556
2030-03-02 23:00:00,268.80288210971764
2030-03-03 00:00:00,268.1313378719991
2030-03-03 01:00:00,267.5475571923149
2030-03-03 02:00:00,266.98484980351463
2030-03-03 03:00:00,266.44241054152127
2030-03-03 04:00:00,265.9194682291086
2030-03-03 05:00:00,265.4152840058713
2030-03-03 06:00:00,264.9291497573448
2030-03-03 07:00:00,264.46038663616446
2030-03-03 08:00:00,264.5306994806264
2030-03-03 09:00:00,265.1999836452874
2030-03-03 10:00:00,266.34826384323696
2030-03-03 11:00:00,267.8254382238949
2030-03-03 12:00:00,269.4613819598882
2030-03-03 13:00:00,271.07750467556804
2030-03-03 14:00:00,272.49894686273973
2030-03-03 15:00:00,273.56654105501633
2030-03-03 16:00:00,274.1476746045316
2030-03-03 17:00:00,274.1452746355371
2030-03-03 18:00:00,273.50428527233794
2030-03-03 19:00:00,272.7243104096171
2030-03-03 20:00:00,271.9730706182513
2030-03-03 21:00:00,271.2494248932995
2030-03-03 22:00:00,270.55228365689214
2030-03-03 23:00:00,269.88060598176037
2030-03-04 00:00:00,269.23339699883195
2030-03-04 01:00:00,268.61262673647946
2030-03-04 02:00:00,268.0144900295225
2030-03-04 03:00:00,267.438111001661
2030-03-04 04:00:00,266.88265138278564
2030-03-04 05:00:00,266.3473086202961
2030-03-04 06:00:00,265.83131410538556
2030-03-04 07:00:00,265.3339315058355
2030-03-04 08:00:00,265.3939422791006
2030-03-04 09:00:00,266.0537692631985
2030-03-04 10:00:00,267.1931289792598
2030-03-04 11:00:00,268.66163460508716
2030-03-04 12:00:00,270.2889152207003
2030-03-04 13:00:00,271.89618710826244
2030-03-04 14:00:00,273.30846095016057
2030-03-04 15:00:00,274.36650955285455
2030-03-04 16:00:00,274.93773214615874
2030-03-04 17:00:00,274.92513554632626
2030-03-04 18:00:00,274.27380257946686
2030-03-04 19:00:00,273.4672437368523
2030-03-04 20:00:00,272.69065834345946
2030-03-04 21:00:00,271.9428439986229
2030-03-04 22:00:00,271.2226531735196
2030-03-04 23:00:00,270.528990205246
2030-03-05 00:00:00,269.8608084933031
2030-03-05 01:00:00,269.1770936615615
2030-03-05 02:00:00,268.5162820454694
2030-03-05 03:00:00,267.87754444832626
2030-03-05 04:00:00,267.26008587903607
2030-03-05 05:00:00,266.6631438561269
2030-03-05 06:00:00,266.0859868151678
2030-03-05 07:00:00,265.5279126119696
2030-03-05 08:00:00,265.54492280154807
2030-03-05 09:00:00,266.16382105462856
2030-03-05 10:00:00,267.26599613205235
2030-03-05 11:00:00,268.70229524692076
2030-03-05 12:00:00,270.30306892287985
2030-03-05 13:00:00,271.88970229261207
2030-03-05 14:00:00,273.28682054884285
2030-03-05 15:00:00,274.3342940032437
2030-03-05 16:00:00,274.8981763315496
2030-03-05 17:00:00,274.8797906500164
2030-03-05 18:00:00,274.222325567076
2030-03-05 19:00:00,273.39095091500775
2030-03-05 20:00:00,272.5879323770867
2030-03-05 21:00:00,271.81220835054
2030-03-05 22:00:00,271.0627634854129
2030-03-05 23:00:00,270.33862621677457
2030-03-06 00:00:00,269.6388664599865
2030-03-06 01:00:00,268.91873846371186
2030-03-06 02:00:00,268.2203456311602
2030-03-06 03:00:00,267.54296296643383
2030-03-06 04:00:00,266.8858938586075
2030-03-06 05:00:00,266.24846871196183
2030-03-06 06:00:00,265.630043658209
2030-03-06 07:00:00,265.02999934480437
2030-03-06 08:00:00,265.0216558168757
2030-03-06 09:00:00,265.61645710688373
2030-03-06 10:00:00,266.6977014677887
2030-03-06 11:00:00,268.1176706961434
2030-03-06 12:00:00,269.7075900362506
2030-03-06 13:00:00,271.2891115673975
2030-03-06 14:00:00,272.6865134568801
2030-03-06 15:00:00,273.73874194725096
2030-03-06 16:00:00,274.31042742618945
2030-03-06 17:00:00,274.30108339166856
2030-03-06 18:00:00,273.65184156916894
2030-03-06 19:00:00,272.8092521593379
2030-03-06 20:00:00,271.99256583427507
2030-03-06 21:00:00,271.20088917387443
2030-03-06 22:00:00,270.4333656047286
2030-03-06 23:00:00,269.6891735018018
2030-03-07 00:00:00,268.9675244117749
2030-03-07 01:00:00,268.2736303917757
2030-03-07 02:00:00,267.60091128030615
2030-03-07 03:00:00,266.9486571991551
2030-03-07 04:00:00,266.31618599070384
2030-03-07 05:00:00,265.7028418917274
2030-03-07 06:00:00,265.10799428576127
2030-03-07 07:00:00,264.53103652842697
2030-03-07 08:00:00,264.56258733733216
2030-03-07 09:00:00,265.1965153179229
2030-03-07 10:00:00,266.3158497289187
2030-03-07 11:00:00,267.7726219070964
2030-03-07 12:00:00,269.3978456540262
2030-03-07 13:00:00,271.0130183075519
2030-03-07 14:00:00,272.4423335750826
2030-03-07 15:00:00,273.52473197031935
2030-03-07 16:00:00,274.124919535405
2030-03-07 17:00:00,274.1425634229908
2030-03-07 18:00:00,273.5190178226376
2030-03-07 19:00:00,272.68455142402183
2030-03-07 20:00:00,271.87607790979604
2030-03-07 21:00:00,271.0926925333037
2030-03-07 22:00:00,270.3335280251521
2030-03-07 23:00:00,269.5977526601688
2030-03-08 00:00:00,268.8845684483331
2030-03-08 01:00:00,268.1784424772679
2030-03-08 02:00:00,267.4931172316594
2030-03-08 03:00:00,266.82791394372595
2030-03-08 04:00:00,266.1821799204862
2030-03-08 05:00:00,265.55528730647717
2030-03-08 06:00:00,264.946631919335
2030-03-08 07:00:00,264.3556321530766
2030-03-08 08:00:00,264.3902574743318
2030-03-08 09:00:00,265.0276041582134
2030-03-08 10:00:00,266.1512699631081
2030-03-08 11:00:00,267.6136896794751
2030-03-08 12:00:00,269.2460929218473
2030-03-08 13:00:00,270.8699951308629
2030-03-08 14:00:00,272.3094139707164
2030-03-08 15:00:00,273.40293697752776
2030-03-08 16:00:00,274.0147699749466
2030-03-08 17:00:00,274.04397255022946
2030-03-08 18:00:00,273.4312309081263
2030-03-08 19:00:00,272.5894932657528
2030-03-08 20:00:00,271.77308336331146
2030-03-08 21:00:00,270.98114224741425
2030-03-08 22:00:00,270.2128459820643
2030-03-08 23:00:00,269.4674038592436
2030-03-09 00:00:00,268.7440567233112
2030-03-09 01:00:00,268.1762247142385
2030-03-09 02:00:00,267.6304573377454
2030-03-09 03:00:00,267.1058551305375
2030-03-09 04:00:00,266.6015585728517
2030-03-09 05:00:00,266.11674605765137
2030-03-09 06:00:00,265.65063198311213
2030-03-09 07:00:00,265.20246495937414
2030-03-09 08:00:00,265.397417681839
2030-03-09 09:00:00,266.1889747276259
2030-03-09 10:00:00,267.4551363936392
2030-03-09 11:00:00,269.04401415255836
2030-03-09 12:00:00,270.7840598112315
2030-03-09 13:00:00,272.49572530634407
2030-03-09 14:00:00,274.0037297324917
2030-03-09 15:00:00,275.1490529447221
2030-03-09 16:00:00,275.79978912276954
2030-03-09 17:00:00,275.8600810052511
2030-03-09 18:00:00,275.27650879531546
2030-03-09 19:00:00,274.45156782969735
2030-03-09 20:00:00,273.65943289053837
2030-03-09 21:00:00,272.89870645989686
2030-03-09 22:00:00,272.1680579995382
2030-03-09 23:00:00,271.4662201389144
2030-03-10 00:00:00,270.7919851284477
2030-03-10 01:00:00,270.1926127506256
2030-03-10 02:00:00,269.6190777261134
2030-03-10 03:00:00,269.0702189923178
2030-03-10 04:00:00,268.5449317381203
2030-03-10 05:00:00,268.04216432467996
2030-03-10 06:00:00,267.56091540536727
2030-03-10 07:00:00,267.10023122935644
2030-03-10 08:00:00,267.3024861592382
2030-03-10 09:00:00,268.1005578008254
2030-03-10 10:00:00,269.36990042265955
2030-03-10 11:00:00,270.9566811295731
2030-03-10 12:00:00,272.6881174469155
2030-03-10 13:00:00,274.3841998143723
2030-03-10 14:00:00,275.86996913506914
2030-03-10 15:00:00,276.98746632860326
2030-03-10 16:00:00,277.60648958100546
2030-03-10 17:00:00,277.6333870791188
2030-03-10 18:00:00,277.01727044634487
2030-03-10 19:00:00,276.1465014721193
2030-03-10 20:00:00,275.3140330237193
2030-03-10 21:00:00,274.51807635933113
2030-03-10 22:00:00,273.7569354917549
2030-03-10 23:00:00,273.0290015561571
2030-03-11 00:00:00,272.33274759277583
2030-03-11 01:00:00,271.5078526981829
2030-03-11 02:00:00,270.706398231998
2030-03-11 03:00:00,269.9276255950536
2030-03-11 04:00:00,269.1708060452581
2030-03-11 05:00:00,268.4352392143648
2030-03-11 06:00:00,267.72025171650483
2030-03-11 07:00:00,267.02519584168726
2030-03-11 08:00:00,267.01014678579276
2030-03-11 09:00:00,267.60027886888207
2030-03-11 10:00:00,268.67965445234336
2030-03-11 11:00:00,270.1009725782554
2030-03-11 12:00:00,271.6955066184896
2030-03-11 13:00:00,273.2845919406624
2030-03-11 14:00:00,274.69185588784495
2030-03-11 15:00:00,275.7553144362482
2030-03-11 16:00:00,276.3384622132681
2030-03-11 17:00:00,276.3395584315679
2030-03-11 18:00:00,275.69845494722716
2030-03-11 19:00:00,274.7769058855531
2030-03-11 20:00:00,273.88198438397484
2030-03-11 21:00:00,273.01280288643113
2030-03-11 22:00:00,272.16851031376194
2030-03-11 23:00:00,271.34829015711017
2030-03-12 00:00:00,270.55135869545666
2030-03-12 01:00:00,269.7794876307182
2030-03-12 02:00:00,269.02951516681935
2030-03-12 03:00:00,268.3007400464626
2030-03-12 04:00:00,267.5924880486934
2030-03-12 05:00:00,266.9041106812856
2030-03-12 06:00:00,266.2349839518409
2030-03-12 07:00:00,265.5996346936579
2030-03-12 08:00:00,265.6449422300128
2030-03-12 09:00:00,266.2940509072728
2030-03-12 10:00:00,267.43099839981426
2030-03-12 11:00:00,268.90843361102526
2030-03-12 12:00:00,270.5575650658566
2030-03-12 13:00:00,272.19965948901523
2030-03-12 14:00:00,273.6582823356609
2030-03-12 15:00:00,274.7714041576087
2030-03-12 16:00:00,275.40249899281025
2030-03-12 17:00:00,275.4498367960703
2030-03-12 18:00:00,274.8533155626964
2030-03-12 19:00:00,273.9578429220776
2030-03-12 20:00:00,273.0883176008829
2030-03-12 21:00:00,272.24387684775246
2030-03-12 22:00:00,271.42369308605373
2030-03-12 23:00:00,270.62697209530984
2030-03-13 00:00:00,269.8529513097471
2030-03-13 01:00:00,269.1589581719765
2030-03-13 02:00:00,268.4876548194968
2030-03-13 03:00:00,267.83823549195284
2030-03-13 04:00:00,267.20992725822316
2030-03-13 05:00:00,266.6019883985513
2030-03-13 06:00:00,266.013706884971
2030-03-13 07:00:00,265.47668043415445
2030-03-13 08:00:00,265.62023088957045
2030-03-13 09:00:00,266.3644916281754
2030-03-13 10:00:00,267.5908811628941
2030-03-13 11:00:00,269.1499908980282
2030-03-13 12:00:00,270.8716678730276
2030-03-13 13:00:00,272.5766011867962
2030-03-13 14:00:00,274.0885960636489
2030-03-13 15:00:00,275.2466557759927
2030-03-13 16:00:00,275.91599871243744
2030-03-13 17:00:00,275.99721860538205
2030-03-13 18:00:00,275.4329439451916
2030-03-13 19:00:00,274.55403139326296
2030-03-13 20:00:00,273.70454283980945
2030-03-13 21:00:00,272.88338667609463
2030-03-13 22:00:00,272.0895190034767
2030-03-13 23:00:00,271.32194105529624
2030-03-14 00:00:00,270.5796967917494
2030-03-14 01:00:00,269.8292732707657
2030-03-14 02:00:00,269.10148849878055
2030-03-14 03:00:00,268.3955840978262
2030-03-14 04:00:00,267.71083168837254
2030-03-14 05:00:00,267.0465314201456
2030-03-14 06:00:00,266.4020105923
2030-03-14 07:00:00,265.8260953241499
2030-03-14 08:00:00,265.93078846704816
2030-03-14 09:00:00,266.6379510259538
2030-03-14 10:00:00,267.8304656184155
2030-03-14 11:00:00,269.36003137668143
2030-03-14 12:00:00,271.0571768014125
2030-03-14 13:00:00,272.7428051193064
2030-03-14 14:00:00,274.24045987007173
2030-03-14 15:00:00,275.38843211769165
2030-03-14 16:00:00,276.0508349111903
2030-03-14 17:00:00,276.126848571316
2030-03-14 18:00:00,275.55748606498906
2030-03-14 19:00:00,274.6548619586427
2030-03-14 20:00:00,273.7801015191157
2030-03-14 21:00:00,272.9322316831007
2030-03-14 22:00:00,272.1103204146128
2030-03-14 23:00:00,271.31347453057157
2030-03-15 00:00:00,270.54083766987384
2030-03-15 01:00:00,269.74746930378865
2030-03-15 02:00:00,268.975219126545
2030-03-15 03:00:00,268.22344030528546
2030-03-15 04:00:00,267.4915103648194
2030-03-15 05:00:00,266.77883002312194
2030-03-15 06:00:00,266.08482209617364
2030-03-15 07:00:00,265.4756272580604
2030-03-15 08:00:00,265.54607358008906
2030-03-15 09:00:00,266.2204671649774
2030-03-15 10:00:00,267.38378595220456
2030-03-15 11:00:00,268.88934360703047
2030-03-15 12:00:00,270.5687016746835
2030-03-15 13:00:00,272.2431529585167
2030-03-15 14:00:00,273.7359695805278
2030-03-15 15:00:00,274.8845394111344
2030-03-15 16:00:00,275.55151486053956
2030-03-15 17:00:00,275.634172014232
2030-03-15 18:00:00,275.0713203338536
2030-03-15 19:00:00,274.1556425155266
2030-03-15 20:00:00,273.26492319893345
2030-03-15 21:00:00,272.398365659531
2030-03-15 22:00:00,271.55520500112215
2030-03-15 23:00:00,270.73470652751325
2030-03-16 00:00:00,269.93616421788647
2030-03-16 01:00:00,269.13134872380294
2030-03-16 02:00:00,268.346189958779
2030-03-16 03:00:00,267.5801207721219
2030-03-16 04:00:00,266.83259465124723
2030-03-16 05:00:00,266.1030847570533
2030-03-16 06:00:00,265.39108301539994
2030-03-16 07:00:00,264.78004705832734
2030-03-16 08:00:00,264.84755597371867
2030-03-16 09:00:00,265.51942156836736
2030-03-16 10:00:00,266.6819130506934
2030-03-16 11:00:00,268.18934152969126
2030-03-16 12:00:00,269.87391104628193
2030-03-16 13:00:00,271.5571642116259
2030-03-16 14:00:00,273.0622194778174
2030-03-16 15:00:00,274.2259252400383
2030-03-16 16:00:00,274.910053876611
2030-03-16 17:00:00,275.01073035913873
2030-03-16 18:00:00,274.46543012656014
2030-03-16 19:00:00,273.5482818765145
2030-03-16 20:00:00,272.65411740787835
2030-03-16 21:00:00,271.7822440626162
2030-03-16 22:00:00,270.93199592653013
2030-03-16 23:00:00,270.102732495179
2030-03-17 00:00:00,269.293837422499
2030-03-17 01:00:00,268.5751134621369
2030-03-17 02:00:00,267.87757485306116
2030-03-17 03:00:00,267.2005285211512
2030-03-17 04:00:00,266.543308147731
2030-03-17 05:00:00,265.9052728914707
2030-03-17 06:00:00,265.2858061860935
2030-03-17 07:00:00,264.78553544154295
2030-03-17 08:00:00,264.96390940053544
2030-03-17 09:00:00,265.74324292465377
2030-03-17 10:00:00,267.006751908837
2030-03-17 11:00:00,268.60633789402027
2030-03-17 12:00:00,270.37259852594315
2030-03-17 13:00:00,272.1263789670508
2030-03-17 14:00:00,273.69105194835606
2030-03-17 15:00:00,274.90464707363867
2030-03-17 16:00:00,275.6309534266527
2030-03-17 17:00:00,275.7687967914603
2030-03-17 18:00:00,275.25883804473807
2030-03-17 19:00:00,274.3614678770503
2030-03-17 20:00:00,273.491299340567
2030-03-17 21:00:00,272.6473964142049
2030-03-17 22:00:00,271.8288621136302
2030-03-17 23:00:00,271.03483644013113
2030-03-18 00:00:00,270.264494463705
2030-03-18 01:00:00,269.4595862884379
2030-03-18 02:00:00,268.674876725601
2030-03-18 03:00:00,267.9097717051084
2030-03-18 04:00:00,267.1636990328069
2030-03-18 05:00:00,266.4361073588899
2030-03-18 06:00:00,265.72646520687067
2030-03-18 07:00:00,265.15277080169477
2030-03-18 08:00:00,265.25742955032985
2030-03-18 09:00:00,265.96577530404267
2030-03-18 10:00:00,267.16363218626117
2030-03-18 11:00:00,268.7049301606303
2030-03-18 12:00:00,270.4215835547381
2030-03-18 13:00:00,272.1349584892924
2030-03-18 14:00:00,273.6681243708536
2030-03-18 15:00:00,274.85801323326507
2030-03-18 16:00:00,275.5666092771336
2030-03-18 17:00:00,275.69036330520066
2030-03-18 18:00:00,275.16716770933994
2030-03-18 19:00:00,274.2372426253497
2030-03-18 20:00:00,273.331295904579
2030-03-18 21:00:00,272.44858883024614
2030-03-18 22:00:00,271.5884116843037
2030-03-18 23:00:00,270.7500822793426
2030-03-19 00:00:00,269.93294458290626
2030-03-19 01:00:00,269.1749057522037
2030-03-19 02:00:00,268.4380923284111
2030-03-19 03:00:00,267.7218331572391
2030-03-19 04:00:00,267.0254826483152
2030-03-19 05:00:00,266.34841955332433
2030-03-19 06:00:00,265.69004581683714
2030-03-19 07:00:00,265.1855978683516
2030-03-19 08:00:00,265.3594046073959
2030-03-19 09:00:00,266.13479311637883
2030-03-19 10:00:00,267.39583201619376
2030-03-19 11:00:00,268.9950629520348
2030-03-19 12:00:00,270.763471857262
2030-03-19 13:00:00,272.5220184188023
2030-03-19 14:00:00,274.09391343339666
2030-03-19 15:00:00,275.31676508124247
2030-03-19 16:00:00,276.0537168815742
2030-03-19 17:00:00,276.2027757552481
2030-03-19 18:00:00,275.70367259729613
2030-03-19 19:00:00,274.7813751657405
2030-03-19 20:00:00,273.8856520730098
2030-03-19 21:00:00,273.0156192467539
2030-03-19 22:00:00,272.17042891088215
2030-03-19 23:00:00,271.34926768950675
2030-03-20 00:00:00,270.55135483425994
2030-03-20 01:00:00,269.7799848413088
2030-03-20 02:00:00,269.0305303018021
2030-03-20 03:00:00,268.30228870608045
2030-03-20 04:00:00,267.5945846441278
2030-03-20 05:00:00,266.90676849454695
2030-03-20 06:00:00,266.23821519247247
2030-03-20 07:00:00,265.74144364649044
2030-03-20 08:00:00,265.92299305795694
2030-03-20 09:00:00,266.70591058391364
2030-03-20 10:00:00,267.9740164166847
2030-03-20 11:00:00,269.5796509885119
2030-03-20 12:00:00,271.35365937820256
2030-03-20 13:00:00,273.1169302670233
2030-03-20 14:00:00,274.69267820405037
2030-03-20 15:00:00,275.91858955545104
2030-03-20 16:00:00,276.65795465889676
2030-03-20 17:00:00,276.8089848715267
2030-03-20 18:00:00,276.31165771135943
2030-03-20 19:00:00,275.373947137484
2030-03-20 20:00:00,274.46364193361416
2030-03-20 21:00:00,273.57981833400123
2030-03-20 22:00:00,272.72159095825594
2030-03-20 23:00:00,271.88811078290837
2030-03-21 00:00:00,271.0785632464903
2030-03-21 01:00:00,270.2833344197567
2030-03-21 02:00:00,269.51016745121944
2030-03-21 03:00:00,268.75836499391346
2030-03-21 04:00:00,268.0272565178329
2030-03-21 05:00:00,267.3161970080804
2030-03-21 06:00:00,266.62456574172114
2030-03-21 07:00:00,266.12219534132083
2030-03-21 08:00:00,266.29800278277816
2030-03-21 09:00:00,267.07550207236375
2030-03-21 10:00:00,268.3389129667587
2030-03-21 11:00:00,269.9408825676193
2030-03-21 12:00:00,271.7124503146896
2030-03-21 13:00:00,273.47457533618837
2030-03-21 14:00:00,275.0504159095354
2030-03-21 15:00:00,276.2774816605871
2030-03-21 16:00:00,277.01878049493934
2030-03-21 17:00:00,277.1721576958867
2030-03-21 18:00:00,276.6771685630624
2030-03-21 19:00:00,275.7240563647285
2030-03-21 20:00:00,274.7981435734001
2030-03-21 21:00:00,273.8985266406715
2030-03-21 22:00:00,273.0243393651419
2030-03-21 23:00:00,272.1747509204257
2030-03-22 00:00:00,271.34896401283197
2030-03-22 01:00:00,270.51188926846686
2030-03-22 02:00:00,269.69560077721866
2030-03-22 03:00:00,268.8994872894413
2030-03-22 04:00:00,268.12296027677763
2030-03-22 05:00:00,267.36545284628613
2030-03-22 06:00:00,266.62641871913416
2030-03-22 07:00:00,266.09306738758573
2030-03-22 08:00:00,266.23717827705167
2030-03-22 09:00:00,266.98428042135134
2030-03-22 10:00:00,268.22034127558413
2030-03-22 11:00:00,269.7993763611711
2030-03-22 12:00:00,271.55332639741397
2030-03-22 13:00:00,273.30352811832125
2030-03-22 14:00:00,274.87297359494283
2030-03-22 15:00:00,276.098480936107
2030-03-22 16:00:00,276.8418973656621
2030-03-22 17:00:00,276.9995278237809
2030-03-22 18:00:00,276.5091232888744
2030-03-22 19:00:00,275.5416942849676
2030-03-22 20:00:00,274.5989983326958
2030-03-22 21:00:00,273.68027148754317
2030-03-22 22:00:00,272.7847801540802
2030-03-22 23:00:00,271.91181952625385
2030-03-23 00:00:00,271.060712127246
2030-03-23 01:00:00,270.26847972708424
2030-03-23 02:00:00,269.498390129636
2030-03-23 03:00:00,268.7497398342052
2030-03-23 04:00:00,268.0218524638142
2030-03-23 05:00:00,267.3140774469821
2030-03-23 06:00:00,266.62578877927905
2030-03-23 07:00:00,266.1614170470906
2030-03-23 08:00:00,266.37429022106153
2030-03-23 09:00:00,267.1878036760652
2030-03-23 10:00:00,268.4860687297569
2030-03-23 11:00:00,270.12164487216535
2030-03-23 12:00:00,271.9255141448734
2030-03-23 13:00:00,273.71861593129296
2030-03-23 14:00:00,275.32413128094504
2030-03-23 15:00:00,276.57963688004855
2030-03-23 16:00:00,277.34825032900886
2030-03-23 17:00:00,277.5279640882871
2030-03-23 18:00:00,277.058509714452
2030-03-23 19:00:00,276.0957217622586
2030-03-23 20:00:00,275.1606642750924
2030-03-23 21:00:00,274.2524083103446
2030-03-23 22:00:00,273.37006361353986
2030-03-23 23:00:00,272.5127765607608
2030-03-24 00:00:00,271.67972823735306
2030-03-24 01:00:00,270.89141903765926
2030-03-24 02:00:00,270.12669451678147
2030-03-24 03:00:00,269.38476515827426
2030-03-24 04:00:00,268.6648729454188
2030-03-24 05:00:00,267.96628979490566
2030-03-24 06:00:00,267.2883160873686
2030-03-24 07:00:00,266.8525955788152
2030-03-24 08:00:00,267.09414894139695
2030-03-24 09:00:00,267.9350380958699
2030-03-24 10:00:00,269.2582267086367
2030-03-24 11:00:00,270.91538593828324
2030-03-24 12:00:00,272.7369262741462
2030-03-24 13:00:00,274.54356894625937
2030-03-24 14:00:00,276.1586425762014
2030-03-24 15:00:00,277.4202235264568
2030-03-24 16:00:00,278.19224210272176
2030-03-24 17:00:00,278.3737547321878
2030-03-24 18:00:00,277.90572857148885
2030-03-24 19:00:00,276.9280046702003
2030-03-24 20:00:00,275.98040121286874
2030-03-24 21:00:00,275.0618555773882
2030-03-24 22:00:00,274.17135101781423
2030-03-24 23:00:00,273.3079141550212
2030-03-25 00:00:00,272.47061263834377
2030-03-25 01:00:00,271.6684178384826
2030-03-25 02:00:00,270.8910640894162
2030-03-25 03:00:00,270.1376949050051
2030-03-25 04:00:00,269.40748878756597
2030-03-25 05:00:00,268.6996574536815
2030-03-25 06:00:00,268.01344417180303
2030-03-25 07:00:00,267.58770251910363
2030-03-25 08:00:00,267.8393055470899
2030-03-25 09:00:00,268.6896170365875
2030-03-25 10:00:00,270.02100663631313
2030-03-25 11:00:00,271.6846926145457
2030-03-25 12:00:00,273.51080218507195
2030-03-25 13:00:00,275.3199604653384
2030-03-25 14:00:00,276.9355919634224
2030-03-25 15:00:00,278.1960521932098
2030-03-25 16:00:00,278.96571184168477
2030-03-25 17:00:00,279.144195099856
2030-03-25 18:00:00,278.6731212319365
2030-03-25 19:00:00,277.67571078249904
2030-03-25 20:00:00,276.7100739917591
2030-03-25 21:00:00,275.7750579521346
2030-03-25 22:00:00,274.86956065513056
2030-03-25 23:00:00,273.9925281532946
2030-03-26 00:00:00,273.14295191928744
2030-03-26 01:00:00,272.3577032088403
2030-03-26 02:00:00,271.5998613964855
2030-03-26 03:00:00,270.8683864027969
2030-03-26 04:00:00,270.1622835027328
2030-03-26 05:00:00,269.4806009297437
2030-03-26 06:00:00,268.8224276360331
2030-03-26 07:00:00,268.44371135978747
2030-03-26 08:00:00,268.74229976825865
2030-03-26 09:00:00,269.63688807714567
2030-03-26 10:00:00,271.0075746397528
2030-03-26 11:00:00,272.70384707932874
2030-03-26 12:00:00,274.5547520590861
2030-03-26 13:00:00,276.38055048401935
2030-03-26 14:00:00,278.005035687187
2030-03-26 15:00:00,279.2676296656907
2030-03-26 16:00:00,280.0343816561537
2030-03-26 17:00:00,280.20707701323033
2030-03-26 18:00:00,279.72981575006753
2030-03-26 19:00:00,278.7111335582397
2030-03-26 20:00:00,277.72897229704836
2030-03-26 21:00:00,276.7818756724295
2030-03-26 22:00:00,275.8684561273681
2030-03-26 23:00:00,274.98739081580703
2030-03-27 00:00:00,274.1374178696543
2030-03-27 01:00:00,273.36485863065235
2030-03-27 02:00:00,272.62351741477636
2030-03-27 03:00:00,271.91205199659635
2030-03-27 04:00:00,271.22918442683823
2030-03-27 05:00:00,270.573697415975
2030-03-27 06:00:00,269.9444309651557
2030-03-27 07:00:00,269.61430997135983
2030-03-27 08:00:00,269.961508492958
2030-03-27 09:00:00,270.9009909544732
2030-03-27 10:00:00,272.30971874079796
2030-03-27 11:00:00,274.0348291076602
2030-03-27 12:00:00,275.9039483409053
2030-03-27 13:00:00,277.73692854852663
2030-03-27 14:00:00,279.35817751915783
2030-03-27 15:00:00,280.60869408743014
2030-03-27 16:00:00,281.3569368985831
2030-03-27 17:00:00,281.5077443509289
2030-03-27 18:00:00,281.0086801781281
2030-03-27 19:00:00,279.95460621416777
2030-03-27 20:00:00,278.94417496671855
2030-03-27 21:00:00,277.9754220434345
2030-03-27 22:00:00,277.04648465203707
2030-03-27 23:00:00,276.1555952319016
2030-03-28 00:00:00,275.30107557839386
2030-03-28 01:00:00,274.405820751032
2030-03-28 02:00:00,273.5381042653368
2030-03-28 03:00:00,272.6969681293249
2030-03-28 04:00:00,271.88149457204406
2030-03-28 05:00:00,271.09080392141885
2030-03-28 06:00:00,270.3240526215065
2030-03-28 07:00:00,269.87163837667845
2030-03-28 08:00:00,270.09682792710595
2030-03-28 09:00:00,270.9212089755216
2030-03-28 10:00:00,272.22737772379077
2030-03-28 11:00:00,273.86676226168004
2030-03-28 12:00:00,275.66966600440503
2030-03-28 13:00:00,277.45684342304304
2030-03-28 14:00:00,279.0517925576728
2030-03-28 15:00:00,280.29288196583377
2030-03-28 16:00:00,281.04443420013007
2030-03-28 17:00:00,281.20596692433065
2030-03-28 18:00:00,280.718940267377
2030-03-28 19:00:00,279.65450691348286
2030-03-28 20:00:00,278.6236577852742
2030-03-28 21:00:00,277.62517061976627
2030-03-28 22:00:00,276.65787801075555
2030-03-28 23:00:00,275.7206642764854
2030-03-29 00:00:00,274.8124625501176
2030-03-29 01:00:00,273.9589061664527
2030-03-29 02:00:00,273.13432619366046
2030-03-29 03:00:00,272.33763895226195
2030-03-29 04:00:00,271.56780815137284
2030-03-29 05:00:00,270.82384234132155
2030-03-29 06:00:00,270.1047925360458
2030-03-29 07:00:00,269.718093854779
2030-03-29 08:00:00,270.0080689489426
2030-03-29 09:00:00,270.8941643590202
2030-03-29 10:00:00,272.2571559428102
2030-03-29 11:00:00,273.9470913664438
2030-03-29 12:00:00,275.79342439396356
2030-03-29 13:00:00,277.6166455994244
2030-03-29 14:00:00,279.24058890223375
2030-03-29 15:00:00,280.50452968593686
2030-03-29 16:00:00,281.27419830202143
2030-03-29 17:00:00,281.450915373543
2030-03-29 18:00:00,280.9782059052564
2030-03-29 19:00:00,279.9121482471494
2030-03-29 20:00:00,278.8832382440877
2030-03-29 21:00:00,277.89001884730453
2030-03-29 22:00:00,276.9311016309162
2030-03-29 23:00:00,276.00516274196434
2030-03-30 00:00:00,275.11093914801313
2030-03-30 01:00:00,274.30201328187803
2030-03-30 02:00:00,273.52620422141223
2030-03-30 03:00:00,272.7820671243786
2030-03-30 04:00:00,272.06822752710093
2030-03-30 05:00:00,271.3833773061151
2030-03-30 06:00:00,270.72627092194296
2030-03-30 07:00:00,270.4211582272544
2030-03-30 08:00:00,270.7919165335152
2030-03-30 09:00:00,271.7532790162086
2030-03-30 10:00:00,273.18205935023684
2030-03-30 11:00:00,274.9253418902312
2030-03-30 12:00:00,276.81080025023584
2030-03-30 13:00:00,278.65843303306576
2030-03-30 14:00:00,280.2928858444127
2030-03-30 15:00:00,281.55547217591106
2030-03-30 16:00:00,282.31502173476855
2030-03-30 17:00:00,282.4767752716368
2030-03-30 18:00:00,281.9887021832734
2030-03-30 19:00:00,280.89429676836124
2030-03-30 20:00:00,279.8457929745553
2030-03-30 21:00:00,278.8410949013083
2030-03-30 22:00:00,277.87821683275985
2030-03-30 23:00:00,276.9552762050556
2030-03-31 00:00:00,276.07048712814264
2030-03-31 01:00:00,275.19479485094763
2030-03-31 02:00:00,274.351613526878
2030-03-31 03:00:00,273.53963047610966
2030-03-31 04:00:00,272.7575939455608
2030-03-31 05:00:00,272.00430968143297
2030-03-31 06:00:00,271.27863773972047
2030-03-31 07:00:00,270.9219688266251
2030-03-31 08:00:00,271.241606593876
2030-03-31 09:00:00,272.1549120988391
2030-03-31 10:00:00,273.5409294798817
2030-03-31 11:00:00,275.24843534461775
2030-03-31 12:00:00,277.10615120323195
2030-03-31 13:00:00,278.93441672473654
2030-03-31 14:00:00,280.55749875350733
2030-03-31 15:00:00,281.8156504690554
2030-03-31 16:00:00,282.57604665697653
2030-03-31 17:00:00,282.74180725346577
2030-03-31 18:00:00,282.25847500501374
2030-03-31 19:00:00,281.1497989051928
2030-03-31 20:00:00,280.08329007280713
2030-03-31 21:00:00,279.0571681653145
2030-03-31 22:00:00,278.06974161063084
2030-03-31 23:00:00,277.1194021227969
2030-04-01 00:00:00,276.2046196386758
2030-04-01 01:00:00,275.3626900546989
2030-04-01 02:00:00,274.5568378787226
2030-04-01 03:00:00,273.7854202214747
2030-04-01 04:00:00,273.04687736815714
2030-04-01 05:00:00,272.33972784057414
2030-04-01 06:00:00,271.6625638152327
2030-04-01 07:00:00,271.37351475253627
2030-04-01 08:00:00,271.7596787167723
2030-04-01 09:00:00,272.7345881911291
2030-04-01 10:00:00,274.17409809208414
2030-04-01 11:00:00,275.92463310669274
2030-04-01 12:00:00,277.8135447825372
2030-04-01 13:00:00,279.6608635299694
2030-04-01 14:00:00,281.29161258952735
2030-04-01 15:00:00,282.5477963671688
2030-04-01 16:00:00,283.2991936657247
2030-04-01 17:00:00,283.4521789139072
2030-04-01 18:00:00,282.95595345944565
2030-04-01 19:00:00,281.82090419575076
2030-04-01 20:00:00,280.73561715786127
2030-04-01 21:00:00,279.69772642157767
2030-04-01 22:00:00,278.70499489125353
2030-04-01 23:00:00,277.755305822802
2030-04-02 00:00:00,276.8466550345179
2030-04-02 01:00:00,275.8894674084112
2030-04-02 02:00:00,274.9597396489293
2030-04-02 03:00:00,274.0565554233739
2030-04-02 04:00:00,273.1790364186337
2030-04-02 05:00:00,272.3263403266922
2030-04-02 06:00:00,271.49765896306434
2030-04-02 07:00:00,271.06861356488224
2030-04-02 08:00:00,271.31424400077265
2030-04-02 09:00:00,272.1577751184409
2030-04-02 10:00:00,273.4833036486362
2030-04-02 11:00:00,275.1435294822729
2030-04-02 12:00:00,276.96972179172883
2030-04-02 13:00:00,278.78323847406557
2030-04-02 14:00:00,280.40778795046975
2030-04-02 15:00:00,281.6815533157193
2030-04-02 16:00:00,282.4683008037702
2030-04-02 17:00:00,282.66667113961927
2030-04-02 18:00:00,282.2169978238402
2030-04-02 19:00:00,281.10519515034997
2030-04-02 20:00:00,280.0241862153948
2030-04-02 21:00:00,278.9748667128194
2030-04-02 22:00:00,277.9561389113794
2030-04-02 23:00:00,276.9669530800993
2030-04-03 00:00:00,276.0063047900662
2030-04-03 01:00:00,275.06277063595473
2030-04-03 02:00:00,274.14477792393785
2030-04-03 03:00:00,273.2515107664568
2030-04-03 04:00:00,272.38218612409497
2030-04-03 05:00:00,271.5360521068893
2030-04-03 06:00:00,270.7123863849596
2030-04-03 07:00:00,270.3037565774003
2030-04-03 08:00:00,270.5682240758093
2030-04-03 09:00:00,271.4301686888332
2030-04-03 10:00:00,272.774705782349
2030-04-03 11:00:00,274.45535641260295
2030-04-03 12:00:00,276.3039642456999
2030-04-03 13:00:00,278.14218185617545
2030-04-03 14:00:00,279.7937185251466
2030-04-03 15:00:00,281.09647114490576
2030-04-03 16:00:00,281.91366001152113
2030-04-03 17:00:00,282.14316598942463
2030-04-03 18:00:00,281.72440929202196
2030-04-03 19:00:00,280.6423076308338
2030-04-03 20:00:00,279.57136294461463
2030-04-03 21:00:00,278.5301364513437
2030-04-03 22:00:00,277.5176379862993
2030-04-03 23:00:00,276.53291961074723
2030-04-04 00:00:00,275.57507328561906
2030-04-04 01:00:00,274.6558776373827
2030-04-04 02:00:00,273.7630742842555
2030-04-04 03:00:00,272.8957879441079
2030-04-04 04:00:00,272.05317917214495
2030-04-04 05:00:00,271.2344424935828
2030-04-04 06:00:00,270.4388046575196
2030-04-04 07:00:00,270.07558042698673
2030-04-04 08:00:00,270.38448229529223
2030-04-04 09:00:00,271.28882615472554
2030-04-04 10:00:00,272.6728320028745
2030-04-04 11:00:00,274.3893549577189
2030-04-04 12:00:00,276.26984812002195
2030-04-04 13:00:00,278.13587603823623
2030-04-04 14:00:00,279.8113683876718
2030-04-04 15:00:00,281.1347346119404
2030-04-04 16:00:00,281.96996228891715
2030-04-04 17:00:00,282.2158985146782
2030-04-04 18:00:00,281.8130589333
2030-04-04 19:00:00,280.747507641143
2030-04-04 20:00:00,279.67747163932995
2030-04-04 21:00:00,278.6389685890177
2030-04-04 22:00:00,277.6309043354371
2030-04-04 23:00:00,276.6522324913678
2030-04-05 00:00:00,275.70195175982565
2030-04-05 01:00:00,274.778801941009
2030-04-05 02:00:00,273.88213662470514
2030-04-05 03:00:00,273.01107736972466
2030-04-05 04:00:00,272.1647817395681
2030-04-05 05:00:00,271.3424414235118
2030-04-05 06:00:00,270.5432804798247
2030-04-05 07:00:00,270.1933324947074
2030-04-05 08:00:00,270.51472030119066
2030-04-05 09:00:00,271.4308344178458
2030-04-05 10:00:00,272.8259876746197
2030-04-05 11:00:00,274.5531414727783
2030-04-05 12:00:00,276.4438629406385
2030-04-05 13:00:00,278.3198321499921
2030-04-05 14:00:00,280.0050894344636
2030-04-05 15:00:00,281.33814396970087
2030-04-05 16:00:00,282.18306674428044
2030-04-05 17:00:00,282.4387675202226
2030-04-05 18:00:00,282.04580064989557
2030-04-05 19:00:00,280.99024315197795
2030-04-05 20:00:00,279.9129468023582
2030-04-05 21:00:00,278.8673918312329
2030-04-05 22:00:00,277.8524755761453
2030-04-05 23:00:00,276.86714362913375
2030-04-06 00:00:00,275.9103871242584
2030-04-06 01:00:00,275.0136483217771
2030-04-06 02:00:00,274.1467645031356
2030-04-06 03:00:00,273.3086303810998
2030-04-06 04:00:00,272.4981890830103
2030-04-06 05:00:00,271.7144295205312
2030-04-06 06:00:00,270.95638393695975
2030-04-06 07:00:00,270.66654676410934
2030-04-06 08:00:00,271.047268328177
2030-04-06 09:00:00,272.01888888772373
2030-04-06 10:00:00,273.4631377379363
2030-04-06 11:00:00,275.2310266114184
2030-04-06 12:00:00,277.1529335077916
2030-04-06 13:00:00,279.0501853965948
2030-04-06 14:00:00,280.74732265529576
2030-04-06 15:00:00,282.0841637700466
2030-04-06 16:00:00,282.92679597444686
2030-04-06 17:00:00,283.17669917997966
2030-04-06 18:00:00,282.7773603151682
2030-04-06 19:00:00,281.71793681443285
2030-04-06 20:00:00,280.62496057440245
2030-04-06 21:00:00,279.569303388625
2030-04-06 22:00:00,278.5495190374585
2030-04-06 23:00:00,277.5642292350051
2030-04-07 00:00:00,276.6121196070163
2030-04-07 01:00:00,275.67609309772274
2030-04-07 02:00:00,274.7690016044751
2030-04-07 03:00:00,273.8898283390622
2030-04-07 04:00:00,273.03759988757133
2030-04-07 05:00:00,272.21138387689183
2030-04-07 06:00:00,271.4102867975757
2030-04-07 07:00:00,271.0934315876784
2030-04-07 08:00:00,271.4467852831855
2030-04-07 09:00:00,272.3923622104792
2030-04-07 10:00:00,273.8133580358583
2030-04-07 11:00:00,275.5619482672541
2030-04-07 12:00:00,277.46929666318005
2030-04-07 13:00:00,279.357088214985
2030-04-07 14:00:00,281.04977391981964
2030-04-07 15:00:00,282.3866478195417
2030-04-07 16:00:00,283.2328811951333
2030-04-07 17:00:00,283.48871774878637
2030-04-07 18:00:00,283.09618101136516
2030-04-07 19:00:00,282.0428451995176
2030-04-07 20:00:00,280.936366128901
2030-04-07 21:00:00,279.864976580346
2030-04-07 22:00:00,278.82738645616246
2030-04-07 23:00:00,277.82236445667195
2030-04-08 00:00:00,276.8487346619327
2030-04-08 01:00:00,275.8932710015409
2030-04-08 02:00:00,274.96549523361085
2030-04-08 03:00:00,274.06447695903233
2030-04-08 04:00:00,273.1893245322258
2030-04-08 05:00:00,272.3391830027458
2030-04-08 06:00:00,271.51323219305726
2030-04-08 07:00:00,271.1871343108589
2030-04-08 08:00:00,271.5303951251561
2030-04-08 09:00:00,272.46640578115523
2030-04-08 10:00:00,273.8795805900633
2030-04-08 11:00:00,275.6230778260981
2030-04-08 12:00:00,277.5287453808316
2030-04-08 13:00:00,279.41861110164444
2030-04-08 14:00:00,281.1171087718085
2030-04-08 15:00:00,282.46316205298746
2030-04-08 16:00:00,283.3212509236915
2030-04-08 17:00:00,283.59066184284035
2030-04-08 18:00:00,283.2122682993639
2030-04-08 19:00:00,282.1723869905133
2030-04-08 20:00:00,281.06015926194624
2030-04-08 21:00:00,279.9810366038042
2030-04-08 22:00:00,278.9338538007481
2030-04-08 23:00:00,277.91749744523435
2030-04-09 00:00:00,276.9309029753594
2030-04-09 01:00:00,276.0019629256293
2030-04-09 02:00:00,275.1043803314684
2030-04-09 03:00:00,274.23697644166947
2030-04-09 04:00:00,273.3986250251528
2030-04-09 05:00:00,272.5882494647341
2030-04-09 06:00:00,271.80482005078534
2030-04-09 07:00:00,271.5401772068424
2030-04-09 08:00:00,271.9439104964374
2030-04-09 09:00:00,272.93626613154686
2030-04-09 10:00:00,274.39900300323285
2030-04-09 11:00:00,276.183285608319
2030-04-09 12:00:00,278.1197594198177
2030-04-09 13:00:00,280.03011751281434
2030-04-09 14:00:00,281.73934212093906
2030-04-09 15:00:00,283.08774092353525
2030-04-09 16:00:00,283.941905465059
2030-04-09 17:00:00,284.20380118628043
2030-04-09 18:00:00,283.8173485841872
2030-04-09 19:00:00,282.7720567178617
2030-04-09 20:00:00,281.64298727346477
2030-04-09 21:00:00,280.5530048247511
2030-04-09 22:00:00,279.5005715007503
2030-04-09 23:00:00,278.484222887914
2030-04-10 00:00:00,277.5025636033245
2030-04-10 01:00:00,276.5675975666752
2030-04-10 02:00:00,275.6665386237913
2030-04-10 03:00:00,274.7980352779975
2030-04-10 04:00:00,273.96079883706904
2030-04-10 05:00:00,273.1535998332964
2030-04-10 06:00:00,272.375264696428
2030-04-10 07:00:00,272.13377655357414
2030-04-10 08:00:00,272.5599596188857
2030-04-10 09:00:00,273.5724546076761
2030-04-10 10:00:00,275.0517001518254
2030-04-10 11:00:00,276.84790904908635
2030-04-10 12:00:00,278.79120345441265
2030-04-10 13:00:00,280.70321256582986
2030-04-10 14:00:00,282.40931321871426
2030-04-10 15:00:00,283.75063244839805
2030-04-10 16:00:00,284.59494150883023
2030-04-10 17:00:00,284.84565570021516
2030-04-10 18:00:00,284.4483067283756
2030-04-10 19:00:00,283.3940575217021
2030-04-10 20:00:00,282.24241561989686
2030-04-10 21:00:00,281.13354361027336
2030-04-10 22:00:00,280.06566083920785
2030-04-10 23:00:00,279.03707525613373
2030-04-11 00:00:00,278.046177904896
2030-04-11 01:00:00,277.1188670012325
2030-04-11 02:00:00,276.2303952314637
2030-04-11 03:00:00,275.37901658721114
2030-04-11 04:00:00,274.5630736309917
2030-04-11 05:00:00,273.7809921442712
2030-04-11 06:00:00,273.03127617165956
2030-04-11 07:00:00,272.8377825712428
2030-04-11 08:00:00,273.3107724961761
2030-04-11 09:00:00,274.3652197731679
2030-04-11 10:00:00,275.8785294060741
2030-04-11 11:00:00,277.6987030009152
2030-04-11 12:00:00,279.6546105407941
2030-04-11 13:00:00,281.56766005619613
2030-04-11 14:00:00,283.2640382280413
2030-04-11 15:00:00,284.5866393881276
2030-04-11 16:00:00,285.40581720864924
2030-04-11 17:00:00,285.6281844563787
2030-04-11 18:00:00,285.20284366896016
2030-04-11 19:00:00,284.1246380177844
2030-04-11 20:00:00,282.9395303775757
2030-04-11 21:00:00,281.805128014879
2030-04-11 22:00:00,280.71905866631215
2030-04-11 23:00:00,279.6790786290681
2030-04-12 00:00:00,278.68306425736046
2030-04-12 01:00:00,277.7107393699023
2030-04-12 02:00:00,276.77511392376186
2030-04-12 03:00:00,275.8746701791338
2030-04-12 04:00:00,275.00796328303534
2030-04-12 05:00:00,274.1736169894767
2030-04-12 06:00:00,273.37031969077253
2030-04-12 07:00:00,273.13816756253283
2030-04-12 08:00:00,273.5725247694604
2030-04-12 09:00:00,274.5912086721295
2030-04-12 10:00:00,276.07405292192584
2030-04-12 11:00:00,277.8709200309596
2030-04-12 12:00:00,279.8118567065622
2030-04-12 13:00:00,281.71869340886843
2030-04-12 14:00:00,283.41726767893203
2030-04-12 15:00:00,284.7493909191407
2030-04-12 16:00:00,285.5836903577415
2030-04-12 17:00:00,285.82454434300496
2030-04-12 18:00:00,285.4184827062571
2030-04-12 19:00:00,284.3576278132505
2030-04-12 20:00:00,283.1682700655838
2030-04-12 21:00:00,282.0248098493215
2030-04-12 22:00:00,280.9252700288106
2030-04-12 23:00:00,279.86777474696214
2030-04-13 00:00:00,278.8505429647968
2030-04-13 01:00:00,277.85429020257976
2030-04-13 02:00:00,276.891439339624
2030-04-13 03:00:00,275.9607302786574
2030-04-13 04:00:00,275.06095997268363
2030-04-13 05:00:00,274.1909791897991
2030-04-13 06:00:00,273.3496895063728
2030-04-13 07:00:00,273.0933428274389
2030-04-13 08:00:00,273.5026933062081
2030-04-13 09:00:00,274.49846982370985
2030-04-13 10:00:00,275.96301798775784
2030-04-13 11:00:00,277.74815483238405
2030-04-13 12:00:00,279.68520173886037
2030-04-13 13:00:00,281.5965073756201
2030-04-13 14:00:00,283.30764726151716
2030-04-13 15:00:00,284.6594224453657
2030-04-13 16:00:00,285.518787024028
2030-04-13 17:00:00,285.78791583119454
2030-04-13 18:00:00,285.4107731344617
2030-04-13 19:00:00,284.3767443086999
2030-04-13 20:00:00,283.19248399429677
2030-04-13 21:00:00,282.04890761006754
2030-04-13 22:00:00,280.94441195004487
2030-04-13 23:00:00,279.87747128272076
2030-04-14 00:00:00,278.8466326006825
2030-04-14 01:00:00,277.83093326900627
2030-04-14 02:00:00,276.844498008431
2030-04-14 03:00:00,275.8863368925392
2030-04-14 04:00:00,274.9555020096762
2030-04-14 05:00:00,274.05108517641423
2030-04-14 06:00:00,273.1722158059171
2030-04-14 07:00:00,272.89119993786187
2030-04-14 08:00:00,273.27471403706676
2030-04-14 09:00:00,274.24673370894624
2030-04-14 10:00:00,275.69243093647935
2030-04-14 11:00:00,277.46584863393514
2030-04-14 12:00:00,279.3997915388949
2030-04-14 13:00:00,281.3172570985689
2030-04-14 14:00:00,283.0436013105464
2030-04-14 15:00:00,284.4185657424399
2030-04-14 16:00:00,285.3072938444132
2030-04-14 17:00:00,285.6095408651661
2030-04-14 18:00:00,285.26642648273565
2030-04-14 19:00:00,284.2642771184057
2030-04-14 20:00:00,283.0898493390978
2030-04-14 21:00:00,281.9502121571009
2030-04-14 22:00:00,280.84413147007587
2030-04-14 23:00:00,279.77042909085117
2030-04-15 00:00:00,278.7279794763604
2030-04-15 01:00:00,277.70781167326834
2030-04-15 02:00:00,276.7151329494031
2030-04-15 03:00:00,275.7490542293047
2030-04-15 04:00:00,274.808723228434
2030-04-15 05:00:00,273.89332248675163
2030-04-15 06:00:00,273.00206753291644
2030-04-15 07:00:00,272.7230635504426
2030-04-15 08:00:00,273.1073443808394
2030-04-15 09:00:00,274.0802205932147
2030-04-15 10:00:00,275.52806319204956
2030-04-15 11:00:00,277.3059019813028
2030-04-15 12:00:00,279.2472534896382
2030-04-15 13:00:00,281.1755072577617
2030-04-15 14:00:00,282.91606934530586
2030-04-15 15:00:00,284.3083914328191
2030-04-15 16:00:00,285.2170136865748
2030-04-15 17:00:00,285.54082355152343
2030-04-15 18:00:00,285.21987545526827
2030-04-15 19:00:00,284.23931280231625
2030-04-15 20:00:00,283.06791712313526
2030-04-15 21:00:00,281.92905313508123
2030-04-15 22:00:00,280.82161439663145
2030-04-15 23:00:00,279.74454340175663
2030-04-16 00:00:00,278.69682877094476
2030-04-16 01:00:00,277.6951060713644
2030-04-16 02:00:00,276.7244700115872
2030-04-16 03:00:00,275.7838137341581
2030-04-16 04:00:00,274.8720787081657
2030-04-16 05:00:00,273.98825205292883
2030-04-16 06:00:00,273.131364046322
2030-04-16 07:00:00,272.9049356987059
2030-04-16 08:00:00,273.3406594170246
2030-04-16 09:00:00,274.36120842725506
2030-04-16 10:00:00,275.8507334610433
2030-04-16 11:00:00,277.6626070994387
2030-04-16 12:00:00,279.629361334952
2030-04-16 13:00:00,281.5741378467442
2030-04-16 14:00:00,283.3228437408538
2030-04-16 15:00:00,284.7161390938439
2030-04-16 16:00:00,285.62038701984
2030-04-16 17:00:00,285.9367755482097
2030-04-16 18:00:00,285.6079673119717
2030-04-16 19:00:00,284.6218320637675
2030-04-16 20:00:00,283.4331324163055
2030-04-16 21:00:00,282.2823767008599
2030-04-16 22:00:00,281.16814549640935
2030-04-16 23:00:00,280.0890859092778
2030-04-17 00:00:00,279.0439075762366
2030-04-17 01:00:00,278.0482150928511
2030-04-17 02:00:00,277.08771153746534
2030-04-17 03:00:00,276.16101343239495
2030-04-17 04:00:00,275.26680169602287
2030-04-17 05:00:00,274.4038179228012
2030-04-17 06:00:00,273.57086093034593
2030-04-17 07:00:00,273.3866946467528
2030-04-17 08:00:00,273.86348687314495
2030-04-17 09:00:00,274.9211488780739
2030-04-17 10:00:00,276.44153310390686
2030-04-17 11:00:00,278.2763255997115
2030-04-17 12:00:00,280.25709228151294
2030-04-17 13:00:00,282.2067891174831
2030-04-17 14:00:00,283.9519230358555
2030-04-17 15:00:00,285.33448828413634
2030-04-17 16:00:00,286.2228122109615
2030-04-17 17:00:00,286.52052779530305
2030-04-17 18:00:00,286.17304096762547
2030-04-17 19:00:00,285.1710623830948
2030-04-17 20:00:00,283.955517185058
2030-04-17 21:00:00,282.7840472565218
2030-04-17 22:00:00,281.6548373536224
2030-04-17 23:00:00,280.56616294545336
2030-04-18 00:00:00,279.5163844958657
2030-04-18 01:00:00,278.5020694469278
2030-04-18 02:00:00,277.5231264887387
2030-04-18 03:00:00,276.57817637412154
2030-04-18 04:00:00,275.6659039223578
2030-04-18 05:00:00,274.78505430981835
2030-04-18 06:00:00,273.93442962774634
2030-04-18 07:00:00,273.74812324314365
2030-04-18 08:00:00,274.22202832427655
2030-04-18 09:00:00,275.2764664641309
2030-04-18 10:00:00,276.79369350355796
2030-04-18 11:00:00,278.6257658467158
2030-04-18 12:00:00,280.60456265142477
2030-04-18 13:00:00,282.5532758479008
2030-04-18 14:00:00,284.2985563376912
2030-04-18 15:00:00,285.6824422036467
2030-04-18 16:00:00,286.5732034458148
2030-04-18 17:00:00,286.87432050970716
2030-04-18 18:00:00,286.53096402539524
2030-04-18 19:00:00,285.533544330365
2030-04-18 20:00:00,284.3061729630596
2030-04-18 21:00:00,283.12271418205034
2030-04-18 22:00:00,281.9813748476867
2030-04-18 23:00:00,280.88045113837836
2030-04-19 00:00:00,279.81832292147635
2030-04-19 01:00:00,278.8076271183918
2030-04-19 02:00:00,277.83672723593696
2030-04-19 03:00:00,276.90391232418
2030-04-19 04:00:00,276.00755646011106
2030-04-19 05:00:00,275.1461136006083
2030-04-19 06:00:00,274.31811282069685
2030-04-19 07:00:00,274.17257880987677
2030-04-19 08:00:00,274.68577192352177
2030-04-19 09:00:00,275.77515217569265
2030-04-19 10:00:00,277.32062114481477
2030-04-19 11:00:00,279.1725380367446
2030-04-19 12:00:00,281.16184919720115
2030-04-19 13:00:00,283.1116335950897
2030-04-19 14:00:00,284.8492469289873
2030-04-19 15:00:00,286.218189120962
2030-04-19 16:00:00,287.08883374890473
2030-04-19 17:00:00,287.3672456546513
2030-04-19 18:00:00,287.0014671480253
2030-04-19 19:00:00,285.98485687698803
2030-04-19 20:00:00,284.72797774452266
2030-04-19 21:00:00,283.521753870009
2030-04-19 22:00:00,282.3639118096861
2030-04-19 23:00:00,281.2522991077484
2030-04-20 00:00:00,280.1848762936209
2030-04-20 01:00:00,279.14419430593506
2030-04-20 02:00:00,278.1388083693581
2030-04-20 03:00:00,277.16736704275576
2030-04-20 04:00:00,276.22858122483404
2030-04-20 05:00:00,275.3212205432732
2030-04-20 06:00:00,274.44468422611504
2030-04-20 07:00:00,274.2621508803945
2030-04-20 08:00:00,274.738001092444
2030-04-20 09:00:00,275.7933972599104
2030-04-20 10:00:00,277.31142378932765
2030-04-20 11:00:00,279.1449008567859
2030-04-20 12:00:00,281.1263578769345
2030-04-20 13:00:00,283.0794824042536
2030-04-20 14:00:00,284.83123602712277
2030-04-20 15:00:00,286.2237654089847
2030-04-20 16:00:00,287.12524418835085
2030-04-20 17:00:00,287.43886296410994
2030-04-20 18:00:00,287.10933356148587
2030-04-20 19:00:00,286.126473959265
2030-04-20 20:00:00,284.88110296597887
2030-04-20 21:00:00,283.6790884941304
2030-04-20 22:00:00,282.5186912498196
2030-04-20 23:00:00,281.39825791856185
2030-04-21 00:00:00,280.3162157585316
2030-04-21 01:00:00,279.28705332480615
2030-04-21 02:00:00,278.2989476086093
2030-04-21 03:00:00,277.35011102238957
2030-04-21 04:00:00,276.4388458894363
2030-04-21 05:00:00,275.5635389379787
2030-04-21 06:00:00,274.73892957482065
2030-04-21 07:00:00,274.6107397276209
2030-04-21 08:00:00,275.13911468683216
2030-04-21 09:00:00,276.24139932360544
2030-04-21 10:00:00,277.79751947736236
2030-04-21 11:00:00,279.65799744505136
2030-04-21 12:00:00,281.65407151175907
2030-04-21 13:00:00,283.60922249128134
2030-04-21 14:00:00,285.3512910275782
2030-04-21 15:00:00,286.72431215209286
2030-04-21 16:00:00,287.59920792929245
2030-04-21 17:00:00,287.88256709922734
2030-04-21 18:00:00,287.522894965047
2030-04-21 19:00:00,286.5139203030299
2030-04-21 20:00:00,285.2340806010764
2030-04-21 21:00:00,284.0064951294081
2030-04-21 22:00:00,282.82878928938493
2030-04-21 23:00:00,281.6987163587903
2030-04-22 00:00:00,280.6141489362175
2030-04-22 01:00:00,279.5757048230319
2030-04-22 02:00:00,278.57987999668603
2030-04-22 03:00:00,277.6247728439868
2030-04-22 04:00:00,276.70857925196765
2030-04-22 05:00:00,275.8295865493431
2030-04-22 06:00:00,275.01800612270034
2030-04-22 07:00:00,274.9024419674333
2030-04-22 08:00:00,275.4422757496723
2030-04-22 09:00:00,276.5542163707441
2030-04-22 10:00:00,278.1177212327877
2030-04-22 11:00:00,279.9830412079157
2030-04-22 12:00:00,281.9813567511355
2030-04-22 13:00:00,283.9363064514458
2030-04-22 14:00:00,285.6760911611697
2030-04-22 15:00:00,287.0452808227707
2030-04-22 16:00:00,287.9154667358296
2030-04-22 17:00:00,288.19399125103894
2030-04-22 18:00:00,287.8301420829689
2030-04-22 19:00:00,286.8184023828245
2030-04-22 20:00:00,285.5218779161204
2030-04-22 21:00:00,284.2797806051766
2030-04-22 22:00:00,283.0895781268944
2030-04-22 23:00:00,281.94887705238284
2030-04-23 00:00:00,280.8554134178211
2030-04-23 01:00:00,279.8095119118234
2030-04-23 02:00:00,278.8077768575845
2030-04-23 03:00:00,277.8481885631119
2030-04-23 04:00:00,276.9288328939246
2030-04-23 05:00:00,276.047894619592
2030-04-23 06:00:00,275.25091494757055
2030-04-23 07:00:00,275.14946843127285
2030-04-23 08:00:00,275.70214989957583
2030-04-23 09:00:00,276.8250141087369
2030-04-23 10:00:00,278.3970381833102
2030-04-23 11:00:00,280.26819693238895
2030-04-23 12:00:00,282.2696158957604
2030-04-23 13:00:00,284.22510169958497
2030-04-23 14:00:00,285.9632322617099
2030-04-23 15:00:00,287.32913465245656
2030-04-23 16:00:00,288.19509537052903
2030-04-23 17:00:00,288.46923823627554
2030-04-23 18:00:00,288.1016611879682
2030-04-23 19:00:00,287.087627630552
2030-04-23 20:00:00,285.77506425795474
2030-04-23 21:00:00,284.5191658504874
2030-04-23 22:00:00,283.3172324593716
2030-04-23 23:00:00,282.166714989132
2030-04-24 00:00:00,281.06520480687385
2030-04-24 01:00:00,280.00972184342794
2030-04-24 02:00:00,278.9984595280486
2030-04-24 03:00:00,278.02940740810624
2030-04-24 04:00:00,277.1006598005896
2030-04-24 05:00:00,276.2104091899497
2030-04-24 06:00:00,275.4194848191866
2030-04-24 07:00:00,275.3227209284516
2030-04-24 08:00:00,275.87902102919253
2030-04-24 09:00:00,277.0047774785129
2030-04-24 10:00:00,278.5793138619308
2030-04-24 11:00:00,280.45293917339103
2030-04-24 12:00:00,282.45708022402874
2030-04-24 13:00:00,284.4157934346856
2030-04-24 14:00:00,286.15783998123896
2030-04-24 15:00:00,287.5284532428607
2030-04-24 16:00:00,288.3999440591796
2030-04-24 17:00:00,288.6803792790092
2030-04-24 18:00:00,288.31972469399125
2030-04-24 19:00:00,287.31304739862134
2030-04-24 20:00:00,285.9922907223804
2030-04-24 21:00:00,284.7281194606129
2030-04-24 22:00:00,283.5178519628632
2030-04-24 23:00:00,282.358956028733
2030-04-25 00:00:00,281.24903861757343
2030-04-25 01:00:00,280.1781973921161
2030-04-25 02:00:00,279.14757703425863
2030-04-25 03:00:00,278.155503150232
2030-04-25 04:00:00,277.200383501912
2030-04-25 05:00:00,276.2807030196883
2030-04-25 06:00:00,275.4726953965052
2030-04-25 07:00:00,275.355166008757
2030-04-25 08:00:00,275.8901909202012
2030-04-25 09:00:00,276.9971031090741
2030-04-25 10:00:00,278.5577522730806
2030-04-25 11:00:00,280.4244004521859
2030-04-25 12:00:00,282.4297325257088
2030-04-25 13:00:00,284.39829311161543
2030-04-25 14:00:00,286.1585407825662
2030-04-25 15:00:00,287.5546511003414
2030-04-25 16:00:00,288.4572115862064
2030-04-25 17:00:00,288.77203685783803
2030-04-25 18:00:00,288.4464837028394
2030-04-25 19:00:00,287.4728471462118
2030-04-25 20:00:00,286.1647394030203
2030-04-25 21:00:00,284.90700257678157
2030-04-25 22:00:00,283.69744259535605
2030-04-25 23:00:00,282.5339808301438
2030-04-26 00:00:00,281.41464645356126
2030-04-26 01:00:00,280.32505807892755
2030-04-26 02:00:00,279.2678217099482
2030-04-26 03:00:00,278.2418050281039
2030-04-26 04:00:00,277.2459256303694
2030-04-26 05:00:00,276.2791482029591
2030-04-26 06:00:00,275.43313513925006
2030-04-26 07:00:00,275.2714392325818
2030-04-26 08:00:00,275.76177878962164
2030-04-26 09:00:00,276.8287376793723
2030-04-26 10:00:00,278.35869198320944
2030-04-26 11:00:00,280.2074147341277
2030-04-26 12:00:00,282.2098607024081
2030-04-26 13:00:00,284.1914617711452
2030-04-26 14:00:00,285.9801368210486
2030-04-26 15:00:00,287.4181528282108
2030-04-26 16:00:00,288.3729766135051
2030-04-26 17:00:00,288.7463329289144
2030-04-26 18:00:00,288.480828548417
2030-04-26 19:00:00,287.5636982298013
2030-04-26 20:00:00,286.28809797846304
2030-04-26 21:00:00,285.05157170570226
2030-04-26 22:00:00,283.85267737339615
2030-04-26 23:00:00,282.6900412799851
2030-04-27 00:00:00,281.5623538716891
2030-04-27 01:00:00,280.4714990944155
2030-04-27 02:00:00,279.41543572821405
2030-04-27 03:00:00,278.39288242422765
2030-04-27 04:00:00,277.40261609863427
2030-04-27 05:00:00,276.4434685598274
2030-04-27 06:00:00,275.62179421276466
2030-04-27 07:00:00,275.4846496687282
2030-04-27 08:00:00,275.99825668685645
2030-04-27 09:00:00,277.08587320880457
2030-04-27 10:00:00,278.63280610830503
2030-04-27 11:00:00,280.4940863098761
2030-04-27 12:00:00,282.50430258199
2030-04-27 13:00:00,284.4889202125684
2030-04-27 14:00:00,286.27628598671276
2030-04-27 15:00:00,287.70945592350256
2030-04-27 16:00:00,288.6569874280244
2030-04-27 17:00:00,289.0219161330222
2030-04-27 18:00:00,288.74828361326274
2030-04-27 19:00:00,287.82477953045486
2030-04-27 20:00:00,286.5306348369188
2030-04-27 21:00:00,285.27900435067824
2030-04-27 22:00:00,284.0682395525566
2030-04-27 23:00:00,282.89677256218414
2030-04-28 00:00:00,281.7631110670308
2030-04-28 01:00:00,280.67699989796006
2030-04-28 02:00:00,279.63536749373856
2030-04-28 03:00:00,278.636224233886
2030-04-28 04:00:00,277.6776834299192
2030-04-28 05:00:00,276.757954835116
2030-04-28 06:00:00,275.9974627030926
2030-04-28 07:00:00,275.92559180430914
2030-04-28 08:00:00,276.5022072585472
2030-04-28 09:00:00,277.64481484921725
2030-04-28 10:00:00,279.233938224562
2030-04-28 11:00:00,281.1211003925672
2030-04-28 12:00:00,283.1388812499833
2030-04-28 13:00:00,285.1123578986438
2030-04-28 14:00:00,286.8711171123217
2030-04-28 15:00:00,288.2609735975563
2030-04-28 16:00:00,289.154543103849
2030-04-28 17:00:00,289.4599079515155
2030-04-28 18:00:00,289.12676655830575
2030-04-28 19:00:00,288.14966097580145
2030-04-28 20:00:00,286.7983121373766
2030-04-28 21:00:00,285.50361994231383
2030-04-28 22:00:00,284.26293768575704
2030-04-28 23:00:00,283.07376538521936
2030-04-29 00:00:00,281.9337396645848
2030-04-29 01:00:00,280.8327529568352
2030-04-29 02:00:00,279.7687536662144
2030-04-29 03:00:00,278.74032428962835
2030-04-29 04:00:00,277.74611354250413
2030-04-29 05:00:00,276.78483244718547
2030-04-29 06:00:00,275.99185868949513
2030-04-29 07:00:00,275.8820423190881
2030-04-29 08:00:00,276.4205249620678
2030-04-29 09:00:00,277.5296913763465
2030-04-29 10:00:00,279.09423970426445
2030-04-29 11:00:00,280.9688972984083
2030-04-29 12:00:00,282.9882749563447
2030-04-29 13:00:00,284.9781836098965
2030-04-29 14:00:00,286.76761435490334
2030-04-29 15:00:00,288.2005195935079
2030-04-29 16:00:00,289.1465401545364
2030-04-29 17:00:00,289.5099035709487
2030-04-29 18:00:00,289.23586583369644
2030-04-29 19:00:00,288.31426687682665
2030-04-29 20:00:00,286.99522886623987
2030-04-29 21:00:00,285.72179314203925
2030-04-29 22:00:00,284.492121310443
2030-04-29 23:00:00,283.3044674080607
2030-04-30 00:00:00,282.15717195583187
2030-04-30 01:00:00,281.0431661506752
2030-04-30 02:00:00,279.95936516582435
2030-04-30 03:00:00,278.9047688935689
2030-04-30 04:00:00,277.87842019032126
2030-04-30 05:00:00,276.87940248263493
2030-04-30 06:00:00,276.0577553355572
2030-04-30 07:00:00,275.9139372059462
2030-04-30 08:00:00,276.41768683847914
2030-04-30 09:00:00,277.49570986169886
2030-04-30 10:00:00,279.0364714791772
2030-04-30 11:00:00,280.89766691115614
2030-04-30 12:00:00,282.91588157308996
2030-04-30 13:00:00,284.9177811937629
2030-04-30 14:00:00,286.7320441467495
2030-04-30 15:00:00,288.20117886133687
2030-04-30 16:00:00,289.1923690174027
2030-04-30 17:00:00,289.60656220625253
2030-04-30 18:00:00,289.3851585255534
2030-04-30 19:00:00,288.5138491124821
2030-04-30 20:00:00,287.2238051141067
2030-04-30 21:00:00,285.9700014523554
2030-04-30 22:00:00,284.751166711591
2030-04-30 23:00:00,283.5660883045584
2030-05-01 00:00:00,282.41360892876344
2030-05-01 01:00:00,281.29388281196464
2030-05-01 02:00:00,280.20696509680556
2030-05-01 03:00:00,279.1517117633254
2030-05-01 04:00:00,278.1270294698427
2030-05-01 05:00:00,277.1318726599326
2030-05-01 06:00:00,276.33028955917024
2030-05-01 07:00:00,276.2068233320003
2030-05-01 08:00:00,276.72974185202463
2030-05-01 09:00:00,277.8244448466605
2030-05-01 10:00:00,279.3783416915554
2030-05-01 11:00:00,281.2483916489951
2030-05-01 12:00:00,283.27081296297234
2030-05-01 13:00:00,285.2722967023106
2030-05-01 14:00:00,287.081935094957
2030-05-01 15:00:00,288.5430068922227
2030-05-01 16:00:00,289.5237645684569
2030-05-01 17:00:00,289.92644349318863
2030-05-01 18:00:00,289.6938559275508
2030-05-01 19:00:00,288.81312742715596
2030-05-01 20:00:00,287.5021518035012
2030-05-01 21:00:00,286.230880891517
2030-05-01 22:00:00,284.9978509242525
2030-05-01 23:00:00,283.8016680025714
2030-05-02 00:00:00,282.6410037712483
2030-05-02 01:00:00,281.51541176221764
2030-05-02 02:00:00,280.42541077331225
2030-05-02 03:00:00,279.3696911489034
2030-05-02 04:00:00,278.34700320058465
2030-05-02 05:00:00,277.35615369840366
2030-05-02 06:00:00,276.57499849737155
2030-05-02 07:00:00,276.47224537183934
2030-05-02 08:00:00,277.01459992013514
2030-05-02 09:00:00,278.1260786336271
2030-05-02 10:00:00,279.6929764179474
2030-05-02 11:00:00,281.57148007708304
2030-05-02 12:00:00,283.5974282881086
2030-05-02 13:00:00,285.5975494452968
2030-05-02 14:00:00,287.4013845249759
2030-05-02 15:00:00,288.8530372789146
2030-05-02 16:00:00,289.8218989137587
2030-05-02 17:00:00,290.2115722281656
2030-05-02 18:00:00,289.9663649039732
2030-05-02 19:00:00,289.0749175946907
2030-05-02 20:00:00,287.74209863564977
2030-05-02 21:00:00,286.4527450502589
2030-05-02 22:00:00,285.2051698431757
2030-05-02 23:00:00,283.99776923580947
2030-05-03 00:00:00,282.82901737428
2030-05-03 01:00:00,281.6975846624136
2030-05-03 02:00:00,280.60277504632205
2030-05-03 03:00:00,279.54321686344036
2030-05-03 04:00:00,278.5176020141791
2030-05-03 05:00:00,277.52468220801643
2030-05-03 06:00:00,276.75602015117124
2030-05-03 07:00:00,276.66499787106045
2030-05-03 08:00:00,277.2178575616977
2030-05-03 09:00:00,278.33825199315055
2030-05-03 10:00:00,279.91223613124396
2030-05-03 11:00:00,281.7958967864257
2030-05-03 12:00:00,283.82511940838305
2030-05-03 13:00:00,285.8268226041414
2030-05-03 14:00:00,287.6308674722187
2030-05-03 15:00:00,289.08178482848933
2030-05-03 16:00:00,290.0494690796701
2030-05-03 17:00:00,290.4380660397798
2030-05-03 18:00:00,290.19242721448427
2030-05-03 19:00:00,289.3016992227657
2030-05-03 20:00:00,287.9569152906513
2030-05-03 21:00:00,286.6570035473557
2030-05-03 22:00:00,285.4001922456796
2030-05-03 23:00:00,284.1847980974649
2030-05-04 00:00:00,283.00922059035435
2030-05-04 01:00:00,281.87196408216647
2030-05-04 02:00:00,280.76818008962476
2030-05-04 03:00:00,279.69669420190024
2030-05-04 04:00:00,278.65638443316715
2030-05-04 05:00:00,277.6461782051706
2030-05-04 06:00:00,276.87136991888883
2030-05-04 07:00:00,276.7711570689863
2030-05-04 08:00:00,277.31388261215517
2030-05-04 09:00:00,278.42520688703144
2030-05-04 10:00:00,279.99297065112916
2030-05-04 11:00:00,281.8747087129375
2030-05-04 12:00:00,283.90732227154797
2030-05-04 13:00:00,285.9182483064377
2030-05-04 14:00:00,287.73733880596535
2030-05-04 15:00:00,289.20859580663085
2030-05-04 16:00:00,290.20091061611663
2030-05-04 17:00:00,290.61703077124673
2030-05-04 18:00:00,290.4001205524421
2030-05-04 19:00:00,289.53747491280336
2030-05-04 20:00:00,288.2041663102368
2030-05-04 21:00:00,286.9114476832666
2030-05-04 22:00:00,285.6578118612661
2030-05-04 23:00:00,284.4418242460033
2030-05-05 00:00:00,283.262118278894
2030-05-05 01:00:00,282.1174923330671
2030-05-05 02:00:00,281.0061582884299
2030-05-05 03:00:00,279.9269557151963
2030-05-05 04:00:00,278.87877587996115
2030-05-05 05:00:00,277.86055877159583
2030-05-05 06:00:00,277.0909787241668
2030-05-05 07:00:00,276.9946117800871
2030-05-05 08:00:00,277.54009690162746
2030-05-05 09:00:00,278.65343396386874
2030-05-05 10:00:00,280.22282528794267
2030-05-05 11:00:00,282.1061658983718
2030-05-05 12:00:00,284.14069232136626
2030-05-05 13:00:00,286.15413002676047
2030-05-05 14:00:00,287.9765539621333
2030-05-05 15:00:00,289.4521095558988
2030-05-05 16:00:00,290.4497435756257
2030-05-05 17:00:00,290.8721689194243
2030-05-05 18:00:00,290.66242916830527
2030-05-05 19:00:00,289.8076222796809
2030-05-05 20:00:00,288.46867973485826
2030-05-05 21:00:00,287.1700399449047
2030-05-05 22:00:00,285.9102153447311
2030-05-05 23:00:00,284.6877898575673
2030-05-06 00:00:00,283.5014144341901
2030-05-06 01:00:00,282.3480006696733
2030-05-06 02:00:00,281.2323219213534
2030-05-06 03:00:00,280.1529493380669
2030-05-06 04:00:00,279.1085210306839
2030-05-06 05:00:00,278.09773807199696
2030-05-06 06:00:00,277.3522149272372
2030-05-06 07:00:00,277.2809675807307
2030-05-06 08:00:00,277.85017646233933
2030-05-06 09:00:00,278.98363263853474
2030-05-06 10:00:00,280.56772224150916
2030-05-06 11:00:00,282.459035727926
2030-05-06 12:00:00,284.4941022794931
2030-05-06 13:00:00,286.5005819814757
2030-05-06 14:00:00,288.30912568982075
2030-05-06 15:00:00,289.7650490769039
2030-05-06 16:00:00,290.73897338888213
2030-05-06 17:00:00,291.1356640496185
2030-05-06 18:00:00,290.9004431995031
2030-05-06 19:00:00,290.0227478004461
2030-05-06 20:00:00,288.65206058733514
2030-05-06 21:00:00,287.3276024095114
2030-05-06 22:00:00,286.0475277380587
2030-05-06 23:00:00,284.81008423584325
2030-05-07 00:00:00,283.613606701182
2030-05-07 01:00:00,282.45712686212124
2030-05-07 02:00:00,281.33734229488584
2030-05-07 03:00:00,280.25289285629674
2030-05-07 04:00:00,279.2024813714356
2030-05-07 05:00:00,278.1848699021014
2030-05-07 06:00:00,277.4446893977075
2030-05-07 07:00:00,277.3769157392386
2030-05-07 08:00:00,277.94847288638016
2030-05-07 09:00:00,279.08390248888264
2030-05-07 10:00:00,280.6703010475442
2030-05-07 11:00:00,282.5648836779604
2030-05-07 12:00:00,284.60467823708075
2030-05-07 13:00:00,286.6176856441938
2030-05-07 14:00:00,288.4347189258716
2030-05-07 15:00:00,289.90106921710407
2030-05-07 16:00:00,290.8871518927145
2030-05-07 17:00:00,291.29736341005395
2030-05-07 18:00:00,291.07652327653426
2030-05-07 19:00:00,290.2134702181945
2030-05-07 20:00:00,288.84356057307355
2030-05-07 21:00:00,287.5185221406817
2030-05-07 22:00:00,286.23659831976295
2030-05-07 23:00:00,284.9961202324911
2030-05-08 00:00:00,283.7955010693371
2030-05-08 01:00:00,282.631108466518
2030-05-08 02:00:00,281.50680082216485
2030-05-08 03:00:00,280.4210002790437
2030-05-08 04:00:00,279.3722048844662
2030-05-08 05:00:00,278.3589839659054
2030-05-08 06:00:00,277.638534708787
2030-05-08 07:00:00,277.5908567576763
2030-05-08 08:00:00,278.181069022844
2030-05-08 09:00:00,279.3321169277273
2030-05-08 10:00:00,280.92981267688714
2030-05-08 11:00:00,282.8304829360038
2030-05-08 12:00:00,284.87072089584245
2030-05-08 13:00:00,286.8785733878102
2030-05-08 14:00:00,288.68537267818795
2030-05-08 15:00:00,290.1373610311932
2030-05-08 16:00:00,291.10626406714573
2030-05-08 17:00:00,291.4980491951005
2030-05-08 18:00:00,291.25925150043724
2030-05-08 19:00:00,290.38044546251706
2030-05-08 20:00:00,288.9853545665188
2030-05-08 21:00:00,287.6397166224631
2030-05-08 22:00:00,286.3414820775267
2030-05-08 23:00:00,285.08870760110216
2030-05-09 00:00:00,283.87954903209
2030-05-09 01:00:00,282.70677334988574
2030-05-09 02:00:00,281.58169470574455
2030-05-09 03:00:00,280.5021743060901
2030-05-09 04:00:00,279.4661856570644
2030-05-09 05:00:00,278.4718073046696
2030-05-09 06:00:00,277.7883091251535
2030-05-09 07:00:00,277.7796456676573
2030-05-09 08:00:00,278.40666805631594
2030-05-09 09:00:00,279.5884958571323
2030-05-09 10:00:00,281.20780089788525
2030-05-09 11:00:00,283.1186568380431
2030-05-09 12:00:00,285.15643513842576
2030-05-09 13:00:00,287.1490654377647
2030-05-09 14:00:00,288.92886249585723
2030-05-09 15:00:00,290.34406671643416
2030-05-09 16:00:00,291.269260157699
2030-05-09 17:00:00,291.6139068234724
2030-05-09 18:00:00,291.3284174381122
2030-05-09 19:00:00,290.4073380673569
2030-05-09 20:00:00,288.96512649538147
2030-05-09 21:00:00,287.5830271931295
2030-05-09 22:00:00,286.2582208032631
2030-05-09 23:00:00,284.9880467592607
2030-05-10 00:00:00,283.76999207252277
2030-05-10 01:00:00,282.60543465426565
2030-05-10 02:00:00,281.48254409378615
2030-05-10 03:00:00,280.39963207271563
2030-05-10 04:00:00,279.3550929998489
2030-05-10 05:00:00,278.3473989084477
2030-05-10 06:00:00,277.65849986580093
2030-05-10 07:00:00,277.6403141619706
2030-05-10 08:00:00,278.2571573154356
2030-05-10 09:00:00,279.4313675795764
2030-05-10 10:00:00,281.04838811266
2030-05-10 11:00:00,282.9644409732869
2030-05-10 12:00:00,285.0162875046434
2030-05-10 13:00:00,287.03240461680053
2030-05-10 14:00:00,288.84478689846884
2030-05-10 15:00:00,290.30052451744103
2030-05-10 16:00:00,291.272316308174
2030-05-10 17:00:00,291.6671589378172
2030-05-10 18:00:00,291.43259992420934
2030-05-10 19:00:00,290.5601384685159
2030-05-10 20:00:00,289.1483924315572
2030-05-10 21:00:00,287.78864522481433
2030-05-10 22:00:00,286.47867820617137
2030-05-10 23:00:00,285.2163900412963
2030-05-11 00:00:00,283.99978879012855
2030-05-11 01:00:00,282.8330465343943
2030-05-11 02:00:00,281.70101640387736
2030-05-11 03:00:00,280.60246524014076
2030-05-11 04:00:00,279.536215705706
2030-05-11 05:00:00,278.50114302419144
2030-05-11 06:00:00,277.791664990573
2030-05-11 07:00:00,277.74837080065515
2030-05-11 08:00:00,278.3397761432207
2030-05-11 09:00:00,279.492153613113
2030-05-11 10:00:00,281.0943617962714
2030-05-11 11:00:00,283.0052966303343
2030-05-11 12:00:00,285.0634770670519
2030-05-11 13:00:00,287.09810916158307
2030-05-11 14:00:00,288.9408486572668
2030-05-11 15:00:00,290.4374163050797
2030-05-11 16:00:00,291.4582229041688
2030-05-11 17:00:00,291.90723584447085
2030-05-11 18:00:00,291.7284600883804
2030-05-11 19:00:00,290.90959883736235
2030-05-11 20:00:00,289.5328883638745
2030-05-11 21:00:00,288.1986208711905
2030-05-11 22:00:00,286.9051959197388
2030-05-11 23:00:00,285.65109150215346
2030-05-12 00:00:00,284.43485905461927
2030-05-12 01:00:00,283.2559759119558
2030-05-12 02:00:00,282.1115402868311
2030-05-12 03:00:00,281.0003402070629
2030-05-12 04:00:00,279.9212184167706
2030-05-12 05:00:00,278.87306918215853
2030-05-12 06:00:00,278.1621878260442
2030-05-12 07:00:00,278.11618618872717
2030-05-12 08:00:00,278.7039959860532
2030-05-12 09:00:00,279.85234188328167
2030-05-12 10:00:00,281.45054092775024
2030-05-12 11:00:00,283.35792338678596
2030-05-12 12:00:00,285.4133892910346
2030-05-12 13:00:00,287.4464470235002
2030-05-12 14:00:00,289.2889559792378
2030-05-12 15:00:00,290.78672904506294
2030-05-12 16:00:00,291.8101527994405
2030-05-12 17:00:00,292.26305744528725
2030-05-12 18:00:00,292.08920896265687
2030-05-12 19:00:00,291.2759876859396
2030-05-12 20:00:00,289.89287309710704
2030-05-12 21:00:00,288.55165435049406
2030-05-12 22:00:00,287.2507667280126
2030-05-12 23:00:00,285.9887219128295
2030-05-13 00:00:00,284.7641031409889
2030-05-13 01:00:00,283.5767399974665
2030-05-13 02:00:00,282.42333836999416
2030-05-13 03:00:00,281.3027178398022
2030-05-13 04:00:00,280.2137510262236
2030-05-13 05:00:00,279.15536049849544
2030-05-13 06:00:00,278.4454952777571
2030-05-13 07:00:00,278.39908163937383
2030-05-13 08:00:00,278.9855253288249
2030-05-13 09:00:00,280.1320563538241
2030-05-13 10:00:00,281.7284956299514
2030-05-13 11:00:00,283.6346425950498
2030-05-13 12:00:00,285.68980057117136
2030-05-13 13:00:00,287.7237886100588
2030-05-13 14:00:00,289.56866393587643
2030-05-13 15:00:00,291.07031230519664
2030-05-13 16:00:00,292.09906506852406
2030-05-13 17:00:00,292.5585750516291
2030-05-13 18:00:00,292.3923230806972
2030-05-13 19:00:00,291.58731804079076
2030-05-13 20:00:00,290.20047040841274
2030-05-13 21:00:00,288.85477447228965
2030-05-13 22:00:00,287.5487109793371
2030-05-13 23:00:00,286.2808344743473
2030-05-14 00:00:00,285.04976863502776
2030-05-14 01:00:00,283.84929331047294
2030-05-14 02:00:00,282.68608151904493
2030-05-14 03:00:00,281.5587632874778
2030-05-14 04:00:00,280.4660323670604
2030-05-14 05:00:00,279.4066424191277
2030-05-14 06:00:00,278.7097730519551
2030-05-14 07:00:00,278.6767410808242
2030-05-14 08:00:00,279.27534492045163
2030-05-14 09:00:00,280.43138995240844
2030-05-14 10:00:00,282.0335477903584
2030-05-14 11:00:00,283.94081955578804
2030-05-14 12:00:00,285.99211386151626
2030-05-14 13:00:00,288.01728357097227
2030-05-14 14:00:00,289.84884277008706
2030-05-14 15:00:00,291.33352104668666
2030-05-14 16:00:00,292.3428163165542
2030-05-14 17:00:00,292.7817833366373
2030-05-14 18:00:00,292.59543681743406
2030-05-14 19:00:00,291.77234034570404
2030-05-14 20:00:00,290.3589713688344
2030-05-14 21:00:00,288.9909652837775
2030-05-14 22:00:00,287.66655727660617
2030-05-14 23:00:00,286.3840711493638
2030-05-15 00:00:00,285.1419135552975
2030-05-15 01:00:00,283.93337089288275
2030-05-15 02:00:00,282.7652915595048
2030-05-15 03:00:00,281.6361053158621
2030-05-15 04:00:00,280.5443174551541
2030-05-15 05:00:00,279.48850416801383
2030-05-15 06:00:00,278.8088273543272
2030-05-15 07:00:00,278.79318524407176
2030-05-15 08:00:00,279.40776863985514
2030-05-15 09:00:00,280.57696444863296
2030-05-15 10:00:00,282.1883072744573
2030-05-15 11:00:00,284.10001758227986
2030-05-15 12:00:00,286.15063105976947
2030-05-15 13:00:00,288.17005865951256
2030-05-15 14:00:00,289.99129622776064
2030-05-15 15:00:00,291.4619407784522
2030-05-15 16:00:00,292.4546773063208
2030-05-15 17:00:00,292.8759784760429
2030-05-15 18:00:00,292.6724033051303
2030-05-15 19:00:00,291.83407441768486
2030-05-15 20:00:00,290.39727885837783
2030-05-15 21:00:00,289.01009649923276
2030-05-15 22:00:00,287.670496094344
2030-05-15 23:00:00,286.3765517588485
2030-05-16 00:00:00,285.12643593075245
2030-05-16 01:00:00,283.9327303269627
2030-05-16 02:00:00,282.7709525045052
2030-05-16 03:00:00,281.64003608915607
2030-05-16 04:00:00,280.53896166935647
2030-05-16 05:00:00,279.466754103942
2030-05-16 06:00:00,278.7749040304462
2030-05-16 07:00:00,278.74189145844224
2030-05-16 08:00:00,279.33853231010386
2030-05-16 09:00:00,280.4935580987742
2030-05-16 10:00:00,282.098286727819
2030-05-16 11:00:00,284.01391277427143
2030-05-16 12:00:00,286.08094123819706
2030-05-16 13:00:00,288.1301205530917
2030-05-16 14:00:00,289.9941052118331
2030-05-16 15:00:00,291.51901009035885
2030-05-16 16:00:00,292.5750179910042
2030-05-16 17:00:00,293.06527291853996
2030-05-16 18:00:00,292.93242896473805
2030-05-16 19:00:00,292.1624137404092
2030-05-16 20:00:00,290.7851841225157
2030-05-16 21:00:00,289.4370584615755
2030-05-16 22:00:00,288.12618694219634
2030-05-16 23:00:00,286.85125893772255
2030-05-17 00:00:00,285.6110253882424
2030-05-17 01:00:00,284.40076314596104
2030-05-17 02:00:00,283.2245986312327
2030-05-17 03:00:00,282.0813525962792
2030-05-17 04:00:00,280.96989892423426
2030-05-17 05:00:00,279.8891615208409
2030-05-17 06:00:00,279.20119189083607
2030-05-17 07:00:00,279.17200940905735
2030-05-17 08:00:00,279.7715158520507
2030-05-17 09:00:00,280.927655676304
2030-05-17 10:00:00,282.53113782847635
2030-05-17 11:00:00,284.4427659736351
2030-05-17 12:00:00,286.50289788761995
2030-05-17 13:00:00,288.5423874309599
2030-05-17 14:00:00,290.3942382561461
2030-05-17 15:00:00,291.9051315577702
2030-05-17 16:00:00,292.945991166496
2030-05-17 17:00:00,293.42082175232275
2030-05-17 18:00:00,293.2731944301285
2030-05-17 19:00:00,292.4899437830397
2030-05-17 20:00:00,291.1018592056221
2030-05-17 21:00:00,289.73398049569374
2030-05-17 22:00:00,288.40582017046944
2030-05-17 23:00:00,287.11593553242955
2030-05-18 00:00:00,285.86295308472666
2030-05-18 01:00:00,284.6444901684953
2030-05-18 02:00:00,283.46086040287315
2030-05-18 03:00:00,282.3108461898917
2030-05-18 04:00:00,281.1932852168829
2030-05-18 05:00:00,280.10706719929277
2030-05-18 06:00:00,279.4246155206077
2030-05-18 07:00:00,279.4001651035089
2030-05-18 08:00:00,280.00338802401853
2030-05-18 09:00:00,281.16207745476424
2030-05-18 10:00:00,282.7668795803064
2030-05-18 11:00:00,284.6786281269517
2030-05-18 12:00:00,286.7378017880303
2030-05-18 13:00:00,288.7754579128082
2030-05-18 14:00:00,290.6248720271244
2030-05-18 15:00:00,292.13304639497835
2030-05-18 16:00:00,293.1712522728999
2030-05-18 17:00:00,293.64384332837454
2030-05-18 18:00:00,293.49471641714683
2030-05-18 19:00:00,292.71098563308124
2030-05-18 20:00:00,291.3236542254608
2030-05-18 21:00:00,289.94618405038557
2030-05-18 22:00:00,288.60927610262416
2030-05-18 23:00:00,287.31144221675873
2030-05-19 00:00:00,286.05126613253975
2030-05-19 01:00:00,284.82036963347764
2030-05-19 02:00:00,283.62753254673675
2030-05-19 03:00:00,282.4713522573611
2030-05-19 04:00:00,281.35049191928044
2030-05-19 05:00:00,280.26367647845944
2030-05-19 06:00:00,279.5933218998268
2030-05-19 07:00:00,279.5812915965532
2030-05-19 08:00:00,280.19573364700443
2030-05-19 09:00:00,281.3630905038324
2030-05-19 10:00:00,282.972919062567
2030-05-19 11:00:00,284.8852971759329
2030-05-19 12:00:00,286.9403310974146
2030-05-19 13:00:00,288.96911278729556
2030-05-19 14:00:00,290.80535412682536
2030-05-19 15:00:00,292.2968610728314
2030-05-19 16:00:00,293.316014780289
2030-05-19 17:00:00,293.7685019729905
2030-05-19 18:00:00,293.59967751172655
2030-05-19 19:00:00,292.7981329773557
2030-05-19 20:00:00,291.39626397237504
2030-05-19 21:00:00,289.99730423615694
2030-05-19 22:00:00,288.64277645780516
2030-05-19 23:00:00,287.33096744473386
2030-05-20 00:00:00,286.0602493633156
2030-05-20 01:00:00,284.838754563639
2030-05-20 02:00:00,283.6511672015368
2030-05-20 03:00:00,282.4963225525929
2030-05-20 04:00:00,281.3731083190236
2030-05-20 05:00:00,280.28046156146854
2030-05-20 06:00:00,279.6108874255459
2030-05-20 07:00:00,279.59660841233966
2030-05-20 08:00:00,280.20795154102143
2030-05-20 09:00:00,281.3734388885931
2030-05-20 10:00:00,282.9844733415179
2030-05-20 11:00:00,284.9026241886067
2030-05-20 12:00:00,286.96903640151913
2030-05-20 13:00:00,289.0153206159463
2030-05-20 14:00:00,290.8751567703373
2030-05-20 15:00:00,292.3957774031651
2030-05-20 16:00:00,293.4484971555206
2030-05-20 17:00:00,293.9375267454768
2030-05-20 18:00:00,293.8064472473018
2030-05-20 19:00:00,293.04190917916765
2030-05-20 20:00:00,291.6743387850107
2030-05-20 21:00:00,290.29394827995696
2030-05-20 22:00:00,288.95309804194426
2030-05-20 23:00:00,287.6503594165047
2030-05-21 00:00:00,286.38437228571587
2030-05-21 01:00:00,285.1515623122482
2030-05-21 02:00:00,283.9538655085203
2030-05-21 03:00:00,282.79005387720645
2030-05-21 04:00:00,281.6589553831374
2030-05-21 05:00:00,280.55945064154537
2030-05-21 06:00:00,279.8936169690164
2030-05-21 07:00:00,279.882578727462
2030-05-21 08:00:00,280.49622448429574
2030-05-21 09:00:00,281.6627288517567
2030-05-21 10:00:00,283.2732608800817
2030-05-21 11:00:00,285.189285031841
2030-05-21 12:00:00,287.25197726039676
2030-05-21 13:00:00,289.293112423285
2030-05-21 14:00:00,291.1466558802322
2030-05-21 15:00:00,292.6602259373143
2030-05-21 16:00:00,293.7055951289811
2030-05-21 17:00:00,294.18747074482735
2030-05-21 18:00:00,294.0499330672836
2030-05-21 19:00:00,293.280098658501
2030-05-21 20:00:00,291.90879379654274
2030-05-21 21:00:00,290.5156588790122
2030-05-21 22:00:00,289.16341903367083
2030-05-21 23:00:00,287.85057212090544
2030-05-22 00:00:00,286.5756888796695
2030-05-22 01:00:00,285.32156477229955
2030-05-22 02:00:00,284.1087534692679
2030-05-22 03:00:00,282.9356595486194
2030-05-22 04:00:00,281.8007648164425
2030-05-22 05:00:00,280.7026235136818
2030-05-22 06:00:00,280.05236398262747
2030-05-22 07:00:00,280.05850510712037
2030-05-22 08:00:00,280.6879847831908
2030-05-22 09:00:00,281.86630849379605
2030-05-22 10:00:00,283.4824310586773
2030-05-22 11:00:00,285.396203189473
2030-05-22 12:00:00,287.44789376027995
2030-05-22 13:00:00,289.4691348283245
2030-05-22 14:00:00,291.2945165762254
2030-05-22 15:00:00,292.7729975642048
2030-05-22 16:00:00,293.77830187877856
2030-05-22 17:00:00,294.2175518906981
2030-05-22 18:00:00,294.0375272428793
2030-05-22 19:00:00,293.2281319456467
2030-05-22 20:00:00,291.8228698373911
2030-05-22 21:00:00,290.3931730457673
2030-05-22 22:00:00,289.01175513411545
2030-05-22 23:00:00,287.6766704863743
2030-05-23 00:00:00,286.3860733904779
2030-05-23 01:00:00,285.1496982869939
2030-05-23 02:00:00,283.9498218841161
2030-05-23 03:00:00,282.785137865131
2030-05-23 04:00:00,281.65440024898044
2030-05-23 05:00:00,280.55641978051045
2030-05-23 06:00:00,279.9116556983552
2030-05-23 07:00:00,279.9200701291158
2030-05-23 08:00:00,280.5509504069346
2030-05-23 09:00:00,281.73202693576474
2030-05-23 10:00:00,283.35421245856054
2030-05-23 11:00:00,285.27892153949136
2030-05-23 12:00:00,287.3474910525684
2030-05-23 13:00:00,289.3920571590468
2030-05-23 14:00:00,291.2471220124113
2030-05-23 15:00:00,292.7609784472177
2030-05-23 16:00:00,293.8061633835826
2030-05-23 17:00:00,294.2881840232562
2030-05-23 18:00:00,294.1518995364129
2030-05-23 19:00:00,293.38512991441905
2030-05-23 20:00:00,292.01928106627776
2030-05-23 21:00:00,290.6135225118538
2030-05-23 22:00:00,289.2505134284303
2030-05-23 23:00:00,287.92864691572026
2030-05-24 00:00:00,286.6463951852747
2030-05-24 01:00:00,285.39877059940807
2030-05-24 02:00:00,284.18923595177654
2030-05-24 03:00:00,283.0163952801648
2030-05-24 04:00:00,281.8789181155356
2030-05-24 05:00:00,280.775535511485
2030-05-24 06:00:00,280.1354472694448
2030-05-24 07:00:00,280.14821782594106
2030-05-24 08:00:00,280.7825049159353
2030-05-24 09:00:00,281.9655129324494
2030-05-24 10:00:00,283.58776646398815
2030-05-24 11:00:00,285.51045532082196
2030-05-24 12:00:00,287.57486971280764
2030-05-24 13:00:00,289.61327961751834
2030-05-24 14:00:00,291.46049102994425
2030-05-24 15:00:00,292.9652478502352
2030-05-24 16:00:00,294.00065173649574
2030-05-24 17:00:00,294.4728465906249
2030-05-24 18:00:00,294.32735370935967
2030-05-24 19:00:00,293.55263296946396
2030-05-24 20:00:00,292.1806627510908
2030-05-24 21:00:00,290.76107841300364
2030-05-24 22:00:00,289.38607563225713
2030-05-24 23:00:00,288.0539415563123
2030-05-25 00:00:00,286.7630488812135
2030-05-25 01:00:00,285.51566134994636
2030-05-25 02:00:00,284.3051161761877
2030-05-25 03:00:00,283.1300916619761
2030-05-25 04:00:00,281.989327387681
2030-05-25 05:00:00,280.88162053037024
2030-05-25 06:00:00,280.2447727135967
2030-05-25 07:00:00,280.25924365891024
2030-05-25 08:00:00,280.89440115422116
2030-05-25 09:00:00,282.07816165148813
2030-05-25 10:00:00,283.70171797351367
2030-05-25 11:00:00,285.6268406541587
2030-05-25 12:00:00,287.6952748893348
2030-05-25 13:00:00,289.7395901774135
2030-05-25 14:00:00,291.59471779421744
2030-05-25 15:00:00,293.10934644181367
2030-05-25 16:00:00,294.15634890038854
2030-05-25 17:00:00,294.6414856920979
2030-05-25 18:00:00,294.5097700511913
2030-05-25 19:00:00,293.7490669951093
2030-05-25 20:00:00,292.3907161408195
2030-05-25 21:00:00,290.9740175811949
2030-05-25 22:00:00,289.60042423178237
2030-05-25 23:00:00,288.26831211168417
2030-05-26 00:00:00,286.976137476767
2030-05-26 01:00:00,285.72867351035586
2030-05-26 02:00:00,284.51613778685925
2030-05-26 03:00:00,283.3373178710109
2030-05-26 04:00:00,282.19105655198666
2030-05-26 05:00:00,281.0762485719814
2030-05-26 06:00:00,280.4390476829856
2030-05-26 07:00:00,280.45140404039023
2030-05-26 08:00:00,281.0837513039173
2030-05-26 09:00:00,282.26504907445553
2030-05-26 10:00:00,283.8874426443048
2030-05-26 11:00:00,285.81350137943645
2030-05-26 12:00:00,287.88556254192406
2030-05-26 13:00:00,289.93654191695373
2030-05-26 14:00:00,291.80144967990594
2030-05-26 15:00:00,293.3287837385687
2030-05-26 16:00:00,294.3909736075155
2030-05-26 17:00:00,294.8931193105199
2030-05-26 18:00:00,294.77940652577854
2030-05-26 19:00:00,294.03676652968994
2030-05-26 20:00:00,292.69556574020595
2030-05-26 21:00:00,291.2847689384629
2030-05-26 22:00:00,289.9147542806675
2030-05-26 23:00:00,288.5840316419646
2030-05-27 00:00:00,287.29118328594154
2030-05-27 01:00:00,286.0298330053734
2030-05-27 02:00:00,284.80533862507605
2030-05-27 03:00:00,283.6163834665511
2030-05-27 04:00:00,282.4617119538587
2030-05-27 05:00:00,281.3401259341542
2030-05-27 06:00:00,280.705668654999
2030-05-27 07:00:00,280.7206929377141
2030-05-27 08:00:00,281.3548622490272
2030-05-27 09:00:00,282.53647440466443
2030-05-27 10:00:00,284.1571643646315
2030-05-27 11:00:00,286.0791761779258
2030-05-27 12:00:00,288.14472814467854
2030-05-27 13:00:00,290.1868305736223
2030-05-27 14:00:00,292.0407936066119
2030-05-27 15:00:00,293.55559761167416
2030-05-27 16:00:00,294.6043007857113
2030-05-27 17:00:00,295.092731279347
2030-05-27 18:00:00,294.96584882997945
2030-05-27 19:00:00,294.2113487482831
2030-05-27 20:00:00,292.8602973598071
2030-05-27 21:00:00,291.43316789263616
2030-05-27 22:00:00,290.0490010043439
2030-05-27 23:00:00,288.7061851250789
2030-05-28 00:00:00,287.40318831023336
2030-05-28 01:00:00,286.14076764658336
2030-05-28 02:00:00,284.914621515256
2030-05-28 03:00:00,283.72346705625756
2030-05-28 04:00:00,282.5660806344306
2030-05-28 05:00:00,281.44129428736085
2030-05-28 06:00:00,280.8108716624548
2030-05-28 07:00:00,280.8287602968113
2030-05-28 08:00:00,281.46498698198377
2030-05-28 09:00:00,282.6482371895201
2030-05-28 10:00:00,284.27053301117564
2030-05-28 11:00:00,286.19447983291
2030-05-28 12:00:00,288.2626076820255
2030-05-28 13:00:00,290.3081684587527
2030-05-28 14:00:00,292.1666281445388
2030-05-28 15:00:00,293.687027725887
2030-05-28 16:00:00,294.74238818891536
2030-05-28 17:00:00,295.2384070065657
2030-05-28 18:00:00,295.1198306098456
2030-05-28 19:00:00,294.3740746769873
2030-05-28 20:00:00,293.0318799693319
2030-05-28 21:00:00,291.6046079659599
2030-05-28 22:00:00,290.21962525678634
2030-05-28 23:00:00,288.8753599464113
2030-05-29 00:00:00,287.57031744693626
2030-05-29 01:00:00,286.26872616494967
2030-05-29 02:00:00,285.0143478127664
2030-05-29 03:00:00,283.80521684464685
2030-05-29 04:00:00,282.6394681398195
2030-05-29 05:00:00,281.5153304885616
2030-05-29 06:00:00,280.9014034062465
2030-05-29 07:00:00,280.9392232360082
2030-05-29 08:00:00,281.5938290809371
2030-05-29 09:00:00,282.78936401205027
2030-05-29 10:00:00,284.41404656030227
2030-05-29 11:00:00,286.3276660282103
2030-05-29 12:00:00,288.371107745133
2030-05-29 13:00:00,290.37725365069826
2030-05-29 14:00:00,292.18248734356376
2030-05-29 15:00:00,293.63797476505
2030-05-29 16:00:00,294.6199014796551
2030-05-29 17:00:00,295.0379275002828
2030-05-29 18:00:00,294.8412641541127
2030-05-29 19:00:00,294.02196886423013
2030-05-29 20:00:00,292.6152707172905
2030-05-29 21:00:00,291.1281113164517
2030-05-29 22:00:00,289.6960836729435
2030-05-29 23:00:00,288.3168028020802
2030-05-30 00:00:00,286.98801251621
2030-05-30 01:00:00,285.7237145801995
2030-05-30 02:00:00,284.50004791921356
2030-05-30 03:00:00,283.3154674463535
2030-05-30 04:00:00,282.16850235730374
2030-05-30 05:00:00,281.05775153551093
2030-05-30 06:00:00,280.4592747050275
2030-05-30 07:00:00,280.50883176402664
2030-05-30 08:00:00,281.174273576576
2030-05-30 09:00:00,282.38236682086495
2030-05-30 10:00:00,284.0235998929443
2030-05-30 11:00:00,285.95953329987253
2030-05-30 12:00:00,288.03221204327053
2030-05-30 13:00:00,290.0749949015148
2030-05-30 14:00:00,291.92403631176376
2030-05-30 15:00:00,293.4295946858843
2030-05-30 16:00:00,294.4663463213899
2030-05-30 17:00:00,294.9419595939744
2030-05-30 18:00:00,294.8033238802451
2030-05-30 19:00:00,294.04001651755925
2030-05-30 20:00:00,292.684807171601
2030-05-30 21:00:00,291.23425198167183
2030-05-30 22:00:00,289.83162258370527
2030-05-30 23:00:00,288.4750087052951
2030-05-31 00:00:00,287.16259797889313
2030-05-31 01:00:00,285.8842150602768
2030-05-31 02:00:00,284.64954635266884
2030-05-31 03:00:00,283.45685288720983
2030-05-31 04:00:00,282.30448176761945
2030-05-31 05:00:00,281.1908607252278
2030-05-31 06:00:00,280.59870748904035
2030-05-31 07:00:00,280.6549257754749
2030-05-31 08:00:00,281.3260386680679
2030-05-31 09:00:00,282.5376388868761
2030-05-31 10:00:00,284.17927075020356
2030-05-31 11:00:00,286.11184236704037
2030-05-31 12:00:00,288.17708055453846
2030-05-31 13:00:00,290.2083795948544
2030-05-31 14:00:00,292.04227743110795
2030-05-31 15:00:00,293.52973309672734
2030-05-31 16:00:00,294.54638672417366
2030-05-31 17:00:00,295.00106110185914
2030-05-31 18:00:00,294.8419051605576
2030-05-31 19:00:00,294.05976957219514
2030-05-31 20:00:00,292.68862082955684
2030-05-31 21:00:00,291.2182612414556
2030-05-31 22:00:00,289.7994666634663
2030-05-31 23:00:00,288.43009400543946
2030-06-01 00:00:00,287.1081129781169
2030-06-01 01:00:00,285.8172471422231
2030-06-01 02:00:00,284.57501950122185
2030-06-01 03:00:00,283.3793499238884
2030-06-01 04:00:00,282.2282661510552
2030-06-01 05:00:00,281.1198967412817
2030-06-01 06:00:00,280.54320185421375
2030-06-01 07:00:00,280.6157177848749
2030-06-01 08:00:00,281.30169078149436
2030-06-01 09:00:00,282.5246764638716
2030-06-01 10:00:00,284.1725536088409
2030-06-01 11:00:00,286.10504523317405
2030-06-01 12:00:00,288.16325066426907
2030-06-01 13:00:00,290.18053293839387
2030-06-01 14:00:00,291.9939912109559
2030-06-01 15:00:00,293.4556915523424
2030-06-01 16:00:00,294.4428408310113
2030-06-01 17:00:00,294.86616957574194
2030-06-01 18:00:00,294.67593394447186
2030-06-01 19:00:00,293.8651383749458
2030-06-01 20:00:00,292.4697969606874
2030-06-01 21:00:00,290.9740521079023
2030-06-01 22:00:00,289.53593097859476
2030-06-01 23:00:00,288.1528696526805
2030-06-02 00:00:00,286.8224451662404
2030-06-02 01:00:00,285.548589682242
2030-06-02 02:00:00,284.32060152519284
2030-06-02 03:00:00,283.1365879698787
2030-06-02 04:00:00,281.9947519926872
2030-06-02 05:00:00,280.8933861337961
2030-06-02 06:00:00,280.32782846405854
2030-06-02 07:00:00,280.4095028888352
2030-06-02 08:00:00,281.10381616490673
2030-06-02 09:00:00,282.33542369943376
2030-06-02 10:00:00,283.99317497250826
2030-06-02 11:00:00,285.93757354975315
2030-06-02 12:00:00,288.01026013792415
2030-06-02 13:00:00,290.04486711101936
2030-06-02 14:00:00,291.878477137986
2030-06-02 15:00:00,293.3628606866805
2030-06-02 16:00:00,294.3746767047531
2030-06-02 17:00:00,294.82390014005676
2030-06-02 18:00:00,294.65988261784634
2030-06-02 19:00:00,293.8746429517182
2030-06-02 20:00:00,292.503200177912
2030-06-02 21:00:00,291.0216382247403
2030-06-02 22:00:00,289.5947510159648
2030-06-02 23:00:00,288.2201824398046
2030-06-03 00:00:00,286.89570321725773
2030-06-03 01:00:00,285.6138471015935
2030-06-03 02:00:00,284.3799224412121
2030-06-03 03:00:00,283.191893149194
2030-06-03 04:00:00,282.0478281150234
2030-06-03 05:00:00,280.94589437564974
2030-06-03 06:00:00,280.38723597445903
2030-06-03 07:00:00,280.4757374763794
2030-06-03 08:00:00,281.1759246317656
2030-06-03 09:00:00,282.41169028397337
2030-06-03 10:00:00,284.07128918165796
2030-06-03 11:00:00,286.01483684162474
2030-06-03 12:00:00,288.08381770881465
2030-06-03 13:00:00,290.11194872993815
2030-06-03 14:00:00,291.9366298615728
2030-06-03 15:00:00,293.41015659837154
2030-06-03 16:00:00,294.40988062768736
2030-06-03 17:00:00,294.84658544836304
2030-06-03 18:00:00,294.67048748036274
2030-06-03 19:00:00,293.8744640887191
2030-06-03 20:00:00,292.4943259393883
2030-06-03 21:00:00,291.0000415917281
2030-06-03 22:00:00,289.56295181225454
2030-06-03 23:00:00,288.1805239642719
2030-06-04 00:00:00,286.8503642201045
2030-06-04 01:00:00,285.57388844397207
2030-06-04 02:00:00,284.34391416103796
2030-06-04 03:00:00,283.158505268342
2030-06-04 04:00:00,282.0158241462695
2030-06-04 05:00:00,280.914125314419
2030-06-04 06:00:00,280.3602552219436
2030-06-04 07:00:00,280.4522631639717
2030-06-04 08:00:00,281.15535291846277
2030-06-04 09:00:00,282.3940746364597
2030-06-04 10:00:00,284.0572783524283
2030-06-04 11:00:00,286.00557491723055
2030-06-04 12:00:00,288.0808125289817
2030-06-04 13:00:00,290.1169175613635
2030-06-04 14:00:00,291.9513331666816
2030-06-04 15:00:00,293.4362318210744
2030-06-04 16:00:00,294.44868795887936
2030-06-04 17:00:00,294.89907649719134
2030-06-04 18:00:00,294.73710578401307
2030-06-04 19:00:00,293.9550837091038
2030-06-04 20:00:00,292.58823137259077
2030-06-04 21:00:00,291.09950594126906
2030-06-04 22:00:00,289.6663628229115
2030-06-04 23:00:00,288.2863851631539
2030-06-05 00:00:00,286.95728704847124
2030-06-05 01:00:00,285.7009457774884
2030-06-05 02:00:00,284.48276316152453
2030-06-05 03:00:00,283.30134330986147
2030-06-05 04:00:00,282.155355880574
2030-06-05 05:00:00,281.0435320995696
2030-06-05 06:00:00,280.47848207649025
2030-06-05 07:00:00,280.5557386017719
2030-06-05 08:00:00,281.24453253065116
2030-06-05 09:00:00,282.47315202615346
2030-06-05 10:00:00,284.1336534542539
2030-06-05 11:00:00,286.08911160537036
2030-06-05 12:00:00,288.18293402973376
2030-06-05 13:00:00,290.2496018561873
2030-06-05 14:00:00,292.1260797312124
2030-06-05 15:00:00,293.66307440140895
2030-06-05 16:00:00,294.7353249057943
2030-06-05 17:00:00,295.25018055572104
2030-06-05 18:00:00,295.1538602131706
2030-06-05 19:00:00,294.4349730499926
2030-06-05 20:00:00,293.12509539175875
2030-06-05 21:00:00,291.67774851096675
2030-06-05 22:00:00,290.27577870552545
2030-06-05 23:00:00,288.9174360996063
2030-06-06 00:00:00,287.60105889420845
2030-06-06 01:00:00,286.3275870809739
2030-06-06 02:00:00,285.0922248713325
2030-06-06 03:00:00,283.8935871611077
2030-06-06 04:00:00,282.7303539059294
2030-06-06 05:00:00,281.6012661611015
2030-06-06 06:00:00,281.023951688487
2030-06-06 07:00:00,281.088519883217
2030-06-06 08:00:00,281.7645211989351
2030-06-06 09:00:00,282.9805779777066
2030-06-06 10:00:00,284.6290718331377
2030-06-06 11:00:00,286.573370784395
2030-06-06 12:00:00,288.65712269928434
2030-06-06 13:00:00,290.7149790212286
2030-06-06 14:00:00,292.5839927144156
2030-06-06 15:00:00,294.1148708233675
2030-06-06 16:00:00,295.182264985798
2030-06-06 17:00:00,295.69335592687696
2030-06-06 18:00:00,295.59412481381537
2030-06-06 19:00:00,294.87289063548803
2030-06-06 20:00:00,293.56090693852025
2030-06-06 21:00:00,292.10561180541526
2030-06-06 22:00:00,290.69524965473244
2030-06-06 23:00:00,289.32810112116744
2030-06-07 00:00:00,288.00253317966605
2030-06-07 01:00:00,286.7138414087245
2030-06-07 02:00:00,285.46460730767325
2030-06-07 03:00:00,284.2533718082675
2030-06-07 04:00:00,283.07874525970107
2030-06-07 05:00:00,281.93940315412294
2030-06-07 06:00:00,281.35761074885755
2030-06-07 07:00:00,281.41773888318437
2030-06-07 08:00:00,282.0889086438523
2030-06-07 09:00:00,283.29938042858754
2030-06-07 10:00:00,284.9412641095815
2030-06-07 11:00:00,286.8777633232988
2030-06-07 12:00:00,288.9524790352076
2030-06-07 13:00:00,291.00013536192097
2030-06-07 14:00:00,292.85797115871634
2030-06-07 15:00:00,294.3769780256753
2030-06-07 16:00:00,295.4321690616247
2030-06-07 17:00:00,295.93113606822607
2030-06-07 18:00:00,295.82029027990467
2030-06-07 19:00:00,295.08836825002686
2030-06-07 20:00:00,293.7669986650249
2030-06-07 21:00:00,292.29852772932276
2030-06-07 22:00:00,290.87637027704227
2030-06-07 23:00:00,289.4987274685949
2030-06-08 00:00:00,288.16389174249684
2030-06-08 01:00:00,286.8814415422616
2030-06-08 02:00:00,285.6355097608934
2030-06-08 03:00:00,284.4248068947334
2030-06-08 04:00:00,283.2481032022253
2030-06-08 05:00:00,282.1042251015241
2030-06-08 06:00:00,281.51996898262314
2030-06-08 07:00:00,281.5759955357898
2030-06-08 08:00:00,282.242855863462
2030-06-08 09:00:00,283.4501664648542
2030-06-08 10:00:00,285.0912306613362
2030-06-08 11:00:00,287.0302037274656
2030-06-08 12:00:00,289.1113330408498
2030-06-08 13:00:00,291.1696414704838
2030-06-08 14:00:00,293.04230124211693
2030-06-08 15:00:00,294.57988066588416
2030-06-08 16:00:00,295.6566474848441
2030-06-08 17:00:00,296.17918365529437
2030-06-08 18:00:00,296.0927017402377
2030-06-08 19:00:00,295.3846382693052
2030-06-08 20:00:00,294.0853129703635
2030-06-08 21:00:00,292.6308003355788
2030-06-08 22:00:00,291.21908435865487
2030-06-08 23:00:00,289.8485722016707
2030-06-09 00:00:00,288.5177498868882
2030-06-09 01:00:00,287.22465053151234
2030-06-09 02:00:00,285.9685680906879
2030-06-09 03:00:00,284.74818856466624
2030-06-09 04:00:00,283.56225917217796
2030-06-09 05:00:00,282.40958464077437
2030-06-09 06:00:00,281.8210171270975
2030-06-09 07:00:00,281.8725070492779
2030-06-09 08:00:00,282.5345288542245
2030-06-09 09:00:00,283.73665854647606
2030-06-09 10:00:00,285.3721970931468
2030-06-09 11:00:00,287.30533507641127
2030-06-09 12:00:00,289.3803898973819
2030-06-09 13:00:00,291.43248388265386
2030-06-09 14:00:00,293.2989108184755
2030-06-09 15:00:00,294.8303737462389
2030-06-09 16:00:00,295.90127837938996
2030-06-09 17:00:00,296.41833767324175
2030-06-09 18:00:00,296.3268785080555
2030-06-09 19:00:00,295.6144265957149
2030-06-09 20:00:00,294.3113591659837
2030-06-09 21:00:00,292.84908426673564
2030-06-09 22:00:00,291.430027866958
2030-06-09 23:00:00,290.0525749940494
2030-06-10 00:00:00,288.7151909274443
2030-06-10 01:00:00,287.40551070918053
2030-06-10 02:00:00,286.1358606460111
2030-06-10 03:00:00,284.9047567709511
2030-06-10 04:00:00,283.7107861415191
2030-06-10 05:00:00,282.55260243569217
2030-06-10 06:00:00,281.9646775457232
2030-06-10 07:00:00,282.01753071222817
2030-06-10 08:00:00,282.68038717155935
2030-06-10 09:00:00,283.88169391554624
2030-06-10 10:00:00,285.5138165541453
2030-06-10 11:00:00,287.44026555124384
2030-06-10 12:00:00,289.504978232699
2030-06-10 13:00:00,291.5430210330264
2030-06-10 14:00:00,293.3919571138228
2030-06-10 15:00:00,294.9030616708489
2030-06-10 16:00:00,295.95157084758233
2030-06-10 17:00:00,296.4452233512421
2030-06-10 18:00:00,296.33049093205
2030-06-10 19:00:00,295.5960800434312
2030-06-10 20:00:00,294.2735006959053
2030-06-10 21:00:00,292.79083797716794
2030-06-10 22:00:00,291.3548136197646
2030-06-10 23:00:00,289.96361462317566
2030-06-11 00:00:00,288.61552029487905
2030-06-11 01:00:00,287.2763272710808
2030-06-11 02:00:00,285.9858090327855
2030-06-11 03:00:00,284.74192676227386
2030-06-11 04:00:00,283.5427469027529
2030-06-11 05:00:00,282.38643424350266
2030-06-11 06:00:00,281.8104482256351
2030-06-11 07:00:00,281.8778482135884
2030-06-11 08:00:00,282.55407373732504
2030-06-11 09:00:00,283.76411840416625
2030-06-11 10:00:00,285.3974504132383
2030-06-11 11:00:00,287.3154285321767
2030-06-11 12:00:00,289.36072479612216
2030-06-11 13:00:00,291.3681063185315
2030-06-11 14:00:00,293.175813766731
2030-06-11 15:00:00,294.6367168749902
2030-06-11 16:00:00,295.628437182085
2030-06-11 17:00:00,296.0617073493648
2030-06-11 18:00:00,295.88637835683903
2030-06-11 19:00:00,295.09467505021365
2030-06-11 20:00:00,293.721515011135
2030-06-11 21:00:00,292.1940754895027
2030-06-11 22:00:00,290.7233964029542
2030-06-11 23:00:00,289.3070060342909
2030-06-12 00:00:00,287.9425675844328
2030-06-12 01:00:00,286.6275724203533
2030-06-12 02:00:00,285.3603132167045
2030-06-12 03:00:00,284.1387982447233
2030-06-12 04:00:00,282.9611379208697
2030-06-12 05:00:00,281.8255381509899
2030-06-12 06:00:00,281.27262725741065
2030-06-12 07:00:00,281.36193950986177
2030-06-12 08:00:00,282.0589777708384
2030-06-12 09:00:00,283.28881205057456
2030-06-12 10:00:00,284.94099865808283
2030-06-12 11:00:00,286.8769936204141
2030-06-12 12:00:00,288.93957175391654
2030-06-12 13:00:00,290.96360406563315
2030-06-12 14:00:00,292.7874314479574
2030-06-12 15:00:00,294.26401550391444
2030-06-12 16:00:00,295.2710571314391
2030-06-12 17:00:00,295.71935257049336
2030-06-12 18:00:00,295.5587984188815
2030-06-12 19:00:00,294.7816461482962
2030-06-12 20:00:00,293.42282102750346
2030-06-12 21:00:00,291.90588452807583
2030-06-12 22:00:00,290.44533592555086
2030-06-12 23:00:00,289.03872236560323
2030-06-13 00:00:00,287.6837245594194
2030-06-13 01:00:00,286.3705614681698
2030-06-13 02:00:00,285.1071409188385
2030-06-13 03:00:00,283.89132162399073
2030-06-13 04:00:00,282.7210742188535
2030-06-13 05:00:00,281.5944738780885
2030-06-13 06:00:00,281.05483918330657
2030-06-13 07:00:00,281.15751383413675
2030-06-13 08:00:00,281.86698522091945
2030-06-13 09:00:00,283.1074165143475
2030-06-13 10:00:00,284.76762560110177
2030-06-13 11:00:00,286.7085477567015
2030-06-13 12:00:00,288.7726894392328
2030-06-13 13:00:00,290.7949228436202
2030-06-13 14:00:00,292.61385746968546
2030-06-13 15:00:00,294.0829694303781
2030-06-13 16:00:00,295.0806807222682
2030-06-13 17:00:00,295.51866134577807
2030-06-13 18:00:00,295.34777020534455
2030-06-13 19:00:00,294.56124045316045
2030-06-13 20:00:00,293.19492941793084
2030-06-13 21:00:00,291.66997619470436
2030-06-13 22:00:00,290.2041204836614
2030-06-13 23:00:00,288.79471292915434
2030-06-14 00:00:00,287.4392511750115
2030-06-14 01:00:00,286.1531590811867
2030-06-14 02:00:00,284.9105831846381
2030-06-14 03:00:00,283.7098033512435
2030-06-14 04:00:00,282.54918439614266
2030-06-14 05:00:00,281.4271707120084
2030-06-14 06:00:00,280.8899207189639
2030-06-14 07:00:00,280.9924592576322
2030-06-14 08:00:00,281.7019520104707
2030-06-14 09:00:00,282.94502670167543
2030-06-14 10:00:00,284.6125944397252
2030-06-14 11:00:00,286.567177101395
2030-06-14 12:00:00,288.65225887074394
2030-06-14 13:00:00,290.70302029214713
2030-06-14 14:00:00,292.557696770715
2030-06-14 15:00:00,294.06874404893574
2030-06-14 16:00:00,295.1130003514191
2030-06-14 17:00:00,295.6001113257763
2030-06-14 18:00:00,295.4786234568821
2030-06-14 19:00:00,294.7393391442799
2030-06-14 20:00:00,293.4157404307824
2030-06-14 21:00:00,291.9239376469029
2030-06-14 22:00:00,290.48402785557676
2030-06-14 23:00:00,289.0938595559464
2030-06-15 00:00:00,287.75139479091763
2030-06-15 01:00:00,286.4416585199353
2030-06-15 02:00:00,285.17989614802406
2030-06-15 03:00:00,283.96409413000254
2030-06-15 04:00:00,282.79234246283517
2030-06-15 05:00:00,281.66282793212696
2030-06-15 06:00:00,281.12364127340743
2030-06-15 07:00:00,281.22557387167643
2030-06-15 08:00:00,281.9339691083638
2030-06-15 09:00:00,283.1738046054274
2030-06-15 10:00:00,284.8346191449851
2030-06-15 11:00:00,286.77792872081255
2030-06-15 12:00:00,288.8466427483954
2030-06-15 13:00:00,290.87583317900857
2030-06-15 14:00:00,292.70409499606285
2030-06-15 15:00:00,294.18467987411407
2030-06-15 16:00:00,295.19559492879694
2030-06-15 17:00:00,295.64793779625086
2030-06-15 18:00:00,295.4918811580144
2030-06-15 19:00:00,294.7199087588567
2030-06-15 20:00:00,293.3671191002015
2030-06-15 21:00:00,291.8485549890709
2030-06-15 22:00:00,290.3869678153303
2030-06-15 23:00:00,288.97986256424315
2030-06-16 00:00:00,287.624880637971
2030-06-16 01:00:00,286.3366592598409
2030-06-16 02:00:00,285.0909013543654
2030-06-16 03:00:00,283.8859580083925
2030-06-16 04:00:00,282.72026093652124
2030-06-16 05:00:00,281.59231741637836
2030-06-16 06:00:00,281.0523723446466
2030-06-16 07:00:00,281.1513997817649
2030-06-16 08:00:00,281.857161032568
2030-06-16 09:00:00,283.0968612871942
2030-06-16 10:00:00,284.7619331398119
2030-06-16 11:00:00,286.71532934385004
2030-06-16 12:00:00,288.8008455967862
2030-06-16 13:00:00,290.85383404554204
2030-06-16 14:00:00,292.71255118348284
2030-06-16 15:00:00,294.22932359956695
2030-06-16 16:00:00,295.28072126130144
2030-06-16 17:00:00,295.7760034862883
2030-06-16 18:00:00,295.6632414583181
2030-06-16 19:00:00,294.93270804686034
2030-06-16 20:00:00,293.6173391890654
2030-06-16 21:00:00,292.1280762477852
2030-06-16 22:00:00,290.68932394795877
2030-06-16 23:00:00,289.2990229948994
2030-06-17 00:00:00,287.955221734092
2030-06-17 01:00:00,286.6632375287673
2030-06-17 02:00:00,285.41203910566395
2030-06-17 03:00:00,284.20008716090837
2030-06-17 04:00:00,283.02591651061886
2030-06-17 05:00:00,281.88813148390193
2030-06-17 06:00:00,281.33860044675373
2030-06-17 07:00:00,281.42741440730924
2030-06-17 08:00:00,282.1232528530927
2030-06-17 09:00:00,283.35417953980453
2030-06-17 10:00:00,285.0123689751557
2030-06-17 11:00:00,286.9613492259582
2030-06-17 12:00:00,289.0452857812393
2030-06-17 13:00:00,291.0996704043995
2030-06-17 14:00:00,292.9626608298515
2030-06-17 15:00:00,294.4862556020433
2030-06-17 16:00:00,295.5464930708481
2030-06-17 17:00:00,296.0519375549335
2030-06-17 18:00:00,295.9498531512187
2030-06-17 19:00:00,295.2296517579998
2030-06-17 20:00:00,293.92341508029614
2030-06-17 21:00:00,292.4395283773445
2030-06-17 22:00:00,291.0038990016182
2030-06-17 23:00:00,289.6146124538876
2030-06-18 00:00:00,288.26985276644734
2030-06-18 01:00:00,286.960084749973
2030-06-18 02:00:00,285.6936690262493
2030-06-18 03:00:00,284.46891199839916
2030-06-18 04:00:00,283.284203530511
2030-06-18 05:00:00,282.13801166008113
2030-06-18 06:00:00,281.5832866643738
2030-06-18 07:00:00,281.66777913831424
2030-06-18 08:00:00,282.3591725423562
2030-06-18 09:00:00,283.58462420245223
2030-06-18 10:00:00,285.2355497248148
2030-06-18 11:00:00,287.1749148155396
2030-06-18 12:00:00,289.2465553527611
2030-06-18 13:00:00,291.28588651679576
2030-06-18 14:00:00,293.13124484537275
2030-06-18 15:00:00,294.63504697803313
2030-06-18 16:00:00,295.6739551980734
2030-06-18 17:00:00,296.15731546875054
2030-06-18 18:00:00,296.033272437566
2030-06-18 19:00:00,295.29215279376115
2030-06-18 20:00:00,293.9669217911378
2030-06-18 21:00:00,292.46535911768905
2030-06-18 22:00:00,291.0148629030527
2030-06-18 23:00:00,289.61334378127674
2030-06-19 00:00:00,288.2588220649526
2030-06-19 01:00:00,286.95092655876323
2030-06-19 02:00:00,285.68594464913645
2030-06-19 03:00:00,284.46221026144576
2030-06-19 04:00:00,283.27813910424885
2030-06-19 05:00:00,282.13222350378226
2030-06-19 06:00:00,281.57832439772943
2030-06-19 07:00:00,281.66336152711295
2030-06-19 08:00:00,282.35521275630595
2030-06-19 09:00:00,283.5812205587296
2030-06-19 10:00:00,285.23296455973616
2030-06-19 11:00:00,287.1735427015387
2030-06-19 12:00:00,289.2468827054449
2030-06-19 13:00:00,291.28844534773
2030-06-19 14:00:00,293.1365639311822
2030-06-19 15:00:00,294.64360396700573
2030-06-19 16:00:00,295.68613311832917
2030-06-19 17:00:00,296.17336673238407
2030-06-19 18:00:00,296.05329279405595
2030-06-19 19:00:00,295.3160668557818
2030-06-19 20:00:00,293.99448084311297
2030-06-19 21:00:00,292.49512652137753
2030-06-19 22:00:00,291.046341216433
2030-06-19 23:00:00,289.6460675364695
2030-06-20 00:00:00,288.2923557196196
2030-06-20 01:00:00,286.9794278328998
2030-06-20 02:00:00,285.71055973448256
2030-06-20 03:00:00,284.4840130763994
2030-06-20 04:00:00,283.29813571941094
2030-06-20 05:00:00,282.1513562445954
2030-06-20 06:00:00,281.5980407876873
2030-06-20 07:00:00,281.6839944539864
2030-06-20 08:00:00,282.37660922832094
2030-06-20 09:00:00,283.6027853455937
2030-06-20 10:00:00,285.25373245344184
2030-06-20 11:00:00,287.1922749873741
2030-06-20 12:00:00,289.26218150474136
2030-06-20 13:00:00,291.2988779556725
2030-06-20 14:00:00,293.1407883099707
2030-06-20 15:00:00,294.64048631459207
2030-06-20 16:00:00,295.6748489920251
2030-06-20 17:00:00,296.1534785379193
2030-06-20 18:00:00,296.02479841148795
2030-06-20 19:00:00,295.27941652409623
2030-06-20 20:00:00,293.9505618781991
2030-06-20 21:00:00,292.44456552207555
2030-06-20 22:00:00,290.9904683242383
2030-06-20 23:00:00,289.5861273116561
2030-06-21 00:00:00,288.2295126544229
2030-06-21 01:00:00,286.94543775137527
2030-06-21 02:00:00,285.69787916492214
2030-06-21 03:00:00,284.4855480676735
2030-06-21 04:00:00,283.30721537100584
2030-06-21 05:00:00,282.16170812316165
2030-06-21 06:00:00,281.60401030287034
2030-06-21 07:00:00,281.6828478944311
2030-06-21 08:00:00,282.3689561967327
2030-06-21 09:00:00,283.59232356887924
2030-06-21 10:00:00,285.24679123172643
2030-06-21 11:00:00,287.1971848962356
2030-06-21 12:00:00,289.2885116711862
2030-06-21 13:00:00,291.3565934358361
2030-06-21 14:00:00,293.2393875020738
2030-06-21 15:00:00,294.7881808724948
2030-06-21 16:00:00,295.8778457627536
2030-06-21 17:00:00,296.4154147257255
2030-06-21 18:00:00,296.3463683632301
2030-06-21 19:00:00,295.6582128170756
2030-06-21 20:00:00,294.38113671483745
2030-06-21 21:00:00,292.91842307337737
2030-06-21 22:00:00,291.498747981678
2030-06-21 23:00:00,290.1205070309774
2030-06-22 00:00:00,288.78217545237317
2030-06-22 01:00:00,287.45786987984286
2030-06-22 02:00:00,286.1769331905387
2030-06-22 03:00:00,284.93767961721153
2030-06-22 04:00:00,283.7385064747444
2030-06-22 05:00:00,282.577888885938
2030-06-22 06:00:00,282.0103983014852
2030-06-22 07:00:00,282.08215533361374
2030-06-22 08:00:00,282.7610787653381
2030-06-22 09:00:00,283.9745570847107
2030-06-22 10:00:00,285.61421609343137
2030-06-22 11:00:00,287.54319526147776
2030-06-22 12:00:00,289.6054548966133
2030-06-22 13:00:00,291.6364759539728
2030-06-22 14:00:00,293.47459707671516
2030-06-22 15:00:00,294.9721729922424
2030-06-22 16:00:00,296.0057443386013
2030-06-22 17:00:00,296.484484203823
2030-06-22 18:00:00,296.3563251174784
2030-06-22 19:00:00,295.6113569201289
2030-06-22 20:00:00,294.2822992502143
2030-06-22 21:00:00,292.774830654257
2030-06-22 22:00:00,291.31805708968665
2030-06-22 23:00:00,289.90991732716344
2030-06-23 00:00:00,288.5484581013351
2030-06-23 01:00:00,287.2244358965444
2030-06-23 02:00:00,285.9454875834403
2030-06-23 03:00:00,284.7098142709282
2030-06-23 04:00:00,283.51570706849486
2030-06-23 05:00:00,282.3615413119931
2030-06-23 06:00:00,281.80139092268405
2030-06-23 07:00:00,281.8810258411629
2030-06-23 08:00:00,282.5675157424208
2030-06-23 09:00:00,283.7874647757468
2030-06-23 10:00:00,285.4318308046191
2030-06-23 11:00:00,287.3632462811046
2030-06-23 12:00:00,289.4253592859634
2030-06-23 13:00:00,291.4535537009057
2030-06-23 14:00:00,293.28629125045734
2030-06-23 15:00:00,294.7762589474484
2030-06-23 16:00:00,295.80051282135554
2030-06-23 17:00:00,296.2688853674146
2030-06-23 18:00:00,296.13006372089257
2030-06-23 19:00:00,295.37493295293655
2030-06-23 20:00:00,294.0369924202757
2030-06-23 21:00:00,292.5230970590709
2030-06-23 22:00:00,291.06206709781355
2030-06-23 23:00:00,289.65169836225556
2030-06-24 00:00:00,288.2899038391691
2030-06-24 01:00:00,286.93829552355396
2030-06-24 02:00:00,285.64194458057915
2030-06-24 03:00:00,284.39831981279633
2030-06-24 04:00:00,283.20502854622026
2030-06-24 05:00:00,282.0598071582608
2030-06-24 06:00:00,281.5154055741421
2030-06-24 07:00:00,281.6140682656522
2030-06-24 08:00:00,282.31835795823804
2030-06-24 09:00:00,283.5507668768916
2030-06-24 10:00:00,285.1987999566819
2030-06-24 11:00:00,287.1225196184405
2030-06-24 12:00:00,289.1640527101838
2030-06-24 13:00:00,291.1584043238206
2030-06-24 14:00:00,292.94481233360443
2030-06-24 15:00:00,294.3778239912775
2030-06-24 16:00:00,295.33729059720537
2030-06-24 17:00:00,295.7365598612218
2030-06-24 18:00:00,295.52829082092364
2030-06-24 19:00:00,294.70750706038274
2030-06-24 20:00:00,293.3117183964474
2030-06-24 21:00:00,291.752222068701
2030-06-24 22:00:00,290.25772475104145
2030-06-24 23:00:00,288.82514323930513
2030-06-25 00:00:00,287.4515722470223
2030-06-25 01:00:00,286.16766580927845
2030-06-25 02:00:00,284.9264533577841
2030-06-25 03:00:00,283.7262680552245
2030-06-25 04:00:00,282.56552475236293
2030-06-25 05:00:00,281.4427148517168
2030-06-25 06:00:00,280.9102456967505
2030-06-25 07:00:00,281.01643259653065
2030-06-25 08:00:00,281.72886299261864
2030-06-25 09:00:00,282.9745970437277
2030-06-25 10:00:00,284.6449615302192
2030-06-25 11:00:00,286.6028504062182
2030-06-25 12:00:00,288.6920521264803
2030-06-25 13:00:00,290.7479640107478
2030-06-25 14:00:00,292.6089371810387
2030-06-25 15:00:00,294.1274357197249
2030-06-25 16:00:00,295.18020023550514
2030-06-25 17:00:00,295.676681769779
2030-06-25 18:00:00,295.5651508645523
2030-06-25 19:00:00,294.8360735929668
2030-06-25 20:00:00,293.522559817338
2030-06-25 21:00:00,292.0331820385089
2030-06-25 22:00:00,290.59476827435435
2030-06-25 23:00:00,289.2052288052354
2030-06-26 00:00:00,287.8625834824588
2030-06-26 01:00:00,286.57838988908486
2030-06-26 02:00:00,285.3334352245613
2030-06-26 03:00:00,284.12627155362725
2030-06-26 04:00:00,282.9555196816042
2030-06-26 05:00:00,281.8198649306999
2030-06-26 06:00:00,281.27052619113414
2030-06-26 07:00:00,281.359050030137
2030-06-26 08:00:00,282.0547730655753
2030-06-26 09:00:00,283.28635992143575
2030-06-26 10:00:00,284.9464906796486
2030-06-26 11:00:00,286.8990704473618
2030-06-26 12:00:00,288.988488403172
2030-06-26 13:00:00,291.0502923794951
2030-06-26 14:00:00,292.92252620108883
2030-06-26 15:00:00,294.45691447498945
2030-06-26 16:00:00,295.52908316196897
2030-06-26 17:00:00,296.0470772003887
2030-06-26 18:00:00,295.95757304590995
2030-06-26 19:00:00,295.24936952562837
2030-06-26 20:00:00,293.9539534419365
2030-06-26 21:00:00,292.4800119032206
2030-06-26 22:00:00,291.052540576728
2030-06-26 23:00:00,289.66973322487905
2030-06-27 00:00:00,288.32987540183257
2030-06-27 01:00:00,287.02705274524317
2030-06-27 02:00:00,285.7651807371574
2030-06-27 03:00:00,284.5427154956869
2030-06-27 04:00:00,283.3581876066227
2030-06-27 05:00:00,282.21019748262097
2030-06-27 06:00:00,281.6481912498014
2030-06-27 07:00:00,281.72508990117365
2030-06-27 08:00:00,282.40964421270706
2030-06-27 09:00:00,283.6299683876113
2030-06-27 10:00:00,285.2782616176524
2030-06-27 11:00:00,287.2180478174392
2030-06-27 12:00:00,289.29345857184876
2030-06-27 13:00:00,291.3399233416482
2030-06-27 14:00:00,293.19551268640305
2030-06-27 15:00:00,294.71211850941614
2030-06-27 16:00:00,295.7656598845802
2030-06-27 17:00:00,296.2645769175323
2030-06-27 18:00:00,296.1560125214789
2030-06-27 19:00:00,295.4292681036787
2030-06-27 20:00:00,294.11633243554354
2030-06-27 21:00:00,292.62831097936356
2030-06-27 22:00:00,291.18843842137187
2030-06-27 23:00:00,289.7948091864462
2030-06-28 00:00:00,288.4456157294209
2030-06-28 01:00:00,287.1658161940614
2030-06-28 02:00:00,285.92000076857045
2030-06-28 03:00:00,284.7070172108168
2030-06-28 04:00:00,283.52576552860074
2030-06-28 05:00:00,282.375194889001
2030-06-28 06:00:00,281.8030671633842
2030-06-28 07:00:00,281.86758052225736
2030-06-28 08:00:00,282.54065330748693
2030-06-28 09:00:00,283.75332260294863
2030-06-28 10:00:00,285.4002735666588
2030-06-28 11:00:00,287.34691350568175
2030-06-28 12:00:00,289.4385288027409
2030-06-28 13:00:00,291.5108993988244
2030-06-28 14:00:00,293.4016236056216
2030-06-28 15:00:00,294.96133961032496
2030-06-28 16:00:00,296.0640293696307
2030-06-28 17:00:00,296.6156593568187
2030-06-28 18:00:00,296.5605457799137
2030-06-28 19:00:00,295.8850152374399
2030-06-28 20:00:00,294.61814414020125
2030-06-28 21:00:00,293.17071129665965
2030-06-28 22:00:00,291.763149504286
2030-06-28 23:00:00,290.39402792108444
2030-06-29 00:00:00,289.0619851701625
2030-06-29 01:00:00,287.75236602372576
2030-06-29 02:00:00,286.4805347525422
2030-06-29 03:00:00,285.24513927848784
2030-06-29 04:00:00,284.04489102237505
2030-06-29 05:00:00,282.8785610250971
2030-06-29 06:00:00,282.2914088009808
2030-06-29 07:00:00,282.34287111710245
2030-06-29 08:00:00,283.00335464650504
2030-06-29 09:00:00,284.20247808260143
2030-06-29 10:00:00,285.8336925590895
2030-06-29 11:00:00,287.7614360407303
2030-06-29 12:00:00,289.83035357730085
2030-06-29 13:00:00,291.8759528244631
2030-06-29 14:00:00,293.7359438353243
2030-06-29 15:00:00,295.2614477898209
2030-06-29 16:00:00,296.3272610940511
2030-06-29 17:00:00,296.8404325293415
2030-06-29 18:00:00,296.7465464413341
2030-06-29 19:00:00,296.03328979424157
2030-06-29 20:00:00,294.7310938851754
2030-06-29 21:00:00,293.2546830020413
2030-06-29 22:00:00,291.82221918578153
2030-06-29 23:00:00,290.4320492780296
2030-06-30 00:00:00,289.0826027970332
2030-06-30 01:00:00,287.73236892126226
2030-06-30 02:00:00,286.42997812511027
2030-06-30 03:00:00,285.1734597855758
2030-06-30 04:00:00,283.96094420735653
2030-06-30 05:00:00,282.79065601770634
2030-06-30 06:00:00,282.20468723527773
2030-06-30 07:00:00,282.2614298803559
2030-06-30 08:00:00,282.926951213707
2030-06-30 09:00:00,284.1268543503521
2030-06-30 10:00:00,285.75115817852577
2030-06-30 11:00:00,287.66167617025303
2030-06-30 12:00:00,289.7014082431074
2030-06-30 13:00:00,291.70530055274094
2030-06-30 14:00:00,293.5116125939292
2030-06-30 15:00:00,294.97307293291703
2030-06-30 16:00:00,295.96701370853185
2030-06-30 17:00:00,296.4037522049381
2030-06-30 18:00:00,296.23262886963937
2030-06-30 19:00:00,295.4452997074282
2030-06-30 20:00:00,294.07609518042
2030-06-30 21:00:00,292.5463559011431
2030-06-30 22:00:00,291.07204214531663
2030-06-30 23:00:00,289.65078077232886
2030-07-01 00:00:00,288.2803270071252
2030-07-01 01:00:00,286.99531118600396
2030-07-01 02:00:00,285.746724741602
2030-07-01 03:00:00,284.5332840538699
2030-07-01 04:00:00,283.35376496111866
2030-07-01 05:00:00,282.20699917667247
2030-07-01 06:00:00,281.6326784739849
2030-07-01 07:00:00,281.6969343350161
2030-07-01 08:00:00,282.37047256831164
2030-07-01 09:00:00,283.58314489160125
2030-07-01 10:00:00,285.2285559265175
2030-07-01 11:00:00,287.17120909468474
2030-07-01 12:00:00,289.2557240219991
2030-07-01 13:00:00,291.3174952746932
2030-07-01 14:00:00,293.1940414589171
2030-07-01 15:00:00,294.736228902482
2030-07-01 16:00:00,295.8185553855616
2030-07-01 17:00:00,296.3477501520331
2030-07-01 18:00:00,296.2690813842074
2030-07-01 19:00:00,295.56994699950076
2030-07-01 20:00:00,294.28053767582435
2030-07-01 21:00:00,292.8218839808069
2030-07-01 22:00:00,291.40598475440646
2030-07-01 23:00:00,290.03125080929726
2030-07-02 00:00:00,288.6961716579994
2030-07-02 01:00:00,287.3436777296197
2030-07-02 02:00:00,286.0428179665827
2030-07-02 03:00:00,284.79134672916746
2030-07-02 04:00:00,283.5871372914402
2030-07-02 05:00:00,282.4281738812598
2030-07-02 06:00:00,281.85006303865606
2030-07-02 07:00:00,281.9166467814184
2030-07-02 08:00:00,282.5921382839847
2030-07-02 09:00:00,283.80040192275345
2030-07-02 10:00:00,285.42994514192657
2030-07-02 11:00:00,287.34139572579414
2030-07-02 12:00:00,289.3769708594549
2030-07-02 13:00:00,291.37128640719976
2030-07-02 14:00:00,293.16274138711617
2030-07-02 15:00:00,294.6046572042013
2030-07-02 16:00:00,295.57536298305297
2030-07-02 17:00:00,295.986499420684
2030-07-02 18:00:00,295.78895709215567
2030-07-02 19:00:00,294.97605530847494
2030-07-02 20:00:00,293.5837824211421
2030-07-02 21:00:00,292.0422268554811
2030-07-02 22:00:00,290.5607232477563
2030-07-02 23:00:00,289.1365644522504
2030-07-03 00:00:00,287.76719442505794
2030-07-03 01:00:00,286.4361681623554
2030-07-03 02:00:00,285.159678948742
2030-07-03 03:00:00,283.93522925767707
2030-07-03 04:00:00,282.76045779637553
2030-07-03 05:00:00,281.6331302397784
2030-07-03 06:00:00,281.08504458226895
2030-07-03 07:00:00,281.182462920387
2030-07-03 08:00:00,281.88773914069907
2030-07-03 09:00:00,283.1230199973508
2030-07-03 10:00:00,284.77535044190716
2030-07-03 11:00:00,286.7042487152306
2030-07-03 12:00:00,288.75124975810695
2030-07-03 13:00:00,290.75075910627817
2030-07-03 14:00:00,292.54144824646687
2030-07-03 15:00:00,293.977369789955
2030-07-03 16:00:00,294.93798564647136
2030-07-03 17:00:00,295.3363853749812
2030-07-03 18:00:00,295.1251177665306
2030-07-03 19:00:00,294.2992503642131
2030-07-03 20:00:00,292.896486871373
2030-07-03 21:00:00,291.35262945020787
2030-07-03 22:00:00,289.8732819977673
2030-07-03 23:00:00,288.4553834199891
2030-07-04 00:00:00,287.09604889959746
2030-07-04 01:00:00,285.80359489158036
2030-07-04 02:00:00,284.56048123530485
2030-07-04 03:00:00,283.3645764270922
2030-07-04 04:00:00,282.21386023703894
2030-07-04 05:00:00,281.1064163985365
2030-07-04 06:00:00,280.57042028905516
2030-07-04 07:00:00,280.678368847211
2030-07-04 08:00:00,281.39445711533295
2030-07-04 09:00:00,282.64246939801745
2030-07-04 10:00:00,284.31078351291416
2030-07-04 11:00:00,286.2598632869557
2030-07-04 12:00:00,288.33174456303766
2030-07-04 13:00:00,290.3608620308721
2030-07-04 14:00:00,292.18545077918094
2030-07-04 15:00:00,293.6587010998866
2030-07-04 16:00:00,294.6588569200049
2030-07-04 17:00:00,295.0975294157657
2030-07-04 18:00:00,294.92564103085414
2030-07-04 19:00:00,294.13660551472987
2030-07-04 20:00:00,292.76656469076084
2030-07-04 21:00:00,291.2544695711381
2030-07-04 22:00:00,289.80145419440555
2030-07-04 23:00:00,288.4048583276039
2030-07-05 00:00:00,287.0621694175184
2030-07-05 01:00:00,285.7869611050629
2030-07-05 02:00:00,284.5554229454527
2030-07-05 03:00:00,283.3658166630655
2030-07-05 04:00:00,282.21648999889084
2030-07-05 05:00:00,281.1058712726411
2030-07-05 06:00:00,280.55822617692263
2030-07-05 07:00:00,280.6532527506272
2030-07-05 08:00:00,281.3577088025369
2030-07-05 09:00:00,282.5976890893282
2030-07-05 10:00:00,284.26348018764264
2030-07-05 11:00:00,286.21692828713174
2030-07-05 12:00:00,288.30083519202515
2030-07-05 13:00:00,290.34973767567277
2030-07-05 14:00:00,292.2013087745089
2030-07-05 15:00:00,293.70756035983544
2030-07-05 16:00:00,294.7450339397856
2030-07-05 17:00:00,295.22324379102776
2030-07-05 18:00:00,295.09077695938754
2030-07-05 19:00:00,294.3386431334529
2030-07-05 20:00:00,293.0006820814123
2030-07-05 21:00:00,291.51867084445286
2030-07-05 22:00:00,290.0888059071954
2030-07-05 23:00:00,288.70891175130726
2030-07-06 00:00:00,287.3769278555697
2030-07-06 01:00:00,286.0964342972339
2030-07-06 02:00:00,284.8582362547244
2030-07-06 03:00:00,283.66069090454164
2030-07-06 04:00:00,282.50223564006956
2030-07-06 05:00:00,281.38138304318267
2030-07-06 06:00:00,280.81793390063274
2030-07-06 07:00:00,280.89746814171554
2030-07-06 08:00:00,281.5875106093203
2030-07-06 09:00:00,282.8148303296173
2030-07-06 10:00:00,284.4702497943124
2030-07-06 11:00:00,286.41597596682794
2030-07-06 12:00:00,288.49497131302314
2030-07-06 13:00:00,290.5417222154301
2030-07-06 14:00:00,292.39364450308784
2030-07-06 15:00:00,293.90230532142436
2030-07-06 16:00:00,294.943646859773
2030-07-06 17:00:00,295.4264733890251
2030-07-06 18:00:00,295.29860257538485
2030-07-06 19:00:00,294.55026999732297
2030-07-06 20:00:00,293.2145904470954
2030-07-06 21:00:00,291.73793625817194
2030-07-06 22:00:00,290.3114256866244
2030-07-06 23:00:00,288.9330165940197
2030-07-07 00:00:00,287.6007732656884
2030-07-07 01:00:00,286.3096661088196
2030-07-07 02:00:00,285.0621458288686
2030-07-07 03:00:00,283.85649100420136
2030-07-07 04:00:00,282.6910652661156
2030-07-07 05:00:00,281.56431191485086
2030-07-07 06:00:00,280.99111259905595
2030-07-07 07:00:00,281.06212699316046
2030-07-07 08:00:00,281.74436608252904
2030-07-07 09:00:00,282.96409406257567
2030-07-07 10:00:00,284.61166886990355
2030-07-07 11:00:00,286.5489024002725
2030-07-07 12:00:00,288.61845649373214
2030-07-07 13:00:00,290.65463002190774
2030-07-07 14:00:00,292.494775203259
2030-07-07 15:00:00,293.9905213887285
2030-07-07 16:00:00,295.01799162900187
2030-07-07 17:00:00,295.4862740999274
2030-07-07 18:00:00,295.34355073759144
2030-07-07 19:00:00,294.58047396844177
2030-07-07 20:00:00,293.2305973788339
2030-07-07 21:00:00,291.7462971871926
2030-07-07 22:00:00,290.3134334013539
2030-07-07 23:00:00,288.92988100458246
2030-07-08 00:00:00,287.5936267517497
2030-07-08 01:00:00,286.307260195222
2030-07-08 02:00:00,285.06305974253587
2030-07-08 03:00:00,283.8593947239602
2030-07-08 04:00:00,282.69471398783185
2030-07-08 05:00:00,281.567540916497
2030-07-08 06:00:00,280.98767040818177
2030-07-08 07:00:00,281.05219766815634
2030-07-08 08:00:00,281.728748466016
2030-07-08 09:00:00,282.9441160356323
2030-07-08 10:00:00,284.5890667706222
2030-07-08 11:00:00,286.5256732416235
2030-07-08 12:00:00,288.596692863772
2030-07-08 13:00:00,290.63634914981003
2030-07-08 14:00:00,292.48175441539
2030-07-08 15:00:00,293.98415190891694
2030-07-08 16:00:00,295.01916134925773
2030-07-08 17:00:00,295.495287654741
2030-07-08 18:00:00,295.36009219663964
2030-07-08 19:00:00,294.6036140725711
2030-07-08 20:00:00,293.25884387687165
2030-07-08 21:00:00,291.78360796250183
2030-07-08 22:00:00,290.3580575865177
2030-07-08 23:00:00,288.9801803722147
2030-07-09 00:00:00,287.64806847614057
2030-07-09 01:00:00,286.3638492825919
2030-07-09 02:00:00,285.1206491536412
2030-07-09 03:00:00,283.9169098190236
2030-07-09 04:00:00,282.75114819476516
2030-07-09 05:00:00,281.62195170770127
2030-07-09 06:00:00,281.03370737328896
2030-07-09 07:00:00,281.0901951559001
2030-07-09 08:00:00,281.7595605837283
2030-07-09 09:00:00,282.9690380359146
2030-07-09 10:00:00,284.6097269784934
2030-07-09 11:00:00,286.54390243264436
2030-07-09 12:00:00,288.6143798866486
2030-07-09 13:00:00,290.6552928821859
2030-07-09 14:00:00,292.5035226742357
2030-07-09 15:00:00,294.00995758838525
2030-07-09 16:00:00,295.0497648018691
2030-07-09 17:00:00,295.5309322589539
2030-07-09 18:00:00,295.4004773820809
2030-07-09 19:00:00,294.6479071132441
2030-07-09 20:00:00,293.3057288519145
2030-07-09 21:00:00,291.83763870695566
2030-07-09 22:00:00,290.4177619124719
2030-07-09 23:00:00,289.0441788366939
2030-07-10 00:00:00,287.71506851819015
2030-07-10 01:00:00,286.42590269080733
2030-07-10 02:00:00,285.1786925213643
2030-07-10 03:00:00,283.97182269378993
2030-07-10 04:00:00,282.8037565056008
2030-07-10 05:00:00,281.67303094556405
2030-07-10 06:00:00,281.0782132729409
2030-07-10 07:00:00,281.12927817524246
2030-07-10 08:00:00,281.7939359810248
2030-07-10 09:00:00,282.9989809561378
2030-07-10 10:00:00,284.6350951735287
2030-07-10 11:00:00,286.56418564428697
2030-07-10 12:00:00,288.62877291414526
2030-07-10 13:00:00,290.66278747565246
2030-07-10 14:00:00,292.50301183635946
2030-07-10 15:00:00,294.0003448136756
2030-07-10 16:00:00,295.03007037656846
2030-07-10 17:00:00,295.5003890488764
2030-07-10 18:00:00,295.35860951126114
2030-07-10 19:00:00,294.5945864424517
2030-07-10 20:00:00,293.2412059902416
2030-07-10 21:00:00,291.76916195570334
2030-07-10 22:00:00,290.34631896490555
2030-07-10 23:00:00,288.97069492493057
2030-07-11 00:00:00,287.6404103431859
2030-07-11 01:00:00,286.3645725099032
2030-07-11 02:00:00,285.1272484190964
2030-07-11 03:00:00,283.92702993520095
2030-07-11 04:00:00,282.7625753142233
2030-07-11 05:00:00,281.6326051497232
2030-07-11 06:00:00,281.0297855270091
2030-07-11 07:00:00,281.0722986862109
2030-07-11 08:00:00,281.729379396864
2030-07-11 09:00:00,282.92918686026945
2030-07-11 10:00:00,284.56351948926135
2030-07-11 11:00:00,286.4950783171141
2030-07-11 12:00:00,288.56680316414946
2030-07-11 13:00:00,290.6126425036248
2030-07-11 14:00:00,292.46899756257477
2030-07-11 15:00:00,293.9860175868472
2030-07-11 16:00:00,295.0379264028271
2030-07-11 17:00:00,295.5316336756834
2030-07-11 18:00:00,295.4130219434147
2030-07-11 19:00:00,294.670487754131
2030-07-11 20:00:00,293.335530356435
2030-07-11 21:00:00,291.8845789822202
2030-07-11 22:00:00,290.4787433443875
2030-07-11 23:00:00,289.11629117141956
2030-07-12 00:00:00,287.79557725318523
2030-07-12 01:00:00,286.5107178639621
2030-07-12 02:00:00,285.26583267942675
2030-07-12 03:00:00,284.0594291273142
2030-07-12 04:00:00,282.8900859683186
2030-07-12 05:00:00,281.75644889080826
2030-07-12 06:00:00,281.14473943559335
2030-07-12 07:00:00,281.1798273704839
2030-07-12 08:00:00,281.8302977339839
2030-07-12 09:00:00,283.0236671028875
2030-07-12 10:00:00,284.6511389355327
2030-07-12 11:00:00,286.57490513607985
2030-07-12 12:00:00,288.63751507431226
2030-07-12 13:00:00,290.6726703579219
2030-07-12 14:00:00,292.5166837803337
2030-07-12 15:00:00,294.019778055604
2030-07-12 16:00:00,295.0564041440369
2030-07-12 17:00:00,295.53383330150467
2030-07-12 18:00:00,295.39841564489143
2030-07-12 19:00:00,294.639086020604
2030-07-12 20:00:00,293.2879134960751
2030-07-12 21:00:00,291.82918081004834
2030-07-12 22:00:00,290.41710746493413
2030-07-12 23:00:00,289.0498685969695
2030-07-13 00:00:00,287.7257320882841
2030-07-13 01:00:00,286.43691047688515
2030-07-13 02:00:00,285.18984671329474
2030-07-13 03:00:00,283.98293802380493
2030-07-13 04:00:00,282.81465949606053
2030-07-13 05:00:00,281.683559210399
2030-07-13 06:00:00,281.06909549958755
2030-07-13 07:00:00,281.1029713070613
2030-07-13 08:00:00,281.7528771188527
2030-07-13 09:00:00,282.9454593908279
2030-07-13 10:00:00,284.5711317851416
2030-07-13 11:00:00,286.4914281934766
2030-07-13 12:00:00,288.54841481969095
2030-07-13 13:00:00,290.57551612200103
2030-07-13 14:00:00,292.40899038063384
2030-07-13 15:00:00,293.8992290156645
2030-07-13 16:00:00,294.9210593652312
2030-07-13 17:00:00,295.3823064091164
2030-07-13 18:00:00,295.2300088716363
2030-07-13 19:00:00,294.4538740724647
2030-07-13 20:00:00,293.08677189817763
2030-07-13 21:00:00,291.62138419432
2030-07-13 22:00:00,290.20472390236597
2030-07-13 23:00:00,288.83483640845134
2030-07-14 00:00:00,287.50986791293366
2030-07-14 01:00:00,286.23537023782285
2030-07-14 02:00:00,285.0000578786417
2030-07-14 03:00:00,283.80248148176713
2030-07-14 04:00:00,282.6412604443406
2030-07-14 05:00:00,281.5150786975556
2030-07-14 06:00:00,280.89655644794374
2030-07-14 07:00:00,280.9261744460235
2030-07-14 08:00:00,281.5726838436453
2030-07-14 09:00:00,282.76366178088784
2030-07-14 10:00:00,284.3902623346089
2030-07-14 11:00:00,286.3145210891186
2030-07-14 12:00:00,288.37873453719476
2030-07-14 13:00:00,290.41627205912533
2030-07-14 14:00:00,292.26305782495035
2030-07-14 15:00:00,293.76889666343436
2030-07-14 16:00:00,294.80782173985693
2030-07-14 17:00:00,295.28671598009583
2030-07-14 18:00:00,295.1515978134753
2030-07-14 19:00:00,294.39115000319316
2030-07-14 20:00:00,293.0372862664373
2030-07-14 21:00:00,291.5898226027969
2030-07-14 22:00:00,290.1881340086123
2030-07-14 23:00:00,288.8304459410781
2030-07-15 00:00:00,287.51507342285726
2030-07-15 01:00:00,286.2325985480235
2030-07-15 02:00:00,284.9917747593188
2030-07-15 03:00:00,283.7910023675621
2030-07-15 04:00:00,282.6287593216108
2030-07-15 05:00:00,281.50359636117815
2030-07-15 06:00:00,280.88074976496506
2030-07-15 07:00:00,280.90796476945303
2030-07-15 08:00:00,281.55279748690543
2030-07-15 09:00:00,282.7416747188746
2030-07-15 10:00:00,284.3647186145547
2030-07-15 11:00:00,286.28311828653085
2030-07-15 12:00:00,288.33856441119116
2030-07-15 13:00:00,290.36410004137025
2030-07-15 14:00:00,292.19562161051573
2030-07-15 15:00:00,293.68320239304074
2030-07-15 16:00:00,294.7014163573946
2030-07-15 17:00:00,295.15791637161567
2030-07-15 18:00:00,294.99966105801457
2030-07-15 19:00:00,294.2163740073683
2030-07-15 20:00:00,292.8410355725225
2030-07-15 21:00:00,291.38276134774895
2030-07-15 22:00:00,289.97308032870865
2030-07-15 23:00:00,288.6100427695924
2030-07-16 00:00:00,287.2917993615394
2030-07-16 01:00:00,286.01488861491595
2030-07-16 02:00:00,284.779911219641
2030-07-16 03:00:00,283.5852457627628
2030-07-16 04:00:00,282.42934973892255
2030-07-16 05:00:00,281.31075461819046
2030-07-16 06:00:00,280.6871304607229
2030-07-16 07:00:00,280.7145598406685
2030-07-16 08:00:00,281.36031395947674
2030-07-16 09:00:00,282.5505063782012
2030-07-16 10:00:00,284.17493793483885
2030-07-16 11:00:00,286.0944895061975
2030-07-16 12:00:00,288.1505770794673
2030-07-16 13:00:00,290.1760208075068
2030-07-16 14:00:00,292.0065606226855
2030-07-16 15:00:00,293.4921895550245
2030-07-16 16:00:00,294.5074819719971
2030-07-16 17:00:00,294.9601704515503
2030-07-16 18:00:00,294.7973658186764
2030-07-16 19:00:00,294.00900471705233
2030-07-16 20:00:00,292.62832591702585
2030-07-16 21:00:00,291.17333436741194
2030-07-16 22:00:00,289.7673545531081
2030-07-16 23:00:00,288.4084071415572
2030-07-17 00:00:00,287.09461505365306
2030-07-17 01:00:00,285.8189716653738
2030-07-17 02:00:00,284.58680816354774
2030-07-17 03:00:00,283.39639950098046
2030-07-17 04:00:00,282.24610583394326
2030-07-17 05:00:00,281.1343671422162
2030-07-17 06:00:00,280.51093250875647
2030-07-17 07:00:00,280.54008367898143
2030-07-17 08:00:00,281.18821334781785
2030-07-17 09:00:00,282.38057540467844
2030-07-17 10:00:00,284.0061851508848
2030-07-17 11:00:00,285.9252633199263
2030-07-17 12:00:00,287.97873441658356
2030-07-17 13:00:00,289.9991275526966
2030-07-17 14:00:00,291.82210967894304
2030-07-17 15:00:00,293.2978208261293
2030-07-17 16:00:00,294.3011884012836
2030-07-17 17:00:00,294.74047548950324
2030-07-17 18:00:00,294.56346019370443
2030-07-17 19:00:00,293.7608338133286
2030-07-17 20:00:00,292.3666229713736
2030-07-17 21:00:00,290.90852022313015
2030-07-17 22:00:00,289.50133171873154
2030-07-17 23:00:00,288.14295108499925
2030-07-18 00:00:00,286.8313822836127
2030-07-18 01:00:00,285.5582525122603
2030-07-18 02:00:00,284.3306174270361
2030-07-18 03:00:00,283.1466102598906
2030-07-18 04:00:00,282.0044582920754
2030-07-18 05:00:00,280.90247683753233
2030-07-18 06:00:00,280.282179009719
2030-07-18 07:00:00,280.3161703501709
2030-07-18 08:00:00,280.96968876725936
2030-07-18 09:00:00,282.16687580849526
2030-07-18 10:00:00,283.7957484506354
2030-07-18 11:00:00,285.7157082323821
2030-07-18 12:00:00,287.767093183861
2030-07-18 13:00:00,289.7821163502785
2030-07-18 14:00:00,291.59641758023065
2030-07-18 15:00:00,293.06039651653475
2030-07-18 16:00:00,294.0495039675037
2030-07-18 17:00:00,294.4727485826756
2030-07-18 18:00:00,294.2788194476789
2030-07-18 19:00:00,293.45941712339703
2030-07-18 20:00:00,292.04960349900284
2030-07-18 21:00:00,290.5872953861748
2030-07-18 22:00:00,289.17844508763847
2030-07-18 23:00:00,287.82076945996
2030-07-19 00:00:00,286.51210722237374
2030-07-19 01:00:00,285.274667387145
2030-07-19 02:00:00,284.07284158929843
2030-07-19 03:00:00,282.9053751375058
2030-07-19 04:00:00,281.77107080903266
2030-07-19 05:00:00,280.6687854334575
2030-07-19 06:00:00,280.03214205444016
2030-07-19 07:00:00,280.04673726436585
2030-07-19 08:00:00,280.68242111758553
2030-07-19 09:00:00,281.86752897690036
2030-07-19 10:00:00,283.4935822642106
2030-07-19 11:00:00,285.4225684414537
2030-07-19 12:00:00,287.49632392699914
2030-07-19 13:00:00,289.54737831422636
2030-07-19 14:00:00,291.4104957139184
2030-07-19 15:00:00,292.93408348719316
2030-07-19 16:00:00,293.9906403112397
2030-07-19 17:00:00,294.485487926158
2030-07-19 18:00:00,294.36316858527755
2030-07-19 19:00:00,293.61107838504165
2030-07-19 20:00:00,292.26012346696905
2030-07-19 21:00:00,290.8540465881189
2030-07-19 22:00:00,289.4897155067659
2030-07-19 23:00:00,288.16558294274284
2030-07-20 00:00:00,286.8801772485141
2030-07-20 01:00:00,285.6369528377026
2030-07-20 02:00:00,284.42802484916916
2030-07-20 03:00:00,283.2522142866473
2030-07-20 04:00:00,282.10839552486783
2030-07-20 05:00:00,280.99549316523155
2030-07-20 06:00:00,280.33851647978923
2030-07-20 07:00:00,280.33337414283613
2030-07-20 08:00:00,280.9506675424862
2030-07-20 09:00:00,282.1193778783334
2030-07-20 10:00:00,283.7315226438422
2030-07-20 11:00:00,285.6494009623524
2030-07-20 12:00:00,287.7149543571642
2030-07-20 13:00:00,289.7606033421293
2030-07-20 14:00:00,291.6207965648854
2030-07-20 15:00:00,293.1434424008166
2030-07-20 16:00:00,294.200393253094
2030-07-20 17:00:00,294.6962240313922
2030-07-20 18:00:00,294.5746830708912
2030-07-20 19:00:00,293.8223814567953
2030-07-20 20:00:00,292.4695035643222
2030-07-20 21:00:00,291.06903167540156
2030-07-20 22:00:00,289.7084354439629
2030-07-20 23:00:00,288.3862730504838
2030-07-21 00:00:00,287.1011721861506
2030-07-21 01:00:00,285.83368324127275
2030-07-21 02:00:00,284.60680891727435
2030-07-21 03:00:00,283.41900705266323
2030-07-21 04:00:00,282.2688096144135
2030-07-21 05:00:00,281.1548181112477
2030-07-21 06:00:00,280.4927839103709
2030-07-21 07:00:00,280.48649975329727
2030-07-21 08:00:00,281.10353008167755
2030-07-21 09:00:00,282.26998913182325
2030-07-21 10:00:00,283.8753818835654
2030-07-21 11:00:00,285.78001324479806
2030-07-21 12:00:00,287.82447929773065
2030-07-21 13:00:00,289.8405901428293
2030-07-21 14:00:00,291.66295334446244
2030-07-21 15:00:00,293.14038432271474
2030-07-21 16:00:00,294.14631523395695
2030-07-21 17:00:00,294.587450004492
2030-07-21 18:00:00,294.41005421653307
2030-07-21 19:00:00,293.6034591802745
2030-07-21 20:00:00,292.2005776021964
2030-07-21 21:00:00,290.76708702160647
2030-07-21 22:00:00,289.38068660624566
2030-07-21 23:00:00,288.03951119677873
2030-07-22 00:00:00,286.7417905799131
2030-07-22 01:00:00,285.48164986429435
2030-07-22 02:00:00,284.2632297887202
2030-07-22 03:00:00,283.08491209507304
2030-07-22 04:00:00,281.94515715564705
2030-07-22 05:00:00,280.84249907563526
2030-07-22 06:00:00,280.1834013148866
2030-07-22 07:00:00,280.18152234557687
2030-07-22 08:00:00,280.8036594003931
2030-07-22 09:00:00,281.9751608238034
2030-07-22 10:00:00,283.5848167330338
2030-07-22 11:00:00,285.49231528604395
2030-07-22 12:00:00,287.5377747760094
2030-07-22 13:00:00,289.5526978363193
2030-07-22 14:00:00,291.37157419138896
2030-07-22 15:00:00,292.84329670247047
2030-07-22 16:00:00,293.8415618307172
2030-07-22 17:00:00,294.27350299842396
2030-07-22 18:00:00,294.08594749259834
2030-07-22 19:00:00,293.2688790482167
2030-07-22 20:00:00,291.8559068106129
2030-07-22 21:00:00,290.42384470336526
2030-07-22 22:00:00,289.0403502412928
2030-07-22 23:00:00,287.70345993271997
2030-07-23 00:00:00,286.41131133090977
2030-07-23 01:00:00,285.1403959193213
2030-07-23 02:00:00,283.91959026394306
2030-07-23 03:00:00,282.74668049971706
2030-07-23 04:00:00,281.6195696134322
2030-07-23 05:00:00,280.5362697382349
2030-07-23 06:00:00,279.8932625346557
2030-07-23 07:00:00,279.91189240899325
2030-07-23 08:00:00,280.55461193496564
2030-07-23 09:00:00,281.7427387666569
2030-07-23 10:00:00,283.36160334658996
2030-07-23 11:00:00,285.26822834144025
2030-07-23 12:00:00,287.3010323255407
2030-07-23 13:00:00,289.2908894748174
2030-07-23 14:00:00,291.0727620263077
2030-07-23 15:00:00,292.49706676961443
2030-07-23 16:00:00,293.4399501564611
2030-07-23 17:00:00,293.81173078649357
2030-07-23 18:00:00,293.5629158672725
2030-07-23 19:00:00,292.68739342195875
2030-07-23 20:00:00,291.2226218320564
2030-07-23 21:00:00,289.7596754869412
2030-07-23 22:00:00,288.3555130771117
2030-07-23 23:00:00,287.00744708968244
2030-07-24 00:00:00,285.71293942723116
2030-07-24 01:00:00,284.4695909129967
2030-07-24 02:00:00,283.2751317144195
2030-07-24 03:00:00,282.12741258898416
2030-07-24 04:00:00,281.02439686788983
2030-07-24 05:00:00,279.9641531030762
2030-07-24 06:00:00,279.33345822096004
2030-07-24 07:00:00,279.3647542667387
2030-07-24 08:00:00,280.0205205582861
2030-07-24 09:00:00,281.22203464791374
2030-07-24 10:00:00,282.85452520766177
2030-07-24 11:00:00,284.77486063519467
2030-07-24 12:00:00,286.82126530785854
2030-07-24 13:00:00,288.8243944517121
2030-07-24 14:00:00,290.61898340662634
2030-07-24 15:00:00,292.0552314382108
2030-07-24 16:00:00,293.00909348393407
2030-07-24 17:00:00,293.3907373942196
2030-07-24 18:00:00,293.15057217561525
2030-07-24 19:00:00,292.2824481337807
2030-07-24 20:00:00,290.8238499325682
2030-07-24 21:00:00,289.37696149394554
2030-07-24 22:00:00,287.9881200138168
2030-07-24 23:00:00,286.6546791881922
2030-07-25 00:00:00,285.3741392142763
2030-07-25 01:00:00,284.1455684396445
2030-07-25 02:00:00,282.96450128880144
2030-07-25 03:00:00,281.8288797584902
2030-07-25 04:00:00,280.7367523489211
2030-07-25 05:00:00,279.6862671788225
2030-07-25 06:00:00,279.0542566590291
2030-07-25 07:00:00,279.0847759373392
2030-07-25 08:00:00,279.7406939827531
2030-07-25 09:00:00,280.9435793596446
2030-07-25 10:00:00,282.57883523955354
2030-07-25 11:00:00,284.5033776115839
2030-07-25 12:00:00,286.55534960566877
2030-07-25 13:00:00,288.5652033215058
2030-07-25 14:00:00,290.36736470336336
2030-07-25 15:00:00,291.8116406467017
2030-07-25 16:00:00,292.7735400579752
2030-07-25 17:00:00,293.16276418560005
2030-07-25 18:00:00,292.9292691335647
2030-07-25 19:00:00,292.06649879633176
2030-07-25 20:00:00,290.61160680368806
2030-07-25 21:00:00,289.1778451928487
2030-07-25 22:00:00,287.8006914294052
2030-07-25 23:00:00,286.47759882910145
2030-07-26 00:00:00,285.2061602520942
2030-07-26 01:00:00,283.9985658950823
2030-07-26 02:00:00,282.82971530312614
2030-07-26 03:00:00,281.6981497362868
2030-07-26 04:00:00,280.60247935970693
2030-07-26 05:00:00,279.54137906904083
2030-07-26 06:00:00,278.8818989544668
2030-07-26 07:00:00,278.88255574691624
2030-07-26 08:00:00,279.51063520745896
2030-07-26 09:00:00,280.69168783378205
2030-07-26 10:00:00,282.3144081884131
2030-07-26 11:00:00,284.2380994910853
2030-07-26 12:00:00,286.30223354932787
2030-07-26 13:00:00,288.33745088047027
2030-07-26 14:00:00,290.1772247046732
2030-07-26 15:00:00,291.669349530435
2030-07-26 16:00:00,292.68642035153323
2030-07-26 17:00:00,293.13454512954917
2030-07-26 18:00:00,292.95967522627296
2030-07-26 19:00:00,292.1511303808245
2030-07-26 20:00:00,290.742114395828
2030-07-26 21:00:00,289.35395442568625
2030-07-26 22:00:00,288.0115330889204
2030-07-26 23:00:00,286.71304784003945
2030-07-27 00:00:00,285.45678681548293
2030-07-27 01:00:00,284.2437220312246
2030-07-27 02:00:00,283.06834013452567
2030-07-27 03:00:00,281.92925215263415
2030-07-27 04:00:00,280.82513399514096
2030-07-27 05:00:00,279.75472255123964
2030-07-27 06:00:00,279.07459560996637
2030-07-27 07:00:00,279.0554713195736
2030-07-27 08:00:00,279.66526911146417
2030-07-27 09:00:00,280.8300645635693
2030-07-27 10:00:00,282.4389326282658
2030-07-27 11:00:00,284.3513854945059
2030-07-27 12:00:00,286.40691743143924
2030-07-27 13:00:00,288.43600293446883
2030-07-27 14:00:00,290.2717723171226
2030-07-27 15:00:00,291.7615248076232
2030-07-27 16:00:00,292.77724337388554
2030-07-27 17:00:00,293.22435116355155
2030-07-27 18:00:00,293.0480907318384
2030-07-27 19:00:00,292.2370988512021
2030-07-27 20:00:00,290.82396937862705
2030-07-27 21:00:00,289.44137974345665
2030-07-27 22:00:00,288.1029014930304
2030-07-27 23:00:00,286.8068334778455
2030-07-28 00:00:00,285.5515590282662
2030-07-28 01:00:00,284.3359406453221
2030-07-28 02:00:00,283.1579116110252
2030-07-28 03:00:00,282.0160900929196
2030-07-28 04:00:00,280.9091587449055
2030-07-28 05:00:00,279.8358608296587
2030-07-28 06:00:00,279.1419990010543
2030-07-28 07:00:00,279.11038304027073
2030-07-28 08:00:00,279.70897298136293
2030-07-28 09:00:00,280.8638205897563
2030-07-28 10:00:00,282.46391261486036
2030-07-28 11:00:00,284.36861318197714
2030-07-28 12:00:00,286.417217469077
2030-07-28 13:00:00,288.4399624426566
2030-07-28 14:00:00,290.2697179320186
2030-07-28 15:00:00,291.7535169798034
2030-07-28 16:00:00,292.76308840755337
2030-07-28 17:00:00,293.20363015360084
2030-07-28 18:00:00,293.02020331284854
2030-07-28 19:00:00,292.20131863418777
2030-07-28 20:00:00,290.77950720272514
2030-07-28 21:00:00,289.39956090000095
2030-07-28 22:00:00,288.0634156027567
2030-07-28 23:00:00,286.7693883721682
2030-07-29 00:00:00,285.5158796324434
2030-07-29 01:00:00,284.30350570840704
2030-07-29 02:00:00,283.1275841303259
2030-07-29 03:00:00,281.9868003268472
2030-07-29 04:00:00,280.8799003676199
2030-07-29 05:00:00,279.8056873495629
2030-07-29 06:00:00,279.0989927126499
2030-07-29 07:00:00,279.0552634519461
2030-07-29 08:00:00,279.64298650610874
2030-07-29 09:00:00,280.7886385052336
2030-07-29 10:00:00,282.38150049577627
2030-07-29 11:00:00,284.28108021729184
2030-07-29 12:00:00,286.3266558102538
2030-07-29 13:00:00,288.3482877835475
2030-07-29 14:00:00,290.1785227361865
2030-07-29 15:00:00,291.66394704676935
2030-07-29 16:00:00,292.67575180093206
2030-07-29 17:00:00,293.1185450214067
2030-07-29 18:00:00,292.9367880617908
2030-07-29 19:00:00,292.11842461779355
2030-07-29 20:00:00,290.70343175173855
2030-07-29 21:00:00,289.3324542571399
2030-07-29 22:00:00,288.0038121899513
2030-07-29 23:00:00,286.715909139542
2030-07-30 00:00:00,285.4672268345678
2030-07-30 01:00:00,284.2561154948508
2030-07-30 02:00:00,283.0815099263507
2030-07-30 03:00:00,281.9420917497319
2030-07-30 04:00:00,280.83660343384537
2030-07-30 05:00:00,279.76384466885133
2030-07-30 06:00:00,279.04737331090644
2030-07-30 07:00:00,278.99515297753476
2030-07-30 08:00:00,279.5755641792831
2030-07-30 09:00:00,280.7149218825842
2030-07-30 10:00:00,282.3022996883523
2030-07-30 11:00:00,284.1969649109469
2030-07-30 12:00:00,286.23793757678584
2030-07-30 13:00:00,288.2550190915404
2030-07-30 14:00:00,290.0805128549923
2030-07-30 15:00:00,291.5607937884029
2030-07-30 16:00:00,292.5668868759002
2030-07-30 17:00:00,293.0032898056512
2030-07-30 18:00:00,292.8144158720085
2030-07-30 19:00:00,291.98822522269944
2030-07-30 20:00:00,290.576550408811
2030-07-30 21:00:00,289.20887521098433
2030-07-30 22:00:00,287.8835192046298
2030-07-30 23:00:00,286.5988854920642
2030-07-31 00:00:00,285.3534553120553
2030-07-31 01:00:00,284.14717291719495
2030-07-31 02:00:00,282.97651738539247
2030-07-31 03:00:00,281.84022018784134
2030-07-31 04:00:00,280.7370708164151
2030-07-31 05:00:00,279.6659133508871
2030-07-31 06:00:00,278.9388385410524
2030-07-31 07:00:00,278.87683679564225
2030-07-31 08:00:00,279.4486489732724
2030-07-31 09:00:00,280.580860048764
2030-07-31 10:00:00,282.16270503179095
2030-07-31 11:00:00,284.0534928573324
2030-07-31 12:00:00,286.0921622918291
2030-07-31 13:00:00,288.108316082414
2030-07-31 14:00:00,289.93395546469054
2030-07-31 15:00:00,291.4150711381725
2030-07-31 16:00:00,292.4222492841414
2030-07-31 17:00:00,292.8595256257122
2030-07-31 18:00:00,292.67086124834833
2030-07-31 19:00:00,291.8438057294251
2030-07-31 20:00:00,290.44186992858016
2030-07-31 21:00:00,289.0827703316234
2030-07-31 22:00:00,287.7648932935719
2030-07-31 23:00:00,286.4867046370233
2030-08-01 00:00:00,285.2467445658265
2030-08-01 01:00:00,284.0393547859646
2030-08-01 02:00:00,282.86989807171716
2030-08-01 03:00:00,281.73696674711374
2030-08-01 04:00:00,280.6392190674592
2030-08-01 05:00:00,279.5753752491066
2030-08-01 06:00:00,278.84566537875736
2030-08-01 07:00:00,278.78343765554473
2030-08-01 08:00:00,279.35608686588006
2030-08-01 09:00:00,280.4888881864285
2030-08-01 10:00:00,282.0698867854584
2030-08-01 11:00:00,283.9573988608268
2030-08-01 12:00:00,285.9896322248764
2030-08-01 13:00:00,287.995767411623
2030-08-01 14:00:00,289.80771741014206
2030-08-01 15:00:00,291.2717198592984
2030-08-01 16:00:00,292.25892008375024
2030-08-01 17:00:00,292.6741799447138
2030-08-01 18:00:00,292.46249014383835
2030-08-01 19:00:00,291.61255687938825
2030-08-01 20:00:00,290.2013475254102
2030-08-01 21:00:00,288.8358843539231
2030-08-01 22:00:00,287.5143770064311
2030-08-01 23:00:00,286.23512527115656
2030-08-02 00:00:00,284.99651320789883
2030-08-02 01:00:00,283.80166858706633
2030-08-02 02:00:00,282.6415257126635
2030-08-02 03:00:00,281.51486487456907
2030-08-02 04:00:00,280.42052160382366
2030-08-02 05:00:00,279.3573834333954
2030-08-02 06:00:00,278.61386426620436
2030-08-02 07:00:00,278.53744875357427
2030-08-02 08:00:00,279.0971052880414
2030-08-02 09:00:00,280.2195006958939
2030-08-02 10:00:00,281.7937996691067
2030-08-02 11:00:00,283.6790923918106
2030-08-02 12:00:00,285.71396439004076
2030-08-02 13:00:00,287.72755409835787
2030-08-02 14:00:00,289.55131880419043
2030-08-02 15:00:00,291.03066295702934
2030-08-02 16:00:00,292.03558475501114
2030-08-02 17:00:00,292.4695710150417
2030-08-02 18:00:00,292.2761109956374
2030-08-02 19:00:00,291.4423919185764
2030-08-02 20:00:00,290.0564414976312
2030-08-02 21:00:00,288.7121446324952
2030-08-02 22:00:00,287.4079521506768
2030-08-02 23:00:00,286.1423904039521
2030-08-03 00:00:00,284.914056480462
2030-08-03 01:00:00,283.70734450986737
2030-08-03 02:00:00,282.54465837598974
2030-08-03 03:00:00,281.4241783370211
2030-08-03 04:00:00,280.34417565343233
2030-08-03 05:00:00,279.30300685731754
2030-08-03 06:00:00,278.5763852795069
2030-08-03 07:00:00,278.52276699596365
2030-08-03 08:00:00,279.1059246746107
2030-08-03 09:00:00,280.2476750743553
2030-08-03 10:00:00,281.8329880299534
2030-08-03 11:00:00,283.7176852196432
2030-08-03 12:00:00,285.73822141554376
2030-08-03 13:00:00,287.72287593647195
2030-08-03 14:00:00,289.5035627524609
2030-08-03 15:00:00,290.92740826675043
2030-08-03 16:00:00,291.8672559838388
2030-08-03 17:00:00,292.23033959942353
2030-08-03 18:00:00,291.96451371085595
2030-08-03 19:00:00,291.06162811632646
2030-08-03 20:00:00,289.62705299460225
2030-08-03 21:00:00,288.24619310737137
2030-08-03 22:00:00,286.9167231758548
2030-08-03 23:00:00,285.6364424151717
2030-08-04 00:00:00,284.40326603813423
2030-08-04 01:00:00,283.21133538326205
2030-08-04 02:00:00,282.0660955024252
2030-08-04 03:00:00,280.96551069615555
2030-08-04 04:00:00,279.9076504338184
2030-08-04 05:00:00,278.8906826045169
2030-08-04 06:00:00,278.1777214419527
2030-08-04 07:00:00,278.1401718480327
2030-08-04 08:00:00,278.73987584174887
2030-08-04 09:00:00,279.8968224576748
2030-08-04 10:00:00,281.49437308774014
2030-08-04 11:00:00,283.38706395783163
2030-08-04 12:00:00,285.41047027177734
2030-08-04 13:00:00,287.3924528604999
2030-08-04 14:00:00,289.1649909388727
2030-08-04 15:00:00,290.57574780596633
2030-08-04 16:00:00,291.49852953055847
2030-08-04 17:00:00,291.8418820057824
2030-08-04 18:00:00,291.55522199263896
2030-08-04 19:00:00,290.63209629454985
2030-08-04 20:00:00,289.19252533244156
2030-08-04 21:00:00,287.81073840066676
2030-08-04 22:00:00,286.484102128643
2030-08-04 23:00:00,285.2101287331792
2030-08-05 00:00:00,283.9864658640704
2030-08-05 01:00:00,282.81257813010563
2030-08-05 02:00:00,281.6825882125152
2030-08-05 03:00:00,280.59465405659057
2030-08-05 04:00:00,279.54702609903467
2030-08-05 05:00:00,278.5380414606105
2030-08-05 06:00:00,277.8183322517493
2030-08-05 07:00:00,277.77398875562164
2030-08-05 08:00:00,278.36802951117096
2030-08-05 09:00:00,279.5214468100742
2030-08-05 10:00:00,281.1183694709748
2030-08-05 11:00:00,283.0138173366793
2030-08-05 12:00:00,285.043536033391
2030-08-05 13:00:00,287.0352356532307
2030-08-05 14:00:00,288.8204382112824
2030-08-05 15:00:00,290.2460800986592
2030-08-05 16:00:00,291.1850269974322
2030-08-05 17:00:00,291.5447422671427
2030-08-05 18:00:00,291.27349869727146
2030-08-05 19:00:00,290.3637213596217
2030-08-05 20:00:00,288.9475697484227
2030-08-05 21:00:00,287.5857760677286
2030-08-05 22:00:00,286.27594971630674
2030-08-05 23:00:00,285.01582890726763
2030-08-06 00:00:00,283.8032718629194
2030-08-06 01:00:00,282.6409030479704
2030-08-06 02:00:00,281.51523446573964
2030-08-06 03:00:00,280.42490925443946
2030-08-06 04:00:00,279.36863335287677
2030-08-06 05:00:00,278.3451717760419
2030-08-06 06:00:00,277.5927049123446
2030-08-06 07:00:00,277.5133860090853
2030-08-06 08:00:00,278.07421544193977
2030-08-06 09:00:00,279.19977461782054
2030-08-06 10:00:00,280.77715912664434
2030-08-06 11:00:00,282.66354131917876
2030-08-06 12:00:00,284.69586625002006
2030-08-06 13:00:00,286.7020167549754
2030-08-06 14:00:00,288.51265988393703
2030-08-06 15:00:00,289.972922386185
2030-08-06 16:00:00,290.9530477051347
2030-08-06 17:00:00,291.3572642335635
2030-08-06 18:00:00,291.1302383846202
2030-08-06 19:00:00,290.2606807544277
2030-08-06 20:00:00,288.8905647959531
2030-08-06 21:00:00,287.5650833323176
2030-08-06 22:00:00,286.2824951893674
2030-08-06 23:00:00,285.0411459803171
2030-08-07 00:00:00,283.839462518613
2030-08-07 01:00:00,282.6772937354352
2030-08-07 02:00:00,281.54996187478656
2030-08-07 03:00:00,280.4562241014229
2030-08-07 04:00:00,279.39489391623545
2030-08-07 05:00:00,278.3648378651
2030-08-07 06:00:00,277.5912693116055
2030-08-07 07:00:00,277.49122383491476
2030-08-07 08:00:00,278.0327495099077
2030-08-07 09:00:00,279.14133346102494
2030-08-07 10:00:00,280.7047751580339
2030-08-07 11:00:00,282.5807017998634
2030-08-07 12:00:00,284.6062335938069
2030-08-07 13:00:00,286.60913750030255
2030-08-07 14:00:00,288.41968304509487
2030-08-07 15:00:00,289.8823475949232
2030-08-07 16:00:00,290.86652147211817
2030-08-07 17:00:00,291.2754389229156
2030-08-07 18:00:00,291.0527034780213
2030-08-07 19:00:00,290.1859702590575
2030-08-07 20:00:00,288.82981850914763
2030-08-07 21:00:00,287.51565695457106
2030-08-07 22:00:00,286.2419035966582
2030-08-07 23:00:00,285.0070535885581
2030-08-08 00:00:00,283.80967435692475
2030-08-08 01:00:00,282.65143592992916
2030-08-08 02:00:00,281.52357031895275
2030-08-08 03:00:00,280.4250827169714
2030-08-08 04:00:00,279.3550212835433
2030-08-08 05:00:00,278.3124747291056
2030-08-08 06:00:00,277.50959944485805
2030-08-08 07:00:00,277.37904722389806
2030-08-08 08:00:00,277.8914071242149
2030-08-08 09:00:00,278.9744669590359
2030-08-08 10:00:00,280.5179363596445
2030-08-08 11:00:00,282.38083566694854
2030-08-08 12:00:00,284.40106850381807
2030-08-08 13:00:00,286.40652458643257
2030-08-08 14:00:00,288.2269313773261
2030-08-08 15:00:00,289.70560322923063
2030-08-08 16:00:00,290.7102354830971
2030-08-08 17:00:00,291.14196255523797
2030-08-08 18:00:00,290.94203820092406
2030-08-08 19:00:00,290.0956880085106
2030-08-08 20:00:00,288.7689369574964
2030-08-08 21:00:00,287.47827665941213
2030-08-08 22:00:00,286.2224541372614
2030-08-08 23:00:00,285.00027458191096
2030-08-09 00:00:00,283.810597829704
2030-08-09 01:00:00,282.64615660889854
2030-08-09 02:00:00,281.5211260111052
2030-08-09 03:00:00,280.43397405831246
2030-08-09 04:00:00,279.38324189701564
2030-08-09 05:00:00,278.3675393666344
2030-08-09 06:00:00,277.58510284642654
2030-08-09 07:00:00,277.48139980298305
2030-08-09 08:00:00,278.02166048376785
2030-08-09 09:00:00,279.1286439859661
2030-08-09 10:00:00,280.68768352400485
2030-08-09 11:00:00,282.5543595790896
2030-08-09 12:00:00,284.5642965722724
2030-08-09 13:00:00,286.54441090379805
2030-08-09 14:00:00,288.3248158232966
2030-08-09 15:00:00,289.75052600472975
2030-08-09 16:00:00,290.6921119952024
2030-08-09 17:00:00,291.0545348367981
2030-08-09 18:00:00,290.7835376995077
2030-08-09 19:00:00,289.86916830670356
2030-08-09 20:00:00,288.49624144516315
2030-08-09 21:00:00,287.17107085535565
2030-08-09 22:00:00,285.8917088437632
2030-08-09 23:00:00,284.6563073165889
2030-08-10 00:00:00,283.46311124752003
2030-08-10 01:00:00,282.30977792774263
2030-08-10 02:00:00,281.19709884440715
2030-08-10 03:00:00,280.1234474845217
2030-08-10 04:00:00,279.0872762238176
2030-08-10 05:00:00,278.08711150325115
2030-08-10 06:00:00,277.3074484895088
2030-08-10 07:00:00,277.2084844279521
2030-08-10 08:00:00,277.75440343619994
2030-08-10 09:00:00,278.8669386676988
2030-08-10 10:00:00,280.430482718857
2030-08-10 11:00:00,282.2998213824144
2030-08-10 12:00:00,284.3099817076624
2030-08-10 13:00:00,286.28751806221277
2030-08-10 14:00:00,288.06243847403215
2030-08-10 15:00:00,289.4799122788299
2030-08-10 16:00:00,290.41090898245545
2030-08-10 17:00:00,290.76100002836364
2030-08-10 18:00:00,290.4767031785486
2030-08-10 19:00:00,289.5489472528637
2030-08-10 20:00:00,288.17764442614936
2030-08-10 21:00:00,286.85596891201726
2030-08-10 22:00:00,285.5818401032155
2030-08-10 23:00:00,284.35328548771884
2030-08-11 00:00:00,283.1684334838672
2030-08-11 01:00:00,282.0261159285761
2030-08-11 02:00:00,280.91988280260557
2030-08-11 03:00:00,279.84840375301803
2030-08-11 04:00:00,278.81040963243316
2030-08-11 05:00:00,277.8046888960153
2030-08-11 06:00:00,277.0021298020276
2030-08-11 07:00:00,276.8790691403448
2030-08-11 08:00:00,277.40219923623096
2030-08-11 09:00:00,278.4954965946137
2030-08-11 10:00:00,280.04518912878046
2030-08-11 11:00:00,281.90737148727453
2030-08-11 12:00:00,283.91776896067887
2030-08-11 13:00:00,285.90298107379186
2030-08-11 14:00:00,287.6924115466912
2030-08-11 15:00:00,289.13002633076877
2030-08-11 16:00:00,290.0850862214751
2030-08-11 17:00:00,290.461078393833
2030-08-11 18:00:00,290.2022160334885
2030-08-11 19:00:00,289.29707132939825
2030-08-11 20:00:00,287.9576769775425
2030-08-11 21:00:00,286.6618611426991
2030-08-11 22:00:00,285.40793332960726
2030-08-11 23:00:00,284.1942865196655
2030-08-12 00:00:00,283.0193918538524
2030-08-12 01:00:00,281.88179016631847
2030-08-12 02:00:00,280.7803077423211
2030-08-12 03:00:00,279.71360910257346
2030-08-12 04:00:00,278.6804202530691
2030-08-12 05:00:00,277.67952506655905
2030-08-12 06:00:00,276.86776783473636
2030-08-12 07:00:00,276.7368665289699
2030-08-12 08:00:00,277.25334093235153
2030-08-12 09:00:00,278.34094528682994
2030-08-12 10:00:00,279.8856488341457
2030-08-12 11:00:00,281.74326721249906
2030-08-12 12:00:00,283.74924405738955
2030-08-12 13:00:00,285.7299126277101
2030-08-12 14:00:00,287.5144428123727
2030-08-12 15:00:00,288.94661396778866
2030-08-12 16:00:00,289.89555901853737
2030-08-12 17:00:00,290.2647033806021
2030-08-12 18:00:00,289.9982674384373
2030-08-12 19:00:00,289.0848977624486
2030-08-12 20:00:00,287.7513055693553
2030-08-12 21:00:00,286.46130391402903
2030-08-12 22:00:00,285.21319815340223
2030-08-12 23:00:00,284.00537732883777
2030-08-13 00:00:00,282.8363088396554
2030-08-13 01:00:00,281.7042091790194
2030-08-13 02:00:00,280.6057794588442
2030-08-13 03:00:00,279.5398310958507
2030-08-13 04:00:00,278.5052286880601
2030-08-13 05:00:00,277.5008869508891
2030-08-13 06:00:00,276.66955282802473
2030-08-13 07:00:00,276.5189424881422
2030-08-13 08:00:00,277.0169282559145
2030-08-13 09:00:00,278.0884537989287
2030-08-13 10:00:00,279.62043762007147
2030-08-13 11:00:00,281.4693421788094
2030-08-13 12:00:00,283.47091302067963
2030-08-13 13:00:00,285.4514215395374
2030-08-13 14:00:00,287.2396188361703
2030-08-13 15:00:00,288.6785411675886
2030-08-13 16:00:00,289.6363102215154
2030-08-13 17:00:00,290.01514743946075
2030-08-13 18:00:00,289.75796507016474
2030-08-13 19:00:00,288.8520920750675
2030-08-13 20:00:00,287.5377261463308
2030-08-13 21:00:00,286.26367090402954
2030-08-13 22:00:00,285.0284275291314
2030-08-13 23:00:00,283.83056912736964
2030-08-14 00:00:00,282.6687362580028
2030-08-14 01:00:00,281.5405600541232
2030-08-14 02:00:00,280.44225500718096
2030-08-14 03:00:00,279.3728435859745
2030-08-14 04:00:00,278.33139013484464
2030-08-14 05:00:00,277.316998541994
2030-08-14 06:00:00,276.4581975431419
2030-08-14 07:00:00,276.279032341815
2030-08-14 08:00:00,276.7496073017377
2030-08-14 09:00:00,277.79688225183395
2030-08-14 10:00:00,279.30944505677013
2030-08-14 11:00:00,281.14497080602547
2030-08-14 12:00:00,283.13988072067673
2030-08-14 13:00:00,285.12054133315974
2030-08-14 14:00:00,286.91521573849167
2030-08-14 15:00:00,288.365908484235
2030-08-14 16:00:00,289.3392447716144
2030-08-14 17:00:00,289.7355970658981
2030-08-14 18:00:00,289.49581270639044
2030-08-14 19:00:00,288.6050896437493
2030-08-14 20:00:00,287.3164715434808
2030-08-14 21:00:00,286.0631532302536
2030-08-14 22:00:00,284.84391450391024
2030-08-14 23:00:00,283.6575911701948
2030-08-15 00:00:00,282.50307169057885
2030-08-15 01:00:00,281.3807998259028
2030-08-15 02:00:00,280.2916154245478
2030-08-15 03:00:00,279.23435936771546
2030-08-15 04:00:00,278.20792405247545
2030-08-15 05:00:00,277.2112504427021
2030-08-15 06:00:00,276.3581436223859
2030-08-15 07:00:00,276.18801074691913
2030-08-15 08:00:00,276.6687949522057
2030-08-15 09:00:00,277.72538358315177
2030-08-15 10:00:00,279.2445135900963
2030-08-15 11:00:00,281.08235109720084
2030-08-15 12:00:00,283.07424894871167
2030-08-15 13:00:00,285.04601471222276
2030-08-15 14:00:00,286.8258949427012
2030-08-15 15:00:00,288.256414122972
2030-08-15 16:00:00,289.2052091573942
2030-08-15 17:00:00,289.5740761880088
2030-08-15 18:00:00,289.30559007573663
2030-08-15 19:00:00,288.38685265337483
2030-08-15 20:00:00,287.0879087580478
2030-08-15 21:00:00,285.8284371550937
2030-08-15 22:00:00,284.60698265824
2030-08-15 23:00:00,283.42215935517845
2030-08-16 00:00:00,282.2726463348993
2030-08-16 01:00:00,281.15984961241315
2030-08-16 02:00:00,280.0839011740457
2030-08-16 03:00:00,279.0434016135127
2030-08-16 04:00:00,278.03701668054515
2030-08-16 05:00:00,277.0634734327125
2030-08-16 06:00:00,276.2216389502208
2030-08-16 07:00:00,276.0664236329227
2030-08-16 08:00:00,276.56314820572385
2030-08-16 09:00:00,277.63421487923773
2030-08-16 10:00:00,279.1641708564126
2030-08-16 11:00:00,281.0074291429789
2030-08-16 12:00:00,282.9981394576121
2030-08-16 13:00:00,284.9615323328462
2030-08-16 14:00:00,286.7259354664252
2030-08-16 15:00:00,288.1345975185901
2030-08-16 16:00:00,289.0564610972306
2030-08-16 17:00:00,289.39510671541007
2030-08-16 18:00:00,289.09523669467853
2030-08-16 19:00:00,288.14626628396843
2030-08-16 20:00:00,286.8357917304326
2030-08-16 21:00:00,285.5698915475067
2030-08-16 22:00:00,284.3467912256279
2030-08-16 23:00:00,283.1648046740849
2030-08-17 00:00:00,282.0223285752765
2030-08-17 01:00:00,280.9147776052502
2030-08-17 02:00:00,279.84039329486075
2030-08-17 03:00:00,278.7980043261524
2030-08-17 04:00:00,277.7864915068392
2030-08-17 05:00:00,276.8047847902077
2030-08-17 06:00:00,275.93704485395847
2030-08-17 07:00:00,275.75490050627417
2030-08-17 08:00:00,276.225859106369
2030-08-17 09:00:00,277.2742840295163
2030-08-17 10:00:00,278.7863324499346
2030-08-17 11:00:00,280.617571660913
2030-08-17 12:00:00,282.60277508052985
2030-08-17 13:00:00,284.5672275863849
2030-08-17 14:00:00,286.33874321454834
2030-08-17 15:00:00,287.7595311840047
2030-08-17 16:00:00,288.6970492053559
2030-08-17 17:00:00,289.05305962752254
2030-08-17 18:00:00,288.77024833177336
2030-08-17 19:00:00,287.83596280737254
2030-08-17 20:00:00,286.5512015517337
2030-08-17 21:00:00,285.3060586925016
2030-08-17 22:00:00,284.0990634678187
2030-08-17 23:00:00,282.92881518044624
2030-08-18 00:00:00,281.7939788812542
2030-08-18 01:00:00,280.6934757663606
2030-08-18 02:00:00,279.626067919366
2030-08-18 03:00:00,278.59058453099783
2030-08-18 04:00:00,277.5859068634654
2030-08-18 05:00:00,276.6109652780743
2030-08-18 06:00:00,275.7348659155292
2030-08-18 07:00:00,275.5455969827836
2030-08-18 08:00:00,276.0105218140582
2030-08-18 09:00:00,277.053811844198
2030-08-18 10:00:00,278.56139600724225
2030-08-18 11:00:00,280.38859133974296
2030-08-18 12:00:00,282.3699149259785
2030-08-18 13:00:00,284.3304056816323
2030-08-18 14:00:00,286.09765782258063
2030-08-18 15:00:00,287.5137008483019
2030-08-18 16:00:00,288.4458640184506
2030-08-18 17:00:00,288.79584012792037
2030-08-18 18:00:00,288.50630802720667
2030-08-18 19:00:00,287.56467016496816
2030-08-18 20:00:00,286.2875609352567
2030-08-18 21:00:00,285.04998577779196
2030-08-18 22:00:00,283.85047529210846
2030-08-18 23:00:00,282.6876300078444
2030-08-19 00:00:00,281.56011608380015
2030-08-19 01:00:00,280.47542193280015
2030-08-19 02:00:00,279.4299098671033
2030-08-19 03:00:00,278.42199583491407
2030-08-19 04:00:00,277.4501721658081
2030-08-19 05:00:00,276.513002975648
2030-08-19 06:00:00,275.66404246252415
2030-08-19 07:00:00,275.5071323632149
2030-08-19 08:00:00,276.0052679266549
2030-08-19 09:00:00,277.0785385932415
2030-08-19 10:00:00,278.60933574799236
2030-08-19 11:00:00,280.45021011619764
2030-08-19 12:00:00,282.43386111188187
2030-08-19 13:00:00,284.3845717462771
2030-08-19 14:00:00,286.13028064371923
2030-08-19 15:00:00,287.51442168260013
2030-08-19 16:00:00,288.40667176519196
2030-08-19 17:00:00,288.71183089497555
2030-08-19 18:00:00,288.3762092442202
2030-08-19 19:00:00,287.3910967065577
2030-08-19 20:00:00,286.0926593186316
2030-08-19 21:00:00,284.84227834520715
2030-08-19 22:00:00,283.63792401277436
2030-08-19 23:00:00,282.47767112485997
2030-08-20 00:00:00,281.35969224434996
2030-08-20 01:00:00,280.2885369406934
2030-08-20 02:00:00,279.2601477117213
2030-08-20 03:00:00,278.272653792479
2030-08-20 04:00:00,277.32427945075347
2030-08-20 05:00:00,276.4133380832884
2030-08-20 06:00:00,275.5777954470492
2030-08-20 07:00:00,275.4378641725126
2030-08-20 08:00:00,275.95374306870326
2030-08-20 09:00:00,277.04291478714634
2030-08-20 10:00:00,278.5855155175103
2030-08-20 11:00:00,280.43233409443883
2030-08-20 12:00:00,282.4149115913368
2030-08-20 13:00:00,284.35704568870176
2030-08-20 14:00:00,286.0868850045383
2030-08-20 15:00:00,287.4487413720408
2030-08-20 16:00:00,288.31376236838946
2030-08-20 17:00:00,288.58869436918906
2030-08-20 18:00:00,288.2221205372602
2030-08-20 19:00:00,287.2077613805855
2030-08-20 20:00:00,285.9000018477528
2030-08-20 21:00:00,284.64561607231377
2030-08-20 22:00:00,283.44217276078007
2030-08-20 23:00:00,282.28737231288414
2030-08-21 00:00:00,281.17903793766385
2030-08-21 01:00:00,280.09996857147013
2030-08-21 02:00:00,279.0549799563521
2030-08-21 03:00:00,278.04282803800726
2030-08-21 04:00:00,277.062324878891
2030-08-21 05:00:00,276.1123354344153
2030-08-21 06:00:00,275.21584745185623
2030-08-21 07:00:00,275.01069262756494
2030-08-21 08:00:00,275.462996430955
2030-08-21 09:00:00,276.4956157180429
2030-08-21 10:00:00,277.9931696350273
2030-08-21 11:00:00,279.80975301762174
2030-08-21 12:00:00,281.77882623197803
2030-08-21 13:00:00,283.72460394192115
2030-08-21 14:00:00,285.47413939417214
2030-08-21 15:00:00,286.8692350960573
2030-08-21 16:00:00,287.7773156382116
2030-08-21 17:00:00,288.10047719873114
2030-08-21 18:00:00,287.78207482707126
2030-08-21 19:00:00,286.81040704876244
2030-08-21 20:00:00,285.5505720086158
2030-08-21 21:00:00,284.33160659378075
2030-08-21 22:00:00,283.15194775745886
2030-08-21 23:00:00,282.0101077759751
2030-08-22 00:00:00,280.9046695846971
2030-08-22 01:00:00,279.8453409204267
2030-08-22 02:00:00,278.8250178548667
2030-08-22 03:00:00,277.842104164175
2030-08-22 04:00:00,276.89508087603673
2030-08-22 05:00:00,275.9825016328395
2030-08-22 06:00:00,275.1114286602451
2030-08-22 07:00:00,274.93629920856677
2030-08-22 08:00:00,275.4194233209875
2030-08-22 09:00:00,276.4800956193926
2030-08-22 10:00:00,277.9998505508098
2030-08-22 11:00:00,279.8303725024925
2030-08-22 12:00:00,281.8035392368345
2030-08-22 13:00:00,283.7429082207709
2030-08-22 14:00:00,285.47583354764623
2030-08-22 15:00:00,286.8453406531857
2030-08-22 16:00:00,287.7208968510007
2030-08-22 17:00:00,288.0073004375453
2030-08-22 18:00:00,287.65106275022197
2030-08-22 19:00:00,286.64385943664877
2030-08-22 20:00:00,285.37021058866594
2030-08-22 21:00:00,284.1445665665643
2030-08-22 22:00:00,282.96487784142704
2030-08-22 23:00:00,281.8292007437402
2030-08-23 00:00:00,280.735690577948
2030-08-23 01:00:00,279.6674676320066
2030-08-23 02:00:00,278.6314130504387
2030-08-23 03:00:00,277.6263939425455
2030-08-23 04:00:00,276.6513272955432
2030-08-23 05:00:00,275.70517716282734
2030-08-23 06:00:00,274.78695204958564
2030-08-23 07:00:00,274.55366753794516
2030-08-23 08:00:00,274.9799399619206
2030-08-23 09:00:00,275.9893941482092
2030-08-23 10:00:00,277.4671901431851
2030-08-23 11:00:00,279.2677004205813
2030-08-23 12:00:00,281.22438086846745
2030-08-23 13:00:00,283.1611599899851
2030-08-23 14:00:00,284.9045434943445
2030-08-23 15:00:00,286.29556416964493
2030-08-23 16:00:00,287.2007101754048
2030-08-23 17:00:00,287.5210421836519
2030-08-23 18:00:00,287.1988552345034
2030-08-23 19:00:00,286.2214390491513
2030-08-23 20:00:00,284.9852620550545
2030-08-23 21:00:00,283.78734025511136
2030-08-23 22:00:00,282.6262617784718
2030-08-23 23:00:00,281.5006810878873
2030-08-24 00:00:00,280.4093149600353
2030-08-24 01:00:00,279.347403331352
2030-08-24 02:00:00,278.3159690184113
2030-08-24 03:00:00,277.3139750874592
2030-08-24 04:00:00,276.34042926526234
2030-08-24 05:00:00,275.39438146374965
2030-08-24 06:00:00,274.47492147532677
2030-08-24 07:00:00,274.2240257192419
2030-08-24 08:00:00,274.6336089068875
2030-08-24 09:00:00,275.62813576665167
2030-08-24 10:00:00,277.09343206187043
2030-08-24 11:00:00,278.88431829687744
2030-08-24 12:00:00,280.83445131093123
2030-08-24 13:00:00,282.76770083802563
2030-08-24 14:00:00,284.51025968692613
2030-08-24 15:00:00,285.9026174806455
2030-08-24 16:00:00,286.8105295691727
2030-08-24 17:00:00,287.1341884976364
2030-08-24 18:00:00,286.8149496030739
2030-08-24 19:00:00,285.8391594232465
2030-08-24 20:00:00,284.6187127687604
2030-08-24 21:00:00,283.4342973246136
2030-08-24 22:00:00,282.28462718346367
2030-08-24 23:00:00,281.16847552137585
2030-08-25 00:00:00,280.0846710838653
2030-08-25 01:00:00,279.04414622007425
2030-08-25 02:00:00,278.03773693203874
2030-08-25 03:00:00,277.0641702340436
2030-08-25 04:00:00,276.12223088568084
2030-08-25 05:00:00,275.21075808489826
2030-08-25 06:00:00,274.3286423969529
2030-08-25 07:00:00,274.1024143435349
2030-08-25 08:00:00,274.53764892016176
2030-08-25 09:00:00,275.55599531429897
2030-08-25 10:00:00,277.0408123101081
2030-08-25 11:00:00,278.84496079312146
2030-08-25 12:00:00,280.8007717750646
2030-08-25 13:00:00,282.73150652468206
2030-08-25 14:00:00,284.46350000088887
2030-08-25 15:00:00,285.83811407868865
2030-08-25 16:00:00,286.7226333609379
2030-08-25 17:00:00,287.01931682793617
2030-08-25 18:00:00,286.67196684826234
2030-08-25 19:00:00,285.66957703659483
2030-08-25 20:00:00,284.44311552236303
2030-08-25 21:00:00,283.25789956298524
2030-08-25 22:00:00,282.1123194151838
2030-08-25 23:00:00,281.00484331214284
2030-08-26 00:00:00,279.93401264179744
2030-08-26 01:00:00,278.91060212176166
2030-08-26 02:00:00,277.9247846640368
2030-08-26 03:00:00,276.9750310036854
2030-08-26 04:00:00,276.05988511652447
2030-08-26 05:00:00,275.17795988331693
2030-08-26 06:00:00,274.32793307271805
2030-08-26 07:00:00,274.120740677753
2030-08-26 08:00:00,274.57594457840037
2030-08-26 09:00:00,275.6124705606644
2030-08-26 10:00:00,277.1113132654589
2030-08-26 11:00:00,278.9234780651581
2030-08-26 12:00:00,280.8800661002772
2030-08-26 13:00:00,282.80380922965116
2030-08-26 14:00:00,284.5212392739082
2030-08-26 15:00:00,285.87461516301545
2030-08-26 16:00:00,286.7327423985852
2030-08-26 17:00:00,286.9999042058754
2030-08-26 18:00:00,286.62227587976116
2030-08-26 19:00:00,285.59139641354204
2030-08-26 20:00:00,284.3572894871482
2030-08-26 21:00:00,283.16956584884076
2030-08-26 22:00:00,282.02625826113797
2030-08-26 23:00:00,280.92549998620456
2030-08-27 00:00:00,279.86551833790026
2030-08-27 01:00:00,278.8520958596518
2030-08-27 02:00:00,277.8783041016693
2030-08-27 03:00:00,276.9424483929978
2030-08-27 04:00:00,276.0429179904316
2030-08-27 05:00:00,275.1781810071585
2030-08-27 06:00:00,274.3467797205604
2030-08-27 07:00:00,274.14399637509194
2030-08-27 08:00:00,274.60463381763066
2030-08-27 09:00:00,275.64593697981786
2030-08-27 10:00:00,277.14743271099826
2030-08-27 11:00:00,278.958962310831
2030-08-27 12:00:00,280.9108380756336
2030-08-27 13:00:00,282.82542459223316
2030-08-27 14:00:00,284.52932495342066
2030-08-27 15:00:00,285.865293679291
2030-08-27 16:00:00,286.7030116491859
2030-08-27 17:00:00,286.94794603532625
2030-08-27 18:00:00,286.5476726832017
2030-08-27 19:00:00,285.4952425421009
2030-08-27 20:00:00,284.25881379084495
2030-08-27 21:00:00,283.0717822635679
2030-08-27 22:00:00,281.93195065391035
2030-08-27 23:00:00,280.8372375270789
2030-08-28 00:00:00,279.7856697267391
2030-08-28 01:00:00,278.75297968344006
2030-08-28 02:00:00,277.7534647285462
2030-08-28 03:00:00,276.7859071525122
2030-08-28 04:00:00,275.8491438163437
2030-08-28 05:00:00,274.94206305680825
2030-08-28 06:00:00,274.0636018102887
2030-08-28 07:00:00,273.7937580873508
2030-08-28 08:00:00,274.1886920728423
2030-08-28 09:00:00,275.1702047428405
2030-08-28 10:00:00,276.62162998048757
2030-08-28 11:00:00,278.395624950406
2030-08-28 12:00:00,280.32414824102
2030-08-28 13:00:00,282.22994194506407
2030-08-28 14:00:00,283.9387076016727
2030-08-28 15:00:00,285.291100398225
2030-08-28 16:00:00,286.15367162052615
2030-08-28 17:00:00,286.42796927879533
2030-08-28 18:00:00,286.0571548630961
2030-08-28 19:00:00,285.02969422504594
2030-08-28 20:00:00,283.8260347053828
2030-08-28 21:00:00,282.6619924270824
2030-08-28 22:00:00,281.53604965855766
2030-08-28 23:00:00,280.44676104111363
2030-08-29 00:00:00,279.39274917783155
2030-08-29 01:00:00,278.36704339203465
2030-08-29 02:00:00,277.37261983543044
2030-08-29 03:00:00,276.40837458145927
2030-08-29 04:00:00,275.4732518946071
2030-08-29 05:00:00,274.56624154999673
2030-08-29 06:00:00,273.68637633868246
2030-08-29 07:00:00,273.39796629578797
2030-08-29 08:00:00,273.775102398132
2030-08-29 09:00:00,274.74058632674826
2030-08-29 10:00:00,276.1785598320431
2030-08-29 11:00:00,277.94224315625297
2030-08-29 12:00:00,279.86387695569243
2030-08-29 13:00:00,281.76618711029676
2030-08-29 14:00:00,283.4745642491661
2030-08-29 15:00:00,284.82908266215924
2030-08-29 16:00:00,285.69548704221916
2030-08-29 17:00:00,285.97435366340306
2030-08-29 18:00:00,285.6077791490575
2030-08-29 19:00:00,284.5831490921827
2030-08-29 20:00:00,283.3966963120321
2030-08-29 21:00:00,282.2473529306377
2030-08-29 22:00:00,281.1337506593137
2030-08-29 23:00:00,280.0545847686461
2030-08-30 00:00:00,279.0086102954204
2030-08-30 01:00:00,277.9900587551282
2030-08-30 02:00:00,277.0013445836275
2030-08-30 03:00:00,276.0414460646211
2030-08-30 04:00:00,275.1093851965512
2030-08-30 05:00:00,274.2042252985456
2030-08-30 06:00:00,273.32506877961043
2030-08-30 07:00:00,273.0203939441852
2030-08-30 08:00:00,273.38201449336617
2030-08-30 09:00:00,274.33345549665785
2030-08-30 10:00:00,275.75943356610486
2030-08-30 11:00:00,277.513558019303
2030-08-30 12:00:00,279.4282474792887
2030-08-30 13:00:00,281.32618357299395
2030-08-30 14:00:00,283.03249486190987
2030-08-30 15:00:00,284.386795778852
2030-08-30 16:00:00,285.25420778467145
2030-08-30 17:00:00,285.53456680965644
2030-08-30 18:00:00,285.16916650461394
2030-08-30 19:00:00,284.1445852441678
2030-08-30 20:00:00,282.97318847931365
2030-08-30 21:00:00,281.8370078295545
2030-08-30 22:00:00,280.73478244780637
2030-08-30 23:00:00,279.66530887685485
2030-08-31 00:00:00,278.627437681993
2030-08-31 01:00:00,277.61205822920283
2030-08-31 02:00:00,276.6245052013774
2030-08-31 03:00:00,275.6638692463905
2030-08-31 04:00:00,274.72927882236417
2030-08-31 05:00:00,273.81989817092756
2030-08-31 06:00:00,272.9349254255639
2030-08-31 07:00:00,272.6069175679484
2030-08-31 08:00:00,272.9458582488019
2030-08-31 09:00:00,273.8764625451221
2030-08-31 10:00:00,275.28442895311474
2030-08-31 11:00:00,277.0240767362098
2030-08-31 12:00:00,278.9282161137414
2030-08-31 13:00:00,280.8195769665721
2030-08-31 14:00:00,282.5229917471012
2030-08-31 15:00:00,283.8774580660818
2030-08-31 16:00:00,284.74720676955616
2030-08-31 17:00:00,285.03097607320575
2030-08-31 18:00:00,284.6688359922433
2030-08-31 19:00:00,283.6461045265459
2030-08-31 20:00:00,282.4909036297069
2030-08-31 21:00:00,281.36822765065773
2030-08-31 22:00:00,280.2769643570813
2030-08-31 23:00:00,279.2160506610766
2030-09-01 00:00:00,278.1844698056524
2030-09-01 01:00:00,277.18766204205616
2030-09-01 02:00:00,276.21943500320793
2030-09-01 03:00:00,275.27882847102705
2030-09-01 04:00:00,274.3649226261365
2030-09-01 05:00:00,273.476835870265
2030-09-01 06:00:00,272.6137227947789
2030-09-01 07:00:00,272.291976958963
2030-09-01 08:00:00,272.6380099863728
2030-09-01 09:00:00,273.5756045922082
2030-09-01 10:00:00,274.9896118812274
2030-09-01 11:00:00,276.7336434548362
2030-09-01 12:00:00,278.63998746180454
2030-09-01 13:00:00,280.5310705707739
2030-09-01 14:00:00,282.23165876492243
2030-09-01 15:00:00,283.5809208807398
2030-09-01 16:00:00,284.4434806036914
2030-09-01 17:00:00,284.71865887953743
2030-09-01 18:00:00,284.3472536988164
2030-09-01 19:00:00,283.3154024063246
2030-09-01 20:00:00,282.1691134904904
2030-09-01 21:00:00,281.0565675614845
2030-09-01 22:00:00,279.9765786895497
2030-09-01 23:00:00,278.92801404793323
2030-09-02 00:00:00,277.90979084547314
2030-09-02 01:00:00,276.9177883793784
2030-09-02 02:00:00,275.953587558264
2030-09-02 03:00:00,275.01626996198587
2030-09-02 04:00:00,274.10495537459576
2030-09-02 05:00:00,273.2187997436288
2030-09-02 06:00:00,272.3569932750501
2030-09-02 07:00:00,272.0197360441496
2030-09-02 08:00:00,272.3510314172246
2030-09-02 09:00:00,273.275022938024
2030-09-02 10:00:00,274.6768327680999
2030-09-02 11:00:00,276.4102355972371
2030-09-02 12:00:00,278.3075634661953
2030-09-02 13:00:00,280.191164531152
2030-09-02 14:00:00,281.8856091867752
2030-09-02 15:00:00,283.2297673428116
2030-09-02 16:00:00,284.0878817346665
2030-09-02 17:00:00,284.3588377073419
2030-09-02 18:00:00,283.98297434265316
2030-09-02 19:00:00,282.94597963980726
2030-09-02 20:00:00,281.81055467650174
2030-09-02 21:00:00,280.7078012013857
2030-09-02 22:00:00,279.6365903788781
2030-09-02 23:00:00,278.5958433026109
2030-09-03 00:00:00,277.58452814206913
2030-09-03 01:00:00,276.59671170262465
2030-09-03 02:00:00,275.63563019882423
2030-09-03 03:00:00,274.70042209061944
2030-09-03 04:00:00,273.79026111423485
2030-09-03 05:00:00,272.90435442105684
2030-09-03 06:00:00,272.04194083863223
2030-09-03 07:00:00,271.6869388017146
2030-09-03 08:00:00,272.0011647455506
2030-09-03 09:00:00,272.9093401332432
2030-09-03 10:00:00,274.297048428778
2030-09-03 11:00:00,276.0183786024911
2030-09-03 12:00:00,277.9058089553157
2030-09-03 13:00:00,279.781656148485
2030-09-03 14:00:00,281.4702839639569
2030-09-03 15:00:00,282.8101957625818
2030-09-03 16:00:00,283.6651346388463
2030-09-03 17:00:00,283.93338977775744
2030-09-03 18:00:00,283.55465105195685
2030-09-03 19:00:00,282.5139511400547
2030-09-03 20:00:00,281.39053709956306
2030-09-03 21:00:00,280.29834958535537
2030-09-03 22:00:00,279.23633614329844
2030-09-03 23:00:00,278.203490089498
2030-09-04 00:00:00,277.19884793234377
2030-09-04 01:00:00,276.2172635077366
2030-09-04 02:00:00,275.2614752801887
2030-09-04 03:00:00,274.3306692994604
2030-09-04 04:00:00,273.42406448005437
2030-09-04 05:00:00,272.5409108872849
2030-09-04 06:00:00,271.6804881344332
2030-09-04 07:00:00,271.3103297795611
2030-09-04 08:00:00,271.6100149707526
2030-09-04 09:00:00,272.50472816428646
2030-09-04 10:00:00,273.8804176362345
2030-09-04 11:00:00,275.59141495299184
2030-09-04 12:00:00,277.47030253265484
2030-09-04 13:00:00,279.33935563754716
2030-09-04 14:00:00,281.02275418047225
2030-09-04 15:00:00,282.3586884198935
2030-09-04 16:00:00,283.2104818007755
2030-09-04 17:00:00,283.4759278473484
2030-09-04 18:00:00,283.09418080725493
2030-09-04 19:00:00,282.04973649150037
2030-09-04 20:00:00,280.9385574030968
2030-09-04 21:00:00,279.8573779838151
2030-09-04 22:00:00,278.80520817820064
2030-09-04 23:00:00,277.78110035508854
2030-09-05 00:00:00,276.78414694926
2030-09-05 01:00:00,275.83455714298873
2030-09-05 02:00:00,274.91308717051567
2030-09-05 03:00:00,274.01877803071375
2030-09-05 04:00:00,273.15071098172405
2030-09-05 05:00:00,272.3080053931619
2030-09-05 06:00:00,271.4898167410573
2030-09-05 07:00:00,271.14704590119726
2030-09-05 08:00:00,271.4750521291123
2030-09-05 09:00:00,272.3966951797012
2030-09-05 10:00:00,273.7958808185276
2030-09-05 11:00:00,275.52531217106645
2030-09-05 12:00:00,277.4164627982263
2030-09-05 13:00:00,279.291089150649
2030-09-05 14:00:00,280.97347155866936
2030-09-05 15:00:00,282.30250486144405
2030-09-05 16:00:00,283.14276272698123
2030-09-05 17:00:00,283.3937372038708
2030-09-05 18:00:00,282.996601212156
2030-09-05 19:00:00,281.93804082838767
2030-09-05 20:00:00,280.8334870911401
2030-09-05 21:00:00,279.762481597776
2030-09-05 22:00:00,278.7238284688693
2030-09-05 23:00:00,277.716385300903
2030-09-06 00:00:00,276.73906009982505
2030-09-06 01:00:00,275.78881550372853
2030-09-06 02:00:00,274.86640131482534
2030-09-06 03:00:00,273.9708759517592
2030-09-06 04:00:00,273.10133716948184
2030-09-06 05:00:00,272.25691996758843
2030-09-06 06:00:00,271.43679463719315
2030-09-06 07:00:00,271.0752750925927
2030-09-06 08:00:00,271.38540743282323
2030-09-06 09:00:00,272.29020720397176
2030-09-06 10:00:00,273.6736827393488
2030-09-06 11:00:00,275.38857838237533
2030-09-06 12:00:00,277.2663435046584
2030-09-06 13:00:00,279.1286453826045
2030-09-06 14:00:00,280.79961519588363
2030-09-06 15:00:00,282.11794801927505
2030-09-06 16:00:00,282.9479802769767
2030-09-06 17:00:00,283.18894528936056
2030-09-06 18:00:00,282.78175344683456
2030-09-06 19:00:00,281.71284253867844
2030-09-06 20:00:00,280.6147340640631
2030-09-06 21:00:00,279.54959140021475
2030-09-06 22:00:00,278.51625020262907
2030-09-06 23:00:00,277.5135978327462
2030-09-07 00:00:00,276.5405704107564
2030-09-07 01:00:00,275.60244560724556
2030-09-07 02:00:00,274.6926840608544
2030-09-07 03:00:00,273.81030529395105
2030-09-07 04:00:00,272.95437023329026
2030-09-07 05:00:00,272.1239789970657
2030-09-07 06:00:00,271.31826882929397
2030-09-07 07:00:00,270.9548398594351
2030-09-07 08:00:00,271.26388886402657
2030-09-07 09:00:00,272.16772680310027
2030-09-07 10:00:00,273.5497259638206
2030-09-07 11:00:00,275.26210301231674
2030-09-07 12:00:00,277.13592102146276
2030-09-07 13:00:00,278.9926258508381
2030-09-07 14:00:00,280.65630413920695
2030-09-07 15:00:00,281.9657827070329
2030-09-07 16:00:00,282.7856928513012
2030-09-07 17:00:00,283.0157012888875
2030-09-07 18:00:00,282.5972563900557
2030-09-07 19:00:00,281.51739804048884
2030-09-07 20:00:00,280.42661533640006
2030-09-07 21:00:00,279.3696098039583
2030-09-07 22:00:00,278.3451636105033
2030-09-07 23:00:00,277.35211358494956
2030-09-08 00:00:00,276.3893480821635
2030-09-08 01:00:00,275.48792129328575
2030-09-08 02:00:00,274.6181101588539
2030-09-08 03:00:00,273.77869325009306
2030-09-08 04:00:00,272.96850430964093
2030-09-08 05:00:00,272.1864291880564
2030-09-08 06:00:00,271.4314029912496
2030-09-08 07:00:00,271.1040760379358
2030-09-08 08:00:00,271.450152729784
2030-09-08 09:00:00,272.3885963371656
2030-09-08 10:00:00,273.7998916396007
2030-09-08 11:00:00,275.5340102353044
2030-09-08 12:00:00,277.42055405091634
2030-09-08 13:00:00,279.28038053981567
2030-09-08 14:00:00,280.9378886619439
2030-09-08 15:00:00,282.23308209924886
2030-09-08 16:00:00,283.03253534884556
2030-09-08 17:00:00,283.2384721339705
2030-09-08 18:00:00,282.79531721055326
2030-09-08 19:00:00,281.69328560184437
2030-09-08 20:00:00,280.6033879498816
2030-09-08 21:00:00,279.5525644579242
2030-09-08 22:00:00,278.5392437314066
2030-09-08 23:00:00,277.561929953512
2030-09-09 00:00:00,276.6191983418005
2030-09-09 01:00:00,275.6669335375115
2030-09-09 02:00:00,274.7417149153104
2030-09-09 03:00:00,273.84264721709326
2030-09-09 04:00:00,272.9688721000739
2030-09-09 05:00:00,272.11956619125317
2030-09-09 06:00:00,271.2939392695709
2030-09-09 07:00:00,270.876070385113
2030-09-09 08:00:00,271.13227517759225
2030-09-09 09:00:00,271.985999609995
2030-09-09 10:00:00,273.32154191061534
2030-09-09 11:00:00,274.9917725471425
2030-09-09 12:00:00,276.8280908152477
2030-09-09 13:00:00,278.6519373119299
2030-09-09 14:00:00,280.2870519613928
2030-09-09 15:00:00,281.5715979694893
2030-09-09 16:00:00,282.36927373432644
2030-09-09 17:00:00,282.57861099736635
2030-09-09 18:00:00,282.13980267793954
2030-09-09 19:00:00,281.03860235520926
2030-09-09 20:00:00,279.9590543533099
2030-09-09 21:00:00,278.91086899936715
2030-09-09 22:00:00,277.89296685737236
2030-09-09 23:00:00,276.9043154971424
2030-09-10 00:00:00,275.9439268605748
2030-09-10 01:00:00,275.0458441909316
2030-09-10 02:00:00,274.17763692812116
2030-09-10 03:00:00,273.33819954918266
2030-09-10 04:00:00,272.52647495372935
2030-09-10 05:00:00,271.7414518325879
2030-09-10 06:00:00,270.9821622141302
2030-09-10 07:00:00,270.6156193807519
2030-09-10 08:00:00,270.92386985331876
2030-09-10 09:00:00,271.8269897006743
2030-09-10 10:00:00,273.2063596481472
2030-09-10 11:00:00,274.912571696513
2030-09-10 12:00:00,276.7755315632928
2030-09-10 13:00:00,278.616064063642
2030-09-10 14:00:00,280.25820271167527
2030-09-10 15:00:00,281.5412803896055
2030-09-10 16:00:00,282.33094510951975
2030-09-10 17:00:00,282.5283066934501
2030-09-10 18:00:00,282.0765701393417
2030-09-10 19:00:00,280.9712794200106
2030-09-10 20:00:00,279.90375236820995
2030-09-10 21:00:00,278.8725224325332
2030-09-10 22:00:00,277.87619221084856
2030-09-10 23:00:00,276.9134293366983
2030-09-11 00:00:00,275.98296267052694
2030-09-11 01:00:00,275.093313448074
2030-09-11 02:00:00,274.23449891419114
2030-09-11 03:00:00,273.4053409484961
2030-09-11 04:00:00,272.6047141102687
2030-09-11 05:00:00,271.83154274061536
2030-09-11 06:00:00,271.08479826232366
2030-09-11 07:00:00,270.71447737539796
2030-09-11 08:00:00,271.0198996105774
2030-09-11 09:00:00,271.92013625315343
2030-09-11 10:00:00,273.29569098455784
2030-09-11 11:00:00,274.996459575149
2030-09-11 12:00:00,276.8518740962446
2030-09-11 13:00:00,278.68253525524904
2030-09-11 14:00:00,280.3125116763713
2030-09-11 15:00:00,281.58142190581833
2030-09-11 16:00:00,282.3554236926866
2030-09-11 17:00:00,282.5363184988176
2030-09-11 18:00:00,282.0681305049526
2030-09-11 19:00:00,280.9644216187812
2030-09-11 20:00:00,279.89995223282364
2030-09-11 21:00:00,278.8731518694517
2030-09-11 22:00:00,277.88252553771383
2030-09-11 23:00:00,276.92664918585217
2030-09-12 00:00:00,276.00416549487664
2030-09-12 01:00:00,275.0953164611963
2030-09-12 02:00:00,274.21557046330236
2030-09-12 03:00:00,273.36388091844674
2030-09-12 04:00:00,272.53924630356767
2030-09-12 05:00:00,271.7407077295394
2030-09-12 06:00:00,270.9673466779205
2030-09-12 07:00:00,270.55224718843147
2030-09-12 08:00:00,270.8135870596195
2030-09-12 09:00:00,271.6721896913126
2030-09-12 10:00:00,273.01003470235287
2030-09-12 11:00:00,274.678122460599
2030-09-12 12:00:00,276.506546845701
2030-09-12 13:00:00,278.3160859255045
2030-09-12 14:00:00,279.9304933632207
2030-09-12 15:00:00,281.1886076910904
2030-09-12 16:00:00,281.9554023835037
2030-09-12 17:00:00,282.1311800952171
2030-09-12 18:00:00,281.65826319933154
2030-09-12 19:00:00,280.5656066510015
2030-09-12 20:00:00,279.50884558651677
2030-09-12 21:00:00,278.48662863191896
2030-09-12 22:00:00,277.4976667315245
2030-09-12 23:00:00,276.5407295043405
2030-09-13 00:00:00,275.6146418658782
2030-09-13 01:00:00,274.75568975128147
2030-09-13 02:00:00,273.92854798332866
2030-09-13 03:00:00,273.13193713440717
2030-09-13 04:00:00,272.36463681728685
2030-09-13 05:00:00,271.62548238867447
2030-09-13 06:00:00,270.9133618797687
2030-09-13 07:00:00,270.5441090862225
2030-09-13 08:00:00,270.85197555385923
2030-09-13 09:00:00,271.7543134026482
2030-09-13 10:00:00,273.1301309581353
2030-09-13 11:00:00,274.8281432037579
2030-09-13 12:00:00,276.6769868698338
2030-09-13 13:00:00,278.49689779821966
2030-09-13 14:00:00,280.112025339966
2030-09-13 15:00:00,281.3624979392729
2030-09-13 16:00:00,282.1153655722594
2030-09-13 17:00:00,282.27363081424926
2030-09-13 18:00:00,281.782733895262
2030-09-13 19:00:00,280.69214253080474
2030-09-13 20:00:00,279.6429237845495
2030-09-13 21:00:00,278.63333783297986
2030-09-13 22:00:00,277.6617311023066
2030-09-13 23:00:00,276.72653097767994
2030-09-14 00:00:00,275.82624091556886
2030-09-14 01:00:00,274.9849704951004
2030-09-14 02:00:00,274.1778771124911
2030-09-14 03:00:00,273.40347545007
2030-09-14 04:00:00,272.6603526715379
2030-09-14 05:00:00,271.9471642302859
2030-09-14 06:00:00,271.2626299738422
2030-09-14 07:00:00,270.90531118842443
2030-09-14 08:00:00,271.22618442923175
2030-09-14 09:00:00,272.14009524614556
2030-09-14 10:00:00,273.52392714263846
2030-09-14 11:00:00,275.224779229795
2030-09-14 12:00:00,277.0702765622539
2030-09-14 13:00:00,278.8803025475867
2030-09-14 14:00:00,280.4793228314872
2030-09-14 15:00:00,281.70841312913313
2030-09-14 16:00:00,282.43611909604635
2030-09-14 17:00:00,282.56736646754024
2030-09-14 18:00:00,282.04979664049756
2030-09-14 19:00:00,280.95242852786333
2030-09-14 20:00:00,279.90064024081795
2030-09-14 21:00:00,278.89236679799916
2030-09-14 22:00:00,277.92565121125506
2030-09-14 23:00:00,276.998637613264
2030-09-15 00:00:00,276.109564925824
2030-09-15 01:00:00,275.2690235670102
2030-09-15 02:00:00,274.46416035543666
2030-09-15 03:00:00,273.6933642572693
2030-09-15 04:00:00,272.955105240307
2030-09-15 05:00:00,272.2479294899884
2030-09-15 06:00:00,271.5704549688439
2030-09-15 07:00:00,271.2039907703803
2030-09-15 08:00:00,271.5169390586709
2030-09-15 09:00:00,272.4228423031868
2030-09-15 10:00:00,273.79748094116184
2030-09-15 11:00:00,275.48711340766135
2030-09-15 12:00:00,277.31883263620136
2030-09-15 13:00:00,279.1123243452154
2030-09-15 14:00:00,280.69219391417056
2030-09-15 15:00:00,281.89997359538563
2030-09-15 16:00:00,282.60493951521
2030-09-15 17:00:00,282.7129600773915
2030-09-15 18:00:00,282.1727559812266
2030-09-15 19:00:00,281.0717414182477
2030-09-15 20:00:00,280.01843791580444
2030-09-15 21:00:00,279.01060537124886
2030-09-15 22:00:00,278.0461239828962
2030-09-15 23:00:00,277.12298645236615
2030-09-16 00:00:00,276.239290809852
2030-09-16 01:00:00,275.3873892551246
2030-09-16 02:00:00,274.57092706415665
2030-09-16 03:00:00,273.788330486532
2030-09-16 04:00:00,273.0381039931031
2030-09-16 05:00:00,272.3188256836471
2030-09-16 06:00:00,271.6291430232987
2030-09-16 07:00:00,271.23319830964635
2030-09-16 08:00:00,271.5177152083222
2030-09-16 09:00:00,272.3967637535542
2030-09-16 10:00:00,273.74655360535996
2030-09-16 11:00:00,275.41364459444264
2030-09-16 12:00:00,277.2252820802254
2030-09-16 13:00:00,279.00114426746705
2030-09-16 14:00:00,280.56566939165765
2030-09-16 15:00:00,281.76007474604137
2030-09-16 16:00:00,282.45319626524315
2030-09-16 17:00:00,282.5503685959485
2030-09-16 18:00:00,281.99972339256976
2030-09-16 19:00:00,280.9053545209318
2030-09-16 20:00:00,279.85743431348226
2030-09-16 21:00:00,278.8538207728983
2030-09-16 22:00:00,277.89248532401547
2030-09-16 23:00:00,276.9715055395882
2030-09-17 00:00:00,276.08905844182306
2030-09-17 01:00:00,275.2566515753359
2030-09-17 02:00:00,274.460450362297
2030-09-17 03:00:00,273.6987854398193
2030-09-17 04:00:00,272.97007269135895
2030-09-17 05:00:00,272.2728081636723
2030-09-17 06:00:00,271.60556335084686
2030-09-17 07:00:00,271.2151843932444
2030-09-17 08:00:00,271.5059105016371
2030-09-17 09:00:00,272.3904716566781
2030-09-17 10:00:00,273.7439500030355
2030-09-17 11:00:00,275.4120560322636
2030-09-17 12:00:00,277.22151208511366
2030-09-17 13:00:00,278.9918260915597
2030-09-17 14:00:00,280.54762085284267
2030-09-17 15:00:00,281.7306302346218
2030-09-17 16:00:00,282.410492565585
2030-09-17 17:00:00,282.49356483653287
2030-09-17 18:00:00,281.92914078288703
2030-09-17 19:00:00,280.83982431857726
2030-09-17 20:00:00,279.79881725406204
2030-09-17 21:00:00,278.80380873493306
2030-09-17 22:00:00,277.8526135377198
2030-09-17 23:00:00,276.9431638754932
2030-09-18 00:00:00,276.0735018605216
2030-09-18 01:00:00,275.18578448061044
2030-09-18 02:00:00,274.32949731146243
2030-09-18 03:00:00,273.50341866364954
2030-09-18 04:00:00,272.70638212726607
2030-09-18 05:00:00,271.93727350777084
2030-09-18 06:00:00,271.1950279722146
2030-09-18 07:00:00,270.7095783958259
2030-09-18 08:00:00,270.9054489341102
2030-09-18 09:00:00,271.70090551990654
2030-09-18 10:00:00,272.9756812675905
2030-09-18 11:00:00,274.57896810749526
2030-09-18 12:00:00,276.3395895808004
2030-09-18 13:00:00,278.0776559828687
2030-09-18 14:00:00,279.61687881738214
2030-09-18 15:00:00,280.79665930562294
2030-09-18 16:00:00,281.4830754100123
2030-09-18 17:00:00,281.5779761058867
2030-09-18 18:00:00,281.0255435821227
2030-09-18 19:00:00,279.9603530818066
2030-09-18 20:00:00,278.9336475939768
2030-09-18 21:00:00,277.94387458848615
2030-09-18 22:00:00,276.9895560244317
2030-09-18 23:00:00,276.06928389991725
2030-09-19 00:00:00,275.18171613249467
2030-09-19 01:00:00,274.2514149141793
2030-09-19 02:00:00,273.345103699038
2030-09-19 03:00:00,272.4620433105744
2030-09-19 04:00:00,271.60152359445465
2030-09-19 05:00:00,270.762861948927
2030-09-19 06:00:00,269.94540194776397
2030-09-19 07:00:00,269.3621888541226
2030-09-19 08:00:00,269.4581156515326
2030-09-19 09:00:00,270.1580836149439
2030-09-19 10:00:00,271.3475266598616
2030-09-19 11:00:00,272.88004643739
2030-09-19 12:00:00,274.58730942704756
2030-09-19 13:00:00,276.29053039481613
2030-09-19 14:00:00,277.8127352357494
2030-09-19 15:00:00,278.9909247017434
2030-09-19 16:00:00,279.68725950855764
2030-09-19 17:00:00,279.79846068308404
2030-09-19 18:00:00,279.26276140452484
2030-09-19 19:00:00,278.22571844429297
2030-09-19 20:00:00,277.2160339801331
2030-09-19 21:00:00,276.23283224148435
2030-09-19 22:00:00,275.2752736447952
2030-09-19 23:00:00,274.3425528569723
2030-09-20 00:00:00,273.4338969874993
2030-09-20 01:00:00,272.55700169758666
2030-09-20 02:00:00,271.70327473575975
2030-09-20 03:00:00,270.8719983013498
2030-09-20 04:00:00,270.062482455472
2030-09-20 05:00:00,269.27406373550923
2030-09-20 06:00:00,268.5061038553677
2030-09-20 07:00:00,267.9543745643926
2030-09-20 08:00:00,268.0814045930741
2030-09-20 09:00:00,268.81163835299185
2030-09-20 10:00:00,270.03010636629085
2030-09-20 11:00:00,271.59008988192556
2030-09-20 12:00:00,273.3230413228638
2030-09-20 13:00:00,275.0500830902746
2030-09-20 14:00:00,276.59427666537084
2030-09-20 15:00:00,277.79278325834196
2030-09-20 16:00:00,278.5080370376418
2030-09-20 17:00:00,278.63712599970944
2030-09-20 18:00:00,278.11871839434195
2030-09-20 19:00:00,277.11615312611053
2030-09-20 20:00:00,276.1407527744115
2030-09-20 21:00:00,275.1916386487581
2030-09-20 22:00:00,274.2679682557058
2030-09-20 23:00:00,273.3689333759593
2030-09-21 00:00:00,272.49375826848785
2030-09-21 01:00:00,271.6340203947747
2030-09-21 02:00:00,270.79625473223444
2030-09-21 03:00:00,269.97979871448695
2030-09-21 04:00:00,269.184014949114
2030-09-21 05:00:00,268.40828998944204
2030-09-21 06:00:00,267.65203318089783
2030-09-21 07:00:00,267.0937595226039
2030-09-21 08:00:00,267.2139396332566
2030-09-21 09:00:00,267.9376017912982
2030-09-21 10:00:00,269.15028358961297
2030-09-21 11:00:00,270.7056651722538
2030-09-21 12:00:00,272.4354645711371
2030-09-21 13:00:00,274.16091975859086
2030-09-21 14:00:00,275.7050510142121
2030-09-21 15:00:00,276.90482583891674
2030-09-21 16:00:00,277.622347541002
2030-09-21 17:00:00,277.75426162475185
2030-09-21 18:00:00,277.2387159642509
2030-09-21 19:00:00,276.2557925713054
2030-09-21 20:00:00,275.2986570714194
2030-09-21 21:00:00,274.3664964549905
2030-09-21 22:00:00,273.4585305351183
2030-09-21 23:00:00,272.5740102356813
2030-09-22 00:00:00,271.71221599037284
2030-09-22 01:00:00,270.9370433189082
2030-09-22 02:00:00,270.1860356081322
2030-09-22 03:00:00,269.4583585418484
2030-09-22 04:00:00,268.7532117093787
2030-09-22 05:00:00,268.0698269034765
2030-09-22 06:00:00,267.4074665242985
2030-09-22 07:00:00,266.92719761433574
2030-09-22 08:00:00,267.1261433184035
2030-09-22 09:00:00,267.925448767689
2030-09-22 10:00:00,269.20729634853814
2030-09-22 11:00:00,270.822754176889
2030-09-22 12:00:00,272.6018393686654
2030-09-22 13:00:00,274.36510683200794
2030-09-22 14:00:00,275.9359475747587
2030-09-22 15:00:00,277.15271466394324
2030-09-22 16:00:00,277.8798001434864
2030-09-22 17:00:00,278.0168655605816
2030-09-22 18:00:00,277.50557613681855
2030-09-22 19:00:00,276.5470650889275
2030-09-22 20:00:00,275.6192254002131
2030-09-22 21:00:00,274.72094674323404
2030-09-22 22:00:00,273.8511673252745
2030-09-22 23:00:00,273.0088712210401
2030-09-23 00:00:00,272.1930858878844
2030-09-23 01:00:00,271.3782327327097
2030-09-23 02:00:00,270.58697644720655
2030-09-23 03:00:00,269.81854359303907
2030-09-23 04:00:00,269.0721913520541
2030-09-23 05:00:00,268.34720600238575
2030-09-23 06:00:00,267.6429014889794
2030-09-23 07:00:00,267.1030840565796
2030-09-23 08:00:00,267.24302456926074
2030-09-23 09:00:00,267.98538809002343
2030-09-23 10:00:00,269.213674898192
2030-09-23 11:00:00,270.77998146000516
2030-09-23 12:00:00,272.5149946670519
2030-09-23 13:00:00,274.2395357205846
2030-09-23 14:00:00,275.7768416435133
2030-09-23 15:00:00,276.9647044036606
2030-09-23 16:00:00,277.6665903405784
2030-09-23 17:00:00,277.7809394102537
2030-09-23 18:00:00,277.247988893153
2030-09-23 19:00:00,276.28461521824386
2030-09-23 20:00:00,275.3498343744345
2030-09-23 21:00:00,274.4426673256085
2030-09-23 22:00:00,273.56217637490727
2030-09-23 23:00:00,272.70746294441966
2030-09-24 00:00:00,271.87766550341865
2030-09-24 01:00:00,271.07151893106675
2030-09-24 02:00:00,270.2886496764282
2030-09-24 03:00:00,269.5282976050475
2030-09-24 04:00:00,268.7897325360496
2030-09-24 05:00:00,268.07225275923105
2030-09-24 06:00:00,267.3751836435439
2030-09-24 07:00:00,266.82503674530875
2030-09-24 08:00:00,266.9548044124563
2030-09-24 09:00:00,267.68720769181004
2030-09-24 10:00:00,268.90580378311887
2030-09-24 11:00:00,270.4627425695436
2030-09-24 12:00:00,272.18875639109694
2030-09-24 13:00:00,273.90469977474527
2030-09-24 14:00:00,275.4338274880098
2030-09-24 15:00:00,276.61393129032007
2030-09-24 16:00:00,277.3084584067232
2030-09-24 17:00:00,277.4158114416051
2030-09-24 18:00:00,276.8761743952628
2030-09-24 19:00:00,275.92361081646584
2030-09-24 20:00:00,274.999230243099
2030-09-24 21:00:00,274.1020716602596
2030-09-24 22:00:00,273.2312144217987
2030-09-24 23:00:00,272.38577609450493
2030-09-25 00:00:00,271.56491044569844
2030-09-25 01:00:00,270.72245722148995
2030-09-25 02:00:00,269.9009492214092
2030-09-25 03:00:00,269.0997692450227
2030-09-25 04:00:00,268.31832309979166
2030-09-25 05:00:00,267.556038498027
2030-09-25 06:00:00,266.81236401963577
2030-09-25 07:00:00,266.1966321367726
2030-09-25 08:00:00,266.26005153665375
2030-09-25 09:00:00,266.92812316629914
2030-09-25 10:00:00,268.08682856176597
2030-09-25 11:00:00,269.5902306244935
2030-09-25 12:00:00,271.2703394947417
2030-09-25 13:00:00,272.94857039358584
2030-09-25 14:00:00,274.44798918854826
2030-09-25 15:00:00,275.6054697429675
2030-09-25 16:00:00,276.2828853870269
2030-09-25 17:00:00,276.3765289632182
2030-09-25 18:00:00,275.8240966774085
2030-09-25 19:00:00,274.8741950781175
2030-09-25 20:00:00,273.9484844201121
2030-09-25 21:00:00,273.04622233376847
2030-09-25 22:00:00,272.16669568763217
2030-09-25 23:00:00,271.3092190997587
2030-09-26 00:00:00,270.4731335432269
2030-09-26 01:00:00,269.73174284748086
2030-09-26 02:00:00,269.0130518155722
2030-09-26 03:00:00,268.3162919320554
2030-09-26 04:00:00,267.64072524372136
2030-09-26 05:00:00,266.9856428606533
2030-09-26 06:00:00,266.3503635484912
2030-09-26 07:00:00,265.8268142890962
2030-09-26 08:00:00,265.9830885204363
2030-09-26 09:00:00,266.74071211281404
2030-09-26 10:00:00,267.9822330929974
2030-09-26 11:00:00,269.559043386954
2030-09-26 12:00:00,271.30141703267105
2030-09-26 13:00:00,273.03007753087024
2030-09-26 14:00:00,274.5684802977659
2030-09-26 15:00:00,275.7549301253888
2030-09-26 16:00:00,276.45365823042215
2030-09-26 17:00:00,276.56406203550875
2030-09-26 18:00:00,276.02745723737695
2030-09-26 19:00:00,275.11351386043344
2030-09-26 20:00:00,274.22826964001644
2030-09-26 21:00:00,273.370707316266
2030-09-26 22:00:00,272.53985305491636
2030-09-26 23:00:00,271.73477412057315
2030-09-27 00:00:00,270.9545767051914
2030-09-27 01:00:00,270.2063232330577
2030-09-27 02:00:00,269.4815218234122
2030-09-27 03:00:00,268.77936238072976
2030-09-27 04:00:00,268.09906754146095
2030-09-27 05:00:00,267.43989104814784
2030-09-27 06:00:00,266.8011162236556
2030-09-27 07:00:00,266.25737375649146
2030-09-27 08:00:00,266.39426535168946
2030-09-27 09:00:00,267.13282028109825
2030-09-27 10:00:00,268.3551779617599
2030-09-27 11:00:00,269.9124314876708
2030-09-27 12:00:00,271.6346808873209
2030-09-27 13:00:00,273.3426073966428
2030-09-27 14:00:00,274.85975389201656
2030-09-27 15:00:00,276.0246312896979
2030-09-27 16:00:00,276.70177620344435
2030-09-27 17:00:00,276.79096450336937
2030-09-27 18:00:00,276.2339324664106
2030-09-27 19:00:00,275.31793691621954
2030-09-27 20:00:00,274.4313347278976
2030-09-27 21:00:00,273.5730660623394
2030-09-27 22:00:00,272.74211686323713
2030-09-27 23:00:00,271.9375163830537
2030-09-28 00:00:00,271.15833487536946
2030-09-28 01:00:00,270.3834306579445
2030-09-28 02:00:00,269.63150943339076
2030-09-28 03:00:00,268.9018087383613
2030-09-28 04:00:00,268.193596244013
2030-09-28 05:00:00,267.50616827212247
2030-09-28 06:00:00,266.83884840205764
2030-09-28 07:00:00,266.24906732115113
2030-09-28 08:00:00,266.3401126420608
2030-09-28 09:00:00,267.034188935245
2030-09-28 10:00:00,268.21446686957233
2030-09-28 11:00:00,269.7328588025594
2030-09-28 12:00:00,271.42001741388646
2030-09-28 13:00:00,273.0968731124243
2030-09-28 14:00:00,274.58689861208956
2030-09-28 15:00:00,275.7282221607178
2030-09-28 16:00:00,276.38471454332296
2030-09-28 17:00:00,276.4552523964647
2030-09-28 18:00:00,275.8805056444954
2030-09-28 19:00:00,274.96369050336233
2030-09-28 20:00:00,274.0746797079427
2030-09-28 21:00:00,273.2125131723261
2030-09-28 22:00:00,272.3762711240558
2030-09-28 23:00:00,271.5650719672674
2030-09-29 00:00:00,270.7780702869035
2030-09-29 01:00:00,270.08242241270585
2030-09-29 02:00:00,269.41124201373174
2030-09-29 03:00:00,268.76360408632854
2030-09-29 04:00:00,268.13862316264914
2030-09-29 05:00:00,267.53545129465533
2030-09-29 06:00:00,266.95327616409554
2030-09-29 07:00:00,266.4321921694225
2030-09-29 08:00:00,266.59259814995585
2030-09-29 09:00:00,267.35289817798224
2030-09-29 10:00:00,268.59302643878124
2030-09-29 11:00:00,270.1624246094764
2030-09-29 12:00:00,271.89019379011455
2030-09-29 13:00:00,273.59672381260475
2030-09-29 14:00:00,275.1059797454707
2030-09-29 15:00:00,276.2575639769136
2030-09-29 16:00:00,276.9176820550242
2030-09-29 17:00:00,276.9882240129313
2030-09-29 18:00:00,276.41332343799473
2030-09-29 19:00:00,275.5169221318381
2030-09-29 20:00:00,274.65276229678494
2030-09-29 21:00:00,273.81957308811826
2030-09-29 22:00:00,273.01614183755635
2030-09-29 23:00:00,272.24131079693603
2030-09-30 00:00:00,271.49397410753676
2030-09-30 01:00:00,270.70908876240145
2030-09-30 02:00:00,269.94751912342673
2030-09-30 03:00:00,269.20848948061894
2030-09-30 04:00:00,268.49125491674266
2030-09-30 05:00:00,267.79509978275127
2030-09-30 06:00:00,267.11933626709225
2030-09-30 07:00:00,266.48700252591635
2030-09-30 08:00:00,266.53622917978714
2030-09-30 09:00:00,267.1892200612184
2030-09-30 10:00:00,268.3291911194188
2030-09-30 11:00:00,269.80813769632556
2030-09-30 12:00:00,271.45682236343896
2030-09-30 13:00:00,273.09629972342054
2030-09-30 14:00:00,274.5501674375391
2030-09-30 15:00:00,275.65666599345593
2030-09-30 16:00:00,276.27975345273444
2030-09-30 17:00:00,276.3183587961434
2030-09-30 18:00:00,275.71316257216336
2030-09-30 19:00:00,274.8014316271749
2030-09-30 20:00:00,273.9173289055275
2030-09-30 21:00:00,273.0599017518783
2030-09-30 22:00:00,272.2282374282386
2030-09-30 23:00:00,271.4214610034125
2030-10-01 00:00:00,270.63873338142196
2030-10-01 01:00:00,269.82187363868735
2030-10-01 02:00:00,269.025387522774
2030-10-01 03:00:00,268.2486768153925
2030-10-01 04:00:00,267.4911653821591
2030-10-01 05:00:00,266.75229812673547
2030-10-01 06:00:00,266.0315400066145
2030-10-01 07:00:00,265.33494125389075
2030-10-01 08:00:00,265.31812600106014
2030-10-01 09:00:00,265.906633088104
2030-10-01 10:00:00,266.9865950973861
2030-10-01 11:00:00,268.41232194767497
2030-10-01 12:00:00,270.016142075052
2030-10-01 13:00:00,271.6198296373666
2030-10-01 14:00:00,273.0468158524433
2030-10-01 15:00:00,274.1343115221481
2030-10-01 16:00:00,274.74446638043247
2030-10-01 17:00:00,274.77376286180163
2030-10-01 18:00:00,274.15998200660624
2030-10-01 19:00:00,273.25421302340385
2030-10-01 20:00:00,272.37148370745444
2030-10-01 21:00:00,271.5110945125618
2030-10-01 22:00:00,270.6723729337977
2030-10-01 23:00:00,269.8546721598917
2030-10-02 00:00:00,269.05736980912934
2030-10-02 01:00:00,268.33170674465055
2030-10-02 02:00:00,267.62668500370023
2030-10-02 03:00:00,266.9416475257702
2030-10-02 04:00:00,266.27596218005584
2030-10-02 05:00:00,265.6290205867356
2030-10-02 06:00:00,265.0002370075446
2030-10-02 07:00:00,264.38904730075166
2030-10-02 08:00:00,264.4468960403568
2030-10-02 09:00:00,265.1077397430798
2030-10-02 10:00:00,266.2556407314057
2030-10-02 11:00:00,267.7433100741278
2030-10-02 12:00:00,269.4020531737463
2030-10-02 13:00:00,271.05326227680536
2030-10-02 14:00:00,272.52064830530776
2030-10-02 15:00:00,273.6423368701184
2030-10-02 16:00:00,274.28195580566296
2030-10-02 17:00:00,274.3379173598116
2030-10-02 18:00:00,273.75024157708856
2030-10-02 19:00:00,272.88930111641764
2030-10-02 20:00:00,272.0534130593849
2030-10-02 21:00:00,271.241746716061
2030-10-02 22:00:00,270.45350491637095
2030-10-02 23:00:00,269.6879223020886
2030-10-03 00:00:00,268.94426372722523
2030-10-03 01:00:00,268.24307647124874
2030-10-03 02:00:00,267.56288476749825
2030-10-03 03:00:00,266.90299485684994
2030-10-03 04:00:00,266.2627398372403
2030-10-03 05:00:00,265.641478384066
2030-10-03 06:00:00,265.03859354617566
2030-10-03 07:00:00,264.4534916120782
2030-10-03 08:00:00,264.52018500796834
2030-10-03 09:00:00,265.1891911586842
2030-10-03 10:00:00,266.34372867119487
2030-10-03 11:00:00,267.8358837494618
2030-10-03 12:00:00,269.4965934317806
2030-10-03 13:00:00,271.14715855233175
2030-10-03 14:00:00,272.61147683940027
2030-10-03 15:00:00,273.7281205454241
2030-10-03 16:00:00,274.3613871522522
2030-10-03 17:00:00,274.410529109607
2030-10-03 18:00:00,273.8165133097563
2030-10-03 19:00:00,272.9675263635256
2030-10-03 20:00:00,272.1445365666338
2030-10-03 21:00:00,271.34664913635174
2030-10-03 22:00:00,270.57300619499335
2030-10-03 23:00:00,269.82278486576445
2030-10-04 00:00:00,269.09519549086406
2030-10-04 01:00:00,268.49525162825444
2030-10-04 02:00:00,267.9178522859102
2030-10-04 03:00:00,267.3621031096249
2030-10-04 04:00:00,266.82714878389726
2030-10-04 05:00:00,266.3121710574226
2030-10-04 06:00:00,265.8163868888813
2030-10-04 07:00:00,265.3390467041744
2030-10-04 08:00:00,265.49663927455487
2030-10-04 09:00:00,266.2522946781743
2030-10-04 10:00:00,267.484777169983
2030-10-04 11:00:00,269.04279098233235
2030-10-04 12:00:00,270.7551700930669
2030-10-04 13:00:00,272.44251281227446
2030-10-04 14:00:00,273.92944003184766
2030-10-04 15:00:00,275.0565974647394
2030-10-04 16:00:00,275.69153480952303
2030-10-04 17:00:00,275.7376806406832
2030-10-04 18:00:00,275.14078383241707
2030-10-04 19:00:00,274.3108217462128
2030-10-04 20:00:00,273.5127477232461
2030-10-04 21:00:00,272.7452424578884
2030-10-04 22:00:00,272.00704852363737
2030-10-04 23:00:00,271.29696690059217
2030-10-05 00:00:00,270.6138537421152
2030-10-05 01:00:00,269.95755286542624
2030-10-05 02:00:00,269.326100688207
2030-10-05 03:00:00,268.7184993399337
2030-10-05 04:00:00,268.133795364464
2030-10-05 05:00:00,267.57107741020656
2030-10-05 06:00:00,267.0294740657977
2030-10-05 07:00:00,266.5081518302076
2030-10-05 08:00:00,266.6061744986714
2030-10-05 09:00:00,267.3040617689649
2030-10-05 10:00:00,268.48044480326087
2030-10-05 11:00:00,269.98395994701303
2030-10-05 12:00:00,271.64343209349465
2030-10-05 13:00:00,273.2794998522789
2030-10-05 14:00:00,274.7168617260016
2030-10-05 15:00:00,275.796264220322
2030-10-05 16:00:00,276.38536569821304
2030-10-05 17:00:00,276.38769590085997
2030-10-05 18:00:00,275.7490831998213
2030-10-05 19:00:00,274.8962334981735
2030-10-05 20:00:00,274.0762897773223
2030-10-05 21:00:00,273.2878826133442
2030-10-05 22:00:00,272.5297073425183
2030-10-05 23:00:00,271.80052038867075
2030-10-06 00:00:00,271.09913584644545
2030-10-06 01:00:00,270.3351367061978
2030-10-06 02:00:00,269.5943784914958
2030-10-06 03:00:00,268.8760757819278
2030-10-06 04:00:00,268.17947451793793
2030-10-06 05:00:00,267.5038504497349
2030-10-06 06:00:00,266.84850768148107
2030-10-06 07:00:00,266.2127773037255
2030-10-06 08:00:00,266.17856994928013
2030-10-06 09:00:00,266.7484949797633
2030-10-06 10:00:00,267.8056712224416
2030-10-06 11:00:00,269.2022208342935
2030-10-06 12:00:00,270.76923553600784
2030-10-06 13:00:00,272.3282654650271
2030-10-06 14:00:00,273.70352234325463
2030-10-06 15:00:00,274.73392317623967
2030-10-06 16:00:00,275.2841053766075
2030-10-06 17:00:00,275.2536220012187
2030-10-06 18:00:00,274.5836706364455
2030-10-06 19:00:00,273.71261711105
2030-10-06 20:00:00,272.86848821847263
2030-10-06 21:00:00,272.05034727273437
2030-10-06 22:00:00,271.25729669848204
2030-10-06 23:00:00,270.48847598595285
2030-10-07 00:00:00,269.7430597790215
2030-10-07 01:00:00,268.95588994931404
2030-10-07 02:00:00,268.18869281885435
2030-10-07 03:00:00,267.44087857252833
2030-10-07 04:00:00,266.71187905632496
2030-10-07 05:00:00,266.00114676171063
2030-10-07 06:00:00,265.30815386930175
2030-10-07 07:00:00,264.6323913477031
2030-10-07 08:00:00,264.53865784219454
2030-10-07 09:00:00,265.0499176087164
2030-10-07 10:00:00,266.0524114271844
2030-10-07 11:00:00,267.4007508751373
2030-10-07 12:00:00,268.92773010562127
2030-10-07 13:00:00,270.4557113527126
2030-10-07 14:00:00,271.8087852722743
2030-10-07 15:00:00,272.82483726580983
2030-10-07 16:00:00,273.3666502312788
2030-10-07 17:00:00,273.33124627349946
2030-10-07 18:00:00,272.65680949118007
2030-10-07 19:00:00,271.7949503203587
2030-10-07 20:00:00,270.9553089431362
2030-10-07 21:00:00,270.1372109985845
2030-10-07 22:00:00,269.3400078657545
2030-10-07 23:00:00,268.56307540304664
2030-10-08 00:00:00,267.80581276442484
2030-10-08 01:00:00,267.20069608822877
2030-10-08 02:00:00,266.61607689403553
2030-10-08 03:00:00,266.0512130474614
2030-10-08 04:00:00,265.5053925422303
2030-10-08 05:00:00,264.9779320532992
2030-10-08 06:00:00,264.46817557474697
2030-10-08 07:00:00,263.97549313642696
2030-10-08 08:00:00,264.0473541617206
2030-10-08 09:00:00,264.7190298393221
2030-10-08 10:00:00,265.8717392142438
2030-10-08 11:00:00,267.35622322522505
2030-10-08 12:00:00,269.0028027107999
2030-10-08 13:00:00,270.6329165495801
2030-10-08 14:00:00,272.07132731434297
2030-10-08 15:00:00,273.1581201598471
2030-10-08 16:00:00,273.7596292763498
2030-10-08 17:00:00,273.77750764633134
2030-10-08 18:00:00,273.1553035199761
2030-10-08 19:00:00,272.3667547790199
2030-10-08 20:00:00,271.60549958183896
2030-10-08 21:00:00,270.87050896862746
2030-10-08 22:00:00,270.16079865914253
2030-10-08 23:00:00,269.47542669756973
2030-10-09 00:00:00,268.8134912506723
2030-10-09 01:00:00,268.11103949225156
2030-10-09 02:00:00,267.42935157627926
2030-10-09 03:00:00,266.76774844082115
2030-10-09 04:00:00,266.12557712725646
2030-10-09 05:00:00,265.50220954226694
2030-10-09 06:00:00,264.89704129267386
2030-10-09 07:00:00,264.30949058796506
2030-10-09 08:00:00,264.2699111347365
2030-10-09 09:00:00,264.83320813375633
2030-10-09 10:00:00,265.88325020451606
2030-10-09 11:00:00,267.27287562105613
2030-10-09 12:00:00,268.8338136898461
2030-10-09 13:00:00,270.38813223065705
2030-10-09 14:00:00,271.7604064809839
2030-10-09 15:00:00,272.78973898958685
2030-10-09 16:00:00,273.34076396368846
2030-10-09 17:00:00,273.31284609626687
2030-10-09 18:00:00,272.64682722279446
2030-10-09 19:00:00,271.8298464870213
2030-10-09 20:00:00,271.03744913155003
2030-10-09 21:00:00,270.26880470452306
2030-10-09 22:00:00,269.5231163222464
2030-10-09 23:00:00,268.79961897350955
2030-10-10 00:00:00,268.0975779304714
2030-10-10 01:00:00,267.50617163797966
2030-10-10 02:00:00,266.9357597984911
2030-10-10 03:00:00,266.38555146706705
2030-10-10 04:00:00,265.8547887538124
2030-10-10 05:00:00,265.3427452083693
2030-10-10 06:00:00,264.84872430008676
2030-10-10 07:00:00,264.37205798701905
2030-10-10 08:00:00,264.42591880001874
2030-10-10 09:00:00,265.079112472393
2030-10-10 10:00:00,266.2120588393282
2030-10-10 11:00:00,267.6749824280115
2030-10-10 12:00:00,269.2979947110743
2030-10-10 13:00:00,270.9026360766062
2030-10-10 14:00:00,272.3140640028379
2030-10-10 15:00:00,273.37301402341905
2030-10-10 16:00:00,273.9466704914058
2030-10-10 17:00:00,273.93766717225594
2030-10-10 18:00:00,273.2905865432367
2030-10-10 19:00:00,272.51273008281606
2030-10-10 20:00:00,271.7630452037192
2030-10-10 21:00:00,271.04042973692987
2030-10-10 22:00:00,270.34383061597424
2030-10-10 23:00:00,269.6722412486289
2030-10-11 00:00:00,269.02469906161554
2030-10-11 01:00:00,268.3175346030274
2030-10-11 02:00:00,267.6313719206846
2030-10-11 03:00:00,266.9655210234086
2030-10-11 04:00:00,266.3193185607274
2030-10-11 05:00:00,265.6921265539303
2030-10-11 06:00:00,265.08333120211057
2030-10-11 07:00:00,264.49234175786574
2030-10-11 08:00:00,264.41536816656
2030-10-11 09:00:00,264.9413238352272
2030-10-11 10:00:00,265.9541705824893
2030-10-11 11:00:00,267.30691945632395
2030-10-11 12:00:00,268.8315353442045
2030-10-11 13:00:00,270.3503632908917
2030-10-11 14:00:00,271.6882733015464
2030-10-11 15:00:00,272.68465499362736
2030-10-11 16:00:00,273.2043975586658
2030-10-11 17:00:00,273.14706704816655
2030-10-11 18:00:00,272.45363607243354
2030-10-11 19:00:00,271.6436421970876
2030-10-11 20:00:00,270.85808902995564
2030-10-11 21:00:00,270.09615005224816
2030-10-11 22:00:00,269.35703212331174
2030-10-11 23:00:00,268.639973798366
2030-10-12 00:00:00,267.94424375170104
2030-10-12 01:00:00,267.23290171138643
2030-10-12 02:00:00,266.54086679369533
2030-10-12 03:00:00,265.8675481938856
2030-10-12 04:00:00,265.2123768418952
2030-10-12 05:00:00,264.5748044003472
2030-10-12 06:00:00,263.9543023200349
2030-10-12 07:00:00,263.3503609489323
2030-10-12 08:00:00,263.2423040465667
2030-10-12 09:00:00,263.73725008398134
2030-10-12 10:00:00,264.7207977211935
2030-10-12 11:00:00,266.047292614926
2030-10-12 12:00:00,267.5496494103131
2030-10-12 13:00:00,269.05072004803566
2030-10-12 14:00:00,270.3754103847984
2030-10-12 15:00:00,271.3626795623916
2030-10-12 16:00:00,271.87655798396014
2030-10-12 17:00:00,271.81539338136344
2030-10-12 18:00:00,271.1186747444023
2030-10-12 19:00:00,270.32031502208696
2030-10-12 20:00:00,269.5439729142557
2030-10-12 21:00:00,268.78895519892234
2030-10-12 22:00:00,268.054595265989
2030-10-12 23:00:00,267.34025182600567
2030-10-13 00:00:00,266.6453076969584
2030-10-13 01:00:00,266.0408935457233
2030-10-13 02:00:00,265.45543170074177
2030-10-13 03:00:00,264.88828041381345
2030-10-13 04:00:00,264.33882266504963
2030-10-13 05:00:00,263.8064650191485
2030-10-13 06:00:00,263.2906365466643
2030-10-13 07:00:00,262.7907878058103
2030-10-13 08:00:00,262.769318916495
2030-10-13 09:00:00,263.34806939595865
2030-10-13 10:00:00,264.41020662850144
2030-10-13 11:00:00,265.8082311253038
2030-10-13 12:00:00,267.37391537671266
2030-10-13 13:00:00,268.9297417583241
2030-10-13 14:00:00,270.3010351917963
2030-10-13 15:00:00,271.3279228626204
2030-10-13 16:00:00,271.876259312596
2030-10-13 17:00:00,271.84673336908884
2030-10-13 18:00:00,271.181517519354
2030-10-13 19:00:00,270.43325181218063
2030-10-13 20:00:00,269.70891306179266
2030-10-13 21:00:00,269.0076610598783
2030-10-13 22:00:00,268.3286899509354
2030-10-13 23:00:00,267.67122651185844
2030-10-14 00:00:00,267.0345285382195
2030-10-14 01:00:00,266.2831990126999
2030-10-14 02:00:00,265.5491227965381
2030-10-14 03:00:00,264.8318292512813
2030-10-14 04:00:00,264.13086400779525
2030-10-14 05:00:00,263.44578824263033
2030-10-14 06:00:00,262.77617799442606
2030-10-14 07:00:00,262.1216235177153
2030-10-14 08:00:00,261.9278540481569
2030-10-14 09:00:00,262.3373721644172
2030-10-14 10:00:00,263.2385138553187
2030-10-14 11:00:00,264.4879029770898
2030-10-14 12:00:00,265.920126506633
2030-10-14 13:00:00,267.3589950579313
2030-10-14 14:00:00,268.6295999506914
2030-10-14 15:00:00,269.5703071382041
2030-10-14 16:00:00,270.0438254260507
2030-10-14 17:00:00,269.9465552640969
2030-10-14 18:00:00,269.2155600341781
2030-10-14 19:00:00,268.41370531942977
2030-10-14 20:00:00,267.63050275176005
2030-10-14 21:00:00,266.86543234873665
2030-10-14 22:00:00,266.11799264147356
2030-10-14 23:00:00,265.38769982407285
2030-10-15 00:00:00,264.67408695164465
2030-10-15 01:00:00,263.9633520507827
2030-10-15 02:00:00,263.2681947313245
2030-10-15 03:00:00,262.58820800966646
2030-10-15 04:00:00,261.92299841640283
2030-10-15 05:00:00,261.2721854183661
2030-10-15 06:00:00,260.6354008714077
2030-10-15 07:00:00,260.01228850197265
2030-10-15 08:00:00,259.8319134312041
2030-10-15 09:00:00,260.2537272360265
2030-10-15 10:00:00,261.1667957850383
2030-10-15 11:00:00,262.4283791859777
2030-10-15 12:00:00,263.87356944125486
2030-10-15 13:00:00,265.32652058206594
2030-10-15 14:00:00,266.61248540563884
2030-10-15 15:00:00,267.56980142206714
2030-10-15 16:00:00,268.0609647878448
2030-10-15 17:00:00,267.98199856010206
2030-10-15 18:00:00,267.26945580005605
2030-10-15 19:00:00,266.50125528193325
2030-10-15 20:00:00,265.7501596728825
2030-10-15 21:00:00,265.01571008177905
2030-10-15 22:00:00,264.29746340891984
2030-10-15 23:00:00,263.5949916438656
2030-10-16 00:00:00,262.9078812020814
2030-10-16 01:00:00,262.3917159991067
2030-10-16 02:00:00,261.8907559367877
2030-10-16 03:00:00,261.4045193283453
2030-10-16 04:00:00,260.932541747861
2030-10-16 05:00:00,260.47437529223566
2030-10-16 06:00:00,260.0295878818054
2030-10-16 07:00:00,259.59776259716904
2030-10-16 08:00:00,259.59128564035717
2030-10-16 09:00:00,260.18269904971584
2030-10-16 10:00:00,261.2566329465989
2030-10-16 11:00:00,262.66690155830184
2030-10-16 12:00:00,264.2463641347983
2030-10-16 13:00:00,265.81829732339935
2030-10-16 14:00:00,267.2084806091048
2030-10-16 15:00:00,268.2571319744895
2030-10-16 16:00:00,268.82983510752825
2030-10-16 17:00:00,268.8266751656464
2030-10-16 18:00:00,268.18894151889253
2030-10-16 19:00:00,267.5151453596186
2030-10-16 20:00:00,266.8616727006091
2030-10-16 21:00:00,266.2278507705972
2030-10-16 22:00:00,265.613032705125
2030-10-16 23:00:00,265.01659632569647
2030-10-17 00:00:00,264.4379429901419
2030-10-17 01:00:00,264.02554319530407
2030-10-17 02:00:00,263.6286904308974
2030-10-17 03:00:00,263.24677703655465
2030-10-17 04:00:00,262.87922072424817
2030-10-17 05:00:00,262.5254633961424
2030-10-17 06:00:00,262.1849700267716
2030-10-17 07:00:00,261.85722760535833
2030-10-17 08:00:00,261.9380108699884
2030-10-17 09:00:00,262.6128185184878
2030-10-17 10:00:00,263.76154062205734
2030-10-17 11:00:00,265.23441056034085
2030-10-17 12:00:00,266.8620793852626
2030-10-17 13:00:00,268.4671115676449
2030-10-17 14:00:00,269.87609173677936
2030-10-17 15:00:00,270.9314753463544
2030-10-17 16:00:00,271.5023292253457
2030-10-17 17:00:00,271.4931925848398
2030-10-17 18:00:00,270.8504382429153
2030-10-17 19:00:00,270.1933031190673
2030-10-17 20:00:00,269.5615102983892
2030-10-17 21:00:00,268.9540252212581
2030-10-17 22:00:00,268.369859997358
2030-10-17 23:00:00,267.8080709541375
2030-10-18 00:00:00,267.26775634092104
2030-10-18 01:00:00,266.70190459583694
2030-10-18 02:00:00,266.1559365813647
2030-10-18 03:00:00,265.6291120236939
2030-10-18 04:00:00,265.1207211434149
2030-10-18 05:00:00,264.6300831907585
2030-10-18 06:00:00,264.1565450659335
2030-10-18 07:00:00,263.6994800185903
2030-10-18 08:00:00,263.6381365015873
2030-10-18 09:00:00,264.175289720102
2030-10-18 10:00:00,265.19240464626813
2030-10-18 11:00:00,266.5409740793716
2030-10-18 12:00:00,268.0525007113264
2030-10-18 13:00:00,269.549929002761
2030-10-18 14:00:00,270.859721609832
2030-10-18 15:00:00,271.8237158501486
2030-10-18 16:00:00,272.3099058679849
2030-10-18 17:00:00,272.2213779002545
2030-10-18 18:00:00,271.50277266104337
2030-10-18 19:00:00,270.78669362575414
2030-10-18 20:00:00,270.09619247665785
2030-10-18 21:00:00,269.4302870208182
2030-10-18 22:00:00,268.78803771698733
2030-10-18 23:00:00,268.1685454652866
2030-10-19 00:00:00,267.57094953728057
2030-10-19 01:00:00,266.7998488770697
2030-10-19 02:00:00,266.0461411367923
2030-10-19 03:00:00,265.30935524089915
2030-10-19 04:00:00,264.5890364334054
2030-10-19 05:00:00,263.8847455480404
2030-10-19 06:00:00,263.19605831897013
2030-10-19 07:00:00,262.5225647294089
2030-10-19 08:00:00,262.227412643709
2030-10-19 09:00:00,262.5344013226039
2030-10-19 10:00:00,263.3326973391046
2030-10-19 11:00:00,264.47989637765454
2030-10-19 12:00:00,265.8116247179763
2030-10-19 13:00:00,267.15272044450904
2030-10-19 14:00:00,268.3292114335694
2030-10-19 15:00:00,269.18023648564423
2030-10-19 16:00:00,269.5690528655271
2030-10-19 17:00:00,269.3923415150207
2030-10-19 18:00:00,268.58715539144765
2030-10-19 19:00:00,267.79300796207474
2030-10-19 20:00:00,267.01688337957734
2030-10-19 21:00:00,266.25828847764234
2030-10-19 22:00:00,265.516747410655
2030-10-19 23:00:00,264.79180086746953
2030-10-20 00:00:00,264.0830053295261
2030-10-20 01:00:00,263.4898005040335
2030-10-20 02:00:00,262.91283403528087
2030-10-20 03:00:00,262.3516162868979
2030-10-20 04:00:00,261.8056748761877
2030-10-20 05:00:00,261.2745539275254
2030-10-20 06:00:00,260.75781336577904
2030-10-20 07:00:00,260.2550282471692
2030-10-20 08:00:00,260.11314297605736
2030-10-20 09:00:00,260.5700383748647
2030-10-20 10:00:00,261.51207328997145
2030-10-20 11:00:00,262.7946768354234
2030-10-20 12:00:00,264.2520936066837
2030-10-20 13:00:00,265.7086551054917
2030-10-20 14:00:00,266.990786809293
2030-10-20 15:00:00,267.9388944057559
2030-10-20 16:00:00,268.4182747718138
2030-10-20 17:00:00,268.32827030395123
2030-10-20 18:00:00,267.6174639493617
2030-10-20 19:00:00,266.92652022795465
2030-10-20 20:00:00,266.2548173187427
2030-10-20 21:00:00,265.60175663292813
2030-10-20 22:00:00,264.9667617313447
2030-10-20 23:00:00,264.3492773046267
2030-10-21 00:00:00,263.74876821174036
2030-10-21 01:00:00,263.15030098335967
2030-10-21 02:00:00,262.5677409853689
2030-10-21 03:00:00,262.00061953410574
2030-10-21 04:00:00,261.4484842122153
2030-10-21 05:00:00,260.9108981711899
2030-10-21 06:00:00,260.3874394710145
2030-10-21 07:00:00,259.877700454544
2030-10-21 08:00:00,259.71257464503
2030-10-21 09:00:00,260.14599564521825
2030-10-21 10:00:00,261.06492814200817
2030-10-21 11:00:00,262.3253466903171
2030-10-21 12:00:00,263.7619450262383
2030-10-21 13:00:00,265.1993774868796
2030-10-21 14:00:00,266.4642444392022
2030-10-21 15:00:00,267.3969671694864
2030-10-21 16:00:00,267.86269895925943
2030-10-21 17:00:00,267.7604911283276
2030-10-21 18:00:00,267.0541431557701
2030-10-21 19:00:00,266.36694911800566
2030-10-21 20:00:00,265.6983238662831
2030-10-21 21:00:00,265.0477037246315
2030-10-21 22:00:00,264.4145455029574
2030-10-21 23:00:00,263.79832556657885
2030-10-22 00:00:00,263.1985389583253
2030-10-22 01:00:00,262.58908791450847
2030-10-22 02:00:00,261.9950026380549
2030-10-22 03:00:00,261.41584825389447
2030-10-22 04:00:00,260.85120460588195
2030-10-22 05:00:00,260.30066563478215
2030-10-22 06:00:00,259.7638387889395
2030-10-22 07:00:00,259.24034446557084
2030-10-22 08:00:00,259.0451632357322
2030-10-22 09:00:00,259.4483018910006
2030-10-22 10:00:00,260.3376793167523
2030-10-22 11:00:00,261.57009349203474
2030-10-22 12:00:00,262.980877797818
2030-10-22 13:00:00,264.3951009502236
2030-10-22 14:00:00,265.63952596679354
2030-10-22 15:00:00,266.5544761083054
2030-10-22 16:00:00,267.0047556496574
2030-10-22 17:00:00,266.8888437935419
2030-10-22 18:00:00,266.1852845301408
2030-10-22 19:00:00,265.4998095905477
2030-10-22 20:00:00,264.83188918161017
2030-10-22 21:00:00,264.18101239589674
2030-10-22 22:00:00,263.5466863619485
2030-10-22 23:00:00,262.9284354421368
2030-10-23 00:00:00,262.32580047493434
2030-10-23 01:00:00,261.74312738073627
2030-10-23 02:00:00,261.17521347948474
2030-10-23 03:00:00,260.6216418190308
2030-10-23 04:00:00,260.08200942570465
2030-10-23 05:00:00,259.5559267222842
2030-10-23 06:00:00,259.0430169760671
2030-10-23 07:00:00,258.5429157751749
2030-10-23 08:00:00,258.35481174685157
2030-10-23 09:00:00,258.76412243113134
2030-10-23 10:00:00,259.65882783085874
2030-10-23 11:00:00,260.8958439072033
2030-10-23 12:00:00,262.3106714253354
2030-10-23 13:00:00,263.7285844707683
2030-10-23 14:00:00,264.97657494003766
2030-10-23 15:00:00,265.89520217943993
2030-10-23 16:00:00,266.34949704320405
2030-10-23 17:00:00,266.2381401032781
2030-10-23 18:00:00,265.55519191324254
2030-10-23 19:00:00,264.88989678566276
2030-10-23 20:00:00,264.2417375186332
2030-10-23 21:00:00,263.6102152364782
2030-10-23 22:00:00,262.9948485730832
2030-10-23 23:00:00,262.39517290052623
2030-10-24 00:00:00,261.81073959999947
2030-10-24 01:00:00,261.34450055215973
2030-10-24 02:00:00,260.8923181346048
2030-10-24 03:00:00,260.4537412454868
2030-10-24 04:00:00,260.0283349132055
2030-10-24 05:00:00,259.61567961879206
2030-10-24 06:00:00,259.21537065287094
2030-10-24 07:00:00,258.82701750506925
2030-10-24 08:00:00,258.7341167092895
2030-10-24 09:00:00,259.23595015996995
2030-10-24 10:00:00,260.21775622843853
2030-10-24 11:00:00,261.5343687656683
2030-10-24 12:00:00,263.01999634806685
2030-10-24 13:00:00,264.49948874588875
2030-10-24 14:00:00,265.8002997861018
2030-10-24 15:00:00,266.7642931507869
2030-10-24 16:00:00,267.25854279865615
2030-10-24 17:00:00,267.1843552282574
2030-10-24 18:00:00,266.55401030711494
2030-10-24 19:00:00,265.943118033517
2030-10-24 20:00:00,265.3510262224948
2030-10-24 21:00:00,264.77710778087425
2030-10-24 22:00:00,264.220759539552
2030-10-24 23:00:00,263.6814011527582
2030-10-25 00:00:00,263.15847405966997
2030-10-25 01:00:00,262.5937630528098
2030-10-25 02:00:00,262.04453303192753
2030-10-25 03:00:00,261.51031898435014
2030-10-25 04:00:00,260.99067210840184
2030-10-25 05:00:00,260.4851591232897
2030-10-25 06:00:00,259.9933616153195
2030-10-25 07:00:00,259.51487541813634
2030-10-25 08:00:00,259.3176599419227
2030-10-25 09:00:00,259.7169449779226
2030-10-25 10:00:00,260.59973770755647
2030-10-25 11:00:00,261.82233267126594
2030-10-25 12:00:00,263.2199926858052
2030-10-25 13:00:00,264.6181441070616
2030-10-25 14:00:00,265.8443014679098
2030-10-25 15:00:00,266.73987145582083
2030-10-25 16:00:00,267.17098848180007
2030-10-25 17:00:00,267.03760659690204
2030-10-25 18:00:00,266.36539407618943
2030-10-25 19:00:00,265.71195674626944
2030-10-25 20:00:00,265.0767110361229
2030-10-25 21:00:00,264.4590948470093
2030-10-25 22:00:00,263.858566572686
2030-10-25 23:00:00,263.27460417515726
2030-10-26 00:00:00,262.706704312169
2030-10-26 01:00:00,262.17721847495585
2030-10-26 02:00:00,261.6628132778509
2030-10-26 03:00:00,261.1630236627646
2030-10-26 04:00:00,260.67740095033525
2030-10-26 05:00:00,260.20551214535647
2030-10-26 06:00:00,259.7469392784356
2030-10-26 07:00:00,259.3012787816013
2030-10-26 08:00:00,259.1211170955665
2030-10-26 09:00:00,259.5363985063352
2030-10-26 10:00:00,260.4336337597024
2030-10-26 11:00:00,261.66880159305634
2030-10-26 12:00:00,263.07704815299746
2030-10-26 13:00:00,264.4838871818536
2030-10-26 14:00:00,265.71711535701746
2030-10-26 15:00:00,266.61859324442224
2030-10-26 16:00:00,267.05504576249587
2030-10-26 17:00:00,266.9271095759585
2030-10-26 18:00:00,266.27607508764845
2030-10-26 19:00:00,265.64394801124723
2030-10-26 20:00:00,265.0301238655499
2030-10-26 21:00:00,264.4340207380346
2030-10-26 22:00:00,263.8550782505359
2030-10-26 23:00:00,263.2927565836447
2030-10-27 00:00:00,262.746535555818
2030-10-27 01:00:00,262.2681445924466
2030-10-27 02:00:00,261.8046168528203
2030-10-27 03:00:00,261.355461634924
2030-10-27 04:00:00,260.9202062410116
2030-10-27 05:00:00,260.49839520366095
2030-10-27 06:00:00,260.08958955217753
2030-10-27 07:00:00,259.6933661168058
2030-10-27 08:00:00,259.5470746258437
2030-10-27 09:00:00,259.994854180838
2030-10-27 10:00:00,260.9218203039642
2030-10-27 11:00:00,262.1829378106683
2030-10-27 12:00:00,263.61278011317955
2030-10-27 13:00:00,265.03676007990254
2030-10-27 14:00:00,266.2830437615748
2030-10-27 15:00:00,267.19429684919567
2030-10-27 16:00:00,267.6384198762847
2030-10-27 17:00:00,267.51750434786254
2030-10-27 18:00:00,266.88920046572775
2030-10-27 19:00:00,266.280816017616
2030-10-27 20:00:00,265.69166789036734
2030-10-27 21:00:00,265.12109969320437
2030-10-27 22:00:00,264.5684805001228
2030-10-27 23:00:00,264.0332036650761
2030-10-28 00:00:00,263.5146857048666
2030-10-28 01:00:00,262.9273908177639
2030-10-28 02:00:00,262.35583731880536
2030-10-28 03:00:00,261.79955920459804
2030-10-28 04:00:00,261.25810664826895
2030-10-28 05:00:00,260.73104530809616
2030-10-28 06:00:00,260.2179556727706
2030-10-28 07:00:00,259.71843244095174
2030-10-28 08:00:00,259.4547839787825
2030-10-28 09:00:00,259.78684045413473
2030-10-28 10:00:00,260.60240888295914
2030-10-28 11:00:00,261.7586418485321
2030-10-28 12:00:00,263.0916560338277
2030-10-28 13:00:00,264.42766467918176
2030-10-28 14:00:00,265.5948436679328
2030-10-28 15:00:00,266.43508575520815
2030-10-28 16:00:00,266.8147991941616
2030-10-28 17:00:00,266.63397853133165
2030-10-28 18:00:00,265.96229867888866
2030-10-28 19:00:00,265.30890096899003
2030-10-28 20:00:00,264.67322882484126
2030-10-28 21:00:00,264.05474585076615
2030-10-28 22:00:00,263.45293492089144
2030-10-28 23:00:00,262.8672973189861
2030-10-29 00:00:00,262.2973519260076
2030-10-29 01:00:00,261.6820663582333
2030-10-29 02:00:00,261.0813717283748
2030-10-29 03:00:00,260.494873869702
2030-10-29 04:00:00,259.92219156269005
2030-10-29 05:00:00,259.36295599859534
2030-10-29 06:00:00,258.8168102706996
2030-10-29 07:00:00,258.28340889151167
2030-10-29 08:00:00,257.97022582479514
2030-10-29 09:00:00,258.2522502579892
2030-10-29 10:00:00,259.0192932223013
2030-10-29 11:00:00,260.1301727463061
2030-10-29 12:00:00,261.42222861662816
2030-10-29 13:00:00,262.7223790967854
2030-10-29 14:00:00,263.8589458916569
2030-10-29 15:00:00,264.6734060389999
2030-10-29 16:00:00,265.03122808673993
2030-10-29 17:00:00,264.83101801301575
2030-10-29 18:00:00,264.1551178188665
2030-10-29 19:00:00,263.4954717483909
2030-10-29 20:00:00,262.85162973568066
2030-10-29 21:00:00,262.2231570419334
2030-10-29 22:00:00,261.6096335928432
2030-10-29 23:00:00,261.0106533516626
2030-10-30 00:00:00,260.42582372564135
2030-10-30 01:00:00,259.81693185472346
2030-10-30 02:00:00,259.22130955127574
2030-10-30 03:00:00,258.63862100486955
2030-10-30 04:00:00,258.0685409450722
2030-10-30 05:00:00,257.51075421982944
2030-10-30 06:00:00,256.9649553948468
2030-10-30 07:00:00,256.4308483727201
2030-10-30 08:00:00,256.10123451463556
2030-10-30 09:00:00,256.3657444690996
2030-10-30 10:00:00,257.1154882724972
2030-10-30 11:00:00,258.2103961138872
2030-10-30 12:00:00,259.488664530544
2030-10-30 13:00:00,260.77776004162786
2030-10-30 14:00:00,261.9062111439575
2030-10-30 15:00:00,262.7153506976706
2030-10-30 16:00:00,263.07016759099713
2030-10-30 17:00:00,262.8684924861578
2030-10-30 18:00:00,262.2058785989657
2030-10-30 19:00:00,261.5579155366497
2030-10-30 20:00:00,260.92422314921515
2030-10-30 21:00:00,260.30443364653706
2030-10-30 22:00:00,259.698191083745
2030-10-30 23:00:00,259.1051508732779
2030-10-31 00:00:00,258.5249793219614
2030-10-31 01:00:00,257.9919367103272
2030-10-31 02:00:00,257.47113543049454
2030-10-31 03:00:00,256.9622591895172
2030-10-31 04:00:00,256.4650014922605
2030-10-31 05:00:00,255.9790652619322
2030-10-31 06:00:00,255.50416247888813
2030-10-31 07:00:00,255.0400138366562
2030-10-31 08:00:00,254.76489379791562
2030-10-31 09:00:00,255.08223661801284
2030-10-31 10:00:00,255.88258824031482
2030-10-31 11:00:00,257.02550135451486
2030-10-31 12:00:00,258.3490082765573
2030-10-31 13:00:00,259.6806361255971
2030-10-31 14:00:00,260.8491942649317
2030-10-31 15:00:00,261.6964964063718
2030-10-31 16:00:00,262.08817790966765
2030-10-31 17:00:00,261.92283579826716
2030-10-31 18:00:00,261.31089556711737
2030-10-31 19:00:00,260.71327593077604
2030-10-31 20:00:00,260.1295942380953
2030-10-31 21:00:00,259.5594803008048
2030-10-31 22:00:00,259.00257588080126
2030-10-31 23:00:00,258.45853420369747
2030-11-01 00:00:00,257.92701949702047
2030-11-01 01:00:00,257.39684443827525
2030-11-01 02:00:00,256.8785746536511
2030-11-01 03:00:00,256.371908146051
2030-11-01 04:00:00,255.8765521448304
2030-11-01 05:00:00,255.3922227523499
2030-11-01 06:00:00,254.9186446073696
2030-11-01 07:00:00,254.45555056432372
2030-11-01 08:00:00,254.16686589667967
2030-11-01 09:00:00,254.46995515294714
2030-11-01 10:00:00,255.25581946469302
2030-11-01 11:00:00,256.3844524862794
2030-11-01 12:00:00,257.6942843843524
2030-11-01 13:00:00,259.0131703418943
2030-11-01 14:00:00,260.170155682946
2030-11-01 15:00:00,261.00718194438446
2030-11-01 16:00:00,261.3898959070576
2030-11-01 17:00:00,261.2167899288224
2030-11-01 18:00:00,260.6119312549319
2030-11-01 19:00:00,260.02090956916135
2030-11-01 20:00:00,259.44336211420955
2030-11-01 21:00:00,258.8789377700814
2030-11-01 22:00:00,258.32729658153943
2030-11-01 23:00:00,257.78810930944684
2030-11-02 00:00:00,257.2610570045561
2030-11-02 01:00:00,256.7472473404408
2030-11-02 02:00:00,256.2449606473639
2030-11-02 03:00:00,255.75390611460304
2030-11-02 04:00:00,255.27380173212435
2030-11-02 05:00:00,254.8043739575745
2030-11-02 06:00:00,254.34535739894025
2030-11-02 07:00:00,253.89649451199054
2030-11-02 08:00:00,253.60754645080462
2030-11-02 09:00:00,253.90952020993214
2030-11-02 10:00:00,254.6935841983767
2030-11-02 11:00:00,255.8199432493249
2030-11-02 12:00:00,257.12726866962214
2030-11-02 13:00:00,258.44367021493827
2030-11-02 14:00:00,259.5984433682308
2030-11-02 15:00:00,260.43375771763607
2030-11-02 16:00:00,260.8154499491622
2030-11-02 17:00:00,260.6421511448009
2030-11-02 18:00:00,260.0516699079835
2030-11-02 19:00:00,259.47468543170595
2030-11-02 20:00:00,258.91084535962807
2030-11-02 21:00:00,258.35980855126434
2030-11-02 22:00:00,257.8212446309989
2030-11-02 23:00:00,257.294833559676
2030-11-03 00:00:00,256.7802652274134
2030-11-03 01:00:00,256.41551225821576
2030-11-03 02:00:00,256.0608441887532
2030-11-03 03:00:00,255.71596603452235
2030-11-03 04:00:00,255.38059233468925
2030-11-03 05:00:00,255.05444679466802
2030-11-03 06:00:00,254.73726194488185
2030-11-03 07:00:00,254.42877881482232
2030-11-03 08:00:00,254.26477713137575
2030-11-03 09:00:00,254.68896501588094
2030-11-03 10:00:00,255.58955970384503
2030-11-03 11:00:00,256.82450411042157
2030-11-03 12:00:00,258.2310408387362
2030-11-03 13:00:00,259.6367730261376
2030-11-03 14:00:00,260.8714374674587
2030-11-03 15:00:00,261.77855251091074
2030-11-03 16:00:00,262.2261062010192
2030-11-03 17:00:00,262.1155216854535
2030-11-03 18:00:00,261.60130098549973
2030-11-03 19:00:00,261.1016477775922
2030-11-03 20:00:00,260.61611599797067
2030-11-03 21:00:00,260.14427514427
2030-11-03 22:00:00,259.68570962331626
2030-11-03 23:00:00,259.24001813251255
2030-11-04 00:00:00,258.8068130727254
2030-11-04 01:00:00,258.2316344248539
2030-11-04 02:00:00,257.66883651323724
2030-11-04 03:00:00,257.1181117249682
2030-11-04 04:00:00,256.57916186866936
2030-11-04 05:00:00,256.0516978078649
2030-11-04 06:00:00,255.5354391121157
2030-11-04 07:00:00,255.03011372488905
2030-11-04 08:00:00,254.65770545868742
2030-11-04 09:00:00,254.87597959223353
2030-11-04 10:00:00,255.5769607445596
2030-11-04 11:00:00,256.6217007684239
2030-11-04 12:00:00,257.84964714129785
2030-11-04 13:00:00,259.0895579459571
2030-11-04 14:00:00,260.1712009809262
2030-11-04 15:00:00,260.93700638505914
2030-11-04 16:00:00,261.25283902261083
2030-11-04 17:00:00,261.01712194095376
2030-11-04 18:00:00,260.3939676394372
2030-11-04 19:00:00,259.7844035593048
2030-11-04 20:00:00,259.188084261726
2030-11-04 21:00:00,258.60467523732734
2030-11-04 22:00:00,258.0338524647123
2030-11-04 23:00:00,257.47530199118256
2030-11-05 00:00:00,256.9287195343286
2030-11-05 01:00:00,256.4194899054109
2030-11-05 02:00:00,255.9216029918709
2030-11-05 03:00:00,255.4347744013519
2030-11-05 04:00:00,254.9587282942224
2030-11-05 05:00:00,254.49319706191702
2030-11-05 06:00:00,254.03792102031866
2030-11-05 07:00:00,253.59264811733834
2030-11-05 08:00:00,253.2658018402387
2030-11-05 09:00:00,253.5280788845349
2030-11-05 10:00:00,254.2712006426889
2030-11-05 11:00:00,255.35605134404065
2030-11-05 12:00:00,256.6220596224243
2030-11-05 13:00:00,257.8981157848292
2030-11-05 14:00:00,259.01426215496105
2030-11-05 15:00:00,259.81332666642226
2030-11-05 16:00:00,260.16166757812607
2030-11-05 17:00:00,259.9582628719275
2030-11-05 18:00:00,259.3808665906958
2030-11-05 19:00:00,258.81655335904935
2030-11-05 20:00:00,258.26498499986184
2030-11-05 21:00:00,257.72583397975023
2030-11-05 22:00:00,257.19878298623206
2030-11-05 23:00:00,256.68352452579364
2030-11-06 00:00:00,256.179760541631
2030-11-06 01:00:00,255.65252617419893
2030-11-06 02:00:00,255.13630336010908
2030-11-06 03:00:00,254.63082822303755
2030-11-06 04:00:00,254.1358446324204
2030-11-06 05:00:00,253.65110391556934
2030-11-06 06:00:00,253.17636458310716
2030-11-06 07:00:00,252.7113920669857
2030-11-06 08:00:00,252.35125519599077
2030-11-06 09:00:00,252.57959872115669
2030-11-06 10:00:00,253.28912671700513
2030-11-06 11:00:00,254.34158986462077
2030-11-06 12:00:00,255.57711102682453
2030-11-06 13:00:00,256.82505708486343
2030-11-06 14:00:00,257.9156981616126
2030-11-06 15:00:00,258.69182724702927
2030-11-06 16:00:00,259.0195096530403
2030-11-06 17:00:00,258.797195845591
2030-11-06 18:00:00,258.2147721465594
2030-11-06 19:00:00,257.64470480453195
2030-11-06 20:00:00,257.08668950032927
2030-11-06 21:00:00,256.5404312068307
2030-11-06 22:00:00,256.00564382747064
2030-11-06 23:00:00,255.48204985224493
2030-11-07 00:00:00,254.96938003021438
2030-11-07 01:00:00,254.52174898274828
2030-11-07 02:00:00,254.08426950541588
2030-11-07 03:00:00,253.65668722628118
2030-11-07 04:00:00,253.2387552487838
2030-11-07 05:00:00,252.83023388134853
2030-11-07 06:00:00,252.4308903791129
2030-11-07 07:00:00,252.04049869711886
2030-11-07 08:00:00,251.74097772129863
2030-11-07 09:00:00,252.02838837349717
2030-11-07 10:00:00,252.79451419131723
2030-11-07 11:00:00,253.90044452457968
2030-11-07 12:00:00,255.18594383230334
2030-11-07 13:00:00,256.4803466162102
2030-11-07 14:00:00,257.61421707135736
2030-11-07 15:00:00,258.4309461633983
2030-11-07 16:00:00,258.7974570719205
2030-11-07 17:00:00,258.61325577801443
2030-11-07 18:00:00,258.08204641792105
2030-11-07 19:00:00,257.5631265451715
2030-11-07 20:00:00,257.05617689903374
2030-11-07 21:00:00,256.56088813966693
2030-11-07 22:00:00,256.0769604632444
2030-11-07 23:00:00,255.60410323563818
2030-11-08 00:00:00,255.14203464359036
2030-11-08 01:00:00,254.63644036571077
2030-11-08 02:00:00,254.14134046586312
2030-11-08 03:00:00,253.65648618923805
2030-11-08 04:00:00,253.18163596734647
2030-11-08 05:00:00,252.71655515590018
2030-11-08 06:00:00,252.26101578459216
2030-11-08 07:00:00,251.81479631812954
2030-11-08 08:00:00,251.44687981970753
2030-11-08 09:00:00,251.66583133940514
2030-11-08 10:00:00,252.36473649900907
2030-11-08 11:00:00,253.40580865200917
2030-11-08 12:00:00,254.62968344445366
2030-11-08 13:00:00,255.86625524440402
2030-11-08 14:00:00,256.9462992498671
2030-11-08 15:00:00,257.7130552872154
2030-11-08 16:00:00,258.032945715172
2030-11-08 17:00:00,257.80466360200194
2030-11-08 18:00:00,257.2432707405968
2030-11-08 19:00:00,256.6937173917103
2030-11-08 20:00:00,256.1557149691686
2030-11-08 21:00:00,255.6289835689124
2030-11-08 22:00:00,255.11325163693442
2030-11-08 23:00:00,254.60825565302943
2030-11-09 00:00:00,254.11373982945628
2030-11-09 01:00:00,253.71036985178566
2030-11-09 02:00:00,253.316453200401
2030-11-09 03:00:00,252.9317488653222
2030-11-09 04:00:00,252.55602289780276
2030-11-09 05:00:00,252.18904815992028
2030-11-09 06:00:00,251.83060408510747
2030-11-09 07:00:00,251.48047644904793
2030-11-09 08:00:00,251.19493857298554
2030-11-09 09:00:00,251.49451806724304
2030-11-09 10:00:00,252.27085739309933
2030-11-09 11:00:00,253.3850906921136
2030-11-09 12:00:00,254.6772087188018
2030-11-09 13:00:00,255.97693653784637
2030-11-09 14:00:00,257.11536417092816
2030-11-09 15:00:00,257.93650501603327
2030-11-09 16:00:00,258.3079559253608
2030-11-09 17:00:00,258.12989921112927
2030-11-09 18:00:00,257.63129310635077
2030-11-09 19:00:00,257.14462176515866
2030-11-09 20:00:00,256.6695688724909
2030-11-09 21:00:00,256.20582797293275
2030-11-09 22:00:00,255.7531020915932
2030-11-09 23:00:00,255.311103373058
2030-11-10 00:00:00,254.8795527373816
2030-11-10 01:00:00,254.41263419534172
2030-11-10 02:00:00,253.95594472006658
2030-11-10 03:00:00,253.50923393252444
2030-11-10 04:00:00,253.07225874027156
2030-11-10 05:00:00,252.64478307384425
2030-11-10 06:00:00,252.22657763499464
2030-11-10 07:00:00,251.81741965613148
2030-11-10 08:00:00,251.46108509042824
2030-11-10 09:00:00,251.69007978812635
2030-11-10 10:00:00,252.39711098814308
2030-11-10 11:00:00,253.44424480318165
2030-11-10 12:00:00,254.67220760968468
2030-11-10 13:00:00,255.91121303236986
2030-11-10 14:00:00,256.99255869615916
2030-11-10 15:00:00,257.7601703899332
2030-11-10 16:00:00,258.08126888202094
2030-11-10 17:00:00,257.855399349278
2030-11-10 18:00:00,257.3226421629255
2030-11-10 19:00:00,256.80175444006596
2030-11-10 20:00:00,256.2924367497246
2030-11-10 21:00:00,255.79439878269196
2030-11-10 22:00:00,255.30735900252344
2030-11-10 23:00:00,254.83104431315144
2030-11-11 00:00:00,254.3651897421625
2030-11-11 01:00:00,254.19026716864786
2030-11-11 02:00:00,254.0208835951466
2030-11-11 03:00:00,253.8568599989795
2030-11-11 04:00:00,253.69802337163418
2030-11-11 05:00:00,253.54420650233422
2030-11-11 06:00:00,253.3952477703014
2030-11-11 07:00:00,253.2509909453059
2030-11-11 08:00:00,253.14302117660472
2030-11-11 09:00:00,253.61525377669017
2030-11-11 10:00:00,254.5548354426594
2030-11-11 11:00:00,255.8195246355778
2030-11-11 12:00:00,257.24726625696366
2030-11-11 13:00:00,258.6671915056261
2030-11-11 14:00:00,259.9112717707629
2030-11-11 15:00:00,260.82579731914205
2030-11-11 16:00:00,261.28185878827816
2030-11-11 17:00:00,261.1840841855485
2030-11-11 18:00:00,260.7902156246907
2030-11-11 19:00:00,260.40915683777786
2030-11-11 20:00:00,260.04047187749273
2030-11-11 21:00:00,259.68374089138393
2030-11-11 22:00:00,259.3385594452354
2030-11-11 23:00:00,259.00453788024737
2030-11-12 00:00:00,258.6813007019956
2030-11-12 01:00:00,258.4602112295966
2030-11-12 02:00:00,258.24707672706
2030-11-12 03:00:00,258.0416050163508
2030-11-12 04:00:00,257.8435150757192
2030-11-12 05:00:00,257.65253658327225
2030-11-12 06:00:00,257.4684094813938
2030-11-12 07:00:00,257.2908835609078
2030-11-12 08:00:00,257.1394354968559
2030-11-12 09:00:00,257.56935594579494
2030-11-12 10:00:00,258.4654117827284
2030-11-12 11:00:00,259.6836034658019
2030-11-12 12:00:00,261.06082726294915
2030-11-12 13:00:00,262.4259182164838
2030-11-12 14:00:00,263.61129764986623
2030-11-12 15:00:00,264.4643945682714
2030-11-12 16:00:00,264.85802182341774
2030-11-12 17:00:00,264.6989669880551
2030-11-12 18:00:00,264.25890231408465
2030-11-12 19:00:00,263.83501392172997
2030-11-12 20:00:00,263.4266825670854
2030-11-12 21:00:00,263.033314520706
2030-11-12 22:00:00,262.65434038257723
2030-11-12 23:00:00,262.2892139619621
2030-11-13 00:00:00,261.9374112178642
2030-11-13 01:00:00,261.5680737588439
2030-11-13 02:00:00,261.2116462184476
2030-11-13 03:00:00,260.8676603005203
2030-11-13 04:00:00,260.5356658850948
2030-11-13 05:00:00,260.2152302394501
2030-11-13 06:00:00,259.90593726924203
2030-11-13 07:00:00,259.607386807271
2030-11-13 08:00:00,259.3271347740201
2030-11-13 09:00:00,259.6316940319083
2030-11-13 10:00:00,260.4065276767197
2030-11-13 11:00:00,261.5082457866235
2030-11-13 12:00:00,262.77421387762257
2030-11-13 13:00:00,264.0335529165545
2030-11-13 14:00:00,265.11875770022937
2030-11-13 15:00:00,265.8771049102879
2030-11-13 16:00:00,266.18103253422765
2030-11-13 17:00:00,265.93675025227293
2030-11-13 18:00:00,265.42645405641883
2030-11-13 19:00:00,264.93426336854503
2030-11-13 20:00:00,264.4595023305119
2030-11-13 21:00:00,264.001522693973
2030-11-13 22:00:00,263.55970252194294
2030-11-13 23:00:00,263.13344496357
2030-11-14 00:00:00,262.72217709713567
2030-11-14 01:00:00,262.2959607623615
2030-11-14 02:00:00,261.8840674521482
2030-11-14 03:00:00,261.48599297446
2030-11-14 04:00:00,261.10125242402734
2030-11-14 05:00:00,260.7293793404076
2030-11-14 06:00:00,260.3699249098109
2030-11-14 07:00:00,260.02245720795213
2030-11-14 08:00:00,259.6865604813924
2030-11-14 09:00:00,259.93250479053455
2030-11-14 10:00:00,260.65039874460496
2030-11-14 11:00:00,261.6976528889496
2030-11-14 12:00:00,262.9122471738525
2030-11-14 13:00:00,264.12368970945204
2030-11-14 14:00:00,265.164609500306
2030-11-14 15:00:00,265.8821566427713
2030-11-14 16:00:00,266.14839246736926
2030-11-14 17:00:00,265.8689285119407
2030-11-14 18:00:00,265.3362131215037
2030-11-14 19:00:00,264.8216209116579
2030-11-14 20:00:00,264.32449879441293
2030-11-14 21:00:00,263.84421971197196
2030-11-14 22:00:00,263.3801814275411
2030-11-14 23:00:00,262.9318053840523
2030-11-15 00:00:00,262.4985356261918
2030-11-15 01:00:00,262.0839505186681
2030-11-15 02:00:00,261.6833687636053
2030-11-15 03:00:00,261.29629577847106
2030-11-15 04:00:00,260.9222559084311
2030-11-15 05:00:00,260.560791602713
2030-11-15 06:00:00,260.21146263352273
2030-11-15 07:00:00,259.8738453548704
2030-11-15 08:00:00,259.5475319988533
2030-11-15 09:00:00,259.79068988021373
2030-11-15 10:00:00,260.50515022610523
2030-11-15 11:00:00,261.5484434557043
2030-11-15 12:00:00,262.75872699451196
2030-11-15 13:00:00,263.9657304834976
2030-11-15 14:00:00,265.00233178841563
2030-11-15 15:00:00,265.71593854076326
2030-11-15 16:00:00,265.9788591291352
2030-11-15 17:00:00,265.6969235053332
2030-11-15 18:00:00,265.17353512371193
2030-11-15 19:00:00,264.6680457202127
2030-11-15 20:00:00,264.1798079711386
2030-11-15 21:00:00,263.70820038046
2030-11-15 22:00:00,263.2526260822192
2030-11-15 23:00:00,262.81251170994693
2030-11-16 00:00:00,262.387306328564
2030-11-16 01:00:00,261.85432239504274
2030-11-16 02:00:00,261.3361702743892
2030-11-16 03:00:00,260.83240127386966
2030-11-16 04:00:00,260.3425822890013
2030-11-16 05:00:00,259.8662951481981
2030-11-16 06:00:00,259.40313599137534
2030-11-16 07:00:00,258.9527146803902
2030-11-16 08:00:00,258.51465423934917
2030-11-16 09:00:00,258.63530430714513
2030-11-16 10:00:00,259.2313966522444
2030-11-16 11:00:00,260.16340692844864
2030-11-16 12:00:00,261.27154291603216
2030-11-16 13:00:00,262.3865699302091
2030-11-16 14:00:00,263.34133536467755
2030-11-16 15:00:00,263.98217257919805
2030-11-16 16:00:00,264.1793676296524
2030-11-16 17:00:00,263.83594261615355
2030-11-16 18:00:00,263.26245549270305
2030-11-16 19:00:00,262.70503626216424
2030-11-16 20:00:00,262.1631926723823
2030-11-16 21:00:00,261.6364499260601
2030-11-16 22:00:00,261.1243499266282
2030-11-16 23:00:00,260.6264505643777
2030-11-17 00:00:00,260.14232504026364
2030-11-17 01:00:00,259.5297628812547
2030-11-17 02:00:00,258.930263437312
2030-11-17 03:00:00,258.3435010294746
2030-11-17 04:00:00,257.7691601160477
2030-11-17 05:00:00,257.2069348892289
2030-11-17 06:00:00,256.65652889171525
2030-11-17 07:00:00,256.1176546521102
2030-11-17 08:00:00,255.59003333802906
2030-11-17 09:00:00,255.60853245168212
2030-11-17 10:00:00,256.1047111951083
2030-11-17 11:00:00,256.9423192597426
2030-11-17 12:00:00,257.9639007302202
2030-11-17 13:00:00,259.0014810386862
2030-11-17 14:00:00,259.888024680484
2030-11-17 15:00:00,260.4688509731956
2030-11-17 16:00:00,260.6121922448201
2030-11-17 17:00:00,260.2181423899807
2030-11-17 18:00:00,259.60396005172464
2030-11-17 19:00:00,259.00288096890523
2030-11-17 20:00:00,258.4145781942692
2030-11-17 21:00:00,257.838734968586
2030-11-17 22:00:00,257.27504431474546
2030-11-17 23:00:00,256.7232086519871
2030-11-18 00:00:00,256.18293942906826
2030-11-18 01:00:00,255.73337332570335
2030-11-18 02:00:00,255.2945021757334
2030-11-18 03:00:00,254.86604700131085
2030-11-18 04:00:00,254.4477372764312
2030-11-18 05:00:00,254.03931061418012
2030-11-18 06:00:00,253.64051246828743
2030-11-18 07:00:00,253.25109584819978
2030-11-18 08:00:00,252.87082104693366
2030-11-18 09:00:00,253.02329265413331
2030-11-18 10:00:00,253.6495877047009
2030-11-18 11:00:00,254.61245246591432
2030-11-18 12:00:00,255.75382788327371
2030-11-18 13:00:00,256.9055794161965
2030-11-18 14:00:00,257.9009662175913
2030-11-18 15:00:00,258.58603610611397
2030-11-18 16:00:00,258.830132397167
2030-11-18 17:00:00,258.5347645052587
2030-11-18 18:00:00,258.0288313120757
2030-11-18 19:00:00,257.5350836666821
2030-11-18 20:00:00,257.05319643770457
2030-11-18 21:00:00,256.582854702661
2030-11-18 22:00:00,256.12375335233236
2030-11-18 23:00:00,255.67559671414816
2030-11-19 00:00:00,255.23809819348637
2030-11-19 01:00:00,254.92621504172436
2030-11-19 02:00:00,254.62301166274568
2030-11-19 03:00:00,254.32823482820115
2030-11-19 04:00:00,254.0416393474349
2030-11-19 05:00:00,253.7629877759622
2030-11-19 06:00:00,253.49205013654606
2030-11-19 07:00:00,253.22860365221774
2030-11-19 08:00:00,252.97243249062507
2030-11-19 09:00:00,253.2361444244417
2030-11-19 10:00:00,253.96931476141467
2030-11-19 11:00:00,255.03299370957754
2030-11-19 12:00:00,256.26806541244576
2030-11-19 13:00:00,257.5060424823322
2030-11-19 14:00:00,258.58055178669747
2030-11-19 15:00:00,259.33869576513126
2030-11-19 16:00:00,259.65147712380923
2030-11-19 17:00:00,259.4225445699151
2030-11-19 18:00:00,258.99301539576146
2030-11-19 19:00:00,258.5756657316839
2030-11-19 20:00:00,258.1701273964322
2030-11-19 21:00:00,257.77604463838986
2030-11-19 22:00:00,257.39307364143383
2030-11-19 23:00:00,257.02088205468584
2030-11-20 00:00:00,256.6591485447612
2030-11-20 01:00:00,256.24384688055807
2030-11-20 02:00:00,255.83917021290475
2030-11-20 03:00:00,255.44482573739978
2030-11-20 04:00:00,255.06052979715227
2030-11-20 05:00:00,254.68600754115334
2030-11-20 06:00:00,254.32099259828536
2030-11-20 07:00:00,253.96522676610417
2030-11-20 08:00:00,253.61845971358616
2030-11-20 09:00:00,253.78253069848958
2030-11-20 10:00:00,254.41854345966541
2030-11-20 11:00:00,255.38877179031914
2030-11-20 12:00:00,256.5350110290979
2030-11-20 13:00:00,257.6893109280326
2030-11-20 14:00:00,258.6854254593295
2030-11-20 15:00:00,259.37016689969914
2030-11-20 16:00:00,259.61385290568376
2030-11-20 17:00:00,259.31910276045255
2030-11-20 18:00:00,258.83522754648163
2030-11-20 19:00:00,258.36389424151344
2030-11-20 20:00:00,257.904748723103
2030-11-20 21:00:00,257.45744838205235
2030-11-20 22:00:00,257.02166166844233
2030-11-20 23:00:00,256.5970676597421
2030-11-21 00:00:00,256.1833556497002
2030-11-21 01:00:00,255.84509113373124
2030-11-21 02:00:00,255.51628023425533
2030-11-21 03:00:00,255.1966449245554
2030-11-21 04:00:00,254.88591612830183
2030-11-21 05:00:00,254.58383338784697
2030-11-21 06:00:00,254.29014454725024
2030-11-21 07:00:00,254.00460544924584
2030-11-21 08:00:00,253.7269796454135
2030-11-21 09:00:00,253.9486756549345
2030-11-21 10:00:00,254.63968066729964
2030-11-21 11:00:00,255.6613527649881
2030-11-21 12:00:00,256.8549577444554
2030-11-21 13:00:00,258.052432625558
2030-11-21 14:00:00,259.0878376197804
2030-11-21 15:00:00,259.80868317903776
2030-11-21 16:00:00,260.0863224395597
2030-11-21 17:00:00,259.8246691154693
2030-11-21 18:00:00,259.3837158361945
2030-11-21 19:00:00,258.9552886515358
2030-11-21 20:00:00,258.539007608243
2030-11-21 21:00:00,258.1345056548049
2030-11-21 22:00:00,257.7414281242464
2030-11-21 23:00:00,257.3594322421789
2030-11-22 00:00:00,256.9881866586147
2030-11-22 01:00:00,256.6951087374349
2030-11-22 02:00:00,256.4110154953545
2030-11-22 03:00:00,256.1356210935529
2030-11-22 04:00:00,255.86864942354543
2030-11-22 05:00:00,255.60983373678295
2030-11-22 06:00:00,255.35891629074786
2030-11-22 07:00:00,255.1156480106671
2030-11-22 08:00:00,254.87978816601927
2030-11-22 09:00:00,255.13259243653977
2030-11-22 10:00:00,255.85252370893764
2030-11-22 11:00:00,256.89987661704606
2030-11-22 12:00:00,258.1152945662813
2030-11-22 13:00:00,259.3305650280644
2030-11-22 14:00:00,260.38007149842514
2030-11-22 15:00:00,261.11208788592313
2030-11-22 16:00:00,261.39910741976416
2030-11-22 17:00:00,261.1464705501632
2030-11-22 18:00:00,260.7247263647788
2030-11-22 19:00:00,260.31613411305165
2030-11-22 20:00:00,259.92026145303294
2030-11-22 21:00:00,259.5366916432041
2030-11-22 22:00:00,259.1650228922114
2030-11-22 23:00:00,258.8048677411677
2030-11-23 00:00:00,258.45585247655293
2030-11-23 01:00:00,258.0740202727848
2030-11-23 02:00:00,257.7032848118009
2030-11-23 03:00:00,257.34330571172393
2030-11-23 04:00:00,256.99375407377954
2030-11-23 05:00:00,256.65431203380166
2030-11-23 06:00:00,256.3246723348142
2030-11-23 07:00:00,256.004537919494
2030-11-23 08:00:00,255.69362154139986
2030-11-23 09:00:00,255.86328466703642
2030-11-23 10:00:00,256.5022765159379
2030-11-23 11:00:00,257.4717860778776
2030-11-23 12:00:00,258.6131312008989
2030-11-23 13:00:00,259.758507099036
2030-11-23 14:00:00,260.7424100152955
2030-11-23 15:00:00,261.41292411673476
2030-11-23 16:00:00,261.64206443826043
2030-11-23 17:00:00,261.3344393854021
2030-11-23 18:00:00,260.86834270492466
2030-11-23 19:00:00,260.4159633123348
2030-11-23 20:00:00,259.9768702831529
2030-11-23 21:00:00,259.55064783989036
2030-11-23 22:00:00,259.13689472377257
2030-11-23 23:00:00,258.73522359819754
2030-11-24 00:00:00,258.3452604819939
2030-11-24 01:00:00,257.93518318412066
2030-11-24 02:00:00,257.5364936335922
2030-11-24 03:00:00,257.1488549417548
2030-11-24 04:00:00,256.77194133768904
2030-11-24 05:00:00,256.4054377366806
2030-11-24 06:00:00,256.0490393290464
2030-11-24 07:00:00,255.7024511881573
2030-11-24 08:00:00,255.36538789657345
2030-11-24 09:00:00,255.4996680549862
2030-11-24 10:00:00,256.1038724662162
2030-11-24 11:00:00,257.0399558318343
2030-11-24 12:00:00,258.14983221641853
2030-11-24 13:00:00,259.2660859403939
2030-11-24 14:00:00,260.2233714525717
2030-11-24 15:00:00,260.8696923978385
2030-11-24 16:00:00,261.0767536022842
2030-11-24 17:00:00,260.74864899442804
2030-11-24 18:00:00,260.2713934571568
2030-11-24 19:00:00,259.8075376419684
2030-11-24 20:00:00,259.356676859351
2030-11-24 21:00:00,258.91842024926854
2030-11-24 22:00:00,258.49239021713464
2030-11-24 23:00:00,258.0782218979649
2030-11-25 00:00:00,257.6755626470071
2030-11-25 01:00:00,257.49702090306823
2030-11-25 02:00:00,257.32492588737944
2030-11-25 03:00:00,257.1590409715725
2030-11-25 04:00:00,256.9991384881894
2030-11-25 05:00:00,256.844999371584
2030-11-25 06:00:00,256.69641281462776
2030-11-25 07:00:00,256.55317594042447
2030-11-25 08:00:00,256.4150934882849
2030-11-25 09:00:00,256.73483718235957
2030-11-25 10:00:00,257.51609980801754
2030-11-25 11:00:00,258.6172469427763
2030-11-25 12:00:00,259.877920946624
2030-11-25 13:00:00,261.12988067874335
2030-11-25 14:00:00,262.2084321375064
2030-11-25 15:00:00,262.96363579935246
2030-11-25 16:00:00,263.2704881342092
2030-11-25 17:00:00,263.0373523129599
2030-11-25 18:00:00,262.663284306853
2030-11-25 19:00:00,262.3029797707545
2030-11-25 20:00:00,261.9559147157232
2030-11-25 21:00:00,261.6215863913386
2030-11-25 22:00:00,261.2995123296755
2030-11-25 23:00:00,260.98922943930387
2030-11-26 00:00:00,260.6902931461921
2030-11-26 01:00:00,260.4466047906669
2030-11-26 02:00:00,260.2122935738878
2030-11-26 03:00:00,259.9869913488306
2030-11-26 04:00:00,259.7703449799326
2030-11-26 05:00:00,259.5620156882513
2030-11-26 06:00:00,259.3616784284534
2030-11-26 07:00:00,259.1690212958422
2030-11-26 08:00:00,258.98374496174813
2030-11-26 09:00:00,259.24950020995516
2030-11-26 10:00:00,259.97753378354037
2030-11-26 11:00:00,261.0252729955112
2030-11-26 12:00:00,262.23181917610526
2030-11-26 13:00:00,263.42879999812
2030-11-26 14:00:00,264.4517865095425
2030-11-26 15:00:00,265.15146055667
2030-11-26 16:00:00,265.403732248569
2030-11-26 17:00:00,265.11808691287683
2030-11-26 18:00:00,264.70264900648357
2030-11-26 19:00:00,264.30343693463897
2030-11-26 20:00:00,263.9197950230873
2030-11-26 21:00:00,263.5510958016718
2030-11-26 22:00:00,263.19673865724803
2030-11-26 23:00:00,262.8561485613798
2030-11-27 00:00:00,262.52877486786576
2030-11-27 01:00:00,262.00512796191725
2030-11-27 02:00:00,261.4964028690044
2030-11-27 03:00:00,261.00213966750147
2030-11-27 04:00:00,260.5218946021645
2030-11-27 05:00:00,260.0552394008002
2030-11-27 06:00:00,259.60176062644257
2030-11-27 07:00:00,259.16105906280933
2030-11-27 08:00:00,258.7327491309736
2030-11-27 09:00:00,258.7517926784449
2030-11-27 10:00:00,259.24220444223215
2030-11-27 11:00:00,260.0660746687706
2030-11-27 12:00:00,261.06563229119683
2030-11-27 13:00:00,262.0739175478735
2030-11-27 14:00:00,262.92613538823514
2030-11-27 15:00:00,263.4708824923373
2030-11-27 16:00:00,263.5804448476503
2030-11-27 17:00:00,263.15943262472297
2030-11-27 18:00:00,262.61776621447444
2030-11-27 19:00:00,262.0915798025491
2030-11-27 20:00:00,261.5803936845788
2030-11-27 21:00:00,261.0837451682204
2030-11-27 22:00:00,260.6011878453283
2030-11-27 23:00:00,260.1322909024605
2030-11-28 00:00:00,259.6766384672813
2030-11-28 01:00:00,259.1338725429984
2030-11-28 02:00:00,258.6040436511898
2030-11-28 03:00:00,258.0868066927501
2030-11-28 04:00:00,257.58182753720314
2030-11-28 05:00:00,257.0887825885736
2030-11-28 06:00:00,256.6073583726103
2030-11-28 07:00:00,256.1372511440999
2030-11-28 08:00:00,255.6781665130962
2030-11-28 09:00:00,255.6568716938214
2030-11-28 10:00:00,256.107440986276
2030-11-28 11:00:00,256.89430319623773
2030-11-28 12:00:00,257.86135949880355
2030-11-28 13:00:00,258.842562973288
2030-11-28 14:00:00,259.67322880395704
2030-11-28 15:00:00,260.2012728599076
2030-11-28 16:00:00,260.2975761515248
2030-11-28 17:00:00,259.86473771375137
2030-11-28 18:00:00,259.31747945570163
2030-11-28 19:00:00,258.78327849432173
2030-11-28 20:00:00,258.2617858870402
2030-11-28 21:00:00,257.752663813069
2030-11-28 22:00:00,257.2555851316893
2030-11-28 23:00:00,256.77023296234097
2030-11-29 00:00:00,256.29630028522143
2030-11-29 01:00:00,255.83880201842672
2030-11-29 02:00:00,255.3921040980944
2030-11-29 03:00:00,254.95592610380152
2030-11-29 04:00:00,254.5299961046431
2030-11-29 05:00:00,254.11405034430612
2030-11-29 06:00:00,253.70783294060044
2030-11-29 07:00:00,253.31109559864746
2030-11-29 08:00:00,252.92359733697822
2030-11-29 09:00:00,252.96420107768245
2030-11-29 10:00:00,253.47471101420243
2030-11-29 11:00:00,254.31979920408878
2030-11-29 12:00:00,255.34360488617088
2030-11-29 13:00:00,256.38030483133684
2030-11-29 14:00:00,257.265414028692
2030-11-29 15:00:00,257.8470157341735
2030-11-29 16:00:00,257.9961196078024
2030-11-29 17:00:00,257.6154113465669
2030-11-29 18:00:00,257.12662375424895
2030-11-29 19:00:00,256.6494560174076
2030-11-29 20:00:00,256.183602560739
2030-11-29 21:00:00,255.72876724840648
2030-11-29 22:00:00,255.28466302466444
2030-11-29 23:00:00,254.85101157144337
2030-11-30 00:00:00,254.427542981932
2030-11-30 01:00:00,254.16883309834682
2030-11-30 02:00:00,253.91757526819626
2030-11-30 03:00:00,253.6735468682214
2030-11-30 04:00:00,253.4365323840404
2030-11-30 05:00:00,253.20632315667254
2030-11-30 06:00:00,252.9827171396211
2030-11-30 07:00:00,252.76551866598894
2030-11-30 08:00:00,252.55453822513294
2030-11-30 09:00:00,252.76106318427554
2030-11-30 10:00:00,253.4320306111574
2030-11-30 11:00:00,254.42985196144292
2030-11-30 12:00:00,255.59720465591124
2030-11-30 13:00:00,256.7676933753012
2030-11-30 14:00:00,257.77718090170356
2030-11-30 15:00:00,258.4749842138658
2030-11-30 16:00:00,258.7341362395313
2030-11-30 17:00:00,258.4599833890782
2030-11-30 18:00:00,258.08403128779014
2030-11-30 19:00:00,257.7190973077962
2030-11-30 20:00:00,257.3648412000357
2030-11-30 21:00:00,257.02093424089725
2030-11-30 22:00:00,256.68705878163433
2030-11-30 23:00:00,256.36290781893024
2030-12-01 00:00:00,256.0481845854151
2030-12-01 01:00:00,255.55704962030975
2030-12-01 02:00:00,255.07677291806164
2030-12-01 03:00:00,254.60708508352056
2030-12-01 04:00:00,254.14772470974998
2030-12-01 05:00:00,253.69843808251323
2030-12-01 06:00:00,253.258978898347
2030-12-01 07:00:00,252.8291079954717
2030-12-01 08:00:00,252.4085930968369
2030-12-01 09:00:00,252.40138712913767
2030-12-01 10:00:00,252.86420632958186
2030-12-01 11:00:00,253.66270327700815
2030-12-01 12:00:00,254.64182477121068
2030-12-01 13:00:00,255.6363295023607
2030-12-01 14:00:00,256.48205094324936
2030-12-01 15:00:00,257.02710772682207
2030-12-01 16:00:00,257.1422621195696
2030-12-01 17:00:00,256.72969025490715
2030-12-01 18:00:00,256.22343774817665
2030-12-01 19:00:00,255.72842083137246
2030-12-01 20:00:00,255.24435881821321
2030-12-01 21:00:00,254.77097943303278
2030-12-01 22:00:00,254.30801849561962
2030-12-01 23:00:00,253.85521962073992
2030-12-02 00:00:00,253.4123339315235
2030-12-02 01:00:00,252.91741189538914
2030-12-02 02:00:00,252.43223685148067
2030-12-02 03:00:00,251.9565875578482
2030-12-02 04:00:00,251.49024895205815
2030-12-02 05:00:00,251.03301193215455
2030-12-02 06:00:00,250.58467314728523
2030-12-02 07:00:00,250.1450347974831
2030-12-02 08:00:00,249.71390444212363
2030-12-02 09:00:00,249.68831811384823
2030-12-02 10:00:00,250.13263282683886
2030-12-02 11:00:00,250.91376162532683
2030-12-02 12:00:00,251.8775898084832
2030-12-02 13:00:00,252.85943707881913
2030-12-02 14:00:00,253.6952893228191
2030-12-02 15:00:00,254.2330056380283
2030-12-02 16:00:00,254.34270245647147
2030-12-02 17:00:00,253.92557717714402
2030-12-02 18:00:00,253.42051533933127
2030-12-02 19:00:00,252.92543192444083
2030-12-02 20:00:00,252.44009917491775
2030-12-02 21:00:00,251.9642957458104
2030-12-02 22:00:00,251.49780647535133
2030-12-02 23:00:00,251.0404221657558
2030-12-03 00:00:00,250.5919393736942
2030-12-03 01:00:00,250.19547847920097
2030-12-03 02:00:00,249.8072213081049
2030-12-03 03:00:00,249.42697974433182
2030-12-03 04:00:00,249.05457074882622
2030-12-03 05:00:00,248.68981619048546
2030-12-03 06:00:00,248.33254268407273
2030-12-03 07:00:00,247.9825814347622
2030-12-03 08:00:00,247.63976808898963
2030-12-03 09:00:00,247.69455113351876
2030-12-03 10:00:00,248.21718556777688
2030-12-03 11:00:00,249.07422168844113
2030-12-03 12:00:00,250.11134842825095
2030-12-03 13:00:00,251.16387168166412
2030-12-03 14:00:00,252.06794898709126
2030-12-03 15:00:00,252.67178615894224
2030-12-03 16:00:00,252.84599871945233
2030-12-03 17:00:00,252.49240239038554
2030-12-03 18:00:00,252.0563514127458
2030-12-03 19:00:00,251.62942311701823
2030-12-03 20:00:00,251.2114041108889
2030-12-03 21:00:00,250.80208694119577
2030-12-03 22:00:00,250.40126988836306
2030-12-03 23:00:00,250.00875676967192
2030-12-04 00:00:00,249.62435675091103
2030-12-04 01:00:00,249.5298439691398
2030-12-04 02:00:00,249.43807604596094
2030-12-04 03:00:00,249.34897223992184
2030-12-04 04:00:00,249.26245424357887
2030-12-04 05:00:00,249.17844610672338
2030-12-04 06:00:00,249.0968741622248
2030-12-04 07:00:00,249.01766695439036
2030-12-04 08:00:00,248.940755169746
2030-12-04 09:00:00,249.25040912275188
2030-12-04 10:00:00,250.01963500978104
2030-12-04 11:00:00,251.1112703981026
2030-12-04 12:00:00,252.36854048629658
2030-12-04 13:00:00,253.62569195201235
2030-12-04 14:00:00,254.71928790073255
2030-12-04 15:00:00,255.49936296129698
2030-12-04 16:00:00,255.83964266102163
2030-12-04 17:00:00,255.64610078546207
2030-12-04 18:00:00,255.37445869294416
2030-12-04 19:00:00,255.11090361397922
2030-12-04 20:00:00,254.85518593503454
2030-12-04 21:00:00,254.60706427339142
2030-12-04 22:00:00,254.36630517431604
2030-12-04 23:00:00,254.1326828212383
2030-12-05 00:00:00,253.90597875827044
2030-12-05 01:00:00,253.85828111622195
2030-12-05 02:00:00,253.81227624607357
2030-12-05 03:00:00,253.76790380451752
2030-12-05 04:00:00,253.72510561803276
2030-12-05 05:00:00,253.6838256035577
2030-12-05 06:00:00,253.64400969215447
2030-12-05 07:00:00,253.60560575554567
2030-12-05 08:00:00,253.56856353540945
2030-12-05 09:00:00,253.91124799867038
2030-12-05 10:00:00,254.70992516190142
2030-12-05 11:00:00,255.8246765019362
2030-12-05 12:00:00,257.0969730970227
2030-12-05 13:00:00,258.36039798812703
2030-12-05 14:00:00,259.45195740047006
2030-12-05 15:00:00,260.22317627580946
2030-12-05 16:00:00,260.5501847700657
2030-12-05 17:00:00,260.34207833426626
2030-12-05 18:00:00,260.0633321305454
2030-12-05 19:00:00,259.79470267513506
2030-12-05 20:00:00,259.53581321873946
2030-12-05 21:00:00,259.2863017331162
2030-12-05 22:00:00,259.0458202857904
2030-12-05 23:00:00,258.81403444494464
2030-12-06 00:00:00,258.59062271277185
2030-12-06 01:00:00,258.150911202384
2030-12-06 02:00:00,257.72301248864625
2030-12-06 03:00:00,257.30658540277994
2030-12-06 04:00:00,256.90129991548054
2030-12-06 05:00:00,256.5068367032482
2030-12-06 06:00:00,256.122886735388
2030-12-06 07:00:00,255.74915088048908
2030-12-06 08:00:00,255.38533953127316
2030-12-06 09:00:00,255.404011334732
2030-12-06 10:00:00,255.88996011253263
2030-12-06 11:00:00,256.7072064762545
2030-12-06 12:00:00,257.6998548123814
2030-12-06 13:00:00,258.70264750827414
2030-12-06 14:00:00,259.5522092886533
2030-12-06 15:00:00,260.09818367813534
2030-12-06 16:00:00,260.2134663955041
2030-12-06 17:00:00,259.8028079333758
2030-12-06 18:00:00,259.3304020475717
2030-12-06 19:00:00,258.87076023820225
2030-12-06 20:00:00,258.42350989030064
2030-12-06 21:00:00,257.98829077380555
2030-12-06 22:00:00,257.56475454936276
2030-12-06 23:00:00,257.1525642983483
2030-12-07 00:00:00,256.75139407567957
2030-12-07 01:00:00,256.3598748712105
2030-12-07 02:00:00,255.97876736235912
2030-12-07 03:00:00,255.60777603931854
2030-12-07 04:00:00,255.24661477420682
2030-12-07 05:00:00,254.8950064697445
2030-12-07 06:00:00,254.5526827239447
2030-12-07 07:00:00,254.21938350993483
2030-12-07 08:00:00,253.89485687008437
2030-12-07 09:00:00,253.94647593912308
2030-12-07 10:00:00,254.4641563578507
2030-12-07 11:00:00,255.31214619233927
2030-12-07 12:00:00,256.33475526668883
2030-12-07 13:00:00,257.3669003411161
2030-12-07 14:00:00,258.2453417396824
2030-12-07 15:00:00,258.81981437480374
2030-12-07 16:00:00,258.96325871563977
2030-12-07 17:00:00,258.5804243415796
2030-12-07 18:00:00,258.14000689484334
2030-12-07 19:00:00,257.7114029341332
2030-12-07 20:00:00,257.2942716863157
2030-12-07 21:00:00,256.8882834964703
2030-12-07 22:00:00,256.49311939517446
2030-12-07 23:00:00,256.10847068641056
2030-12-08 00:00:00,255.7340385549083
2030-12-08 01:00:00,255.45064021918867
2030-12-08 02:00:00,255.1755868535577
2030-12-08 03:00:00,254.90862308127763
2030-12-08 04:00:00,254.6495019083012
2030-12-08 05:00:00,254.39798441456392
2030-12-08 06:00:00,254.1538394586166
2030-12-08 07:00:00,253.91684339490774
2030-12-08 08:00:00,253.68677980306802
2030-12-08 09:00:00,253.82618993604774
2030-12-08 10:00:00,254.428612227657
2030-12-08 11:00:00,255.35708516648626
2030-12-08 12:00:00,256.45515171916105
2030-12-08 13:00:00,257.5574507989179
2030-12-08 14:00:00,258.50096680009
2030-12-08 15:00:00,259.1361385951925
2030-12-08 16:00:00,259.3370347288149
2030-12-08 17:00:00,259.0098713678586
2030-12-08 18:00:00,258.62927274386016
2030-12-08 19:00:00,258.2600377172728
2030-12-08 20:00:00,257.90180917367934
2030-12-08 21:00:00,257.554242288007
2030-12-08 22:00:00,257.2170040374099
2030-12-08 23:00:00,256.88977273730086
2030-12-09 00:00:00,256.57223759920527
2030-12-09 01:00:00,256.30856133368104
2030-12-09 02:00:00,256.05312113970604
2030-12-09 03:00:00,255.80565137234186
2030-12-09 04:00:00,255.5658954769408
2030-12-09 05:00:00,255.33360564540803
2030-12-09 06:00:00,255.1085424874956
2030-12-09 07:00:00,254.89047471634638
2030-12-09 08:00:00,254.67917884755425
2030-12-09 09:00:00,254.83268060645057
2030-12-09 10:00:00,255.4481969938329
2030-12-09 11:00:00,256.3880404777846
2030-12-09 12:00:00,257.49531149654746
2030-12-09 13:00:00,258.60451138037655
2030-12-09 14:00:00,259.55279306565535
2030-12-09 15:00:00,260.1910503104297
2030-12-09 16:00:00,260.3940531469328
2030-12-09 17:00:00,260.06890884814686
2030-12-09 18:00:00,259.6951718197359
2030-12-09 19:00:00,259.33327373673717
2030-12-09 20:00:00,258.9828222884148
2030-12-09 21:00:00,258.6434392598563
2030-12-09 22:00:00,258.3147599556366
2030-12-09 23:00:00,257.9964326514758
2030-12-10 00:00:00,257.6881180722544
2030-12-10 01:00:00,257.4302796632649
2030-12-10 02:00:00,257.1809471766446
2030-12-10 03:00:00,256.93983193949674
2030-12-10 04:00:00,256.7066556057282
2030-12-10 05:00:00,256.4811497516697
2030-12-10 06:00:00,256.2630554898263
2030-12-10 07:00:00,256.05212309979765
2030-12-10 08:00:00,255.8481116754672
2030-12-10 09:00:00,256.00488132551845
2030-12-10 10:00:00,256.62300374866146
2030-12-10 11:00:00,257.564075283319
2030-12-10 12:00:00,258.67075935090116
2030-12-10 13:00:00,259.77741872209475
2030-12-10 14:00:00,260.7213658984361
2030-12-10 15:00:00,261.3539317099344
2030-12-10 16:00:00,261.55056091025085
2030-12-10 17:00:00,261.21921677333944
2030-12-10 18:00:00,260.84402712916153
2030-12-10 19:00:00,260.48138341079886
2030-12-10 20:00:00,260.13084856893346
2030-12-10 21:00:00,259.7920019508429
2030-12-10 22:00:00,259.4644386064874
2030-12-10 23:00:00,259.14776862923003
2030-12-11 00:00:00,258.8416165291158
2030-12-11 01:00:00,258.50818533208496
2030-12-11 02:00:00,258.18528486003515
2030-12-11 03:00:00,257.8725688870367
2030-12-11 04:00:00,257.56970343081514
2030-12-11 05:00:00,257.2763662651633
2030-12-11 06:00:00,256.99224645521747
2030-12-11 07:00:00,256.71704391431115
2030-12-11 08:00:00,256.4504689812066
2030-12-11 09:00:00,256.54254733494327
2030-12-11 10:00:00,257.097974479469
2030-12-11 11:00:00,257.9790422663231
2030-12-11 12:00:00,259.0289039243456
2030-12-11 13:00:00,260.08217375507303
2030-12-11 14:00:00,260.9761614193484
2030-12-11 15:00:00,261.561942313323
2030-12-11 16:00:00,261.7144728303066
2030-12-11 17:00:00,261.3410311140377
2030-12-11 18:00:00,260.92820189243247
2030-12-11 19:00:00,260.52854309228667
2030-12-11 20:00:00,260.1416132551298
2030-12-11 21:00:00,259.7669870800506
2030-12-11 22:00:00,259.4042547448276
2030-12-11 23:00:00,259.05302126117635
2030-12-12 00:00:00,258.71290586204634
2030-12-12 01:00:00,258.35572242658503
2030-12-12 02:00:00,258.00940428879943
2030-12-12 03:00:00,257.6736052766395
2030-12-12 04:00:00,257.3479912004016
2030-12-12 05:00:00,257.0322393795983
2030-12-12 06:00:00,256.7260381920624
2030-12-12 07:00:00,256.42908664402904
2030-12-12 08:00:00,256.14109396002095
2030-12-12 09:00:00,256.2086611340749
2030-12-12 10:00:00,256.7401882024393
2030-12-12 11:00:00,257.5985633078576
2030-12-12 12:00:00,258.6273696789673
2030-12-12 13:00:00,259.6614603234675
2030-12-12 14:00:00,260.53818007553616
2030-12-12 15:00:00,261.1084377331668
2030-12-12 16:00:00,261.2468372152837
2030-12-12 17:00:00,260.86014729777617
2030-12-12 18:00:00,260.4372979919119
2030-12-12 19:00:00,260.0274275088095
2030-12-12 20:00:00,259.6301151919661
2030-12-12 21:00:00,259.24495539062826
2030-12-12 22:00:00,258.8715568395066
2030-12-12 23:00:00,258.5095420693646
2030-12-13 00:00:00,258.1585468466268
2030-12-13 01:00:00,257.77025020128355
2030-12-13 02:00:00,257.3929870707447
2030-12-13 03:00:00,257.02642545988766
2030-12-13 04:00:00,256.67024441617536
2030-12-13 05:00:00,256.3241336019665
2030-12-13 06:00:00,255.9877928868334
2030-12-13 07:00:00,255.66093195875794
2030-12-13 08:00:00,255.34326995314973
2030-12-13 09:00:00,255.37835923566698
2030-12-13 10:00:00,255.87824631727653
2030-12-13 11:00:00,256.70679855144897
2030-12-13 12:00:00,257.7082869979656
2030-12-13 13:00:00,258.7179224587961
2030-12-13 14:00:00,259.57306079296933
2030-12-13 15:00:00,260.1242820993869
2030-12-13 16:00:00,260.24555267038176
2030-12-13 17:00:00,259.84274724871017
2030-12-13 18:00:00,259.40636905605504
2030-12-13 19:00:00,258.9824840483939
2030-12-13 20:00:00,258.57071093074137
2030-12-13 21:00:00,258.1706814035756
2030-12-13 22:00:00,257.7820396412818
2030-12-13 23:00:00,257.4044417960535
2030-12-14 00:00:00,257.0375555257508
2030-12-14 01:00:00,256.5650546062687
2030-12-14 02:00:00,256.10379856233345
2030-12-14 03:00:00,255.6534924859391
2030-12-14 04:00:00,255.21385051030396
2030-12-14 05:00:00,254.78459546953295
2030-12-14 06:00:00,254.36545857414387
2030-12-14 07:00:00,253.9561791015677
2030-12-14 08:00:00,253.5565041007903
2030-12-14 09:00:00,253.5073215564177
2030-12-14 10:00:00,253.92488597252074
2030-12-14 11:00:00,254.6752584784
2030-12-14 12:00:00,255.60423382188978
2030-12-14 13:00:00,256.5477885783911
2030-12-14 14:00:00,257.3432491240355
2030-12-14 15:00:00,257.8403880964169
2030-12-14 16:00:00,257.9116581064023
2030-12-14 17:00:00,257.46083555246565
2030-12-14 18:00:00,256.9782370331835
2030-12-14 19:00:00,256.5071493694749
2030-12-14 20:00:00,256.047269442495
2030-12-14 21:00:00,255.59830348646204
2030-12-14 22:00:00,255.1599667336453
2030-12-14 23:00:00,254.7319830760485
2030-12-15 00:00:00,254.31408474284365
2030-12-15 01:00:00,253.90319151950487
2030-12-15 02:00:00,253.50189757118542
2030-12-15 03:00:00,253.1099584110728
2030-12-15 04:00:00,252.72713672921543
2030-12-15 05:00:00,252.3532021368727
2030-12-15 06:00:00,251.9879309220959
2030-12-15 07:00:00,251.63110581594506
2030-12-15 08:00:00,251.28251576878395
2030-12-15 09:00:00,251.28076696749505
2030-12-15 10:00:00,251.74449367149043
2030-12-15 11:00:00,252.54000013372027
2030-12-15 12:00:00,253.51327163329898
2030-12-15 13:00:00,254.50041633420847
2030-12-15 14:00:00,255.33882989992432
2030-12-15 15:00:00,255.87829237321304
2030-12-15 16:00:00,255.9912065588452
2030-12-15 17:00:00,255.58125073376274
2030-12-15 18:00:00,255.14062131983914
2030-12-15 19:00:00,254.71035482088948
2030-12-15 20:00:00,254.2901840329372
2030-12-15 21:00:00,253.87984975251788
2030-12-15 22:00:00,253.4791004841393
2030-12-15 23:00:00,253.087692160964
2030-12-16 00:00:00,252.70538787799413
2030-12-16 01:00:00,252.6301828782783
2030-12-16 02:00:00,252.55746174961197
2030-12-16 03:00:00,252.4871417937187
2030-12-16 04:00:00,252.41914310879315
2030-12-16 05:00:00,252.3533884921218
2030-12-16 06:00:00,252.28980334627846
2030-12-16 07:00:00,252.228315588751
2030-12-16 08:00:00,252.16885556486332
2030-12-16 09:00:00,252.44821463340912
2030-12-16 10:00:00,253.18365868958588
2030-12-16 11:00:00,254.23716425264973
2030-12-16 12:00:00,255.4518383879015
2030-12-16 13:00:00,256.66253611622176
2030-12-16 14:00:00,257.70709037914634
2030-12-16 15:00:00,258.4373569147986
2030-12-16 16:00:00,258.7292852656128
2030-12-16 17:00:00,258.49130013491913
2030-12-16 18:00:00,258.22288150665713
2030-12-16 19:00:00,257.96352018752447
2030-12-16 20:00:00,257.7129017672921
2030-12-16 21:00:00,257.47072334024324
2030-12-16 22:00:00,257.23669304438334
2030-12-16 23:00:00,257.0105296217832
2030-12-17 00:00:00,256.7919619989075
2030-12-17 01:00:00,256.42589674019257
2030-12-17 02:00:00,256.06993936796914
2030-12-17 03:00:00,255.72379451066774
2030-12-17 04:00:00,255.3871763288188
2030-12-17 05:00:00,255.0598081572483
2030-12-17 06:00:00,254.74142216348304
2030-12-17 07:00:00,254.43175902147877
2030-12-17 08:00:00,254.13056759984227
2030-12-17 09:00:00,254.17288141492693
2030-12-17 10:00:00,254.6792289858885
2030-12-17 11:00:00,255.51401814864127
2030-12-17 12:00:00,256.52196891968885
2030-12-17 13:00:00,257.5386243119127
2030-12-17 14:00:00,258.40153764672334
2030-12-17 15:00:00,258.96134270943577
2030-12-17 16:00:00,259.09191670676915
2030-12-17 17:00:00,258.698913714318
2030-12-17 18:00:00,258.27991694401464
2030-12-17 19:00:00,257.87259025162246
2030-12-17 20:00:00,257.4765869802769
2030-12-17 21:00:00,257.09157197942227
2030-12-17 22:00:00,256.71722115480867
2030-12-17 23:00:00,256.35322103990035
2030-12-18 00:00:00,255.9992683874638
2030-12-18 01:00:00,255.53795622183114
2030-12-18 02:00:00,255.08733203204613
2030-12-18 03:00:00,254.64712235732227
2030-12-18 04:00:00,254.2170619376475
2030-12-18 05:00:00,253.79689341121372
2030-12-18 06:00:00,253.38636702567726
2030-12-18 07:00:00,252.98524036248904
2030-12-18 08:00:00,252.5932780735823
2030-12-18 09:00:00,252.54431790926887
2030-12-18 10:00:00,252.96157721444226
2030-12-18 11:00:00,253.71154771957308
2030-12-18 12:00:00,254.64038730193045
2030-12-18 13:00:00,255.58434656756248
2030-12-18 14:00:00,256.3809207183252
2030-12-18 15:00:00,256.879936945293
2030-12-18 16:00:00,256.953787099533
2030-12-18 17:00:00,256.5060787742903
2030-12-18 18:00:00,256.03299354023574
2030-12-18 19:00:00,255.5708989564726
2030-12-18 20:00:00,255.11951241659048
2030-12-18 21:00:00,254.67855985565882
2030-12-18 22:00:00,254.24777543192195
2030-12-18 23:00:00,253.8269012231994
2030-12-19 00:00:00,253.4156869371738
2030-12-19 01:00:00,252.96549230297933
2030-12-19 02:00:00,252.52484686653787
2030-12-19 03:00:00,252.09352389331673
2030-12-19 04:00:00,251.6713030635437
2030-12-19 05:00:00,251.25797024627988
2030-12-19 06:00:00,250.85331728337707
2030-12-19 07:00:00,250.45714178279994
2030-12-19 08:00:00,250.06924692082575
2030-12-19 09:00:00,250.02266912247674
2030-12-19 10:00:00,250.44210751281224
2030-12-19 11:00:00,251.19497927299238
2030-12-19 12:00:00,252.12809267631164
2030-12-19 13:00:00,253.07803848340527
2030-12-19 14:00:00,253.88232658722828
2030-12-19 15:00:00,254.39048017824553
2030-12-19 16:00:00,254.4742975067408
2030-12-19 17:00:00,254.03655274627138
2030-12-19 18:00:00,253.57314763087578
2030-12-19 19:00:00,253.1196071450768
2030-12-19 20:00:00,252.6756955534638
2030-12-19 21:00:00,252.24118385576412
2030-12-19 22:00:00,251.81584954674466
2030-12-19 23:00:00,251.39947638675056
2030-12-20 00:00:00,250.9918541823152
2030-12-20 01:00:00,250.7982881305832
2030-12-20 02:00:00,250.61001630719832
2030-12-20 03:00:00,250.42688955627327
2030-12-20 04:00:00,250.24876316137164
2030-12-20 05:00:00,250.07549670039356
2030-12-20 06:00:00,249.90695390591097
2030-12-20 07:00:00,249.74300253071036
2030-12-20 08:00:00,249.58351421831316
2030-12-20 09:00:00,249.7611263266407
2030-12-20 10:00:00,250.39892027706082
2030-12-20 11:00:00,251.36148757301015
2030-12-20 12:00:00,252.49370829949947
2030-12-20 13:00:00,253.63126664644003
2030-12-20 14:00:00,254.6118420672091
2030-12-20 15:00:00,255.28618307970436
2030-12-20 16:00:00,255.52827425223026
2030-12-20 17:00:00,255.24387426553517
2030-12-20 18:00:00,254.93285229776362
2030-12-20 19:00:00,254.63049783028202
2030-12-20 20:00:00,254.33655771480508
2030-12-20 21:00:00,254.05078684377605
2030-12-20 22:00:00,253.7729478586784
2030-12-20 23:00:00,253.50281087095118
2030-12-21 00:00:00,253.24015319485247
2030-12-21 01:00:00,253.2046601940288
2030-12-21 02:00:00,253.17041033243146
2030-12-21 03:00:00,253.13735992178096
2030-12-21 04:00:00,253.10546681932271
2030-12-21 05:00:00,253.07469037245082
2030-12-21 06:00:00,253.04499136536438
2030-12-21 07:00:00,253.01633196767847
2030-12-21 08:00:00,252.98867568491485
2030-12-21 09:00:00,253.29465606304547
2030-12-21 10:00:00,254.05492956023025
2030-12-21 11:00:00,255.13068206227052
2030-12-21 12:00:00,256.3645495590175
2030-12-21 13:00:00,257.5912591778286
2030-12-21 14:00:00,258.64885975626225
2030-12-21 15:00:00,259.3897436499982
2030-12-21 16:00:00,259.69067224632965
2030-12-21 17:00:00,259.46109256210104
2030-12-21 18:00:00,259.20526934481296
2030-12-21 19:00:00,258.95860401697456
2030-12-21 20:00:00,258.72076072950387
2030-12-21 21:00:00,258.4914165202505
2030-12-21 22:00:00,258.2702607787705
2030-12-21 23:00:00,258.05699473623014
2030-12-22 00:00:00,257.8513309790561
2030-12-22 01:00:00,257.4075586593289
2030-12-22 02:00:00,256.9752441933582
2030-12-22 03:00:00,256.5540675877511
2030-12-22 04:00:00,256.14371904007317
2030-12-22 05:00:00,255.74389854867727
2030-12-22 06:00:00,255.35431554088913
2030-12-22 07:00:00,254.97468851850726
2030-12-22 08:00:00,254.60474471964352
2030-12-22 09:00:00,254.5771681248049
2030-12-22 10:00:00,255.01531949522683
2030-12-22 11:00:00,255.78447949614142
2030-12-22 12:00:00,256.7299820567345
2030-12-22 13:00:00,257.6876857471544
2030-12-22 14:00:00,258.49514206511736
2030-12-22 15:00:00,259.00266869138653
2030-12-22 16:00:00,259.0835376799414
2030-12-22 17:00:00,258.6425545239296
2030-12-22 18:00:00,258.17829082839927
2030-12-22 19:00:00,257.72606053602084
2030-12-22 20:00:00,257.28552515117366
2030-12-22 21:00:00,256.8563570866689
2030-12-22 22:00:00,256.4382392393383
2030-12-22 23:00:00,256.0308645859518
2030-12-23 00:00:00,255.6339357982887
2030-12-23 01:00:00,255.37788548044762
2030-12-23 02:00:00,255.12960034907255
2030-12-23 03:00:00,254.88883704860066
2030-12-23 04:00:00,254.65536032551356
2030-12-23 05:00:00,254.42894272970986
2030-12-23 06:00:00,254.20936432863041
2030-12-23 07:00:00,253.99641243348793
2030-12-23 08:00:00,253.78988133699204
2030-12-23 09:00:00,253.9231725978417
2030-12-23 10:00:00,254.51752111719537
2030-12-23 11:00:00,255.43613847224756
2030-12-23 12:00:00,256.5229616542305
2030-12-23 13:00:00,257.61321202753334
2030-12-23 14:00:00,258.5445992644214
2030-12-23 15:00:00,259.16837483257575
2030-12-23 16:00:00,259.3594458234762
2030-12-23 17:00:00,259.02483025226303
2030-12-23 18:00:00,258.6651605687364
2030-12-23 19:00:00,258.31655145985894
2030-12-23 20:00:00,257.9786468853621
2030-12-23 21:00:00,257.6511032447294
2030-12-23 22:00:00,257.33358888196955
2030-12-23 23:00:00,257.02578361383183
2030-12-24 00:00:00,256.72737828013027
2030-12-24 01:00:00,256.58764303861665
2030-12-24 02:00:00,256.45296134404816
2030-12-24 03:00:00,256.3231480914881
2030-12-24 04:00:00,256.1980251236343
2030-12-24 05:00:00,256.07742095804525
2030-12-24 06:00:00,255.9611705259352
2030-12-24 07:00:00,255.84911492198555
2030-12-24 08:00:00,255.74110116465283
2030-12-24 09:00:00,255.971607008106
2030-12-24 10:00:00,256.6589435357262
2030-12-24 11:00:00,257.66370280310593
2030-12-24 12:00:00,258.828094174274
2030-12-24 13:00:00,259.9865965858117
2030-12-24 14:00:00,260.97718991317504
2030-12-24 15:00:00,261.652366257436
2030-12-24 16:00:00,261.8891337502329
2030-12-24 17:00:00,261.5973015455108
2030-12-24 18:00:00,261.27987762928683
2030-12-24 19:00:00,260.9741294979907
2030-12-24 20:00:00,260.6796151591205
2030-12-24 21:00:00,260.3959102688326
2030-12-24 22:00:00,260.1226073597765
2030-12-24 23:00:00,259.8593151076565
2030-12-25 00:00:00,259.60565763422335
2030-12-25 01:00:00,259.35243007213637
2030-12-25 02:00:00,259.108356420343
2030-12-25 03:00:00,258.8730979143582
2030-12-25 04:00:00,258.6463288909524
2030-12-25 05:00:00,258.4277362407809
2030-12-25 06:00:00,258.21701888680684
2030-12-25 07:00:00,258.0138872870958
2030-12-25 08:00:00,257.8180629606528
2030-12-25 09:00:00,257.9652993603728
2030-12-25 10:00:00,258.57248442698204
2030-12-25 11:00:00,259.50013743899603
2030-12-25 12:00:00,260.59038468484704
2030-12-25 13:00:00,261.6776055561687
2030-12-25 14:00:00,262.5996602432169
2030-12-25 15:00:00,263.2088996982145
2030-12-25 16:00:00,263.3821702090743
2030-12-25 17:00:00,263.0291010085765
2030-12-25 18:00:00,262.65129621662004
2030-12-25 19:00:00,262.2873154386905
2030-12-25 20:00:00,261.93663491680803
2030-12-25 21:00:00,261.5987520458981
2030-12-25 22:00:00,261.27318442339845
2030-12-25 23:00:00,260.9594689485883
2030-12-26 00:00:00,260.65716096853436
2030-12-26 01:00:00,260.3128165313979
2030-12-26 02:00:00,259.9801477762268
2030-12-26 03:00:00,259.6587441225775
2030-12-26 04:00:00,259.34821042273313
2030-12-26 05:00:00,259.04816631394385
2030-12-26 06:00:00,258.7582456024384
2030-12-26 07:00:00,258.4780956773435
2030-12-26 08:00:00,258.2073769527769
2030-12-26 09:00:00,258.2835510140626
2030-12-26 10:00:00,258.82252844332197
2030-12-26 11:00:00,259.68577862720895
2030-12-26 12:00:00,260.7160234151178
2030-12-26 13:00:00,261.74784868519396
2030-12-26 14:00:00,262.61892411535814
2030-12-26 15:00:00,263.1810328529307
2030-12-26 16:00:00,263.3101222556707
2030-12-26 17:00:00,262.91466080737194
2030-12-26 18:00:00,262.49338527469564
2030-12-26 19:00:00,262.08651710227696
2030-12-26 20:00:00,261.6935412153552
2030-12-26 21:00:00,261.31396248315764
2030-12-26 22:00:00,260.9473048413208
2030-12-26 23:00:00,260.5931104601392
2030-12-27 00:00:00,260.2509389557635
2030-12-27 01:00:00,259.75528236419905
2030-12-27 02:00:00,259.27280399282455
2030-12-27 03:00:00,258.8031228103423
2030-12-27 04:00:00,258.34587044272826
2030-12-27 05:00:00,257.90069066429373
2030-12-27 06:00:00,257.46723891396937
2030-12-27 07:00:00,257.0451818353028
2030-12-27 08:00:00,256.6341968387676
2030-12-27 09:00:00,256.5738978863751
2030-12-27 10:00:00,256.9806885738335
2030-12-27 11:00:00,257.71935467103634
2030-12-27 12:00:00,258.63482337995254
2030-12-27 13:00:00,259.5626546751906
2030-12-27 14:00:00,260.3402232869166
2030-12-27 15:00:00,260.8177977967433
2030-12-27 16:00:00,260.8687258517909
2030-12-27 17:00:00,260.3980013382504
2030-12-27 18:00:00,259.8984285824773
2030-12-27 19:00:00,259.4121476085009
2030-12-27 20:00:00,258.9387735947385
2030-12-27 21:00:00,258.4779345302581
2030-12-27 22:00:00,258.02927069818537
2030-12-27 23:00:00,257.5924341847941
2030-12-28 00:00:00,257.1670884127387
2030-12-28 01:00:00,256.6799124804872
2030-12-28 02:00:00,256.20411970924613
2030-12-28 03:00:00,255.7394150621437
2030-12-28 04:00:00,255.28551251567532
2030-12-28 05:00:00,254.8421347194766
2030-12-28 06:00:00,254.40901267202642
2030-12-28 07:00:00,253.98588541138264
2030-12-28 08:00:00,253.57249972011215
2030-12-28 09:00:00,253.51104265639412
2030-12-28 10:00:00,253.91668232377918
2030-12-28 11:00:00,254.6556576720075
2030-12-28 12:00:00,255.5738742618946
2030-12-28 13:00:00,256.507345862852
2030-12-28 14:00:00,257.2933608233066
2030-12-28 15:00:00,257.781582145817
2030-12-28 16:00:00,257.844289831764
2030-12-28 17:00:00,257.38503774430643
2030-12-28 18:00:00,256.89275951569186
2030-12-28 19:00:00,256.411997154802
2030-12-28 20:00:00,255.94245154851703
2030-12-28 21:00:00,255.48383275200965
2030-12-28 22:00:00,255.03585964121194
2030-12-28 23:00:00,254.5982595816263
2030-12-29 00:00:00,254.1707681125562
2030-12-29 01:00:00,253.78263422126287
2030-12-29 02:00:00,253.40382284289947
2030-12-29 03:00:00,253.0340920471392
2030-12-29 04:00:00,252.67320705131192
2030-12-29 05:00:00,252.32093996697142
2030-12-29 06:00:00,251.97706955749499
2030-12-29 07:00:00,251.64138100613468
2030-12-29 08:00:00,251.31366569397693
2030-12-29 09:00:00,251.33902823002174
2030-12-29 10:00:00,251.82967583910812
2030-12-29 11:00:00,252.65147991940128
2030-12-29 12:00:00,253.65006784878304
2030-12-29 13:00:00,254.66128868306137
2030-12-29 14:00:00,255.52239501139115
2030-12-29 15:00:00,256.08314905270396
2030-12-29 16:00:00,256.2160613999079
2030-12-29 17:00:00,255.82503510945435
2030-12-29 18:00:00,255.3969568627317
2030-12-29 19:00:00,254.97924799687695
2030-12-29 20:00:00,254.5716351471705
2030-12-29 21:00:00,254.1738532360371
2030-12-29 22:00:00,253.78564516876796
2030-12-29 23:00:00,253.40676154301258
2030-12-30 00:00:00,253.03696037128842
2030-12-30 01:00:00,252.7970051505377
2030-12-30 02:00:00,252.56375091617332
2030-12-30 03:00:00,252.33700374544844
2030-12-30 04:00:00,252.11657570610342
2030-12-30 05:00:00,251.90228465012277
2030-12-30 06:00:00,251.69395401577242
2030-12-30 07:00:00,251.49141263752014
2030-12-30 08:00:00,251.29449456346484
2030-12-30 09:00:00,251.45158691781842
2030-12-30 10:00:00,252.0704320245493
2030-12-30 11:00:00,253.01504463672174
2030-12-30 12:00:00,254.12976249702612
2030-12-30 13:00:00,255.24979377376008
2030-12-30 14:00:00,256.2124365885233
2030-12-30 15:00:00,256.8681750757168
2030-12-30 16:00:00,257.0908604080887
2030-12-30 17:00:00,256.78625334953125
2030-12-30 18:00:00,256.44066490322655
2030-12-30 19:00:00,256.1048870066299
2030-12-30 20:00:00,255.77862667314886
2030-12-30 21:00:00,255.4616004896864
2030-12-30 22:00:00,255.1535342567104
2030-12-30 23:00:00,254.85416264453318
2030-12-31 00:00:00,254.56322886492046
2030-12-31 01:00:00,254.14368734113674
2030-12-31 02:00:00,253.73391834731737
2030-12-31 03:00:00,253.33367311690992
2030-12-31 04:00:00,252.94271020546807
2030-12-31 05:00:00,252.5607952284055
2030-12-31 06:00:00,252.18770061034525
2030-12-31 07:00:00,251.82320534544624
2030-12-31 08:00:00,251.46709476812762
2030-12-31 09:00:00,251.47131389623146
2030-12-31 10:00:00,251.94179485794584
2030-12-31 11:00:00,252.74461483774712
2030-12-31 12:00:00,253.72547969619026
2030-12-31 13:00:00,254.72018571345941
2030-12-31 14:00:00,255.56580655309577
2030-12-31 15:00:00,256.1118132761577
2030-12-31 16:00:00,256.2303348611699
2030-12-31 17:00:00,255.8248303483618
2030-12-31 18:00:00,255.37576928095515
2030-12-31 19:00:00,254.93723844289912
2030-12-31 20:00:00,254.50896646688153
2030-12-31 21:00:00,254.09069013147896
2030-12-31 22:00:00,253.68215406178584
2030-12-31 23:00:00,253.28311044365483
2031-01-01 00:00:00,252.8933187508033
