Date,Température (K)
2020-01-01 00:00:00,283.0
2020-01-01 01:00:00,278.0016399597022
2020-01-01 02:00:00,273.88437441873907
2020-01-01 03:00:00,270.4805841143077
2020-01-01 04:00:00,267.6584900908725
2020-01-01 05:00:00,265.3132341963676
2020-01-01 06:00:00,263.3605680466645
2020-01-01 07:00:00,261.7322704007558
2020-01-01 08:00:00,260.37274549609685
2020-01-01 09:00:00,259.7804004328624
2020-01-01 10:00:00,261.1843135473748
2020-01-01 11:00:00,263.78755122389043
2020-01-01 12:00:00,266.82320322048014
2020-01-01 13:00:00,269.5887587236567
2020-01-01 14:00:00,271.48222879237994
2020-01-01 15:00:00,272.0333036546342
2020-01-01 16:00:00,270.9246630729818
2020-01-01 17:00:00,268.02708829293186
2020-01-01 18:00:00,265.6198282017253
2020-01-01 19:00:00,263.616026466177
2020-01-01 20:00:00,261.94542115140615
2020-01-01 21:00:00,260.5508006724164
2020-01-01 22:00:00,259.3853298988205
2020-01-01 23:00:00,258.41049952595114
2020-01-02 00:00:00,257.59453138181016
2020-01-02 01:00:00,265.14490231726415
2020-01-02 02:00:00,269.0070310280009
2020-01-02 03:00:00,270.96957394632807
2020-01-02 04:00:00,271.96335661745223
2020-01-02 05:00:00,272.4656725052083
2020-01-02 06:00:00,272.7193373647441
2020-01-02 07:00:00,272.84737554813205
2020-01-02 08:00:00,272.9119878685097
2020-01-02 09:00:00,273.5074077300293
2020-01-02 10:00:00,275.7082531807134
2020-01-02 11:00:00,278.24661543806667
2020-01-02 12:00:00,280.38331741420944
2020-01-02 13:00:00,281.6886350217838
2020-01-02 14:00:00,281.9338311026911
2020-01-02 15:00:00,281.0347210411979
2020-01-02 16:00:00,279.0194048699603
2020-01-02 17:00:00,276.01416539173385
2020-01-02 18:00:00,274.50674320687114
2020-01-02 19:00:00,273.74842189793065
2020-01-02 20:00:00,273.3663930778303
2020-01-02 21:00:00,273.1737954395347
2020-01-02 22:00:00,273.0766634258162
2020-01-02 23:00:00,273.02766832697824
2020-01-03 00:00:00,273.0029520761462
2020-01-03 01:00:00,272.614384938449
2020-01-03 02:00:00,272.4036890072734
2020-01-03 03:00:00,272.28940190069517
2020-01-03 04:00:00,272.2273978511855
2020-01-03 05:00:00,272.193755436727
2020-01-03 06:00:00,272.17550058657895
2020-01-03 07:00:00,272.16559494949036
2020-01-03 08:00:00,272.16021976197044
2020-01-03 09:00:00,272.7405552775598
2020-01-03 10:00:00,274.9572062136341
2020-01-03 11:00:00,277.58897011383084
2020-01-03 12:00:00,279.8733562148918
2020-01-03 13:00:00,281.33955890981264
2020-01-03 14:00:00,281.72038247911377
2020-01-03 15:00:00,280.90261607084847
2020-01-03 16:00:00,278.89595440316873
2020-01-03 17:00:00,275.8104975736237
2020-01-03 18:00:00,274.1338960005572
2020-01-03 19:00:00,273.22708283859174
2020-01-03 20:00:00,272.7358738916603
2020-01-03 21:00:00,272.46957517277735
2020-01-03 22:00:00,272.32514331690595
2020-01-03 23:00:00,272.2467894809215
2020-01-04 00:00:00,272.2042772868775
2020-01-04 01:00:00,269.0733593698778
2020-01-04 02:00:00,266.47009383239003
2020-01-04 03:00:00,264.3009754167107
2020-01-04 04:00:00,262.490486944593
2020-01-04 05:00:00,260.97720243774137
2020-01-04 06:00:00,259.71086597894805
2020-01-04 07:00:00,258.6501636094602
2020-01-04 08:00:00,257.76099843577794
2020-01-04 09:00:00,257.6203810946441
2020-01-04 10:00:00,259.40562291334106
2020-01-04 11:00:00,262.33515249611406
2020-01-04 12:00:00,265.65187790612345
2020-01-04 13:00:00,268.65937522337373
2020-01-04 14:00:00,270.7593370838417
2020-01-04 15:00:00,271.48374706772745
2020-01-04 16:00:00,270.5169491525119
2020-01-04 17:00:00,267.70525847463585
2020-01-04 18:00:00,265.33066412083326
2020-01-04 19:00:00,263.3502823371572
2020-01-04 20:00:00,261.6960965673232
2020-01-04 21:00:00,260.3126116398265
2020-01-04 22:00:00,259.1543094917735
2020-01-04 23:00:00,258.18369341802253
2020-01-05 00:00:00,257.3697639696265
2020-01-05 01:00:00,255.87671838559743
2020-01-05 02:00:00,254.57578841394792
2020-01-05 03:00:00,253.44124612950122
2020-01-05 04:00:00,252.45105246752678
2020-01-05 05:00:00,251.58626968182102
2020-01-05 06:00:00,250.8305812889737
2020-01-05 07:00:00,250.1698966312096
2020-01-05 08:00:00,249.59202277433658
2020-01-05 09:00:00,249.7151699090359
2020-01-05 10:00:00,251.7276625758227
2020-01-05 11:00:00,254.92111268710133
2020-01-05 12:00:00,258.5739162398977
2020-01-05 13:00:00,261.9930312989034
2020-01-05 14:00:00,264.55770049683105
2020-01-05 15:00:00,265.7589490063203
2020-01-05 16:00:00,265.22958644208643
2020-01-05 17:00:00,262.7614350316185
2020-01-05 18:00:00,260.56411135347673
2020-01-05 19:00:00,258.6558212275384
2020-01-05 20:00:00,256.9962925278963
2020-01-05 21:00:00,255.55141952882317
2020-01-05 22:00:00,254.29218253900333
2020-01-05 23:00:00,253.1937895812451
2020-01-06 00:00:00,252.23498680566297
2020-01-06 01:00:00,251.55083197732685
2020-01-06 02:00:00,250.95634846681918
2020-01-06 03:00:00,250.43957954657057
2020-01-06 04:00:00,249.99021278154655
2020-01-06 05:00:00,249.5993416446462
2020-01-06 06:00:00,249.25926467578716
2020-01-06 07:00:00,248.96331556031475
2020-01-06 08:00:00,248.70571883515257
2020-01-06 09:00:00,249.1353180123825
2020-01-06 10:00:00,251.41559234210968
2020-01-06 11:00:00,254.833591321408
2020-01-06 12:00:00,258.6665084760185
2020-01-06 13:00:00,262.2236348651809
2020-01-06 14:00:00,264.88987420398144
2020-01-06 15:00:00,266.16465896714345
2020-01-06 16:00:00,265.6910735953009
2020-01-06 17:00:00,263.2720543097928
2020-01-06 18:00:00,261.1054862373701
2020-01-06 19:00:00,259.235366090502
2020-01-06 20:00:00,257.61895148491425
2020-01-06 21:00:00,256.22022006001254
2020-01-06 22:00:00,255.0086710512927
2020-01-06 23:00:00,253.9583760328382
2020-01-07 00:00:00,253.04721841905982
2020-01-07 01:00:00,252.6224785642046
2020-01-07 02:00:00,252.2588173274468
2020-01-07 03:00:00,251.94737400317803
2020-01-07 04:00:00,251.68059401625501
2020-01-07 05:00:00,251.45203085754554
2020-01-07 06:00:00,251.25617952591512
2020-01-07 07:00:00,251.08833607806943
2020-01-07 08:00:00,250.9444789119488
2020-01-07 09:00:00,251.50161430342143
2020-01-07 10:00:00,253.88708602195155
2020-01-07 11:00:00,257.3655853076481
2020-01-07 12:00:00,261.2044944201856
2020-01-07 13:00:00,264.71460015105276
2020-01-07 14:00:00,267.2918178923883
2020-01-07 15:00:00,268.4536869744657
2020-01-07 16:00:00,267.86563865540063
2020-01-07 17:00:00,265.35429406612764
2020-01-07 18:00:00,263.11595693665214
2020-01-07 19:00:00,261.21393980361046
2020-01-07 20:00:00,259.59539971129607
2020-01-07 21:00:00,258.2164404490483
2020-01-07 22:00:00,257.04041894577773
2020-01-07 23:00:00,256.0366210370138
2020-01-08 00:00:00,255.17921314487998
2020-01-08 01:00:00,254.3797170619949
2020-01-08 02:00:00,253.69412187626594
2020-01-08 03:00:00,253.10592166920623
2020-01-08 04:00:00,252.60107646251313
2020-01-08 05:00:00,252.16762420698302
2020-01-08 06:00:00,251.79535897771717
2020-01-08 07:00:00,251.47556275114468
2020-01-08 08:00:00,251.20078087715368
2020-01-08 09:00:00,251.673185550141
2020-01-08 10:00:00,253.98886810468733
2020-01-08 11:00:00,257.41430713659565
2020-01-08 12:00:00,261.216730944256
2020-01-08 13:00:00,264.7049950334004
2020-01-08 14:00:00,267.2716205639746
2020-01-08 15:00:00,268.42973356147826
2020-01-08 16:00:00,267.8398488489772
2020-01-08 17:00:00,265.3236765696305
2020-01-08 18:00:00,263.0475897989163
2020-01-08 19:00:00,261.1079728110631
2020-01-08 20:00:00,259.45268922184334
2020-01-08 21:00:00,258.03833958502645
2020-01-08 22:00:00,256.82861720159514
2020-01-08 23:00:00,255.79302169037862
2020-01-09 00:00:00,254.90583988408116
2020-01-09 01:00:00,253.59804415302943
2020-01-09 02:00:00,252.45071024561034
2020-01-09 03:00:00,251.44338303288757
2020-01-09 04:00:00,250.5583921425038
2020-01-09 05:00:00,249.7804319981596
2020-01-09 06:00:00,249.09621446722997
2020-01-09 07:00:00,248.4941795158155
2020-01-09 08:00:00,247.96425264633905
2020-01-09 09:00:00,248.23579651904532
2020-01-09 10:00:00,250.38647378423659
2020-01-09 11:00:00,253.71755705815733
2020-01-09 12:00:00,257.5114728045905
2020-01-09 13:00:00,261.0744765133656
2020-01-09 14:00:00,263.78140579310343
2020-01-09 15:00:00,265.11637129986906
2020-01-09 16:00:00,264.7040226308775
2020-01-09 17:00:00,262.3279524774931
2020-01-09 18:00:00,260.091384540961
2020-01-09 19:00:00,258.1379869733459
2020-01-09 20:00:00,256.4295627211456
2020-01-09 21:00:00,254.93362452581601
2020-01-09 22:00:00,253.62240954848028
2020-01-09 23:00:00,252.4720946363681
2020-01-10 00:00:00,251.46216444691325
2020-01-10 01:00:00,250.5900203709022
2020-01-10 02:00:00,249.82378327193882
2020-01-10 03:00:00,249.15025882078598
2020-01-10 04:00:00,248.55797282324718
2020-01-10 05:00:00,248.03692953289675
2020-01-10 06:00:00,247.57840786055615
2020-01-10 07:00:00,247.17478867060206
2020-01-10 08:00:00,246.8194077624073
2020-01-10 09:00:00,247.275674617545
2020-01-10 10:00:00,249.59096374550575
2020-01-10 11:00:00,253.0682952451745
2020-01-10 12:00:00,256.99123811081733
2020-01-10 13:00:00,260.6669628333796
2020-01-10 14:00:00,263.47126092604685
2020-01-10 15:00:00,264.88940946184664
2020-01-10 16:00:00,264.54751992949554
2020-01-10 17:00:00,262.2309385339888
2020-01-10 18:00:00,260.01667257721857
2020-01-10 19:00:00,258.08370530760106
2020-01-10 20:00:00,256.39400523124516
2020-01-10 21:00:00,254.91523007457207
2020-01-10 22:00:00,253.6197457939144
2020-01-10 23:00:00,252.48384497981823
2020-01-11 00:00:00,251.48711725679496
2020-01-11 01:00:00,251.2427426177992
2020-01-11 02:00:00,251.03297903492623
2020-01-11 03:00:00,250.85289905314275
2020-01-11 04:00:00,250.69828342688604
2020-01-11 05:00:00,250.56551756519525
2020-01-11 06:00:00,250.45150358257442
2020-01-11 07:00:00,250.35358548286084
2020-01-11 08:00:00,250.2694854261966
2020-01-11 09:00:00,250.9990520069218
2020-01-11 10:00:00,253.54104332984056
2020-01-11 11:00:00,257.163300418184
2020-01-11 12:00:00,261.1340267806723
2020-01-11 13:00:00,264.76324217196935
2020-01-11 14:00:00,267.44519077501144
2020-01-11 15:00:00,268.69545394484135
2020-01-11 16:00:00,268.17771966614436
2020-01-11 17:00:00,265.7174194098104
2020-01-11 18:00:00,263.40038227989857
2020-01-11 19:00:00,261.428735565035
2020-01-11 20:00:00,259.7485083282679
2020-01-11 21:00:00,258.31485106794014
2020-01-11 22:00:00,257.0903045501399
2020-01-11 23:00:00,256.04344848332636
2020-01-12 00:00:00,255.14783323801922
2020-01-12 01:00:00,253.85881189322345
2020-01-12 02:00:00,252.73037410609433
2020-01-12 03:00:00,251.74177035457978
2020-01-12 04:00:00,250.87510666353336
2020-01-12 05:00:00,250.11491083947467
2020-01-12 06:00:00,249.44777399419277
2020-01-12 07:00:00,248.8620521839123
2020-01-12 08:00:00,248.34761650681352
2020-01-12 09:00:00,248.7314584768938
2020-01-12 10:00:00,250.98624871942243
2020-01-12 11:00:00,254.40886515455625
2020-01-12 12:00:00,258.2787472842569
2020-01-12 13:00:00,261.90076833337724
2020-01-12 14:00:00,264.65006418657873
2020-01-12 15:00:00,266.0126304473727
2020-01-12 16:00:00,265.6163144449155
2020-01-12 17:00:00,263.24880576819135
2020-01-12 18:00:00,260.9292475926533
2020-01-12 19:00:00,258.9085941710451
2020-01-12 20:00:00,257.14579871978026
2020-01-12 21:00:00,255.6060622333174
2020-01-12 22:00:00,254.25973556900252
2020-01-12 23:00:00,253.0814491030443
2020-01-13 00:00:00,252.0494148168456
2020-01-13 01:00:00,250.58515484521928
2020-01-13 02:00:00,249.27430404006924
2020-01-13 03:00:00,248.09982269727723
2020-01-13 04:00:00,247.04675619617245
2020-01-13 05:00:00,246.10194168132423
2020-01-13 06:00:00,245.25376345159847
2020-01-13 07:00:00,244.49194754916982
2020-01-13 08:00:00,243.80738816810262
2020-01-13 09:00:00,244.0632686631441
2020-01-13 10:00:00,246.21300560687283
2020-01-13 11:00:00,249.58914463164493
2020-01-13 12:00:00,253.4889085282936
2020-01-13 13:00:00,257.21807560282036
2020-01-13 14:00:00,260.1377430972913
2020-01-13 15:00:00,261.70799349742424
2020-01-13 16:00:00,261.5228884972942
2020-01-13 17:00:00,259.3328429777974
2020-01-13 18:00:00,257.08810845514097
2020-01-13 19:00:00,255.08705540070238
2020-01-13 20:00:00,253.3008523612032
2020-01-13 21:00:00,251.70456716618213
2020-01-13 22:00:00,250.27653986155218
2020-01-13 23:00:00,248.9978765093588
2020-01-14 00:00:00,247.85203656175642
2020-01-14 01:00:00,246.48953837300186
2020-01-14 02:00:00,245.2538324924098
2020-01-14 03:00:00,244.1322939181194
2020-01-14 04:00:00,243.1137014600499
2020-01-14 05:00:00,242.18805564797685
2020-01-14 06:00:00,241.3464247917717
2020-01-14 07:00:00,240.58081406384764
2020-01-14 08:00:00,239.8840535446655
2020-01-14 09:00:00,240.15784655145802
2020-01-14 10:00:00,242.32904243517547
2020-01-14 11:00:00,245.75105208513725
2020-01-14 12:00:00,249.73234596129376
2020-01-14 13:00:00,253.58068255142302
2020-01-14 14:00:00,256.650712194734
2020-01-14 15:00:00,258.3891380221328
2020-01-14 16:00:00,258.37179828738914
2020-01-14 17:00:00,256.3284461332586
2020-01-14 18:00:00,254.15504262738978
2020-01-14 19:00:00,252.19326505757746
2020-01-14 20:00:00,250.42028820535495
2020-01-14 21:00:00,248.81615863678135
2020-01-14 22:00:00,247.36335792126988
2020-01-14 23:00:00,246.04644600053646
2020-01-15 00:00:00,244.85176748142572
2020-01-15 01:00:00,244.38862778126907
2020-01-15 02:00:00,243.97552689635958
2020-01-15 03:00:00,243.60696699105588
2020-01-15 04:00:00,243.2780730237622
2020-01-15 05:00:00,242.98451836217376
2020-01-15 06:00:00,242.7224600616571
2020-01-15 07:00:00,242.488482396335
2020-01-15 08:00:00,242.2795474681709
2020-01-15 09:00:00,243.03937903167233
2020-01-15 10:00:00,245.64204476806376
2020-01-15 11:00:00,249.41196041834078
2020-01-15 12:00:00,253.64224144202933
2020-01-15 13:00:00,257.6392454355371
2020-01-15 14:00:00,260.7694846887306
2020-01-15 15:00:00,262.5028803059565
2020-01-15 16:00:00,262.4468198246567
2020-01-15 17:00:00,260.3672228317936
2020-01-15 18:00:00,258.16222877476736
2020-01-15 19:00:00,256.2128245199321
2020-01-15 20:00:00,254.48709767811954
2020-01-15 21:00:00,252.95762006905295
2020-01-15 22:00:00,251.60070888726284
2020-01-15 23:00:00,250.39583281736356
2020-01-16 00:00:00,249.3251297838515
2020-01-16 01:00:00,248.20629212039503
2020-01-16 02:00:00,247.20518691098493
2020-01-16 03:00:00,246.30887193150235
2020-01-16 04:00:00,245.50593832439975
2020-01-16 05:00:00,244.78630685981875
2020-01-16 06:00:00,244.14105560313007
2020-01-16 07:00:00,243.56227331852818
2020-01-16 08:00:00,243.04293411771738
2020-01-16 09:00:00,243.56288872625794
2020-01-16 10:00:00,245.95611121792857
2020-01-16 11:00:00,249.55229017578299
2020-01-16 12:00:00,253.6463103645022
2020-01-16 13:00:00,257.54266902983676
2020-01-16 14:00:00,260.60261348195814
2020-01-16 15:00:00,262.28797799184946
2020-01-16 16:00:00,262.19611567584343
2020-01-16 17:00:00,260.0819904678439
2020-01-16 18:00:00,257.796751076025
2020-01-16 19:00:00,255.7646667817212
2020-01-16 20:00:00,253.95522414960797
2020-01-16 21:00:00,252.3421042566011
2020-01-16 22:00:00,250.90249850172398
2020-01-16 23:00:00,249.6165580317146
2020-01-17 00:00:00,248.4669462215529
2020-01-17 01:00:00,248.85553717970342
2020-01-17 02:00:00,249.18731317723325
2020-01-17 03:00:00,249.47051836123308
2020-01-17 04:00:00,249.71221755891335
2020-01-17 05:00:00,249.9184603911296
2020-01-17 06:00:00,250.09442379459932
2020-01-17 07:00:00,250.24453545006585
2020-01-17 08:00:00,250.37258042300508
2020-01-17 09:00:00,251.50893534026568
2020-01-17 10:00:00,254.40671145856206
2020-01-17 11:00:00,258.32583766047026
2020-01-17 12:00:00,262.53110774364336
2020-01-17 13:00:00,266.3339756943469
2020-01-17 14:00:00,269.13480969633235
2020-01-17 15:00:00,270.45931282256714
2020-01-17 16:00:00,269.98414044253445
2020-01-17 17:00:00,267.5491286560445
2020-01-17 18:00:00,265.0495920287602
2020-01-17 19:00:00,262.9402597072073
2020-01-17 20:00:00,261.1573232763585
2020-01-17 21:00:00,259.6482442463599
2020-01-17 22:00:00,258.36952333630643
2020-01-17 23:00:00,257.2849790467131
2020-01-18 00:00:00,256.36440072347267
2020-01-18 01:00:00,255.30888191013167
2020-01-18 02:00:00,254.40092543212003
2020-01-18 03:00:00,253.61940995844438
2020-01-18 04:00:00,252.94636567287603
2020-01-18 05:00:00,252.3664706239008
2020-01-18 06:00:00,251.8666361717181
2020-01-18 07:00:00,251.43566360694606
2020-01-18 08:00:00,251.0639581465368
2020-01-18 09:00:00,251.81282810095206
2020-01-18 10:00:00,254.39019855811387
2020-01-18 11:00:00,258.06462896786667
2020-01-18 12:00:00,262.10114578772817
2020-01-18 13:00:00,265.8035934220325
2020-01-18 14:00:00,268.5581270464382
2020-01-18 15:00:00,269.8714904496877
2020-01-18 16:00:00,269.39886925004333
2020-01-18 17:00:00,266.9583767809045
2020-01-18 18:00:00,264.38662277109836
2020-01-18 19:00:00,262.188964722807
2020-01-18 20:00:00,260.3078815578926
2020-01-18 21:00:00,258.6955362820212
2020-01-18 22:00:00,257.3119196350915
2020-01-18 23:00:00,256.1234091793055
2020-01-19 00:00:00,255.10163558481054
2020-01-19 01:00:00,253.28516995732053
2020-01-19 02:00:00,251.65997033287618
2020-01-19 03:00:00,250.20437774662815
2020-01-19 04:00:00,248.8994893237734
2020-01-19 05:00:00,247.72874719445056
2020-01-19 06:00:00,246.67760052766621
2020-01-19 07:00:00,245.73322540585488
2020-01-19 08:00:00,244.8842909023306
2020-01-19 09:00:00,245.23403138428642
2020-01-19 10:00:00,247.48255178947466
2020-01-19 11:00:00,250.95906798024566
2020-01-19 12:00:00,254.9565117992904
2020-01-19 13:00:00,258.77593930213504
2020-01-19 14:00:00,261.77388893499807
2020-01-19 15:00:00,263.40660738318786
2020-01-19 16:00:00,263.2654578553843
2020-01-19 17:00:00,261.09948658720106
2020-01-19 18:00:00,258.63842214265844
2020-01-19 19:00:00,256.44430984286555
2020-01-19 20:00:00,254.4852995686794
2020-01-19 21:00:00,252.73393390271136
2020-01-19 22:00:00,251.1664215027856
2020-01-19 23:00:00,249.76205490148146
2020-01-20 00:00:00,248.50273916084822
2020-01-20 01:00:00,247.92715999606693
2020-01-20 02:00:00,247.41960100092973
2020-01-20 03:00:00,246.97188071550414
2020-01-20 04:00:00,246.57683362113966
2020-01-20 05:00:00,246.22817688736578
2020-01-20 06:00:00,245.92039616430154
2020-01-20 07:00:00,245.64864735911272
2020-01-20 08:00:00,245.4086718981186
2020-01-20 09:00:00,246.35503759007102
2020-01-20 10:00:00,249.12719935220818
2020-01-20 11:00:00,253.02978669685874
2020-01-20 12:00:00,257.3441642986846
2020-01-20 13:00:00,261.37307367956817
2020-01-20 14:00:00,264.4871573080232
2020-01-20 15:00:00,266.16715249975897
2020-01-20 16:00:00,266.0362377572257
2020-01-20 17:00:00,263.87897473425556
2020-01-20 18:00:00,261.41958840024506
2020-01-20 19:00:00,259.27045828298384
2020-01-20 20:00:00,257.3895779801385
2020-01-20 21:00:00,255.7413071064723
2020-01-20 22:00:00,254.2952467217546
2020-01-20 23:00:00,253.02535030172194
2020-01-21 00:00:00,251.90921257372514
2020-01-21 01:00:00,252.21839147947475
2020-01-21 02:00:00,252.47756514422215
2020-01-21 03:00:00,252.69478154284835
2020-01-21 04:00:00,252.87680516457954
2020-01-21 05:00:00,253.02931820426753
2020-01-21 06:00:00,253.157091257982
2020-01-21 07:00:00,253.26412783246815
2020-01-21 08:00:00,253.35378646500072
2020-01-21 09:00:00,254.63353796124903
2020-01-21 10:00:00,257.6440855341067
2020-01-21 11:00:00,261.62033472328756
2020-01-21 12:00:00,265.8168776452859
2020-01-21 13:00:00,269.54800054210637
2020-01-21 14:00:00,272.227565538289
2020-01-21 15:00:00,273.40240550376586
2020-01-21 16:00:00,272.7745271470195
2020-01-21 17:00:00,270.21001005579524
2020-01-21 18:00:00,267.4664324416185
2020-01-21 19:00:00,265.19302763974196
2020-01-21 20:00:00,263.30576371066013
2020-01-21 21:00:00,261.73671460219333
2020-01-21 22:00:00,260.4306329858628
2020-01-21 23:00:00,259.3423568689923
2020-01-22 00:00:00,258.43481605132195
2020-01-22 01:00:00,257.8258152536675
2020-01-22 02:00:00,257.3210241892815
2020-01-22 03:00:00,256.902452692674
2020-01-22 04:00:00,256.55526591279096
2020-01-22 05:00:00,256.26721536225
2020-01-22 06:00:00,256.0281774019209
2020-01-22 07:00:00,255.82977738099197
2020-01-22 08:00:00,255.66508251704911
2020-01-22 09:00:00,256.78061894119827
2020-01-22 10:00:00,259.64824446527024
2020-01-22 11:00:00,263.4863654580684
2020-01-22 12:00:00,267.54146568048327
2020-01-22 13:00:00,271.1264813941259
2020-01-22 14:00:00,273.6590439597389
2020-01-22 15:00:00,274.6931525442165
2020-01-22 16:00:00,273.9396728548571
2020-01-22 17:00:00,271.2737325283502
2020-01-22 18:00:00,268.41742490919603
2020-01-22 19:00:00,266.0696238462049
2020-01-22 20:00:00,264.13606979620505
2020-01-22 21:00:00,262.54118992865716
2020-01-22 22:00:00,261.22400022799667
2020-01-22 23:00:00,260.1350313022109
2020-01-23 00:00:00,259.23398366395895
2020-01-23 01:00:00,258.24013012512546
2020-01-23 02:00:00,257.40631986353605
2020-01-23 03:00:00,256.7063503225368
2020-01-23 04:00:00,256.11843662282433
2020-01-23 05:00:00,255.62442887414096
2020-01-23 06:00:00,255.20917929813916
2020-01-23 07:00:00,254.86002727545286
2020-01-23 08:00:00,254.56637811215003
2020-01-23 09:00:00,255.6204937534164
2020-01-23 10:00:00,258.4515018513409
2020-01-23 11:00:00,262.2927029274086
2020-01-23 12:00:00,266.3942750605995
2020-01-23 13:00:00,270.06356273688357
2020-01-23 14:00:00,272.70557628562705
2020-01-23 15:00:00,273.85723259183465
2020-01-23 16:00:00,273.21048169277066
2020-01-23 17:00:00,270.62204675355645
2020-01-23 18:00:00,267.7531495681259
2020-01-23 19:00:00,265.36392852929566
2020-01-23 20:00:00,263.37036591725905
2020-01-23 21:00:00,261.7043335075623
2020-01-23 22:00:00,260.31022868546
2020-01-23 23:00:00,259.1424303096772
2020-01-24 00:00:00,258.1633433178076
2020-01-24 01:00:00,257.28437537378096
2020-01-24 02:00:00,256.5444127051826
2020-01-24 03:00:00,255.92113644447977
2020-01-24 04:00:00,255.39590929599518
2020-01-24 05:00:00,254.95313965850107
2020-01-24 06:00:00,254.57976385215414
2020-01-24 07:00:00,254.26482216196928
2020-01-24 08:00:00,253.99911005136644
2020-01-24 09:00:00,255.12612743468205
2020-01-24 10:00:00,258.0241328584825
2020-01-24 11:00:00,261.9311297995007
2020-01-24 12:00:00,266.0990163919876
2020-01-24 13:00:00,269.8345230062184
2020-01-24 14:00:00,272.5403781126286
2020-01-24 15:00:00,273.75023420393023
2020-01-24 16:00:00,273.15244289113446
2020-01-24 17:00:00,270.6003336396429
2020-01-24 18:00:00,267.70637927195776
2020-01-24 19:00:00,265.2895300593131
2020-01-24 20:00:00,263.26723127710795
2020-01-24 21:00:00,261.5723959075569
2020-01-24 22:00:00,260.1501494326711
2020-01-24 23:00:00,258.95536534747947
2020-01-25 00:00:00,257.95076904353266
2020-01-25 01:00:00,256.4126830358788
2020-01-25 02:00:00,255.0748336336036
2020-01-25 03:00:00,253.91008171737
2020-01-25 04:00:00,252.89522805095078
2020-01-25 05:00:00,252.01037761694676
2020-01-25 06:00:00,251.23842177932997
2020-01-25 07:00:00,250.56461287738466
2020-01-25 08:00:00,249.97621213557753
2020-01-25 09:00:00,250.86474492412097
2020-01-25 10:00:00,253.59090664577084
2020-01-25 11:00:00,257.437110901425
2020-01-25 12:00:00,261.6711880590132
2020-01-25 13:00:00,265.5905799984562
2020-01-25 14:00:00,268.5681011030485
2020-01-25 15:00:00,270.09284490307914
2020-01-25 16:00:00,269.8007423195152
2020-01-25 17:00:00,267.4914512429289
2020-01-25 18:00:00,264.6809184336885
2020-01-25 19:00:00,262.2507816139849
2020-01-25 20:00:00,260.14577573363806
2020-01-25 21:00:00,258.3196200098728
2020-01-25 22:00:00,256.7333174469445
2020-01-25 23:00:00,255.35383521870986
2020-01-26 00:00:00,254.15306640895736
2020-01-26 01:00:00,253.3049083271694
2020-01-26 02:00:00,252.57136909748152
2020-01-26 03:00:00,251.93664412557726
2020-01-26 04:00:00,251.38718771294702
2020-01-26 05:00:00,250.91137010642703
2020-01-26 06:00:00,250.49919163930724
2020-01-26 07:00:00,250.14204323139188
2020-01-26 08:00:00,249.83250482282477
2020-01-26 09:00:00,251.01922350729552
2020-01-26 10:00:00,254.0005221722103
2020-01-26 11:00:00,258.05055405727217
2020-01-26 12:00:00,262.4344564334244
2020-01-26 13:00:00,266.452514669351
2020-01-26 14:00:00,269.48539586127225
2020-01-26 15:00:00,271.0340184754879
2020-01-26 16:00:00,270.74868332077824
2020-01-26 17:00:00,268.4443809910708
2020-01-26 18:00:00,265.6036506424178
2020-01-26 19:00:00,263.16849471425206
2020-01-26 20:00:00,261.07716899166564
2020-01-26 21:00:00,259.2783493709909
2020-01-26 22:00:00,257.72910387617765
2020-01-26 23:00:00,256.3933290282867
2020-01-27 00:00:00,255.24052669244026
2020-01-27 01:00:00,253.75824661854068
2020-01-27 02:00:00,252.45092180853194
2020-01-27 03:00:00,251.29690772064407
2020-01-27 04:00:00,250.27745905536906
2020-01-27 05:00:00,249.37629220880657
2020-01-27 06:00:00,248.57922450786572
2020-01-27 07:00:00,247.87387446936432
2020-01-27 08:00:00,247.2494110365433
2020-01-27 09:00:00,248.2050568816977
2020-01-27 10:00:00,251.00704934985893
2020-01-27 11:00:00,254.9574857475073
2020-01-27 12:00:00,259.332507340962
2020-01-27 13:00:00,263.427636224615
2020-01-27 14:00:00,266.60521715951114
2020-01-27 15:00:00,268.337607340942
2020-01-27 16:00:00,268.24041720212307
2020-01-27 17:00:00,266.0920924277391
2020-01-27 18:00:00,263.2911728185827
2020-01-27 19:00:00,260.83713857863404
2020-01-27 20:00:00,258.68324206933966
2020-01-27 21:00:00,256.7899151704794
2020-01-27 22:00:00,255.12346356670218
2020-01-27 23:00:00,253.65504447319827
2020-01-28 00:00:00,252.35985597905452
2020-01-28 01:00:00,251.33391999201922
2020-01-28 02:00:00,250.43153182549406
2020-01-28 03:00:00,249.63734792750458
2020-01-28 04:00:00,248.93803590935454
2020-01-28 05:00:00,248.32198699623663
2020-01-28 06:00:00,247.77907494597375
2020-01-28 07:00:00,247.30045276030185
2020-01-28 08:00:00,246.87838037859476
2020-01-28 09:00:00,248.06960156955364
2020-01-28 10:00:00,251.07867634482366
2020-01-28 11:00:00,255.20297448720237
2020-01-28 12:00:00,259.71661991514225
2020-01-28 13:00:00,263.9160669949501
2020-01-28 14:00:00,267.1674779627921
2020-01-28 15:00:00,268.94951870429173
2020-01-28 16:00:00,268.8859168656821
2020-01-28 17:00:00,266.764188501243
2020-01-28 18:00:00,263.94156239816044
2020-01-28 19:00:00,261.48043783798573
2020-01-28 20:00:00,259.3306785988789
2020-01-28 21:00:00,257.4500221322839
2020-01-28 22:00:00,255.8026236794414
2020-01-28 23:00:00,254.3579208139784
2020-01-29 00:00:00,253.08973610523665
2020-01-29 01:00:00,252.1576435112481
2020-01-29 02:00:00,251.34386187458722
2020-01-29 03:00:00,250.63299147461478
2020-01-29 04:00:00,250.01172824002225
2020-01-29 05:00:00,249.4685568610018
2020-01-29 06:00:00,248.9934939525278
2020-01-29 07:00:00,248.57787193228535
2020-01-29 08:00:00,248.2141562783895
2020-01-29 09:00:00,249.51524320855802
2020-01-29 10:00:00,252.61523387644698
2020-01-29 11:00:00,256.80046125884166
2020-01-29 12:00:00,261.3399098259637
2020-01-29 13:00:00,265.5305698741237
2020-01-29 14:00:00,268.74421029188676
2020-01-29 15:00:00,270.46912587497184
2020-01-29 16:00:00,270.3412904615057
2020-01-29 17:00:00,268.1615382176326
2020-01-29 18:00:00,265.2485116907966
2020-01-29 19:00:00,262.72865799247955
2020-01-29 20:00:00,260.5448297473732
2020-01-29 21:00:00,258.64921408295635
2020-01-29 22:00:00,257.00155049438166
2020-01-29 23:00:00,255.56775205021333
2020-01-30 00:00:00,254.31882349062016
2020-01-30 01:00:00,253.02726994053668
2020-01-30 02:00:00,251.8912599758307
2020-01-30 03:00:00,250.89131370876868
2020-01-30 04:00:00,250.01056057638982
2020-01-30 05:00:00,249.2343513825109
2020-01-30 06:00:00,248.54993659876433
2020-01-30 07:00:00,247.9461977480349
2020-01-30 08:00:00,247.41342170718772
2020-01-30 09:00:00,248.61958858672838
2020-01-30 10:00:00,251.64848701725498
2020-01-30 11:00:00,255.79668511906226
2020-01-30 12:00:00,260.33672441291276
2020-01-30 13:00:00,264.5629288452624
2020-01-30 14:00:00,267.83907281115455
2020-01-30 15:00:00,269.6414796795904
2020-01-30 16:00:00,269.5918394788279
2020-01-30 17:00:00,267.47610750327243
2020-01-30 18:00:00,264.54632454940423
2020-01-30 19:00:00,261.9900463307216
2020-01-30 20:00:00,259.7554985948384
2020-01-30 21:00:00,257.7990761847138
2020-01-30 22:00:00,256.0838187948674
2020-01-30 23:00:00,254.5782258105073
2020-01-31 00:00:00,253.2553222461933
2020-01-31 01:00:00,251.73524853312213
2020-01-31 02:00:00,250.37904189983567
2020-01-31 03:00:00,249.16799045758964
2020-01-31 04:00:00,248.08573297273605
2020-01-31 05:00:00,247.11791996380015
2020-01-31 06:00:00,246.25193239393678
2020-01-31 07:00:00,245.47664646180354
2020-01-31 08:00:00,244.78223562329086
2020-01-31 09:00:00,245.8945798178994
2020-01-31 10:00:00,248.85846811982825
2020-01-31 11:00:00,252.99138290626937
2020-01-31 12:00:00,257.5750957012588
2020-01-31 13:00:00,261.902048395329
2020-01-31 14:00:00,265.3243362114432
2020-01-31 15:00:00,267.29896425122854
2020-01-31 16:00:00,267.4234778363494
2020-01-31 17:00:00,265.45789641570667
2020-01-31 18:00:00,262.5756108697981
2020-01-31 19:00:00,260.02279597194206
2020-01-31 20:00:00,257.75773818183865
2020-01-31 21:00:00,255.74487600316186
2020-01-31 22:00:00,253.95370661857174
2020-01-31 23:00:00,252.357925965894
2020-02-01 00:00:00,250.9347441431627
2020-02-01 01:00:00,250.0593540878608
2020-02-01 02:00:00,249.2881802583709
2020-02-01 03:00:00,248.6084794521754
2020-02-01 04:00:00,248.00914212890805
2020-02-01 05:00:00,247.4804660569232
2020-02-01 06:00:00,247.01396507323184
2020-02-01 07:00:00,246.6022066992798
2020-02-01 08:00:00,246.23867363932132
2020-02-01 09:00:00,247.71136873966233
2020-02-01 10:00:00,250.98166974718896
2020-02-01 11:00:00,255.3473502290826
2020-02-01 12:00:00,260.0812222742051
2020-02-01 13:00:00,264.4775542022492
2020-02-01 14:00:00,267.9002334674943
2020-02-01 15:00:00,269.8262297981386
2020-02-01 16:00:00,269.87861269578065
2020-02-01 17:00:00,267.8454686270599
2020-02-01 18:00:00,264.8732069736438
2020-02-01 19:00:00,262.2814621576416
2020-02-01 20:00:00,260.0172333482582
2020-02-01 21:00:00,258.03592881149183
2020-02-01 22:00:00,256.2997873344503
2020-02-01 23:00:00,254.77665298406484
2020-02-02 00:00:00,253.43901097707382
2020-02-02 01:00:00,252.2728837319552
2020-02-02 02:00:00,251.24744153864836
2020-02-02 03:00:00,250.34510618742314
2020-02-02 04:00:00,249.5506335122623
2020-02-02 05:00:00,248.85077222783295
2020-02-02 06:00:00,248.2339796265826
2020-02-02 07:00:00,247.69018313745448
2020-02-02 08:00:00,247.21057919663454
2020-02-02 09:00:00,248.64135684876186
2020-02-02 10:00:00,251.87642248380598
2020-02-02 11:00:00,256.21063855036954
2020-02-02 12:00:00,260.9146815710958
2020-02-02 13:00:00,265.2814302256517
2020-02-02 14:00:00,268.67409739883584
2020-02-02 15:00:00,270.5696206987319
2020-02-02 16:00:00,270.5915508213496
2020-02-02 17:00:00,268.52879626547997
2020-02-02 18:00:00,265.473029971953
2020-02-02 19:00:00,262.81065050046993
2020-02-02 20:00:00,260.4864693496609
2020-02-02 21:00:00,258.454134770934
2020-02-02 22:00:00,256.67445514114837
2020-02-02 23:00:00,255.1141017696816
2020-02-03 00:00:00,253.7445910585456
2020-02-03 01:00:00,252.42883704442625
2020-02-03 02:00:00,251.26691816677157
2020-02-03 03:00:00,250.24007165067513
2020-02-03 04:00:00,249.33199464363335
2020-02-03 05:00:00,248.52848393225722
2020-02-03 06:00:00,247.81713661748415
2020-02-03 07:00:00,247.18709970723634
2020-02-03 08:00:00,246.62885932016022
2020-02-03 09:00:00,248.049126039824
2020-02-03 10:00:00,251.28376823548413
2020-02-03 11:00:00,255.63329585993526
2020-02-03 12:00:00,260.37026352201246
2020-02-03 13:00:00,264.7859647208835
2020-02-03 14:00:00,268.239109414073
2020-02-03 15:00:00,270.2000047664061
2020-02-03 16:00:00,270.2843928792461
2020-02-03 17:00:00,268.27315356753564
2020-02-03 18:00:00,265.19381326959973
2020-02-03 19:00:00,262.4985422279719
2020-02-03 20:00:00,260.13480036763747
2020-02-03 21:00:00,258.05831790886543
2020-02-03 22:00:00,256.231542354689
2020-02-03 23:00:00,254.62243426883737
2020-02-04 00:00:00,253.20352057046807
2020-02-04 01:00:00,252.37496848070697
2020-02-04 02:00:00,251.6549406843748
2020-02-04 03:00:00,251.02892193674253
2020-02-04 04:00:00,250.48441221171242
2020-02-04 05:00:00,250.01062883174959
2020-02-04 06:00:00,249.59825701807395
2020-02-04 07:00:00,249.2392399476844
2020-02-04 08:00:00,248.9266012833131
2020-02-04 09:00:00,250.63150212243343
2020-02-04 10:00:00,254.09488647739408
2020-02-04 11:00:00,258.5948017891748
2020-02-04 12:00:00,263.3947287006202
2020-02-04 13:00:00,267.78975865770326
2020-02-04 14:00:00,271.1537936240927
2020-02-04 15:00:00,272.98119621255444
2020-02-04 16:00:00,272.9172944684692
2020-02-04 17:00:00,270.77448629842144
2020-02-04 18:00:00,267.55281918513583
2020-02-04 19:00:00,264.78355689000625
2020-02-04 20:00:00,262.39813800378545
2020-02-04 21:00:00,260.3397063656995
2020-02-04 22:00:00,258.560771533949
2020-02-04 23:00:00,257.0214234336713
2020-02-05 00:00:00,255.68794836483724
2020-02-05 01:00:00,254.6500613530195
2020-02-05 02:00:00,253.7539624492686
2020-02-05 03:00:00,252.97980584358822
2020-02-05 04:00:00,252.31064497350567
2020-02-05 05:00:00,251.73197801590962
2020-02-05 06:00:00,251.2313724371323
2020-02-05 07:00:00,250.79815292981866
2020-02-05 08:00:00,250.42314062696263
2020-02-05 09:00:00,252.1387342024506
2020-02-05 10:00:00,255.60557002342483
2020-02-05 11:00:00,260.09284453086076
2020-02-05 12:00:00,264.85993032529797
2020-02-05 13:00:00,269.2021896971116
2020-02-05 14:00:00,272.4975591558069
2020-02-05 15:00:00,274.24728836101673
2020-02-05 16:00:00,274.1053165716571
2020-02-05 17:00:00,271.8932051289533
2020-02-05 18:00:00,268.56105859409644
2020-02-05 19:00:00,265.7134486739797
2020-02-05 20:00:00,263.2745392315592
2020-02-05 21:00:00,261.18181516154965
2020-02-05 22:00:00,259.38335347305974
2020-02-05 23:00:00,257.83575532597047
2020-02-06 00:00:00,256.50255281368754
2020-02-06 01:00:00,255.91231581892652
2020-02-06 02:00:00,255.41551125560508
2020-02-06 03:00:00,254.99719937358242
2020-02-06 04:00:00,254.64487299929635
2020-02-06 05:00:00,254.34804868814274
2020-02-06 06:00:00,254.0979302981799
2020-02-06 07:00:00,253.88713109514907
2020-02-06 08:00:00,253.70944345908893
2020-02-06 09:00:00,255.66396336387544
2020-02-06 10:00:00,259.2956602678487
2020-02-06 11:00:00,263.84368613962533
2020-02-06 12:00:00,268.5587970957555
2020-02-06 13:00:00,272.7468399755378
2020-02-06 14:00:00,275.81180183969195
2020-02-06 15:00:00,277.2918287325771
2020-02-06 16:00:00,276.8832279526185
2020-02-06 17:00:00,274.45021061268505
2020-02-06 18:00:00,270.9220234273902
2020-02-06 19:00:00,267.9867710253631
2020-02-06 20:00:00,265.53890458916067
2020-02-06 21:00:00,263.4934856430557
2020-02-06 22:00:00,261.7816033012255
2020-02-06 23:00:00,260.34697772153885
2020-02-07 00:00:00,259.14339416522114
2020-02-07 01:00:00,258.44838756925526
2020-02-07 02:00:00,257.87360367307116
2020-02-07 03:00:00,257.3980398805883
2020-02-07 04:00:00,257.0044280414557
2020-02-07 05:00:00,256.6785497599239
2020-02-07 06:00:00,256.4086837456705
2020-02-07 07:00:00,256.18515772105616
2020-02-07 08:00:00,255.99998373251367
2020-02-07 09:00:00,258.0157895578748
2020-02-07 10:00:00,261.67278470114394
2020-02-07 11:00:00,266.1910044937165
2020-02-07 12:00:00,270.81642745782483
2020-02-07 13:00:00,274.8622177031631
2020-02-07 14:00:00,277.74896683500907
2020-02-07 15:00:00,279.0373901717318
2020-02-07 16:00:00,278.44885233627906
2020-02-07 17:00:00,275.8719799933077
2020-02-07 18:00:00,272.196936399587
2020-02-07 19:00:00,269.19126863670925
2020-02-07 20:00:00,266.7267488598283
2020-02-07 21:00:00,264.70180720182253
2020-02-07 22:00:00,263.03529906146633
2020-02-07 23:00:00,261.6619524092017
2020-02-08 00:00:00,260.5289727575498
2020-02-08 01:00:00,259.48958236540096
2020-02-08 02:00:00,258.62589971867817
2020-02-08 03:00:00,257.9077530021024
2020-02-08 04:00:00,257.3102967954457
2020-02-08 05:00:00,256.81302671092516
2020-02-08 06:00:00,256.3989901753096
2020-02-08 07:00:00,256.05415013262177
2020-02-08 08:00:00,255.7668691880177
2020-02-08 09:00:00,257.7625034659096
2020-02-08 10:00:00,261.4152064242314
2020-02-08 11:00:00,265.9494909243413
2020-02-08 12:00:00,270.6111028506197
2020-02-08 13:00:00,274.7091626894917
2020-02-08 14:00:00,277.657484961337
2020-02-08 15:00:00,279.0084740719219
2020-02-08 16:00:00,278.47482768268833
2020-02-08 17:00:00,275.9371404732163
2020-02-08 18:00:00,272.2174987202596
2020-02-08 19:00:00,269.1582614546141
2020-02-08 20:00:00,266.6356623397567
2020-02-08 21:00:00,264.5512434538324
2020-02-08 22:00:00,262.82599938418815
2020-02-08 23:00:00,261.3960905978977
2020-02-09 00:00:00,260.2096402395322
2020-02-09 01:00:00,259.068054179298
2020-02-09 02:00:00,258.11138393072963
2020-02-09 03:00:00,257.30910608316594
2020-02-09 04:00:00,256.635905935201
2020-02-09 05:00:00,256.0707378750288
2020-02-09 06:00:00,255.59607025893877
2020-02-09 07:00:00,255.19727422682166
2020-02-09 08:00:00,254.8621260194188
2020-02-09 09:00:00,256.8820439703323
2020-02-09 10:00:00,260.57271715035154
2020-02-09 11:00:00,265.1678515215153
2020-02-09 12:00:00,269.9149032964401
2020-02-09 13:00:00,274.11857644610956
2020-02-09 14:00:00,277.18375245511055
2020-02-09 15:00:00,278.6511989558358
2020-02-09 16:00:00,278.2210855538473
2020-02-09 17:00:00,275.76214640083623
2020-02-09 18:00:00,272.02415133482697
2020-02-09 19:00:00,268.9237553064389
2020-02-09 20:00:00,266.34555098415245
2020-02-09 21:00:00,264.1970998741508
2020-02-09 22:00:00,262.40371543555847
2020-02-09 23:00:00,260.90462684255994
2020-02-10 00:00:00,259.6501004631296
2020-02-10 01:00:00,257.87177346192766
2020-02-10 02:00:00,256.3252112778217
2020-02-10 03:00:00,254.9787605117512
2020-02-10 04:00:00,253.80544477115112
2020-02-10 05:00:00,252.78218739792405
2020-02-10 06:00:00,251.8891840100589
2020-02-10 07:00:00,251.10939118102502
2020-02-10 08:00:00,250.44271719751546
2020-02-10 09:00:00,252.2144866951864
2020-02-10 10:00:00,255.75914017020006
2020-02-10 11:00:00,260.35377952755505
2020-02-10 12:00:00,265.2575712538351
2020-02-10 13:00:00,269.7588235371891
2020-02-10 14:00:00,273.22329284310183
2020-02-10 15:00:00,275.1369949768529
2020-02-10 16:00:00,275.1377254618798
2020-02-10 17:00:00,273.0318671572643
2020-02-10 18:00:00,269.4498958909035
2020-02-10 19:00:00,266.36133823149225
2020-02-10 20:00:00,263.6918882930461
2020-02-10 21:00:00,261.3800540692247
2020-02-10 22:00:00,259.37453509011357
2020-02-10 23:00:00,257.6322393580533
2020-02-11 00:00:00,256.1167584669896
2020-02-11 01:00:00,255.63764856588853
2020-02-11 02:00:00,255.2351839847827
2020-02-11 03:00:00,254.89700528196747
2020-02-11 04:00:00,254.6127749707725
2020-02-11 05:00:00,254.3738382111814
2020-02-11 06:00:00,254.172942942933
2020-02-11 07:00:00,254.0040083208998
2020-02-11 08:00:00,253.94142127224896
2020-02-11 09:00:00,256.2466282233798
2020-02-11 10:00:00,260.18345243040204
2020-02-11 11:00:00,264.99001629050906
2020-02-11 12:00:00,269.91672710365185
2020-02-11 13:00:00,274.27055954473616
2020-02-11 14:00:00,277.4585501044794
2020-02-11 15:00:00,279.02386071708
2020-02-11 16:00:00,278.66944023657425
2020-02-11 17:00:00,276.2671503712103
2020-02-11 18:00:00,272.44306267322196
2020-02-11 19:00:00,269.27279861353077
2020-02-11 20:00:00,266.6375934923432
2020-02-11 21:00:00,264.442442053413
2020-02-11 22:00:00,262.610665506297
2020-02-11 23:00:00,261.0799273193083
2020-02-12 00:00:00,259.79925066092324
2020-02-12 01:00:00,257.64324699502913
2020-02-12 02:00:00,255.73489903016878
2020-02-12 03:00:00,254.04357861161628
2020-02-12 04:00:00,252.5429180577235
2020-02-12 05:00:00,251.21011553185457
2020-02-12 06:00:00,250.02537526407565
2020-02-12 07:00:00,248.97145194392246
2020-02-12 08:00:00,248.17844050602386
2020-02-12 09:00:00,249.83331776640966
2020-02-12 10:00:00,253.309097230363
2020-02-12 11:00:00,257.90612807168674
2020-02-12 12:00:00,262.8918295300538
2020-02-12 13:00:00,267.5487469166315
2020-02-12 14:00:00,271.22486841462364
2020-02-12 15:00:00,273.37951996685695
2020-02-12 16:00:00,273.61870110688244
2020-02-12 17:00:00,271.7158107115545
2020-02-12 18:00:00,268.14185752287267
2020-02-12 19:00:00,265.0021351132554
2020-02-12 20:00:00,262.23746345983403
2020-02-12 21:00:00,259.7981850492482
2020-02-12 22:00:00,257.6423044403245
2020-02-12 23:00:00,255.73406417042568
2020-02-13 00:00:00,254.04283825321127
2020-02-13 01:00:00,253.31106524041311
2020-02-13 02:00:00,252.68072635612984
2020-02-13 03:00:00,252.13752815734705
2020-02-13 04:00:00,251.66925165409023
2020-02-13 05:00:00,251.26543565535
2020-02-13 06:00:00,250.91711244497074
2020-02-13 07:00:00,250.61658613533757
2020-02-13 08:00:00,250.56885997893264
2020-02-13 09:00:00,252.8921478274579
2020-02-13 10:00:00,256.90085585997684
2020-02-13 11:00:00,261.86013347802583
2020-02-13 12:00:00,267.0261985015536
2020-02-13 13:00:00,271.6935970510195
2020-02-13 14:00:00,275.24275488740903
2020-02-13 15:00:00,277.18106145840943
2020-02-13 16:00:00,277.17191115332486
2020-02-13 17:00:00,275.0487290463868
2020-02-13 18:00:00,271.27374549325566
2020-02-13 19:00:00,268.0652597618555
2020-02-13 20:00:00,265.3312711644324
2020-02-13 21:00:00,262.99666015470194
2020-02-13 22:00:00,260.999556771793
2020-02-13 23:00:00,259.28863392959977
2020-02-14 00:00:00,257.82105215947547
2020-02-14 01:00:00,256.6265313214565
2020-02-14 02:00:00,255.60304337365
2020-02-14 03:00:00,254.72546660127838
2020-02-14 04:00:00,253.97253803181877
2020-02-14 05:00:00,253.3262157909926
2020-02-14 06:00:00,252.77115865072344
2020-02-14 07:00:00,252.29429819814698
2020-02-14 08:00:00,252.16330035297824
2020-02-14 09:00:00,254.41843568427123
2020-02-14 10:00:00,258.36334989012994
2020-02-14 11:00:00,263.25625072044824
2020-02-14 12:00:00,268.3498417987488
2020-02-14 13:00:00,272.9381962319013
2020-02-14 14:00:00,276.40379362680903
2020-02-14 15:00:00,278.257923484308
2020-02-14 16:00:00,278.1689346039788
2020-02-14 17:00:00,275.9754772669541
2020-02-14 18:00:00,272.0783519978526
2020-02-14 19:00:00,268.778354566565
2020-02-14 20:00:00,265.97653923746543
2020-02-14 21:00:00,263.59246453097757
2020-02-14 22:00:00,261.5601411267173
2020-02-14 23:00:00,259.8250291340877
2020-02-15 00:00:00,258.3417695022444
2020-02-15 01:00:00,256.8737736096439
2020-02-15 02:00:00,255.60445604223935
2020-02-15 03:00:00,254.50595688901205
2020-02-15 04:00:00,253.5545687172236
2020-02-15 05:00:00,252.7300555800434
2020-02-15 06:00:00,252.01509915175095
2020-02-15 07:00:00,251.39484452328063
2020-02-15 08:00:00,251.20327015935877
2020-02-15 09:00:00,253.40791284133738
2020-02-15 10:00:00,257.3311189201858
2020-02-15 11:00:00,262.2412915106748
2020-02-15 12:00:00,267.3933266312842
2020-02-15 13:00:00,272.0763397013095
2020-02-15 14:00:00,275.6620701174489
2020-02-15 15:00:00,277.64713091083354
2020-02-15 16:00:00,277.6833505025821
2020-02-15 17:00:00,275.59300673541804
2020-02-15 18:00:00,271.6952365342768
2020-02-15 19:00:00,268.3623422454905
2020-02-15 20:00:00,265.50492071206475
2020-02-15 21:00:00,263.0497427257918
2020-02-15 22:00:00,260.93628839372195
2020-02-15 23:00:00,259.11416476893726
2020-02-16 00:00:00,257.5411451027786
2020-02-16 01:00:00,256.1923600011426
2020-02-16 02:00:00,255.02612645963214
2020-02-16 03:00:00,254.01692184080642
2020-02-16 04:00:00,253.1429982172688
2020-02-16 05:00:00,252.38577197327382
2020-02-16 06:00:00,251.72932510132486
2020-02-16 07:00:00,251.1599946083262
2020-02-16 08:00:00,251.08141193256782
2020-02-16 09:00:00,253.38733961694774
2020-02-16 10:00:00,257.40022447406176
2020-02-16 11:00:00,262.388331300527
2020-02-16 12:00:00,267.6064702085832
2020-02-16 13:00:00,272.34394592775334
2020-02-16 14:00:00,275.9731098956495
2020-02-16 15:00:00,277.99166573862175
2020-02-16 16:00:00,278.0529682958133
2020-02-16 17:00:00,275.9811320387349
2020-02-16 18:00:00,272.0295345566786
2020-02-16 19:00:00,268.65318152228576
2020-02-16 20:00:00,265.7605730188449
2020-02-16 21:00:00,263.276854921653
2020-02-16 22:00:00,261.14023195461385
2020-02-16 23:00:00,259.2992995713433
2020-02-17 00:00:00,257.71102168550186
2020-02-17 01:00:00,255.3768548433985
2020-02-17 02:00:00,253.26936576960432
2020-02-17 03:00:00,251.36395580726924
2020-02-17 04:00:00,249.63917141215808
2020-02-17 05:00:00,248.07621479654253
2020-02-17 06:00:00,246.65854654558774
2020-02-17 07:00:00,245.37155999462732
2020-02-17 08:00:00,244.68700784307478
2020-02-17 09:00:00,246.44197734500668
2020-02-17 10:00:00,250.05264004050443
2020-02-17 11:00:00,254.84587597316042
2020-02-17 12:00:00,260.0992762691678
2020-02-17 13:00:00,265.09014821322637
2020-02-17 14:00:00,269.1479195414785
2020-02-17 15:00:00,271.7033445510889
2020-02-17 16:00:00,272.3280221182117
2020-02-17 17:00:00,270.75947347810256
2020-02-17 18:00:00,267.10012898574564
2020-02-17 19:00:00,263.8226484806902
2020-02-17 20:00:00,260.88031174509416
2020-02-17 21:00:00,258.2334524165958
2020-02-17 22:00:00,255.84813326962936
2020-02-17 23:00:00,253.69512107751143
2020-02-18 00:00:00,251.74908274102
2020-02-18 01:00:00,251.3671549637553
2020-02-18 02:00:00,251.03813234039728
2020-02-18 03:00:00,250.7546238137401
2020-02-18 04:00:00,250.5102870400421
2020-02-18 05:00:00,250.2996754184082
2020-02-18 06:00:00,250.1181085047561
2020-02-18 07:00:00,249.96156196336247
2020-02-18 08:00:00,250.38124304204084
2020-02-18 09:00:00,253.12340574578113
2020-02-18 10:00:00,257.5038720541495
2020-02-18 11:00:00,262.7876127295591
2020-02-18 12:00:00,268.2303550888145
2020-02-18 13:00:00,273.126877722834
2020-02-18 14:00:00,276.85930973376554
2020-02-18 15:00:00,278.93858833794627
2020-02-18 16:00:00,279.0334496279238
2020-02-18 17:00:00,276.9840294885763
2020-02-18 18:00:00,272.92142734490835
2020-02-18 19:00:00,269.4773867993582
2020-02-18 20:00:00,266.5495644611366
2020-02-18 21:00:00,264.054844595233
2020-02-18 22:00:00,261.925087606445
2020-02-18 23:00:00,260.1039924286629
2020-02-19 00:00:00,258.5447345230007
2020-02-19 01:00:00,257.01453485097693
2020-02-19 02:00:00,255.68941261773105
2020-02-19 03:00:00,254.54082496446242
2020-02-19 04:00:00,253.54446718054137
2020-02-19 05:00:00,252.67957696958135
2020-02-19 06:00:00,251.9283692982083
2020-02-19 07:00:00,251.27557339997801
2020-02-19 08:00:00,251.3333269641661
2020-02-19 09:00:00,253.76686091412148
2020-02-19 10:00:00,257.9022573127982
2020-02-19 11:00:00,263.00884896819605
2020-02-19 12:00:00,268.34050837854494
2020-02-19 13:00:00,273.1842164715526
2020-02-19 14:00:00,276.9092857719175
2020-02-19 15:00:00,279.0103164882491
2020-02-19 16:00:00,279.138024271155
2020-02-19 17:00:00,277.114675214296
2020-02-19 18:00:00,272.98540868067545
2020-02-19 19:00:00,269.4524185694931
2020-02-19 20:00:00,266.4210503605427
2020-02-19 21:00:00,263.81396023255184
2020-02-19 22:00:00,261.56734433996735
2020-02-19 23:00:00,259.628146059277
2020-02-20 00:00:00,257.9519473422035
2020-02-20 01:00:00,256.150770402474
2020-02-20 02:00:00,254.56504209669387
2020-02-20 03:00:00,253.16749916338767
2020-02-20 04:00:00,251.93466475174205
2020-02-20 05:00:00,250.84624696034166
2020-02-20 06:00:00,249.884649593312
2020-02-20 07:00:00,249.0345706105643
2020-02-20 08:00:00,248.97916327040292
2020-02-20 09:00:00,251.3164060562408
2020-02-20 10:00:00,255.40635471533542
2020-02-20 11:00:00,260.5382164928752
2020-02-20 12:00:00,265.9719306277863
2020-02-20 13:00:00,270.9876934858452
2020-02-20 14:00:00,274.9371478485568
2020-02-20 15:00:00,277.2893265293846
2020-02-20 16:00:00,277.6651252653079
2020-02-20 17:00:00,275.856409277522
2020-02-20 18:00:00,271.82923978340176
2020-02-20 19:00:00,268.3049131274387
2020-02-20 20:00:00,265.22913393818965
2020-02-20 21:00:00,262.53862269098056
2020-02-20 22:00:00,260.18049763996146
2020-02-20 23:00:00,258.11021975172116
2020-02-21 00:00:00,256.29002401654606
2020-02-21 01:00:00,255.81489895525988
2020-02-21 02:00:00,255.41639241964168
2020-02-21 03:00:00,255.0820524839788
2020-02-21 04:00:00,254.8014795281372
2020-02-21 05:00:00,254.5659794806759
2020-02-21 06:00:00,254.36827816238159
2020-02-21 07:00:00,254.20228522922974
2020-02-21 08:00:00,254.83119478514115
2020-02-21 09:00:00,257.74836878385037
2020-02-21 10:00:00,262.2206706947917
2020-02-21 11:00:00,267.486509459271
2020-02-21 12:00:00,272.7960265681204
2020-02-21 13:00:00,277.45711193910705
2020-02-21 14:00:00,280.88008526241356
2020-02-21 15:00:00,282.61426927113
2020-02-21 16:00:00,282.37144927725126
2020-02-21 17:00:00,280.0342284083791
2020-02-21 18:00:00,275.6505603249132
2020-02-21 19:00:00,271.9412580821974
2020-02-21 20:00:00,268.86924154435445
2020-02-21 21:00:00,266.3184896557602
2020-02-21 22:00:00,264.1961595282411
2020-02-21 23:00:00,262.4273135116256
2020-02-22 00:00:00,260.95104202299405
2020-02-22 01:00:00,266.14446800778984
2020-02-22 02:00:00,268.96433720327815
2020-02-22 03:00:00,270.4887045293487
2020-02-22 04:00:00,271.310727273898
2020-02-22 05:00:00,271.7534109476993
2020-02-22 06:00:00,271.9916350029763
2020-02-22 07:00:00,272.11978128750917
2020-02-22 08:00:00,273.0293600919766
2020-02-22 09:00:00,275.9102111245332
2020-02-22 10:00:00,279.48348689561806
2020-02-22 11:00:00,282.91878814223037
2020-02-22 12:00:00,285.6665348021615
2020-02-22 13:00:00,287.3742101041903
2020-02-22 14:00:00,287.84244701161055
2020-02-22 15:00:00,286.9993580454479
2020-02-22 16:00:00,284.882494611171
2020-02-22 17:00:00,281.6233764527962
2020-02-22 18:00:00,277.43223663187126
2020-02-22 19:00:00,275.03661029125936
2020-02-22 20:00:00,273.7545928496934
2020-02-22 21:00:00,273.06700873141136
2020-02-22 22:00:00,272.69780673581744
2020-02-22 23:00:00,272.49943850896017
2020-02-23 00:00:00,272.3928219628719
2020-02-23 01:00:00,269.1671857009538
2020-02-23 02:00:00,266.4663658733277
2020-02-23 03:00:00,264.20005939096836
2020-02-23 04:00:00,262.29497426286764
2020-02-23 05:00:00,260.6911864063585
2020-02-23 06:00:00,259.33940451829005
2020-02-23 07:00:00,258.1988805623053
2020-02-23 08:00:00,258.1493517804868
2020-02-23 09:00:00,260.50222844308473
2020-02-23 10:00:00,264.51897985928423
2020-02-23 11:00:00,269.4304051757945
2020-02-23 12:00:00,274.4757879487676
2020-02-23 13:00:00,278.94880882917425
2020-02-23 14:00:00,282.242870115526
2020-02-23 15:00:00,283.8888421584302
2020-02-23 16:00:00,283.57993804495237
2020-02-23 17:00:00,281.1814142816627
2020-02-23 18:00:00,276.7261406206641
2020-02-23 19:00:00,272.78515178286995
2020-02-23 20:00:00,269.4952401388493
2020-02-23 21:00:00,266.74133935337653
2020-02-23 22:00:00,264.430996533694
2020-02-23 23:00:00,262.48924260600666
2020-02-24 00:00:00,260.85482768162876
2020-02-24 01:00:00,259.43381382304494
2020-02-24 02:00:00,258.2321856867802
2020-02-24 03:00:00,257.21517479407555
2020-02-24 04:00:00,256.3537795734479
2020-02-24 05:00:00,255.62373558571196
2020-02-24 06:00:00,255.00469027214362
2020-02-24 07:00:00,254.47953594004895
2020-02-24 08:00:00,255.0208440113311
2020-02-24 09:00:00,257.87761256423056
2020-02-24 10:00:00,262.33222191027545
2020-02-24 11:00:00,267.62911024537004
2020-02-24 12:00:00,273.0159137627439
2020-02-24 13:00:00,277.7909017816524
2020-02-24 14:00:00,281.34960480807575
2020-02-24 15:00:00,283.22369659422355
2020-02-24 16:00:00,283.10678299534305
2020-02-24 17:00:00,280.8647247649012
2020-02-24 18:00:00,276.53151946977437
2020-02-24 19:00:00,272.610185817506
2020-02-24 20:00:00,269.328501243945
2020-02-24 21:00:00,266.5746792851379
2020-02-24 22:00:00,264.25870326934955
2020-02-24 23:00:00,262.3074222915879
2020-02-25 00:00:00,260.6609448382522
2020-02-25 01:00:00,259.3062005925223
2020-02-25 02:00:00,258.16268568635087
2020-02-25 03:00:00,257.19665218213686
2020-02-25 04:00:00,256.3799786374957
2020-02-25 05:00:00,255.68916451289934
2020-02-25 06:00:00,255.10452352284304
2020-02-25 07:00:00,254.60953123970026
2020-02-25 08:00:00,255.25117467182827
2020-02-25 09:00:00,258.19458685329295
2020-02-25 10:00:00,262.71962102327825
2020-02-25 11:00:00,268.06946129981395
2020-02-25 12:00:00,273.4918884034637
2020-02-25 13:00:00,278.28671467816696
2020-02-25 14:00:00,281.85225447150447
2020-02-25 15:00:00,283.72389194531604
2020-02-25 16:00:00,283.59944630278846
2020-02-25 17:00:00,281.3490448559763
2020-02-25 18:00:00,277.01061600567255
2020-02-25 19:00:00,273.0201793412054
2020-02-25 20:00:00,269.6882768004417
2020-02-25 21:00:00,266.8985223572219
2020-02-25 22:00:00,264.55743662963846
2020-02-25 23:00:00,262.5892359215213
2020-02-26 00:00:00,260.9320127921281
2020-02-26 01:00:00,259.4123143637915
2020-02-26 02:00:00,258.1212886164999
2020-02-26 03:00:00,257.0234925048791
2020-02-26 04:00:00,256.0892652186735
2020-02-26 05:00:00,255.29370442474558
2020-02-26 06:00:00,254.61584587731835
2020-02-26 07:00:00,254.038000086685
2020-02-26 08:00:00,254.6804606371836
2020-02-26 09:00:00,257.63085620107233
2020-02-26 10:00:00,262.1812539370563
2020-02-26 11:00:00,267.5808145852971
2020-02-26 12:00:00,273.0776609068515
2020-02-26 13:00:00,277.96715491650735
2020-02-26 14:00:00,281.639538118949
2020-02-26 15:00:00,283.6199293515556
2020-02-26 16:00:00,283.5951817846535
2020-02-26 17:00:00,281.4250618043243
2020-02-26 18:00:00,277.1386760315704
2020-02-26 19:00:00,273.09438296667236
2020-02-26 20:00:00,269.69531254057813
2020-02-26 21:00:00,266.8305276563168
2020-02-26 22:00:00,264.4105147406582
2020-02-26 23:00:00,262.3623625557647
2020-02-27 00:00:00,260.6262203090664
2020-02-27 01:00:00,259.28718047540997
2020-02-27 02:00:00,258.1575158511258
2020-02-27 03:00:00,257.2036941170771
2020-02-27 04:00:00,256.39778288434826
2020-02-27 05:00:00,255.71644823755904
2020-02-27 06:00:00,255.14015128213452
2020-02-27 07:00:00,254.65249828463382
2020-02-27 08:00:00,255.44976786836187
2020-02-27 09:00:00,258.5295255965509
2020-02-27 10:00:00,263.1722315647611
2020-02-27 11:00:00,268.6213459942971
2020-02-27 12:00:00,274.1250252185875
2020-02-27 13:00:00,278.9838767217147
2020-02-27 14:00:00,282.597619954186
2020-02-27 15:00:00,284.5036904332965
2020-02-27 16:00:00,284.40248835060765
2020-02-27 17:00:00,282.16702350379364
2020-02-27 18:00:00,277.8381391471167
2020-02-27 19:00:00,273.71222393823547
2020-02-27 20:00:00,270.2711091982534
2020-02-27 21:00:00,267.39286444540045
2020-02-27 22:00:00,264.97978885013794
2020-02-27 23:00:00,262.9528355089705
2020-02-28 00:00:00,261.24754296499657
2020-02-28 01:00:00,258.89928309337836
2020-02-28 02:00:00,256.8199372165702
2020-02-28 03:00:00,254.9760966905293
2020-02-28 04:00:00,253.33906779423063
2020-02-28 05:00:00,251.88408503964249
2020-02-28 06:00:00,250.58968132627317
2020-02-28 07:00:00,249.43717833250741
2020-02-28 08:00:00,249.69554966309366
2020-02-28 09:00:00,252.33313799185026
2020-02-28 10:00:00,256.7232290564103
2020-02-28 11:00:00,262.1604709437747
2020-02-28 12:00:00,267.90347478298185
2020-02-28 13:00:00,273.225725672653
2020-02-28 14:00:00,277.4685583580494
2020-02-28 15:00:00,280.0891078035527
2020-02-28 16:00:00,280.6966775781781
2020-02-28 17:00:00,279.07328527910335
2020-02-28 18:00:00,275.17767293548894
2020-02-28 19:00:00,271.16672259982727
2020-02-28 20:00:00,267.64672022164586
2020-02-28 21:00:00,264.54931280813145
2020-02-28 22:00:00,261.8175446489371
2020-02-28 23:00:00,259.40353198948577
2020-02-29 00:00:00,257.2667071286383
2020-02-29 01:00:00,256.3702372295157
2020-02-29 02:00:00,255.6095363149633
2020-02-29 03:00:00,254.963691590579
2020-02-29 04:00:00,254.41510995609744
2020-02-29 05:00:00,253.94896343880706
2020-02-29 06:00:00,253.5527349430311
2020-02-29 07:00:00,253.2158440780597
2020-02-29 08:00:00,254.29023052106675
2020-02-29 09:00:00,257.61330185899055
2020-02-29 10:00:00,262.4779615484187
2020-02-29 11:00:00,268.1346849094683
2020-02-29 12:00:00,273.8343230642683
2020-02-29 13:00:00,278.8769160574851
2020-02-29 14:00:00,282.6594530171739
2020-02-29 15:00:00,284.7155714860329
2020-02-29 16:00:00,284.7417713017527
2020-02-29 17:00:00,282.6077667597487
2020-02-29 18:00:00,278.3521016684147
2020-02-29 19:00:00,274.1255144677716
2020-02-29 20:00:00,270.5884295733818
2020-02-29 21:00:00,267.61961688589446
2020-02-29 22:00:00,265.12178329310797
2020-02-29 23:00:00,263.01606766003505
2020-03-01 00:00:00,261.2380273925265
2020-03-01 01:00:00,259.9922707624963
2020-03-01 02:00:00,258.95260951265624
2020-03-01 03:00:00,258.0842675304635
2020-03-01 04:00:00,257.35854377181556
2020-03-01 05:00:00,256.7516880930146
2020-03-01 06:00:00,256.2440040381294
2020-03-01 07:00:00,255.81912719127715
2020-03-01 08:00:00,256.9003137262109
2020-03-01 09:00:00,260.2169968061924
2020-03-01 10:00:00,265.033975185532
2020-03-01 11:00:00,270.58750942941094
2020-03-01 12:00:00,276.12682373588973
2020-03-01 13:00:00,280.96112871671096
2020-03-01 14:00:00,284.5048560730356
2020-03-01 15:00:00,286.31421026487163
2020-03-01 16:00:00,286.1100412157995
2020-03-01 17:00:00,283.78522506814903
2020-03-01 18:00:00,279.3981186706219
2020-03-01 19:00:00,275.04173486012434
2020-03-01 20:00:00,271.4503708654388
2020-03-01 21:00:00,268.4805265406203
2020-03-01 22:00:00,266.0185557541108
2020-03-01 23:00:00,263.97352202795577
2020-03-02 00:00:00,262.2720532463543
2020-03-02 01:00:00,260.27771311527624
2020-03-02 02:00:00,258.5585714230994
2020-03-02 03:00:00,257.07482191299323
2020-03-02 04:00:00,255.79288824603046
2020-03-02 05:00:00,254.6843277546142
2020-03-02 06:00:00,253.72495867127634
2020-03-02 07:00:00,252.8941577893756
2020-03-02 08:00:00,253.68748396481973
2020-03-02 09:00:00,256.78874255201833
2020-03-02 10:00:00,261.51951406390464
2020-03-02 11:00:00,267.14365245833534
2020-03-02 12:00:00,272.91063295002436
2020-03-02 13:00:00,278.10589348077394
2020-03-02 14:00:00,282.10131780131536
2020-03-02 15:00:00,284.39867092468916
2020-03-02 16:00:00,284.6599939724521
2020-03-02 17:00:00,282.72182050356207
2020-03-02 18:00:00,278.59370566831245
2020-03-02 19:00:00,274.25689406234375
2020-03-02 20:00:00,270.5587409969429
2020-03-02 21:00:00,267.3957203281009
2020-03-02 22:00:00,264.6836643593038
2020-03-02 23:00:00,262.35345001589906
2020-03-03 00:00:00,260.3478290177469
2020-03-03 01:00:00,258.38376607670614
2020-03-03 02:00:00,256.66817230516176
2020-03-03 03:00:00,255.16782953654933
2020-03-03 04:00:00,253.85438473480727
2020-03-03 05:00:00,252.70353705038238
2020-03-03 06:00:00,251.69438404193016
2020-03-03 07:00:00,250.80889062422892
2020-03-03 08:00:00,251.62128606289804
2020-03-03 09:00:00,254.75041089655844
2020-03-03 10:00:00,259.54300589326107
2020-03-03 11:00:00,265.27699250083356
2020-03-03 12:00:00,271.2052611653027
2020-03-03 13:00:00,276.60698576379764
2020-03-03 14:00:00,280.839861923141
2020-03-03 15:00:00,283.3860419461887
2020-03-03 16:00:00,283.88543233966413
2020-03-03 17:00:00,282.1526891225714
2020-03-03 18:00:00,278.1779172612445
2020-03-03 19:00:00,273.8527797306321
2020-03-03 20:00:00,270.1185117478828
2020-03-03 21:00:00,266.88482624466485
2020-03-03 22:00:00,264.07765274756474
2020-03-03 23:00:00,261.635618199147
2020-03-04 00:00:00,259.50744069972643
2020-03-04 01:00:00,257.66478258266136
2020-03-04 02:00:00,256.0555816361978
2020-03-04 03:00:00,254.64869803208072
2020-03-04 04:00:00,253.41751726064342
2020-03-04 05:00:00,252.33920434780518
2020-03-04 06:00:00,251.39410151102285
2020-03-04 07:00:00,250.56523701453125
2020-03-04 08:00:00,251.50468397459827
2020-03-04 09:00:00,254.74675727222478
2020-03-04 10:00:00,259.6380718157809
2020-03-04 11:00:00,265.45641391152515
2020-03-04 12:00:00,271.4548123775738
2020-03-04 13:00:00,276.9130586438583
2020-03-04 14:00:00,281.1900583255746
2020-03-04 15:00:00,283.7697674947068
2020-03-04 16:00:00,284.29437700032406
2020-03-04 17:00:00,282.58110693748955
2020-03-04 18:00:00,278.62266897758695
2020-03-04 19:00:00,274.2388457126998
2020-03-04 20:00:00,270.4578513446556
2020-03-04 21:00:00,267.1869485541223
2020-03-04 22:00:00,264.35017116008015
2020-03-04 23:00:00,261.8846598520197
2020-03-05 00:00:00,259.73795471702226
2020-03-05 01:00:00,258.1942910431297
2020-03-05 02:00:00,256.8683236539946
2020-03-05 03:00:00,255.72827759551458
2020-03-05 04:00:00,254.7472983271616
2020-03-05 05:00:00,253.90261566248682
2020-03-05 06:00:00,253.17486893436268
2020-03-05 07:00:00,252.54755748066728
2020-03-05 08:00:00,253.75055059407094
2020-03-05 09:00:00,257.2073290002074
2020-03-05 10:00:00,262.23507985041067
2020-03-05 11:00:00,268.09567422836614
2020-03-05 12:00:00,274.03980598216464
2020-03-05 13:00:00,279.35770280387254
2020-03-05 14:00:00,283.4294763409074
2020-03-05 15:00:00,285.7679009085105
2020-03-05 16:00:00,286.047732026409
2020-03-05 17:00:00,284.11865573053143
2020-03-05 18:00:00,280.00263333530984
2020-03-05 19:00:00,275.4687603740608
2020-03-05 20:00:00,271.62619012548953
2020-03-05 21:00:00,268.3591612148376
2020-03-05 22:00:00,265.57420540306794
2020-03-05 23:00:00,263.1950459455053
2020-03-06 00:00:00,261.1588829044602
2020-03-06 01:00:00,258.86544531752077
2020-03-06 02:00:00,256.8392476484493
2020-03-06 03:00:00,255.04666606210833
2020-03-06 04:00:00,253.45885277608218
2020-03-06 05:00:00,252.05093841833633
2020-03-06 06:00:00,250.801393169942
2020-03-06 07:00:00,249.6915096798674
2020-03-06 08:00:00,250.52638272973624
2020-03-06 09:00:00,253.6897852971344
2020-03-06 10:00:00,258.55161854300616
2020-03-06 11:00:00,264.402737916543
2020-03-06 12:00:00,270.4989430426095
2020-03-06 13:00:00,276.11308826308675
2020-03-06 14:00:00,280.5889280774831
2020-03-06 15:00:00,283.38941909262945
2020-03-06 16:00:00,284.13280331227105
2020-03-06 17:00:00,282.61228431861235
2020-03-06 18:00:00,278.79881751596474
2020-03-06 19:00:00,274.3443642802122
2020-03-06 20:00:00,270.45393085251266
2020-03-06 21:00:00,267.0457452386192
2020-03-06 22:00:00,264.0523192192455
2020-03-06 23:00:00,261.417388725237
2020-03-07 00:00:00,259.0936396339195
2020-03-07 01:00:00,257.63463807033247
2020-03-07 02:00:00,256.3805071632633
2020-03-07 03:00:00,255.30152291979542
2020-03-07 04:00:00,254.37252444569071
2020-03-07 05:00:00,253.57214796070483
2020-03-07 06:00:00,252.88220626961424
2020-03-07 07:00:00,252.28718184118657
2020-03-07 08:00:00,253.6728717242778
2020-03-07 09:00:00,257.2909737862648
2020-03-07 10:00:00,262.4613726955721
2020-03-07 11:00:00,268.4474639081454
2020-03-07 12:00:00,274.5007752982741
2020-03-07 13:00:00,279.91209495043995
2020-03-07 14:00:00,284.0621664143286
2020-03-07 15:00:00,286.4647046964593
2020-03-07 16:00:00,286.79581077940566
2020-03-07 17:00:00,284.9068742244888
2020-03-07 18:00:00,280.82176832502853
2020-03-07 19:00:00,276.1609753496156
2020-03-07 20:00:00,272.2119028899614
2020-03-07 21:00:00,268.8548745196705
2020-03-07 22:00:00,265.99342784386454
2020-03-07 23:00:00,263.54895218255837
2020-03-08 00:00:00,261.4567983642623
2020-03-08 01:00:00,259.8075421242115
2020-03-08 02:00:00,258.40303952263463
2020-03-08 03:00:00,257.205742458049
2020-03-08 04:00:00,256.1842011943116
2020-03-08 05:00:00,255.31198094598943
2020-03-08 06:00:00,254.56679612929838
2020-03-08 07:00:00,253.92981191614618
2020-03-08 08:00:00,255.3619921033362
2020-03-08 09:00:00,259.01081020736535
2020-03-08 10:00:00,264.1810587462689
2020-03-08 11:00:00,270.1282658960692
2020-03-08 12:00:00,276.10302727264667
2020-03-08 13:00:00,281.40146459080717
2020-03-08 14:00:00,285.4147160421887
2020-03-08 15:00:00,287.67025171055326
2020-03-08 16:00:00,287.85933622754953
2020-03-08 17:00:00,285.84808964234793
2020-03-08 18:00:00,281.67327092776446
2020-03-08 19:00:00,276.889775152141
2020-03-08 20:00:00,272.87123362983334
2020-03-08 21:00:00,269.48381942822266
2020-03-08 22:00:00,266.6204934040136
2020-03-08 23:00:00,264.1946622686874
2020-03-09 00:00:00,262.13561555538394
2020-03-09 01:00:00,260.24277401391686
2020-03-09 02:00:00,258.6185247257454
2020-03-09 03:00:00,257.2231161261063
2020-03-09 04:00:00,256.0231133420262
2020-03-09 05:00:00,254.99028016632735
2020-03-09 06:00:00,254.10068853848446
2020-03-09 07:00:00,253.33400178569732
2020-03-09 08:00:00,254.72783198103988
2020-03-09 09:00:00,258.35523867783184
2020-03-09 10:00:00,263.53445623975574
2020-03-09 11:00:00,269.52748088523936
2020-03-09 12:00:00,275.58477296105474
2020-03-09 13:00:00,280.9964914168368
2020-03-09 14:00:00,285.1432669922676
2020-03-09 15:00:00,287.5392212355794
2020-03-09 16:00:00,287.861290047624
2020-03-09 17:00:00,285.9619592674898
2020-03-09 18:00:00,281.86626362399755
2020-03-09 19:00:00,277.04384904867555
2020-03-09 20:00:00,272.96025460828884
2020-03-09 21:00:00,269.4904534181719
2020-03-09 22:00:00,266.53391070256146
2020-03-09 23:00:00,264.0088569020518
2020-03-10 00:00:00,261.84815274075453
2020-03-10 01:00:00,259.39011210165734
2020-03-10 02:00:00,257.20962146644945
2020-03-10 03:00:00,255.27245896555837
2020-03-10 04:00:00,253.54923596989863
2020-03-10 05:00:00,252.0145844743365
2020-03-10 06:00:00,250.64650816511997
2020-03-10 07:00:00,249.42585860290868
2020-03-10 08:00:00,250.46901654523154
2020-03-10 09:00:00,253.8275715596178
2020-03-10 10:00:00,258.8807947136232
2020-03-10 11:00:00,264.9244509984206
2020-03-10 12:00:00,271.215241917151
2020-03-10 13:00:00,277.02358079833743
2020-03-10 14:00:00,281.6883660612331
2020-03-10 15:00:00,284.6663938201622
2020-03-10 16:00:00,285.569548284357
2020-03-10 17:00:00,284.1853658591972
2020-03-10 18:00:00,280.48034969933576
2020-03-10 19:00:00,275.7996401156191
2020-03-10 20:00:00,271.6978599465758
2020-03-10 21:00:00,268.09179083808294
2020-03-10 22:00:00,264.91282997558113
2020-03-10 23:00:00,262.1038216921272
2020-03-11 00:00:00,259.6167119492138
2020-03-11 01:00:00,257.767480134329
2020-03-11 02:00:00,256.1532290993417
2020-03-11 03:00:00,254.7425267718982
2020-03-11 04:00:00,253.5085210416888
2020-03-11 05:00:00,252.4281831274398
2020-03-11 06:00:00,251.48169679709412
2020-03-11 07:00:00,250.65196058861096
2020-03-11 08:00:00,252.1355764576623
2020-03-11 09:00:00,255.86485635597145
2020-03-11 10:00:00,261.1890582950665
2020-03-11 11:00:00,267.386791336066
2020-03-11 12:00:00,273.71139303725687
2020-03-11 13:00:00,279.4435940576842
2020-03-11 14:00:00,283.9447630529111
2020-03-11 15:00:00,286.70333128462477
2020-03-11 16:00:00,287.3679508911842
2020-03-11 17:00:00,285.7637751859722
2020-03-11 18:00:00,281.89209591380626
2020-03-11 19:00:00,277.0508346931818
2020-03-11 20:00:00,272.8864544868954
2020-03-11 21:00:00,269.29211356354483
2020-03-11 22:00:00,266.1809805771042
2020-03-11 23:00:00,263.4816844282806
2020-03-12 00:00:00,261.1350000194371
2020-03-12 01:00:00,259.430595174062
2020-03-12 02:00:00,257.97075517118003
2020-03-12 03:00:00,256.7190707789466
2020-03-12 04:00:00,255.64490506201142
2020-03-12 05:00:00,254.72238445557812
2020-03-12 06:00:00,253.92959079866694
2020-03-12 07:00:00,253.24790802875594
2020-03-12 08:00:00,254.95127330243062
2020-03-12 09:00:00,258.84541631103843
2020-03-12 10:00:00,264.2482233171388
2020-03-12 11:00:00,270.4221057098104
2020-03-12 12:00:00,276.61934428842056
2020-03-12 13:00:00,282.13369707530643
2020-03-12 14:00:00,286.35122710010415
2020-03-12 15:00:00,288.79303169160977
2020-03-12 16:00:00,289.1439830643485
2020-03-12 17:00:00,287.2647244201816
2020-03-12 18:00:00,283.18794893678114
2020-03-12 19:00:00,278.1599398685711
2020-03-12 20:00:00,273.9169425394188
2020-03-12 21:00:00,270.32348848151594
2020-03-12 22:00:00,267.2711850410863
2020-03-12 23:00:00,264.67225633829776
2020-03-13 00:00:00,262.45491474989615
2020-03-13 01:00:00,260.19888761955593
2020-03-13 02:00:00,258.2282853179604
2020-03-13 03:00:00,256.50460848861394
2020-03-13 04:00:00,254.99511798544557
2020-03-13 05:00:00,253.6718389482324
2020-03-13 06:00:00,252.51076815120405
2020-03-13 07:00:00,251.491236098736
2020-03-13 08:00:00,252.96363069243114
2020-03-13 09:00:00,256.6874805855922
2020-03-13 10:00:00,262.014644499743
2020-03-13 11:00:00,268.224749073234
2020-03-13 12:00:00,274.5706278516982
2020-03-13 13:00:00,280.3311977879237
2020-03-13 14:00:00,284.8650573493793
2020-03-13 15:00:00,287.65735174504164
2020-03-13 16:00:00,288.3533719644425
2020-03-13 17:00:00,286.77518706623965
2020-03-13 18:00:00,282.9214917940472
2020-03-13 19:00:00,277.934129594902
2020-03-13 20:00:00,273.63696258218056
2020-03-13 21:00:00,269.9214094566254
2020-03-13 22:00:00,266.6993013454252
2020-03-13 23:00:00,263.89820460020564
2020-03-14 00:00:00,261.45802403040295
2020-03-14 01:00:00,259.48697081559857
2020-03-14 02:00:00,257.7788190953103
2020-03-14 03:00:00,256.2967105464306
2020-03-14 04:00:00,255.00940185709626
2020-03-14 05:00:00,253.89029800224435
2020-03-14 06:00:00,252.91667915355515
2020-03-14 07:00:00,252.06907598382386
2020-03-14 08:00:00,253.77750883208813
2020-03-14 09:00:00,257.6963734387147
2020-03-14 10:00:00,263.16451316050654
2020-03-14 11:00:00,269.45485435869347
2020-03-14 12:00:00,275.82021324116255
2020-03-14 13:00:00,281.545995937593
2020-03-14 14:00:00,286.00291693607323
2020-03-14 15:00:00,288.6922953896854
2020-03-14 16:00:00,289.27763419079776
2020-03-14 17:00:00,287.59918559873535
2020-03-14 18:00:00,283.6720922818522
2020-03-14 19:00:00,278.5744661029474
2020-03-14 20:00:00,274.22216542510404
2020-03-14 21:00:00,270.4926827001857
2020-03-14 22:00:00,267.28728461379876
2020-03-14 23:00:00,264.5254317095557
2020-03-15 00:00:00,262.1407598394017
2020-03-15 01:00:00,260.6823961300025
2020-03-15 02:00:00,259.4615873071642
2020-03-15 03:00:00,258.4386964536356
2020-03-15 04:00:00,257.58098279172367
2020-03-15 05:00:00,256.8613172215021
2020-03-15 06:00:00,256.2571621704085
2020-03-15 07:00:00,255.74975412661112
2020-03-15 08:00:00,257.848722798448
2020-03-15 09:00:00,262.04313842214276
2020-03-15 10:00:00,267.61999251717924
2020-03-15 11:00:00,273.82913242828965
2020-03-15 12:00:00,279.92808022742344
2020-03-15 13:00:00,285.23180773200005
2020-03-15 14:00:00,289.1601473986428
2020-03-15 15:00:00,291.27576668698083
2020-03-15 16:00:00,291.3075854045575
2020-03-15 17:00:00,289.15790145540694
2020-03-15 18:00:00,284.89508382289716
2020-03-15 19:00:00,279.561135753826
2020-03-15 20:00:00,275.16554675803104
2020-03-15 21:00:00,271.52906016590555
2020-03-15 22:00:00,268.51120417013124
2020-03-15 23:00:00,266.0004627583253
2020-03-16 00:00:00,263.9073803379444
2020-03-16 01:00:00,261.5867882540006
2020-03-16 02:00:00,259.5763831823484
2020-03-16 03:00:00,257.8321796478581
2020-03-16 04:00:00,256.31706056767314
2020-03-16 05:00:00,254.99954766051852
2020-03-16 06:00:00,253.85283030962512
2020-03-16 07:00:00,252.85398944425452
2020-03-16 08:00:00,254.5871806192513
2020-03-16 09:00:00,258.5300108729189
2020-03-16 10:00:00,264.02241279694186
2020-03-16 11:00:00,270.337645535129
2020-03-16 12:00:00,276.72822324240104
2020-03-16 13:00:00,282.47880298428475
2020-03-16 14:00:00,286.95913088048553
2020-03-16 15:00:00,289.6695584289258
2020-03-16 16:00:00,290.2727831353588
2020-03-16 17:00:00,288.6084860251299
2020-03-16 18:00:00,284.69145778787623
2020-03-16 19:00:00,279.444432140539
2020-03-16 20:00:00,274.9624892961122
2020-03-16 21:00:00,271.1196321870388
2020-03-16 22:00:00,267.8144800027059
2020-03-16 23:00:00,264.96443559221206
2020-03-17 00:00:00,262.5015008273495
2020-03-17 01:00:00,260.1756622762274
2020-03-17 02:00:00,258.13684789977606
2020-03-17 03:00:00,256.34708566872337
2020-03-17 04:00:00,254.7740188024665
2020-03-17 05:00:00,253.38993883122149
2020-03-17 06:00:00,252.17101606660304
2020-03-17 07:00:00,251.1419349056081
2020-03-17 08:00:00,252.87136138206637
2020-03-17 09:00:00,256.82935829504703
2020-03-17 10:00:00,262.37650166680436
2020-03-17 11:00:00,268.7972369879003
2020-03-17 12:00:00,275.3459002726612
2020-03-17 13:00:00,281.3003071747947
2020-03-17 14:00:00,286.0162231483273
2020-03-17 15:00:00,288.97517269644504
2020-03-17 16:00:00,289.8188909460464
2020-03-17 17:00:00,288.3665556034811
2020-03-17 18:00:00,284.6149032879033
2020-03-17 19:00:00,279.39442187988476
2020-03-17 20:00:00,274.88563951642254
2020-03-17 21:00:00,270.9770133540516
2020-03-17 22:00:00,267.5781202437053
2020-03-17 23:00:00,264.6147559841349
2020-03-18 00:00:00,262.02539310705674
2020-03-18 01:00:00,259.5873571382351
2020-03-18 02:00:00,257.4295421828977
2020-03-18 03:00:00,255.51691005386618
2020-03-18 04:00:00,253.81941674241008
2020-03-18 05:00:00,252.31116844657726
2020-03-18 06:00:00,250.9697481800832
2020-03-18 07:00:00,249.89895266121627
2020-03-18 08:00:00,251.58258313304734
2020-03-18 09:00:00,255.51548051411612
2020-03-18 10:00:00,261.0757718573432
2020-03-18 11:00:00,267.55781351394876
2020-03-18 12:00:00,274.21801978772334
2020-03-18 13:00:00,280.3288060114913
2020-03-18 14:00:00,285.23415994878684
2020-03-18 15:00:00,288.3992862350644
2020-03-18 16:00:00,289.44735212692535
2020-03-18 17:00:00,288.1790113078834
2020-03-18 18:00:00,284.57435469575785
2020-03-18 19:00:00,279.3723231610385
2020-03-18 20:00:00,274.8369034475046
2020-03-18 21:00:00,270.8680605584635
2020-03-18 22:00:00,267.38421075214944
2020-03-18 23:00:00,264.31801550083725
2020-03-19 00:00:00,261.61332155948304
2020-03-19 01:00:00,258.9894676650522
2020-03-19 02:00:00,256.63779362717327
2020-03-19 03:00:00,254.52674138897376
2020-03-19 04:00:00,252.62906286255847
2020-03-19 05:00:00,250.92110439528946
2020-03-19 06:00:00,249.38223448516877
2020-03-19 07:00:00,248.19573940892192
2020-03-19 08:00:00,249.76263563306497
2020-03-19 09:00:00,253.61041177703032
2020-03-19 10:00:00,259.14113018135527
2020-03-19 11:00:00,265.6634550371565
2020-03-19 12:00:00,272.4378594292811
2020-03-19 13:00:00,278.7306736663829
2020-03-19 14:00:00,283.8707982320054
2020-03-19 15:00:00,287.3015757866107
2020-03-19 16:00:00,288.62054155682864
2020-03-19 17:00:00,287.60212214050176
2020-03-19 18:00:00,284.20226983602447
2020-03-19 19:00:00,279.06164885207033
2020-03-19 20:00:00,274.5224835418143
2020-03-19 21:00:00,270.49989998236765
2020-03-19 22:00:00,266.9241090938977
2020-03-19 23:00:00,263.73706154435047
2020-03-20 00:00:00,260.88998911522884
2020-03-20 01:00:00,258.5188999393138
2020-03-20 02:00:00,256.41197778900687
2020-03-20 03:00:00,254.53712084301043
2020-03-20 04:00:00,252.86668989345426
2020-03-20 05:00:00,251.37677046012274
2020-03-20 06:00:00,250.04658107752553
2020-03-20 07:00:00,249.1374595605561
2020-03-20 08:00:00,250.96257024982233
2020-03-20 09:00:00,255.02788379691066
2020-03-20 10:00:00,260.7192836444816
2020-03-20 11:00:00,267.33566602909536
2020-03-20 12:00:00,274.1349469084078
2020-03-20 13:00:00,280.38834793924735
2020-03-20 14:00:00,285.43654265164304
2020-03-20 15:00:00,288.74007745208786
2020-03-20 16:00:00,289.9169701225099
2020-03-20 17:00:00,288.76298875244987
2020-03-20 18:00:00,285.254117256815
2020-03-20 19:00:00,279.970144648649
2020-03-20 20:00:00,275.3502718342205
2020-03-20 21:00:00,271.2958299537248
2020-03-20 22:00:00,267.72631406488284
2020-03-20 23:00:00,264.57523764295274
2020-03-21 00:00:00,261.78711759939387
2020-03-21 01:00:00,259.2812965442486
2020-03-21 02:00:00,257.05183515785524
2020-03-21 03:00:00,255.06524859881557
2020-03-21 04:00:00,253.29273463026345
2020-03-21 05:00:00,251.70938930608426
2020-03-21 06:00:00,250.29358039549192
2020-03-21 07:00:00,249.3840210262031
2020-03-21 08:00:00,251.20746557331074
2020-03-21 09:00:00,255.27402716332205
2020-03-21 10:00:00,260.9725541525525
2020-03-21 11:00:00,267.6036291606335
2020-03-21 12:00:00,274.4255392580664
2020-03-21 13:00:00,280.7086366265068
2020-03-21 14:00:00,285.7916923786633
2020-03-21 15:00:00,289.1326415124588
2020-03-21 16:00:00,290.3465639254478
2020-03-21 17:00:00,289.22632317196764
2020-03-21 18:00:00,285.7452983277646
2020-03-21 19:00:00,280.40301951906497
2020-03-21 20:00:00,275.72529324777594
2020-03-21 21:00:00,271.61382986952776
2020-03-21 22:00:00,267.9884366903547
2020-03-21 23:00:00,264.78288028016743
2020-03-22 00:00:00,261.9418788156371
2020-03-22 01:00:00,259.7911195093306
2020-03-22 02:00:00,257.9159910553842
2020-03-22 03:00:00,256.279012047686
2020-03-22 04:00:00,254.84831684309904
2020-03-22 05:00:00,253.59668993821276
2020-03-22 06:00:00,252.50079555491004
2020-03-22 07:00:00,251.9762328917729
2020-03-22 08:00:00,254.15436656408127
2020-03-22 09:00:00,258.49670974369445
2020-03-22 10:00:00,264.35755479010754
2020-03-22 11:00:00,271.0185650281377
2020-03-22 12:00:00,277.7357089786449
2020-03-22 13:00:00,283.7932891759723
2020-03-22 14:00:00,288.5582102841421
2020-03-22 15:00:00,291.52687016164367
2020-03-22 16:00:00,292.3580957420767
2020-03-22 17:00:00,290.88857948957525
2020-03-22 18:00:00,287.1313207244713
2020-03-22 19:00:00,281.54040449122164
2020-03-22 20:00:00,276.7486109644442
2020-03-22 21:00:00,272.6249966716729
2020-03-22 22:00:00,269.06445235556123
2020-03-22 23:00:00,265.9814735678011
2020-03-23 00:00:00,263.30572257390196
2020-03-23 01:00:00,261.64596971908594
2020-03-23 02:00:00,260.2566974316591
2020-03-23 03:00:00,259.09259885499944
2020-03-23 04:00:00,258.1163251750098
2020-03-23 05:00:00,257.2969772695828
2020-03-23 06:00:00,256.60891594328996
2020-03-23 07:00:00,256.5445476878906
2020-03-23 08:00:00,259.1282594152288
2020-03-23 09:00:00,263.7314623102747
2020-03-23 10:00:00,269.6509871476355
2020-03-23 11:00:00,276.14409963730316
2020-03-23 12:00:00,282.47459196574977
2020-03-23 13:00:00,287.9635163853331
2020-03-23 14:00:00,292.0372046350861
2020-03-23 15:00:00,294.26544004002847
2020-03-23 16:00:00,294.3846691266855
2020-03-23 17:00:00,292.30463380371594
2020-03-23 18:00:00,288.1004742822011
2020-03-23 19:00:00,282.19605217312034
2020-03-23 20:00:00,277.3388822420152
2020-03-23 21:00:00,273.325554068578
2020-03-23 22:00:00,269.99785286879097
2020-03-23 23:00:00,267.2309107326735
2020-03-24 00:00:00,264.92502254585514
2020-03-24 01:00:00,262.63978656848593
2020-03-24 02:00:00,260.68319372965385
2020-03-24 03:00:00,259.0055563344829
2020-03-24 04:00:00,257.5653483341699
2020-03-24 05:00:00,256.3276915980767
2020-03-24 06:00:00,255.26316821246095
2020-03-24 07:00:00,254.93860468241286
2020-03-24 08:00:00,257.296607643064
2020-03-24 09:00:00,261.7592333923758
2020-03-24 10:00:00,267.65452962293296
2020-03-24 11:00:00,274.25165991572305
2020-03-24 12:00:00,280.8078867119931
2020-03-24 13:00:00,286.62161223506536
2020-03-24 14:00:00,291.08431938945847
2020-03-24 15:00:00,293.7239058248568
2020-03-24 16:00:00,294.23340648313615
2020-03-24 17:00:00,292.48241310863006
2020-03-24 18:00:00,288.51245920288824
2020-03-24 19:00:00,282.64386495368944
2020-03-24 20:00:00,277.70100972645037
2020-03-24 21:00:00,273.5197542528009
2020-03-24 22:00:00,269.9702754532375
2020-03-24 23:00:00,266.9484114488351
2020-03-25 00:00:00,264.3696009675729
2020-03-25 01:00:00,262.0358184327553
2020-03-25 02:00:00,260.0207429510596
2020-03-25 03:00:00,258.27830238356364
2020-03-25 04:00:00,256.76973505386087
2020-03-25 05:00:00,255.4622646276959
2020-03-25 06:00:00,254.3280563045665
2020-03-25 07:00:00,254.01302001159658
2020-03-25 08:00:00,256.3764558781529
2020-03-25 09:00:00,260.8608907706346
2020-03-25 10:00:00,266.80787048601087
2020-03-25 11:00:00,273.49311831942674
2020-03-25 12:00:00,280.1737606125841
2020-03-25 13:00:00,286.1420811026303
2020-03-25 14:00:00,290.7787562067668
2020-03-25 15:00:00,293.59796746187016
2020-03-25 16:00:00,294.2780877239411
2020-03-25 17:00:00,292.67485899889283
2020-03-25 18:00:00,288.8180210963721
2020-03-25 19:00:00,282.94076308497563
2020-03-25 20:00:00,277.9512320362216
2020-03-25 21:00:00,273.69693130187846
2020-03-25 22:00:00,270.0566393915363
2020-03-25 23:00:00,266.9326131720702
2020-03-26 00:00:00,264.24510474570224
2020-03-26 01:00:00,262.08027291620715
2020-03-26 02:00:00,260.22855450815496
2020-03-26 03:00:00,258.64249809414514
2020-03-26 04:00:00,257.2824259236724
2020-03-26 05:00:00,256.11500421231204
2020-03-26 06:00:00,255.11211750044376
2020-03-26 07:00:00,254.9974058415044
2020-03-26 08:00:00,257.5352619253868
2020-03-26 09:00:00,262.1485217154724
2020-03-26 10:00:00,268.16607060987485
2020-03-26 11:00:00,274.85845324948747
2020-03-26 12:00:00,281.4851776661545
2020-03-26 13:00:00,287.3479026816284
2020-03-26 14:00:00,291.84232573726416
2020-03-26 15:00:00,294.50126284567307
2020-03-26 16:00:00,295.02296472916174
2020-03-26 17:00:00,293.28207330463044
2020-03-26 18:00:00,289.3245942917517
2020-03-26 19:00:00,283.35117509481597
2020-03-26 20:00:00,278.29758147298827
2020-03-26 21:00:00,274.03085512676915
2020-03-26 22:00:00,270.4154167466416
2020-03-26 23:00:00,267.3427798235186
2020-03-27 00:00:00,264.7250826003753
2020-03-27 01:00:00,262.794426238065
2020-03-27 02:00:00,261.17580303829874
2020-03-27 03:00:00,259.817101605626
2020-03-27 04:00:00,258.6754145303319
2020-03-27 05:00:00,257.71526382974633
2020-03-27 06:00:00,256.90721214474246
2020-03-27 07:00:00,257.0518637197782
2020-03-27 08:00:00,259.8095245617625
2020-03-27 09:00:00,264.5618199691669
2020-03-27 10:00:00,270.6125589779089
2020-03-27 11:00:00,277.22341678942524
2020-03-27 12:00:00,283.6606073816804
2020-03-27 13:00:00,289.2461931471658
2020-03-27 14:00:00,293.4066669305684
2020-03-27 15:00:00,295.71161082634563
2020-03-27 16:00:00,295.89724765476916
2020-03-27 17:00:00,293.87323159563886
2020-03-27 18:00:00,289.71475201077294
2020-03-27 19:00:00,283.6444125049905
2020-03-27 20:00:00,278.5339149891813
2020-03-27 21:00:00,274.3050538962823
2020-03-27 22:00:00,270.7927378673781
2020-03-27 23:00:00,267.8668804062575
2020-03-28 00:00:00,265.4237046283634
2020-03-28 01:00:00,263.7080301564188
2020-03-28 02:00:00,262.3025197602439
2020-03-28 03:00:00,261.1498090002668
2020-03-28 04:00:00,260.203569263239
2020-03-28 05:00:00,259.4262443367369
2020-03-28 06:00:00,258.78729687894037
2020-03-28 07:00:00,259.16444690166776
2020-03-28 08:00:00,262.1096608676783
2020-03-28 09:00:00,266.96029286052965
2020-03-28 10:00:00,272.99560621519726
2020-03-28 11:00:00,279.4714929821532
2020-03-28 12:00:00,285.6654685472121
2020-03-28 13:00:00,290.9250408803292
2020-03-28 14:00:00,294.7120195567306
2020-03-28 15:00:00,296.6360471464455
2020-03-28 16:00:00,296.473061876727
2020-03-28 17:00:00,294.16797646601503
2020-03-28 18:00:00,289.8242130925503
2020-03-28 19:00:00,283.6845442995574
2020-03-28 20:00:00,278.5542622845742
2020-03-28 21:00:00,274.40499993782277
2020-03-28 22:00:00,271.03649071414344
2020-03-28 23:00:00,268.29373700052975
2020-03-29 00:00:00,266.05527501209565
2020-03-29 01:00:00,263.5767786148875
2020-03-29 02:00:00,261.45190789845753
2020-03-29 03:00:00,259.6273297480237
2020-03-29 04:00:00,258.0585195957472
2020-03-29 05:00:00,256.7081043296331
2020-03-29 06:00:00,255.54456935984234
2020-03-29 07:00:00,255.52118124688093
2020-03-29 08:00:00,258.13510557623755
2020-03-29 09:00:00,262.8183640933499
2020-03-29 10:00:00,268.90607898421496
2020-03-29 11:00:00,275.67228226819
2020-03-29 12:00:00,282.37748675589097
2020-03-29 13:00:00,288.3222923384777
2020-03-29 14:00:00,292.89985034984636
2020-03-29 15:00:00,295.63960599250163
2020-03-29 16:00:00,296.2362408549733
2020-03-29 17:00:00,294.56110102400163
2020-03-29 18:00:00,290.6574266016225
2020-03-29 19:00:00,284.72369390905703
2020-03-29 20:00:00,279.4584798114216
2020-03-29 21:00:00,275.0021073787887
2020-03-29 22:00:00,271.21597446154516
2020-03-29 23:00:00,267.9892716511882
2020-03-30 00:00:00,265.2322843057546
2020-03-30 01:00:00,262.4950458730822
2020-03-30 02:00:00,260.0887955415167
2020-03-30 03:00:00,257.9698977243289
2020-03-30 04:00:00,256.1012898175393
2020-03-30 05:00:00,254.45130689718158
2020-03-30 06:00:00,252.9927575884489
2020-03-30 07:00:00,252.75926534653902
2020-03-30 08:00:00,255.18561358745387
2020-03-30 09:00:00,259.7614838536023
2020-03-30 10:00:00,265.86082810798445
2020-03-30 11:00:00,272.77665666954306
2020-03-30 12:00:00,279.7684084002711
2020-03-30 13:00:00,286.11696063535487
2020-03-30 14:00:00,291.1805089128585
2020-03-30 15:00:00,294.44352980526503
2020-03-30 16:00:00,295.55186403027886
2020-03-30 17:00:00,294.32992950025584
2020-03-30 18:00:00,290.78026441491755
2020-03-30 19:00:00,285.06923622634565
2020-03-30 20:00:00,279.79413779465017
2020-03-30 21:00:00,275.21881080153634
2020-03-30 22:00:00,271.2354684649745
2020-03-30 23:00:00,267.75657076843726
2020-03-31 00:00:00,264.71014213120424
2020-03-31 01:00:00,262.30573713900776
2020-03-31 02:00:00,260.22697932558583
2020-03-31 03:00:00,258.4270476681894
2020-03-31 04:00:00,256.86654055699455
2020-03-31 05:00:00,255.5121268972838
2020-03-31 06:00:00,254.33548521002467
2020-03-31 07:00:00,254.44644455414053
2020-03-31 08:00:00,257.1748446138142
2020-03-31 09:00:00,261.9739257654863
2020-03-31 10:00:00,268.19301901369454
2020-03-31 11:00:00,275.11358121253807
2020-03-31 12:00:00,281.9971406895383
2020-03-31 13:00:00,288.1396912259633
2020-03-31 14:00:00,292.92545795484585
2020-03-31 15:00:00,295.87234985566937
2020-03-31 16:00:00,296.6627280983951
2020-03-31 17:00:00,295.1564111935106
2020-03-31 18:00:00,291.38696257435413
2020-03-31 19:00:00,285.5455110804494
2020-03-31 20:00:00,280.16881284342156
2020-03-31 21:00:00,275.5860944789498
2020-03-31 22:00:00,271.66491646993427
2020-03-31 23:00:00,268.2990459506898
2020-04-01 00:00:00,265.4021698286898
2020-04-01 01:00:00,263.3098973119082
2020-04-01 02:00:00,261.55037256916046
2020-04-01 03:00:00,260.0686861453874
2020-04-01 04:00:00,258.8195744581484
2020-04-01 05:00:00,257.76555410199546
2020-04-01 06:00:00,256.87546633311365
2020-04-01 07:00:00,257.3339757574104
2020-04-01 08:00:00,260.35209342113086
2020-04-01 09:00:00,265.32689891420955
2020-04-01 10:00:00,271.5730190411761
2020-04-01 11:00:00,278.35922193553165
2020-04-01 12:00:00,284.9558615847089
2020-04-01 13:00:00,290.6869531094915
2020-04-01 14:00:00,294.9795219686523
2020-04-01 15:00:00,297.40295605941947
2020-04-01 16:00:00,297.69307660632717
2020-04-01 17:00:00,295.75921265252896
2020-04-01 18:00:00,291.6763675065037
2020-04-01 19:00:00,285.6670224468889
2020-04-01 20:00:00,280.2105473337128
2020-04-01 21:00:00,275.68617444715136
2020-04-01 22:00:00,271.9196370884762
2020-04-01 23:00:00,268.77393344064393
2020-04-02 00:00:00,266.1399172117546
2020-04-02 01:00:00,264.0564692550892
2020-04-02 02:00:00,262.3209486577354
2020-04-02 03:00:00,260.8732953229945
2020-04-02 04:00:00,259.66441825453654
2020-04-02 05:00:00,258.6540080892101
2020-04-02 06:00:00,257.8088413727692
2020-04-02 07:00:00,258.3884912877447
2020-04-02 08:00:00,261.50291057312535
2020-04-02 09:00:00,266.532347073306
2020-04-02 10:00:00,272.7820674734395
2020-04-02 11:00:00,279.51885079163105
2020-04-02 12:00:00,286.0179751544754
2020-04-02 13:00:00,291.61425596312193
2020-04-02 14:00:00,295.7497360494027
2020-04-02 15:00:00,298.01094403569846
2020-04-02 16:00:00,298.1508149742285
2020-04-02 17:00:00,296.0939775812756
2020-04-02 18:00:00,291.9277715731851
2020-04-02 19:00:00,285.88356695946044
2020-04-02 20:00:00,280.36799951131246
2020-04-02 21:00:00,275.8368012765051
2020-04-02 22:00:00,272.0991093790481
2020-04-02 23:00:00,269.0059924920719
2020-04-03 00:00:00,266.43966063979525
2020-04-03 01:00:00,264.32882850784887
2020-04-03 02:00:00,262.57377338882657
2020-04-03 03:00:00,261.1125215285888
2020-04-03 04:00:00,259.89451665587256
2020-04-03 05:00:00,258.8783244569298
2020-04-03 06:00:00,258.02985697517494
2020-04-03 07:00:00,258.68412559347064
2020-04-03 08:00:00,261.8584940265619
2020-04-03 09:00:00,266.93167506314427
2020-04-03 10:00:00,273.2085374497264
2020-04-03 11:00:00,279.9566928780864
2020-04-03 12:00:00,286.4534644342239
2020-04-03 13:00:00,292.0367638319462
2020-04-03 14:00:00,296.15247416391156
2020-04-03 15:00:00,298.39129418950364
2020-04-03 16:00:00,298.5102181231777
2020-04-03 17:00:00,296.4374462836956
2020-04-03 18:00:00,292.2631534996863
2020-04-03 19:00:00,286.2206994720738
2020-04-03 20:00:00,280.6398385828974
2020-04-03 21:00:00,276.0638672626047
2020-04-03 22:00:00,272.2963149083945
2020-04-03 23:00:00,269.184201861149
2020-04-04 00:00:00,266.6067720066054
2020-04-04 01:00:00,264.41852167098904
2020-04-04 02:00:00,262.5927055776516
2020-04-04 03:00:00,261.0671239589689
2020-04-04 04:00:00,259.7909134351894
2020-04-04 05:00:00,258.7222797914519
2020-04-04 06:00:00,257.8267443010882
2020-04-04 07:00:00,258.5147018885993
2020-04-04 08:00:00,261.71772797328305
2020-04-04 09:00:00,266.8232083655799
2020-04-04 10:00:00,273.1413530760093
2020-04-04 11:00:00,279.94203859858885
2020-04-04 12:00:00,286.50210728873213
2020-04-04 13:00:00,292.1567449406313
2020-04-04 14:00:00,296.34754328831906
2020-04-04 15:00:00,298.6601268245286
2020-04-04 16:00:00,298.8463822418184
2020-04-04 17:00:00,296.82995093121184
2020-04-04 18:00:00,292.69733915827726
2020-04-04 19:00:00,286.67924654763846
2020-04-04 20:00:00,281.0258992972652
2020-04-04 21:00:00,276.3751746340693
2020-04-04 22:00:00,272.5332004672653
2020-04-04 23:00:00,269.34876776621127
2020-04-05 00:00:00,266.70229524880443
2020-04-05 01:00:00,264.34311937131275
2020-04-05 02:00:00,262.3522595140641
2020-04-05 03:00:00,260.6696503169119
2020-04-05 04:00:00,259.24576244427203
2020-04-05 05:00:00,258.03954148921537
2020-04-05 06:00:00,257.0168102266907
2020-04-05 07:00:00,257.6633979755668
2020-04-05 08:00:00,260.83644614088246
2020-04-05 09:00:00,265.9469710690541
2020-04-05 10:00:00,272.3192319221254
2020-04-05 11:00:00,279.2278471613019
2020-04-05 12:00:00,285.94575685023864
2020-04-05 13:00:00,291.79693653393537
2020-04-05 14:00:00,296.20651781359174
2020-04-05 15:00:00,298.74095955914424
2020-04-05 16:00:00,299.1328478382925
2020-04-05 17:00:00,297.28848745442235
2020-04-05 18:00:00,293.2803276170133
2020-04-05 19:00:00,287.328813967418
2020-04-05 20:00:00,281.6000378925723
2020-04-05 21:00:00,276.83516105560653
2020-04-05 22:00:00,272.8551814768512
2020-04-05 23:00:00,269.5194956965905
2020-04-06 00:00:00,266.71610151279486
2020-04-06 01:00:00,264.33730838732004
2020-04-06 02:00:00,262.3273502233917
2020-04-06 03:00:00,260.6264275324183
2020-04-06 04:00:00,259.1851856304717
2020-04-06 05:00:00,257.9626761290708
2020-04-06 06:00:00,256.9247763702835
2020-04-06 07:00:00,257.6324260935965
2020-04-06 08:00:00,260.85622853823065
2020-04-06 09:00:00,266.0115308897651
2020-04-06 10:00:00,272.4255870918492
2020-04-06 11:00:00,279.3748310887718
2020-04-06 12:00:00,286.13299229287105
2020-04-06 13:00:00,292.02400117237676
2020-04-06 14:00:00,296.4723474718164
2020-04-06 15:00:00,299.04351083010374
2020-04-06 16:00:00,299.4689984428916
2020-04-06 17:00:00,297.6541113887241
2020-04-06 18:00:00,293.67046338817204
2020-04-06 19:00:00,287.73785528258185
2020-04-06 20:00:00,281.9444669282829
2020-04-06 21:00:00,277.1211380959508
2020-04-06 22:00:00,273.08817072945527
2020-04-06 23:00:00,269.7044228712909
2020-04-07 00:00:00,266.8574503403861
2020-04-07 01:00:00,263.9989713340199
2020-04-07 02:00:00,261.50249488032415
2020-04-07 03:00:00,259.31822934526826
2020-04-07 04:00:00,257.4041680072592
2020-04-07 05:00:00,255.7246511507888
2020-04-07 06:00:00,254.24924474803097
2020-04-07 07:00:00,254.6160467225165
2020-04-07 08:00:00,257.55924705305745
2020-04-07 09:00:00,262.56329058832193
2020-04-07 10:00:00,268.9994853372438
2020-04-07 11:00:00,276.16210953322746
2020-04-07 12:00:00,283.31669960207677
2020-04-07 13:00:00,289.75540734915774
2020-04-07 14:00:00,294.85246919921457
2020-04-07 15:00:00,298.1119351761978
2020-04-07 16:00:00,299.2008663123067
2020-04-07 17:00:00,297.9644124578767
2020-04-07 18:00:00,294.4234499022026
2020-04-07 19:00:00,288.7589624993526
2020-04-07 20:00:00,282.95546026265896
2020-04-07 21:00:00,277.96323837862064
2020-04-07 22:00:00,273.65058822887045
2020-04-07 23:00:00,269.91185813073264
2020-04-08 00:00:00,266.66111773680285
2020-04-08 01:00:00,264.0978371297666
2020-04-08 02:00:00,261.90148556851625
2020-04-08 03:00:00,260.01644900717247
2020-04-08 04:00:00,258.39636580249845
2020-04-08 05:00:00,257.0023691579699
2020-04-08 06:00:00,255.8017201253463
2020-04-08 07:00:00,256.50523398622744
2020-04-08 08:00:00,259.73026115430343
2020-04-08 09:00:00,264.92306174376074
2020-04-08 10:00:00,271.4304255266857
2020-04-08 11:00:00,278.53696593394193
2020-04-08 12:00:00,285.5137421474478
2020-04-08 13:00:00,291.67254168318163
2020-04-08 14:00:00,296.41859573644484
2020-04-08 15:00:00,299.2940974753896
2020-04-08 16:00:00,300.00649299282173
2020-04-08 17:00:00,298.4390067847341
2020-04-08 18:00:00,294.644966204858
2020-04-08 19:00:00,288.83045406672295
2020-04-08 20:00:00,282.92039982008953
2020-04-08 21:00:00,277.9343250371448
2020-04-08 22:00:00,273.70932821908576
2020-04-08 23:00:00,270.11649079714726
2020-04-09 00:00:00,267.0523067938016
2020-04-09 01:00:00,264.7012307818926
2020-04-09 02:00:00,262.72699549607205
2020-04-09 03:00:00,261.06666458060175
2020-04-09 04:00:00,259.66856274166526
2020-04-09 05:00:00,258.49003981126936
2020-04-09 06:00:00,257.49574275362187
2020-04-09 07:00:00,258.46865376728664
2020-04-09 08:00:00,261.9064029676325
2020-04-09 09:00:00,267.21843868847486
2020-04-09 10:00:00,273.7300606618158
2020-04-09 11:00:00,280.72013082817875
2020-04-09 12:00:00,287.4692165890251
2020-04-09 13:00:00,293.31199655622675
2020-04-09 14:00:00,297.6865653861131
2020-04-09 15:00:00,300.17338998348674
2020-04-09 16:00:00,300.51873837148844
2020-04-09 17:00:00,298.6410433331459
2020-04-09 18:00:00,294.6224735931436
2020-04-09 19:00:00,288.690377765922
2020-04-09 20:00:00,282.70668230791455
2020-04-09 21:00:00,277.7585101015206
2020-04-09 22:00:00,273.6483128599818
2020-04-09 23:00:00,270.22199721140606
2020-04-10 00:00:00,267.3575766304765
2020-04-10 01:00:00,264.30627926371244
2020-04-10 02:00:00,261.6169804795498
2020-04-10 03:00:00,259.242164923618
2020-04-10 04:00:00,257.1415707556989
2020-04-10 05:00:00,255.28085753044283
2020-04-10 06:00:00,253.63056760921688
2020-04-10 07:00:00,254.0511391284299
2020-04-10 08:00:00,257.038752064789
2020-04-10 09:00:00,262.1013672476911
2020-04-10 10:00:00,268.6269862089206
2020-04-10 11:00:00,275.9192999100741
2020-04-10 12:00:00,283.2458167850265
2020-04-10 13:00:00,289.89366563115146
2020-04-10 14:00:00,295.22627456559655
2020-04-10 15:00:00,298.7329934288621
2020-04-10 16:00:00,300.0645275703333
2020-04-10 17:00:00,299.0501065612569
2020-04-10 18:00:00,295.69664464533537
2020-04-10 19:00:00,290.1739048957025
2020-04-10 20:00:00,284.22818946893807
2020-04-10 21:00:00,279.07016451543456
2020-04-10 22:00:00,274.5758567262002
2020-04-10 23:00:00,270.645539026223
2020-04-11 00:00:00,267.19785621080274
2020-04-11 01:00:00,264.0986628921812
2020-04-11 02:00:00,261.3536732177446
2020-04-11 03:00:00,258.9176656846791
2020-04-11 04:00:00,256.75220903320474
2020-04-11 05:00:00,254.8244258631767
2020-04-11 06:00:00,253.10602695828226
2020-04-11 07:00:00,253.5313553515893
2020-04-11 08:00:00,256.52275304462347
2020-04-11 09:00:00,261.6000799380573
2020-04-11 10:00:00,268.15986147236083
2020-04-11 11:00:00,275.51059762507344
2020-04-11 12:00:00,282.92070978804344
2020-04-11 13:00:00,289.6744875489414
2020-04-11 14:00:00,295.1293369438911
2020-04-11 15:00:00,298.76637535020086
2020-04-11 16:00:00,300.22707172672375
2020-04-11 17:00:00,299.3315894667729
2020-04-11 18:00:00,296.0788396914526
2020-04-11 19:00:00,290.63213568382537
2020-04-11 20:00:00,284.65703276312934
2020-04-11 21:00:00,279.45003953804303
2020-04-11 22:00:00,274.89240909241806
2020-04-11 23:00:00,270.8884270956766
2020-04-12 00:00:00,267.3598591369593
2020-04-12 01:00:00,264.1043016080992
2020-04-12 02:00:00,261.1923212502271
2020-04-12 03:00:00,258.58235185542907
2020-04-12 04:00:00,256.238906321386
2020-04-12 05:00:00,254.13148055935574
2020-04-12 06:00:00,252.23369569348517
2020-04-12 07:00:00,252.55391249686198
2020-04-12 08:00:00,255.45199156783693
2020-04-12 09:00:00,260.47096768085805
2020-04-12 10:00:00,267.0242273771762
2020-04-12 11:00:00,274.42981673925846
2020-04-12 12:00:00,281.95773931038144
2020-04-12 13:00:00,288.8859474223522
2020-04-12 14:00:00,294.5585663397353
2020-04-12 15:00:00,298.4383976388065
2020-04-12 16:00:00,300.1460843953211
2020-04-12 17:00:00,299.481036910243
2020-04-12 18:00:00,296.4235577711915
2020-04-12 19:00:00,291.1217311119498
2020-04-12 20:00:00,285.1540735490994
2020-04-12 21:00:00,279.9030966270172
2020-04-12 22:00:00,275.26242295763427
2020-04-12 23:00:00,271.1458751397381
2020-04-13 00:00:00,267.48268195340904
2020-04-13 01:00:00,264.5236191062366
2020-04-13 02:00:00,261.93635698567675
2020-04-13 03:00:00,259.66992581935915
2020-04-13 04:00:00,257.6813442550432
2020-04-13 05:00:00,255.93413329066746
2020-04-13 06:00:00,254.3971603108944
2020-04-13 07:00:00,255.1469980063267
2020-04-13 08:00:00,258.41412983467626
2020-04-13 09:00:00,263.69313560181286
2020-04-13 10:00:00,270.3635283443547
2020-04-13 11:00:00,277.72639408972947
2020-04-13 12:00:00,285.0530883079342
2020-04-13 13:00:00,291.6409429503404
2020-04-13 14:00:00,296.86901553751267
2020-04-13 15:00:00,300.24597514192055
2020-04-13 16:00:00,301.44328822050664
2020-04-13 17:00:00,300.3101190542918
2020-04-13 18:00:00,296.87068572708364
2020-04-13 19:00:00,291.3083500250138
2020-04-13 20:00:00,285.15211665778907
2020-04-13 21:00:00,279.8584344284588
2020-04-13 22:00:00,275.28554873746236
2020-04-13 23:00:00,271.3203324168629
2020-04-14 00:00:00,267.87116013046506
2020-04-14 01:00:00,264.7239344699874
2020-04-14 02:00:00,261.94380047894487
2020-04-14 03:00:00,259.48304849782056
2020-04-14 04:00:00,257.3012396609485
2020-04-14 05:00:00,255.3638652482143
2020-04-14 06:00:00,253.64130304134963
2020-04-14 07:00:00,254.28270975833482
2020-04-14 08:00:00,257.45786632765476
2020-04-14 09:00:00,262.6842941594637
2020-04-14 10:00:00,269.3574500679112
2020-04-14 11:00:00,276.7865088543811
2020-04-14 12:00:00,284.2426249965708
2020-04-14 13:00:00,291.01496126433494
2020-04-14 14:00:00,296.4677111067375
2020-04-14 15:00:00,300.0901397065995
2020-04-14 16:00:00,301.5324207845207
2020-04-14 17:00:00,300.62309701819436
2020-04-14 18:00:00,297.36836843250467
2020-04-14 19:00:00,291.93723555698125
2020-04-14 20:00:00,285.77346509332074
2020-04-14 21:00:00,280.41940254730787
2020-04-14 22:00:00,275.74732382334724
2020-04-14 23:00:00,271.6547441195731
2020-04-15 00:00:00,268.0582255207267
2020-04-15 01:00:00,265.56017136569983
2020-04-15 02:00:00,263.4664682819961
2020-04-15 03:00:00,261.7087930178119
2020-04-15 04:00:00,260.23122448412147
2020-04-15 05:00:00,258.9877376010574
2020-04-15 06:00:00,257.9402779521809
2020-04-15 07:00:00,259.30287084183027
2020-04-15 08:00:00,263.0527213811756
2020-04-15 09:00:00,268.6080427875167
2020-04-15 10:00:00,275.30251790671593
2020-04-15 11:00:00,282.42375601418206
2020-04-15 12:00:00,289.2618065236364
2020-04-15 13:00:00,295.16158571236963
2020-04-15 14:00:00,299.57186779325195
2020-04-15 15:00:00,302.0836577904001
2020-04-15 16:00:00,302.4529051515328
2020-04-15 17:00:00,300.60619642992674
2020-04-15 18:00:00,296.63184642271267
2020-04-15 19:00:00,290.76111621944295
2020-04-15 20:00:00,284.40530177364866
2020-04-15 21:00:00,279.1642414708017
2020-04-15 22:00:00,274.82155416662783
2020-04-15 23:00:00,271.209491616445
2020-04-16 00:00:00,268.1959304257121
2020-04-16 01:00:00,265.61580478886106
2020-04-16 02:00:00,263.44306547172727
2020-04-16 03:00:00,261.6103018953824
2020-04-16 04:00:00,260.0621587211487
2020-04-16 05:00:00,258.7529183845339
2020-04-16 06:00:00,257.6446429304936
2020-04-16 07:00:00,259.0216555156158
2020-04-16 08:00:00,262.7866172717132
2020-04-16 09:00:00,268.3678236963352
2020-04-16 10:00:00,275.1051447007924
2020-04-16 11:00:00,282.288576259265
2020-04-16 12:00:00,289.2070188142266
2020-04-16 13:00:00,295.2012528899941
2020-04-16 14:00:00,299.7137768399139
2020-04-16 15:00:00,302.3282188673491
2020-04-16 16:00:00,302.7930867785258
2020-04-16 17:00:00,301.02828930954183
2020-04-16 18:00:00,297.11672687701815
2020-04-16 19:00:00,291.2856866330327
2020-04-16 20:00:00,284.8699906680106
2020-04-16 21:00:00,279.55591775474426
2020-04-16 22:00:00,275.13284562027354
2020-04-16 23:00:00,271.4371055277282
2020-04-17 00:00:00,268.3394644089335
2020-04-17 01:00:00,265.4305590457394
2020-04-17 02:00:00,262.9202013676895
2020-04-17 03:00:00,260.7497258833372
2020-04-17 04:00:00,258.87014030537387
2020-04-17 05:00:00,257.24026701389056
2020-04-17 06:00:00,255.82530711729365
2020-04-17 07:00:00,256.9813735145823
2020-04-17 08:00:00,260.58164928726274
2020-04-17 09:00:00,266.1004284101889
2020-04-17 10:00:00,272.90535656358736
2020-04-17 11:00:00,280.2952674516643
2020-04-17 12:00:00,287.5493719677849
2020-04-17 13:00:00,293.9823920213054
2020-04-17 14:00:00,298.9984734804465
2020-04-17 15:00:00,302.1361161975717
2020-04-17 16:00:00,303.09782546189393
2020-04-17 17:00:00,301.7616740688888
2020-04-17 18:00:00,298.17619260982275
2020-04-17 19:00:00,292.54315784471606
2020-04-17 20:00:00,286.10730756019035
2020-04-17 21:00:00,280.6478748184487
2020-04-17 22:00:00,275.99417047498594
2020-04-17 23:00:00,272.0115618363589
2020-04-18 00:00:00,268.59216539565415
2020-04-18 01:00:00,265.54682046743307
2020-04-18 02:00:00,262.89758648306565
2020-04-18 03:00:00,260.5884339675663
2020-04-18 04:00:00,258.57235459068926
2020-04-18 05:00:00,256.8096440333948
2020-04-18 06:00:00,255.26657432113782
2020-04-18 07:00:00,256.36912582778143
2020-04-18 08:00:00,259.9280456382976
2020-04-18 09:00:00,265.434554527876
2020-04-18 10:00:00,272.2674851193714
2020-04-18 11:00:00,279.7306664606267
2020-04-18 12:00:00,287.10201273737044
2020-04-18 13:00:00,293.6891439796517
2020-04-18 14:00:00,298.88447610335214
2020-04-18 15:00:00,302.2119066618632
2020-04-18 16:00:00,303.3584675411349
2020-04-18 17:00:00,302.18769516940125
2020-04-18 18:00:00,298.73578433103637
2020-04-18 19:00:00,293.19497943200594
2020-04-18 20:00:00,286.7304609687384
2020-04-18 21:00:00,281.20406167426864
2020-04-18 22:00:00,276.45653347055173
2020-04-18 23:00:00,272.36175002209046
2020-04-19 00:00:00,268.81823360655966
2020-04-19 01:00:00,266.0464324434932
2020-04-19 02:00:00,263.6950239349177
2020-04-19 03:00:00,261.696635442091
2020-04-19 04:00:00,259.99570712112364
2020-04-19 05:00:00,258.5461368024753
2020-04-19 06:00:00,257.3094721581939
2020-04-19 07:00:00,258.77675668974007
2020-04-19 08:00:00,262.6190968331586
2020-04-19 09:00:00,268.2830965842073
2020-04-19 10:00:00,275.1207075853187
2020-04-19 11:00:00,282.42793044201596
2020-04-19 12:00:00,289.4939730428578
2020-04-19 13:00:00,295.6550339047226
2020-04-19 14:00:00,300.34541176946834
2020-04-19 15:00:00,303.13850091442185
2020-04-19 16:00:00,303.77213690311333
2020-04-19 17:00:00,302.1564068876435
2020-04-19 18:00:00,298.3660268759097
2020-04-19 19:00:00,292.62202475366985
2020-04-19 20:00:00,286.03616468733895
2020-04-19 21:00:00,280.5438615273525
2020-04-19 22:00:00,275.9405032823071
2020-04-19 23:00:00,272.06669748672067
2020-04-20 00:00:00,268.7962209335644
2020-04-20 01:00:00,265.89315130631456
2020-04-20 02:00:00,263.40271422409745
2020-04-20 03:00:00,261.2622360636057
2020-04-20 04:00:00,259.4196269108408
2020-04-20 05:00:00,257.8313134369903
2020-04-20 06:00:00,256.46064751820916
2020-04-20 07:00:00,257.86774514297775
2020-04-20 08:00:00,261.66960059937696
2020-04-20 09:00:00,267.3342696901009
2020-04-20 10:00:00,274.2268888177243
2020-04-20 11:00:00,281.6480738637392
2020-04-20 12:00:00,288.88327659286625
2020-04-20 13:00:00,295.25755061174027
2020-04-20 14:00:00,300.188503160974
2020-04-20 15:00:00,303.22977389901496
2020-04-20 16:00:00,304.09902420565106
2020-04-20 17:00:00,302.6879907078433
2020-04-20 18:00:00,299.0563144998159
2020-04-20 19:00:00,293.4138189208469
2020-04-20 20:00:00,286.7930989079591
2020-04-20 21:00:00,281.2126153474748
2020-04-20 22:00:00,276.4851666270927
2020-04-20 23:00:00,272.464013906679
2020-04-21 00:00:00,269.03223263651665
2020-04-21 01:00:00,266.19412428853377
2020-04-21 02:00:00,263.7799377754145
2020-04-21 03:00:00,261.7225460265898
2020-04-21 04:00:00,259.96650636309704
2020-04-21 05:00:00,258.4657359914321
2020-04-21 06:00:00,257.232883584836
2020-04-21 07:00:00,258.78422520262905
2020-04-21 08:00:00,262.69577981077265
2020-04-21 09:00:00,268.4222674997762
2020-04-21 10:00:00,275.3214448146905
2020-04-21 11:00:00,282.6929008643837
2020-04-21 12:00:00,289.8273591648065
2020-04-21 13:00:00,296.06073285129537
2020-04-21 14:00:00,300.8256537086585
2020-04-21 15:00:00,303.69298711692267
2020-04-21 16:00:00,304.39770010676773
2020-04-21 17:00:00,302.84709175099533
2020-04-21 18:00:00,299.1134249624304
2020-04-21 19:00:00,293.41570190932447
2020-04-21 20:00:00,286.7210573756483
2020-04-21 21:00:00,281.12541986598774
2020-04-21 22:00:00,276.4243829254752
2020-04-21 23:00:00,272.45869651402893
2020-04-22 00:00:00,269.1021998264378
2020-04-22 01:00:00,266.1280481280836
2020-04-22 02:00:00,263.57127895149694
2020-04-22 03:00:00,261.3690748663602
2020-04-22 04:00:00,259.469181664577
2020-04-22 05:00:00,257.82784409075214
2020-04-22 06:00:00,256.5291265999244
2020-04-22 07:00:00,258.00855432952835
2020-04-22 08:00:00,261.8692490767431
2020-04-22 09:00:00,267.5859043245173
2020-04-22 10:00:00,274.52861802020914
2020-04-22 11:00:00,282.001309396036
2020-04-22 12:00:00,289.291132633128
2020-04-22 13:00:00,295.72340407958166
2020-04-22 14:00:00,300.7148392055766
2020-04-22 15:00:00,303.8174086045665
2020-04-22 16:00:00,304.7467227660383
2020-04-22 17:00:00,303.39241500224665
2020-04-22 18:00:00,299.81217826995004
2020-04-22 19:00:00,294.21412476100966
2020-04-22 20:00:00,287.4875491272869
2020-04-22 21:00:00,281.8082246449563
2020-04-22 22:00:00,276.98839875561345
2020-04-22 23:00:00,272.8809522415138
2020-04-23 00:00:00,269.3686664357225
2020-04-23 01:00:00,266.2850439944149
2020-04-23 02:00:00,263.618318144822
2020-04-23 03:00:00,261.3075188407598
2020-04-23 04:00:00,259.3017546294876
2020-04-23 05:00:00,257.55825556611717
2020-04-23 06:00:00,256.23087928811634
2020-04-23 07:00:00,257.6749383566609
2020-04-23 08:00:00,261.5095544481355
2020-04-23 09:00:00,267.22156808098015
2020-04-23 10:00:00,274.18900095729265
2020-04-23 11:00:00,281.71916230504536
2020-04-23 12:00:00,289.09802589035246
2020-04-23 13:00:00,295.6455595861166
2020-04-23 14:00:00,300.76986457809295
2020-04-23 15:00:00,304.01233482262177
2020-04-23 16:00:00,305.0774918493707
2020-04-23 17:00:00,303.8446460187249
2020-04-23 18:00:00,300.3627984499317
2020-04-23 19:00:00,294.8333874917456
2020-04-23 20:00:00,288.0710969307904
2020-04-23 21:00:00,282.3289116619368
2020-04-23 22:00:00,277.4276666318096
2020-04-23 23:00:00,273.2265720053336
2020-04-24 00:00:00,269.61313228199776
2020-04-24 01:00:00,266.46958818191774
2020-04-24 02:00:00,263.74520030725193
2020-04-24 03:00:00,261.3792694888123
2020-04-24 04:00:00,259.32108339901964
2020-04-24 05:00:00,257.52797764609113
2020-04-24 06:00:00,256.2222871914952
2020-04-24 07:00:00,257.6792153847191
2020-04-24 08:00:00,261.524560485972
2020-04-24 09:00:00,267.25041130564443
2020-04-24 10:00:00,274.23850672133375
2020-04-24 11:00:00,281.79823681159166
2020-04-24 12:00:00,289.2159974347044
2020-04-24 13:00:00,295.81064414872054
2020-04-24 14:00:00,300.98792789219743
2020-04-24 15:00:00,304.2860917499129
2020-04-24 16:00:00,305.4061976015313
2020-04-24 17:00:00,304.22422423796485
2020-04-24 18:00:00,300.7862670828374
2020-04-24 19:00:00,295.2914200682442
2020-04-24 20:00:00,288.48327888356255
2020-04-24 21:00:00,282.6907543720794
2020-04-24 22:00:00,277.7365689478763
2020-04-24 23:00:00,273.48134765792406
2020-04-25 00:00:00,269.8136609310595
2020-04-25 01:00:00,266.36779059721783
2020-04-25 02:00:00,263.3095295860035
2020-04-25 03:00:00,260.5892984772929
2020-04-25 04:00:00,258.1651183037181
2020-04-25 05:00:00,256.0011819832199
2020-04-25 06:00:00,254.39292637020597
2020-04-25 07:00:00,255.54711142632252
2020-04-25 08:00:00,259.150058548156
2020-04-25 09:00:00,264.74129431435256
2020-04-25 10:00:00,271.73451493552045
2020-04-25 11:00:00,279.4534784470066
2020-04-25 12:00:00,287.1803537421766
2020-04-25 13:00:00,294.2120084559224
2020-04-25 14:00:00,299.9175238101484
2020-04-25 15:00:00,303.788889646161
2020-04-25 16:00:00,305.47749178037463
2020-04-25 17:00:00,304.8120435638625
2020-04-25 18:00:00,301.7980683127998
2020-04-25 19:00:00,296.6029853364784
2020-04-25 20:00:00,289.8793917880678
2020-04-25 21:00:00,284.0249807835259
2020-04-25 22:00:00,278.9011472987804
2020-04-25 23:00:00,274.39748252433986
2020-04-26 00:00:00,270.42462738995124
2020-04-26 01:00:00,267.10120403008585
2020-04-26 02:00:00,264.20370184044464
2020-04-26 03:00:00,261.6720873528043
2020-04-26 04:00:00,259.45609304043495
2020-04-26 05:00:00,257.513318717484
2020-04-26 06:00:00,256.200968786649
2020-04-26 07:00:00,257.6377069121865
2020-04-26 08:00:00,261.46660486411344
2020-04-26 09:00:00,267.1933680481596
2020-04-26 10:00:00,274.20923023435347
2020-04-26 11:00:00,281.8285314774434
2020-04-26 12:00:00,289.3379159708154
2020-04-26 13:00:00,296.0520764303936
2020-04-26 14:00:00,301.36900745888954
2020-04-26 15:00:00,304.8168656576502
2020-04-26 16:00:00,306.08575669989284
2020-04-26 17:00:00,305.04116183208913
2020-04-26 18:00:00,301.7200686775921
2020-04-26 19:00:00,296.3142977563647
2020-04-26 20:00:00,289.4254969574457
2020-04-26 21:00:00,283.53051879783504
2020-04-26 22:00:00,278.4592073494858
2020-04-26 23:00:00,274.0775176258529
2020-04-27 00:00:00,270.27805547999975
2020-04-27 01:00:00,267.2669249333613
2020-04-27 02:00:00,264.7111455387181
2020-04-27 03:00:00,262.5375515609093
2020-04-27 04:00:00,260.68594026198514
2020-04-27 05:00:00,259.10643913776636
2020-04-27 06:00:00,258.2169706235824
2020-04-27 07:00:00,260.0431886906339
2020-04-27 08:00:00,264.1664308068409
2020-04-27 09:00:00,270.0470144436542
2020-04-27 10:00:00,277.04926359369216
2020-04-27 11:00:00,284.4806669860394
2020-04-27 12:00:00,291.64123463754225
2020-04-27 13:00:00,297.8772888666108
2020-04-27 14:00:00,302.6324228409765
2020-04-27 15:00:00,305.4882233621701
2020-04-27 16:00:00,306.18928671005955
2020-04-27 17:00:00,304.6507243646822
2020-04-27 18:00:00,300.95033363031484
2020-04-27 19:00:00,295.3102094849251
2020-04-27 20:00:00,288.2845507610405
2020-04-27 21:00:00,282.42902079128515
2020-04-27 22:00:00,277.5221293620566
2020-04-27 23:00:00,273.39232066470043
2020-04-28 00:00:00,269.9043432574137
2020-04-28 01:00:00,266.98768732157936
2020-04-28 02:00:00,264.51990128632207
2020-04-28 03:00:00,262.4278912961412
2020-04-28 04:00:00,260.65160936322735
2020-04-28 05:00:00,259.1414011357741
2020-04-28 06:00:00,258.3809678545525
2020-04-28 07:00:00,260.3160988425709
2020-04-28 08:00:00,264.5230237408308
2020-04-28 09:00:00,270.45880136515143
2020-04-28 10:00:00,277.48670801535786
2020-04-28 11:00:00,284.91560451450334
2020-04-28 12:00:00,292.049265901423
2020-04-28 13:00:00,298.23984775042186
2020-04-28 14:00:00,302.9382210788469
2020-04-28 15:00:00,305.73386316486005
2020-04-28 16:00:00,306.379003521977
2020-04-28 17:00:00,304.79540901873804
2020-04-28 18:00:00,301.06610639610267
2020-04-28 19:00:00,295.41683211984076
2020-04-28 20:00:00,288.3374323988716
2020-04-28 21:00:00,282.45787814212804
2020-04-28 22:00:00,277.5479281267517
2020-04-28 23:00:00,273.42975363717017
2020-04-29 00:00:00,269.96352834483866
2020-04-29 01:00:00,266.65963431010306
2020-04-29 02:00:00,263.76811888576253
2020-04-29 03:00:00,261.2321137393243
2020-04-29 04:00:00,259.0038523812509
2020-04-29 05:00:00,257.0429215562686
2020-04-29 06:00:00,255.9046295436705
2020-04-29 07:00:00,257.4797801420807
2020-04-29 08:00:00,261.42462150840777
2020-04-29 09:00:00,267.25552957608215
2020-04-29 10:00:00,274.37192228688616
2020-04-29 11:00:00,282.09375860139727
2020-04-29 12:00:00,289.7107204278098
2020-04-29 13:00:00,296.538122646892
2020-04-29 14:00:00,301.972567229762
2020-04-29 15:00:00,305.5394042460355
2020-04-29 16:00:00,306.92520044947565
2020-04-29 17:00:00,305.9917709817102
2020-04-29 18:00:00,302.77271688986616
2020-04-29 19:00:00,297.4569259555681
2020-04-29 20:00:00,290.444239475229
2020-04-29 21:00:00,284.4272732812917
2020-04-29 22:00:00,279.2365895569097
2020-04-29 23:00:00,274.73876019015023
2020-04-30 00:00:00,270.8268974219529
2020-04-30 01:00:00,267.57131525103375
2020-04-30 02:00:00,264.7658835660746
2020-04-30 03:00:00,262.3432017016406
2020-04-30 04:00:00,260.2472888809694
2020-04-30 05:00:00,258.4313098443383
2020-04-30 06:00:00,257.50947573336185
2020-04-30 07:00:00,259.2845556944206
2020-04-30 08:00:00,263.37746213604163
2020-04-30 09:00:00,269.2781017347059
2020-04-30 10:00:00,276.3696565798652
2020-04-30 11:00:00,283.96716612292255
2020-04-30 12:00:00,291.3670063203988
2020-04-30 13:00:00,297.90188516937366
2020-04-30 14:00:00,302.9941888986402
2020-04-30 15:00:00,306.19997894464575
2020-04-30 16:00:00,307.2375156599853
2020-04-30 17:00:00,305.99774546131096
2020-04-30 18:00:00,302.53839584824834
2020-04-30 19:00:00,297.06636431286597
2020-04-30 20:00:00,289.928462930745
2020-04-30 21:00:00,283.8938646642622
2020-04-30 22:00:00,278.76367829152474
2020-04-30 23:00:00,274.3827781294208
2020-05-01 00:00:00,270.62799852281347
2020-05-01 01:00:00,267.2679156900195
2020-05-01 02:00:00,264.33601488579933
2020-05-01 03:00:00,261.77214883737935
2020-05-01 04:00:00,259.5259481351329
2020-05-01 05:00:00,257.55491771092244
2020-05-01 06:00:00,256.5397087189487
2020-05-01 07:00:00,258.2186243081699
2020-05-01 08:00:00,262.2432749893486
2020-05-01 09:00:00,268.1269354559845
2020-05-01 10:00:00,275.2678370614023
2020-05-01 11:00:00,282.98693804597696
2020-05-01 12:00:00,290.57719081791146
2020-05-01 13:00:00,297.3592718255417
2020-05-01 14:00:00,302.73674945965263
2020-05-01 15:00:00,306.24279589694015
2020-05-01 16:00:00,307.5717834406895
2020-05-01 17:00:00,306.5925140651643
2020-05-01 18:00:00,303.3441882226078
2020-05-01 19:00:00,298.0196347309785
2020-05-01 20:00:00,290.94147048004373
2020-05-01 21:00:00,284.83739220134146
2020-05-01 22:00:00,279.58709559946794
2020-05-01 23:00:00,275.0506493021387
2020-05-02 00:00:00,271.11628162723787
2020-05-02 01:00:00,267.9983205179017
2020-05-02 02:00:00,265.35885577696234
2020-05-02 03:00:00,263.11983019837896
2020-05-02 04:00:00,261.2172336410114
2020-05-02 05:00:00,259.5982044493332
2020-05-02 06:00:00,258.9978083814856
2020-05-02 07:00:00,261.05399930635525
2020-05-02 08:00:00,265.3508624907165
2020-05-02 09:00:00,271.3523795620991
2020-05-02 10:00:00,278.42804762256947
2020-05-02 11:00:00,285.8923233346691
2020-05-02 12:00:00,293.05394819426783
2020-05-02 13:00:00,299.2693700974795
2020-05-02 14:00:00,303.99301751843274
2020-05-02 15:00:00,306.8171309437522
2020-05-02 16:00:00,307.49586508441087
2020-05-02 17:00:00,305.95205613585
2020-05-02 18:00:00,302.2689565737733
2020-05-02 19:00:00,296.67172639733326
2020-05-02 20:00:00,289.5037375860665
2020-05-02 21:00:00,283.43623954220993
2020-05-02 22:00:00,278.36707879394186
2020-05-02 23:00:00,274.11274941553427
2020-05-03 00:00:00,270.52923869854055
2020-05-03 01:00:00,267.35819819966866
2020-05-03 02:00:00,264.6360847267796
2020-05-03 03:00:00,262.2944846525198
2020-05-03 04:00:00,260.27668964742463
2020-05-03 05:00:00,258.53535932370806
2020-05-03 06:00:00,257.87108743596104
2020-05-03 07:00:00,259.8609963568392
2020-05-03 08:00:00,264.1218838682091
2020-05-03 09:00:00,270.1414587894516
2020-05-03 10:00:00,277.30329771534446
2020-05-03 11:00:00,284.9258483254174
2020-05-03 12:00:00,292.3119877916352
2020-05-03 13:00:00,298.803671740872
2020-05-03 14:00:00,303.83449034210173
2020-05-03 15:00:00,306.972536205479
2020-05-03 16:00:00,307.9476879179727
2020-05-03 17:00:00,306.6610200624294
2020-05-03 18:00:00,303.1781874420839
2020-05-03 19:00:00,297.71152188165104
2020-05-03 20:00:00,290.5962005941735
2020-05-03 21:00:00,284.4336938673959
2020-05-03 22:00:00,279.21867370109624
2020-05-03 23:00:00,274.785101097122
2020-05-04 00:00:00,271.0017374436162
2020-05-04 01:00:00,267.51294701699146
2020-05-04 02:00:00,264.4459507795027
2020-05-04 03:00:00,261.74365749228167
2020-05-04 04:00:00,259.3580809206835
2020-05-04 05:00:00,257.2485787132626
2020-05-04 06:00:00,256.28133375605734
2020-05-04 07:00:00,257.98451101433164
2020-05-04 08:00:00,262.03101285411753
2020-05-04 09:00:00,267.95126753499113
2020-05-04 10:00:00,275.1559248430442
2020-05-04 11:00:00,282.97304842503223
2020-05-04 12:00:00,290.69710045954537
2020-05-04 13:00:00,297.644916436688
2020-05-04 14:00:00,303.21176252598104
2020-05-04 15:00:00,306.9195035671942
2020-05-04 16:00:00,308.44993375423695
2020-05-04 17:00:00,307.6596173777769
2020-05-04 18:00:00,304.5770076272954
2020-05-04 19:00:00,299.3862361718723
2020-05-04 20:00:00,292.40334594751334
2020-05-04 21:00:00,286.15408256961166
2020-05-04 22:00:00,280.7430234913488
2020-05-04 23:00:00,276.0358313309976
2020-05-05 00:00:00,271.92503234711074
2020-05-05 01:00:00,268.3865137669911
2020-05-05 02:00:00,265.29793806056836
2020-05-05 03:00:00,262.59584534017756
2020-05-05 04:00:00,260.2272082283197
2020-05-05 05:00:00,258.14736785828745
2020-05-05 06:00:00,257.2788620948949
2020-05-05 07:00:00,259.07118922849344
2020-05-05 08:00:00,263.1816724991693
2020-05-05 09:00:00,269.1289772495915
2020-05-05 10:00:00,276.31649792335617
2020-05-05 11:00:00,284.07011559873064
2020-05-05 12:00:00,291.6873959042521
2020-05-05 13:00:00,298.49322072413605
2020-05-05 14:00:00,303.8948438320211
2020-05-05 15:00:00,307.4284875382212
2020-05-05 16:00:00,308.7908343041195
2020-05-05 17:00:00,307.85217690084244
2020-05-05 18:00:00,304.6523444473588
2020-05-05 19:00:00,299.38393012665057
2020-05-05 20:00:00,292.36848759291433
2020-05-05 21:00:00,286.0705520891417
2020-05-05 22:00:00,280.6530006752617
2020-05-05 23:00:00,275.9707353678308
2020-05-06 00:00:00,271.9081678239934
2020-05-06 01:00:00,268.4684136019865
2020-05-06 02:00:00,265.49607013013866
2020-05-06 03:00:00,262.9218026003858
2020-05-06 04:00:00,260.68803404206346
2020-05-06 05:00:00,258.74658159610954
2020-05-06 06:00:00,258.0758985733577
2020-05-06 07:00:00,260.0446545424672
2020-05-06 08:00:00,264.2884864636644
2020-05-06 09:00:00,270.3099126416858
2020-05-06 10:00:00,277.5027756064294
2020-05-06 11:00:00,285.1908046024971
2020-05-06 12:00:00,292.67704977880146
2020-05-06 13:00:00,299.2989093221468
2020-05-06 14:00:00,304.4816307452859
2020-05-06 15:00:00,307.78257571948234
2020-05-06 16:00:00,308.920065874487
2020-05-06 17:00:00,307.78416859009235
2020-05-06 18:00:00,304.43100817546525
2020-05-06 19:00:00,299.06527484007665
2020-05-06 20:00:00,292.01641587236236
2020-05-06 21:00:00,285.6899159431991
2020-05-06 22:00:00,280.3012535662332
2020-05-06 23:00:00,275.6895477832231
2020-05-07 00:00:00,271.72740928144106
2020-05-07 01:00:00,268.2314002691068
2020-05-07 02:00:00,265.1848747562892
2020-05-07 03:00:00,262.52396607748545
2020-05-07 04:00:00,260.19533986734064
2020-05-07 05:00:00,258.15411022252977
2020-05-07 06:00:00,257.43897196701414
2020-05-07 07:00:00,259.35981648979947
2020-05-07 08:00:00,263.5726870221297
2020-05-07 09:00:00,269.59571949820264
2020-05-07 10:00:00,276.8329034693876
2020-05-07 11:00:00,284.61208508486106
2020-05-07 12:00:00,292.2342462802386
2020-05-07 13:00:00,299.02901220115285
2020-05-07 14:00:00,304.4093598986816
2020-05-07 15:00:00,307.917684151813
2020-05-07 16:00:00,309.2566773498708
2020-05-07 17:00:00,308.3019230722958
2020-05-07 18:00:00,305.0974324868908
2020-05-07 19:00:00,299.8386908377611
2020-05-07 20:00:00,292.84884742348197
2020-05-07 21:00:00,286.46759375490507
2020-05-07 22:00:00,280.99008083327834
2020-05-07 23:00:00,276.26570723672984
2020-05-08 00:00:00,272.1747833172328
2020-05-08 01:00:00,268.7164699030212
2020-05-08 02:00:00,265.7343826661372
2020-05-08 03:00:00,263.15706644279123
2020-05-08 04:00:00,260.92529334131166
2020-05-08 05:00:00,258.9895875585339
2020-05-08 06:00:00,258.4417789170081
2020-05-08 07:00:00,260.5109716672419
2020-05-08 08:00:00,264.83079766600065
2020-05-08 09:00:00,270.90286438661263
2020-05-08 10:00:00,278.1215104255841
2020-05-08 11:00:00,285.8125527554077
2020-05-08 12:00:00,293.2827303960655
2020-05-08 13:00:00,299.8745217672796
2020-05-08 14:00:00,305.0192088364203
2020-05-08 15:00:00,308.28053430069
2020-05-08 16:00:00,309.38289056930654
2020-05-08 17:00:00,308.22154379194103
2020-05-08 18:00:00,304.8565833972142
2020-05-08 19:00:00,299.4952939642857
2020-05-08 20:00:00,292.46838251498735
2020-05-08 21:00:00,286.0580688635565
2020-05-08 22:00:00,280.6105229942892
2020-05-08 23:00:00,275.9587231520157
2020-05-09 00:00:00,271.97074420181247
2020-05-09 01:00:00,268.4559995829093
2020-05-09 02:00:00,265.3977444901973
2020-05-09 03:00:00,262.73055224797514
2020-05-09 04:00:00,260.3998602513957
2020-05-09 05:00:00,258.3598086903522
2020-05-09 06:00:00,257.7607423146379
2020-05-09 07:00:00,259.77675981500926
2020-05-09 08:00:00,264.0629252532006
2020-05-09 09:00:00,270.13714417788316
2020-05-09 10:00:00,277.4041948724916
2020-05-09 11:00:00,285.19389606476966
2020-05-09 12:00:00,292.81041392414926
2020-05-09 13:00:00,299.5876264008994
2020-05-09 14:00:00,304.9435070335277
2020-05-09 15:00:00,308.42572184986335
2020-05-09 16:00:00,309.74198710906217
2020-05-09 17:00:00,308.77220237252254
2020-05-09 18:00:00,305.56367789977793
2020-05-09 19:00:00,300.314051894973
2020-05-09 20:00:00,293.34749700502994
2020-05-09 21:00:00,286.8823548428912
2020-05-09 22:00:00,281.34245784544237
2020-05-09 23:00:00,276.57217398809127
2020-05-10 00:00:00,272.4480798783303
2020-05-10 01:00:00,268.92782962654076
2020-05-10 02:00:00,265.8848616492322
2020-05-10 03:00:00,263.248344584685
2020-05-10 04:00:00,260.9595036330435
2020-05-10 05:00:00,258.9691815139517
2020-05-10 06:00:00,258.4798403537018
2020-05-10 07:00:00,260.59116529961534
2020-05-10 08:00:00,264.9448130487687
2020-05-10 09:00:00,271.04892108620976
2020-05-10 10:00:00,278.30276249493136
2020-05-10 11:00:00,286.03537099274126
2020-05-10 12:00:00,293.5549377815812
2020-05-10 13:00:00,300.203729895283
2020-05-10 14:00:00,305.41143282196595
2020-05-10 15:00:00,308.73923303585894
2020-05-10 16:00:00,309.9084915520136
2020-05-10 17:00:00,308.81140071045985
2020-05-10 18:00:00,305.5052300008723
2020-05-10 19:00:00,300.1948348241172
2020-05-10 20:00:00,293.2089001991154
2020-05-10 21:00:00,286.7086811228926
2020-05-10 22:00:00,281.1731689199177
2020-05-10 23:00:00,276.4359575839481
2020-05-11 00:00:00,272.3656058661675
2020-05-11 01:00:00,268.6670453344017
2020-05-11 02:00:00,265.4036155160614
2020-05-11 03:00:00,262.5171752951724
2020-05-11 04:00:00,259.9588779095589
2020-05-11 05:00:00,257.68735246174924
2020-05-11 06:00:00,256.96483773579297
2020-05-11 07:00:00,258.85572671632985
2020-05-11 08:00:00,263.04907619467986
2020-05-11 09:00:00,269.08958285029166
2020-05-11 10:00:00,276.4001313844021
2020-05-11 11:00:00,284.3186928995502
2020-05-11 12:00:00,292.1470479955561
2020-05-11 13:00:00,299.20666974298007
2020-05-11 14:00:00,304.89493576754586
2020-05-11 15:00:00,308.73369054974773
2020-05-11 16:00:00,310.4031165515735
2020-05-11 17:00:00,309.7571173127539
2020-05-11 18:00:00,306.82085075987544
2020-05-11 19:00:00,301.77474833243485
2020-05-11 20:00:00,294.930824569443
2020-05-11 21:00:00,288.3826485407272
2020-05-11 22:00:00,282.6975219654531
2020-05-11 23:00:00,277.737164886912
2020-05-12 00:00:00,273.3912875526373
2020-05-12 01:00:00,269.7223945669825
2020-05-12 02:00:00,266.5454961491261
2020-05-12 03:00:00,263.7879116746157
2020-05-12 04:00:00,261.3893705151551
2020-05-12 05:00:00,259.29947895601083
2020-05-12 06:00:00,258.8259505919788
2020-05-12 07:00:00,260.94266491209936
2020-05-12 08:00:00,265.2974140728596
2020-05-12 09:00:00,271.4035170752127
2020-05-12 10:00:00,278.66429686287955
2020-05-12 11:00:00,286.4115279489837
2020-05-12 12:00:00,293.95472916952184
2020-05-12 13:00:00,300.6361086887906
2020-05-12 14:00:00,305.8840903472394
2020-05-12 15:00:00,309.2577160430591
2020-05-12 16:00:00,310.4757065017374
2020-05-12 17:00:00,309.42748068062224
2020-05-12 18:00:00,306.1676646878192
2020-05-12 19:00:00,300.89873757048747
2020-05-12 20:00:00,293.94731151336794
2020-05-12 21:00:00,287.35773990476497
2020-05-12 22:00:00,281.7360626892518
2020-05-12 23:00:00,276.9160660944366
2020-05-13 00:00:00,272.7664856977257
2020-05-13 01:00:00,269.19953248055066
2020-05-13 02:00:00,266.11574869022564
2020-05-13 03:00:00,263.443387441397
2020-05-13 04:00:00,261.12294353798677
2020-05-13 05:00:00,259.10466763172303
2020-05-13 06:00:00,258.74838050657104
2020-05-13 07:00:00,260.96434155486173
2020-05-13 08:00:00,265.3982587410976
2020-05-13 09:00:00,271.56214025559535
2020-05-13 10:00:00,278.8591085849767
2020-05-13 11:00:00,286.62207226860806
2020-05-13 12:00:00,294.1630873691342
2020-05-13 13:00:00,300.8281761656598
2020-05-13 14:00:00,306.0505224802373
2020-05-13 15:00:00,309.39438360238603
2020-05-13 16:00:00,310.5836025420798
2020-05-13 17:00:00,309.51214464478824
2020-05-13 18:00:00,306.23828308759795
2020-05-13 19:00:00,300.96710692075516
2020-05-13 20:00:00,294.0268095657465
2020-05-13 21:00:00,287.40644971466
2020-05-13 22:00:00,281.7701701472082
2020-05-13 23:00:00,276.94748473358896
2020-05-14 00:00:00,272.8039688882715
2020-05-14 01:00:00,269.2910860131631
2020-05-14 02:00:00,266.27458195276256
2020-05-14 03:00:00,263.6782645798282
2020-05-14 04:00:00,261.43922595535213
2020-05-14 05:00:00,259.5051123085921
2020-05-14 06:00:00,259.2842231840778
2020-05-14 07:00:00,261.61585135452316
2020-05-14 08:00:00,266.13253870516576
2020-05-14 09:00:00,272.33692368295164
2020-05-14 10:00:00,279.62721886266155
2020-05-14 11:00:00,287.3363341345597
2020-05-14 12:00:00,294.78127548024923
2020-05-14 13:00:00,301.3174270301786
2020-05-14 14:00:00,306.3905980255996
2020-05-14 15:00:00,309.5793268557383
2020-05-14 16:00:00,310.6216554987582
2020-05-14 17:00:00,309.4241852046114
2020-05-14 18:00:00,306.05531311321306
2020-05-14 19:00:00,300.7273782987062
2020-05-14 20:00:00,293.7730261049607
2020-05-14 21:00:00,287.1284323446014
2020-05-14 22:00:00,281.50883180189726
2020-05-14 23:00:00,276.73200244035655
2020-05-15 00:00:00,272.6548631221052
2020-05-15 01:00:00,269.0821299411382
2020-05-15 02:00:00,265.9858354781655
2020-05-15 03:00:00,263.29610923527656
2020-05-15 04:00:00,260.9549007443436
2020-05-15 05:00:00,258.91359231649176
2020-05-15 06:00:00,258.63270940960723
2020-05-15 07:00:00,260.9064344999468
2020-05-15 08:00:00,265.3881032458192
2020-05-15 09:00:00,271.5959495760061
2020-05-15 10:00:00,278.93784897634976
2020-05-15 11:00:00,286.74988899032917
2020-05-15 12:00:00,294.3456902777578
2020-05-15 13:00:00,301.07131502047423
2020-05-15 14:00:00,306.3587120814627
2020-05-15 15:00:00,309.77001308278795
2020-05-15 16:00:00,311.0264840805142
2020-05-15 17:00:00,310.0194552708919
2020-05-15 18:00:00,306.8047750004874
2020-05-15 19:00:00,301.58543983800433
2020-05-15 20:00:00,294.6878937365894
2020-05-15 21:00:00,287.9912785009519
2020-05-15 22:00:00,282.2794639142776
2020-05-15 23:00:00,277.3826883562897
2020-05-16 00:00:00,273.1670974556664
2020-05-16 01:00:00,269.48542311941935
2020-05-16 02:00:00,266.2807951203475
2020-05-16 03:00:00,263.48460999575326
2020-05-16 04:00:00,261.0397693872082
2020-05-16 05:00:00,258.8983580467123
2020-05-16 06:00:00,258.5696408690875
2020-05-16 07:00:00,260.7965903022252
2020-05-16 08:00:00,265.2429765367863
2020-05-16 09:00:00,271.43517074035947
2020-05-16 10:00:00,278.78642071653553
2020-05-16 11:00:00,286.6350435320417
2020-05-16 12:00:00,294.29360415885907
2020-05-16 13:00:00,301.10403827708467
2020-05-16 14:00:00,306.49171646745214
2020-05-16 15:00:00,310.0106906615982
2020-05-16 16:00:00,311.3737317155323
2020-05-16 17:00:00,310.4642309563664
2020-05-16 18:00:00,307.3313174827446
2020-05-16 19:00:00,302.17278373341185
2020-05-16 20:00:00,295.3113906797201
2020-05-16 21:00:00,288.5714860791477
2020-05-16 22:00:00,282.7982661403733
2020-05-16 23:00:00,277.8275626432248
2020-05-17 00:00:00,273.5297086888382
2020-05-17 01:00:00,269.6516170651872
2020-05-17 02:00:00,266.2156582609349
2020-05-17 03:00:00,263.1636832337899
2020-05-17 04:00:00,260.44683495665566
2020-05-17 05:00:00,258.0237164259556
2020-05-17 06:00:00,257.45584705476654
2020-05-17 07:00:00,259.4599973464093
2020-05-17 08:00:00,263.74026781504983
2020-05-17 09:00:00,269.85462490500504
2020-05-17 10:00:00,277.23709224792094
2020-05-17 11:00:00,285.2342070807312
2020-05-17 12:00:00,293.1533910105343
2020-05-17 13:00:00,300.318719137245
2020-05-17 14:00:00,306.1273479211367
2020-05-17 15:00:00,310.0986166817685
2020-05-17 16:00:00,311.90866311431313
2020-05-17 17:00:00,311.4065644730103
2020-05-17 18:00:00,308.61246168719043
2020-05-17 19:00:00,303.7019118946101
2020-05-17 20:00:00,296.9823020120147
2020-05-17 21:00:00,290.21756508098036
2020-05-17 22:00:00,284.3248021213648
2020-05-17 23:00:00,279.164971975938
2020-05-18 00:00:00,274.62736657702095
2020-05-18 01:00:00,270.5676022916762
2020-05-18 02:00:00,266.9466675007736
2020-05-18 03:00:00,263.7085015831599
2020-05-18 04:00:00,260.80593672649974
2020-05-18 05:00:00,258.19894092289445
2020-05-18 06:00:00,257.4960711697313
2020-05-18 07:00:00,259.3713980299634
2020-05-18 08:00:00,263.5453151904649
2020-05-18 09:00:00,269.5892320095292
2020-05-18 10:00:00,276.94674051727293
2020-05-18 11:00:00,284.9691659783956
2020-05-18 12:00:00,292.9633792700896
2020-05-18 13:00:00,300.24758203295073
2020-05-18 14:00:00,306.2084690253947
2020-05-18 15:00:00,310.3517418346291
2020-05-18 16:00:00,312.3385418543029
2020-05-18 17:00:00,312.00338536568023
2020-05-18 18:00:00,309.35365404808164
2020-05-18 19:00:00,304.5546839936271
2020-05-18 20:00:00,297.90634237930254
2020-05-18 21:00:00,291.11746683861486
2020-05-18 22:00:00,285.16376409204526
2020-05-18 23:00:00,279.9152243832965
2020-05-19 00:00:00,275.2680574420401
2020-05-19 01:00:00,271.168492317301
2020-05-19 02:00:00,267.5297853424265
2020-05-19 03:00:00,264.29135540629926
2020-05-19 04:00:00,261.4024167184542
2020-05-19 05:00:00,258.82001439872664
2020-05-19 06:00:00,258.1950917301571
2020-05-19 07:00:00,260.13981957570775
2020-05-19 08:00:00,264.3643022312594
2020-05-19 09:00:00,270.43190352338627
2020-05-19 10:00:00,277.78101095877446
2020-05-19 11:00:00,285.76109980990805
2020-05-19 12:00:00,293.6808233003863
2020-05-19 13:00:00,300.8636873951721
2020-05-19 14:00:00,306.7046196594417
2020-05-19 15:00:00,310.7194405314687
2020-05-19 16:00:00,312.5799996054163
2020-05-19 17:00:00,312.1308596212616
2020-05-19 18:00:00,309.3878585471344
2020-05-19 19:00:00,304.52272543528204
2020-05-19 20:00:00,297.8395914898998
2020-05-19 21:00:00,291.0007361579033
2020-05-19 22:00:00,285.0296367991268
2020-05-19 23:00:00,279.78871674594933
2020-05-20 00:00:00,275.1684452236097
2020-05-20 01:00:00,271.1831553708599
2020-05-20 02:00:00,267.698158763819
2020-05-20 03:00:00,264.6425379337551
2020-05-20 04:00:00,261.95732257553533
2020-05-20 05:00:00,259.59303808725537
2020-05-20 06:00:00,259.23899126585115
2020-05-20 07:00:00,261.42792497667375
2020-05-20 08:00:00,265.8375770217667
2020-05-20 09:00:00,272.0060856717001
2020-05-20 10:00:00,279.3556401250144
2020-05-20 11:00:00,287.2301013645552
2020-05-20 12:00:00,294.9438408828282
2020-05-20 13:00:00,301.83690848767475
2020-05-20 14:00:00,307.3296036655041
2020-05-20 15:00:00,310.9686382587271
2020-05-20 16:00:00,312.45830490926414
2020-05-20 17:00:00,311.6734532462916
2020-05-20 18:00:00,308.6553952433415
2020-05-20 19:00:00,303.59523966861747
2020-05-20 20:00:00,296.81028960709807
2020-05-20 21:00:00,289.9226991731155
2020-05-20 22:00:00,283.9942850676981
2020-05-20 23:00:00,278.8643798635314
2020-05-21 00:00:00,274.4060293809955
2020-05-21 01:00:00,270.5294699220152
2020-05-21 02:00:00,267.14334641981554
2020-05-21 03:00:00,264.1779854094971
2020-05-21 04:00:00,261.5754077050256
2020-05-21 05:00:00,259.2869460194472
2020-05-21 06:00:00,259.04494835781463
2020-05-21 07:00:00,261.32971876147485
2020-05-21 08:00:00,265.81750319035365
2020-05-21 09:00:00,272.04546089417585
2020-05-21 10:00:00,279.435626855546
2020-05-21 11:00:00,287.3327508831366
2020-05-21 12:00:00,295.053227499952
2020-05-21 13:00:00,301.940194045018
2020-05-21 14:00:00,307.4178588656471
2020-05-21 15:00:00,311.03727818425574
2020-05-21 16:00:00,312.5070750263059
2020-05-21 17:00:00,311.7060049280692
2020-05-21 18:00:00,308.67857334512075
2020-05-21 19:00:00,303.6182348903683
2020-05-21 20:00:00,296.84378205057925
2020-05-21 21:00:00,289.93172178890796
2020-05-21 22:00:00,283.99219935048524
2020-05-21 23:00:00,278.8611574028122
2020-05-22 00:00:00,274.40911905565275
2020-05-22 01:00:00,270.68755346792204
2020-05-22 02:00:00,267.50431698788054
2020-05-22 03:00:00,264.77471433458595
2020-05-22 04:00:00,262.42920579339966
2020-05-22 05:00:00,260.41020842032384
2020-05-22 06:00:00,260.48435200186697
2020-05-22 07:00:00,263.0430691756424
2020-05-22 08:00:00,267.72026685738547
2020-05-22 09:00:00,274.02205603364126
2020-05-22 10:00:00,281.352778010246
2020-05-22 11:00:00,289.05432116499543
2020-05-22 12:00:00,296.4553060324867
2020-05-22 13:00:00,302.9247075656509
2020-05-22 14:00:00,307.9228371426536
2020-05-22 15:00:00,311.0423418488412
2020-05-22 16:00:00,312.03370071002894
2020-05-22 17:00:00,310.8132986204741
2020-05-22 18:00:00,307.4561357639754
2020-05-22 19:00:00,302.1778923866231
2020-05-22 20:00:00,295.31152006875016
2020-05-22 21:00:00,288.39538172543473
2020-05-22 22:00:00,282.5697599839821
2020-05-22 23:00:00,277.6365081103245
2020-05-23 00:00:00,273.4409576929475
2020-05-23 01:00:00,269.6823041544725
2020-05-23 02:00:00,266.3950412779817
2020-05-23 03:00:00,263.51291177145833
2020-05-23 04:00:00,260.98063954526
2020-05-23 05:00:00,258.7517229024957
2020-05-23 06:00:00,258.6413258493472
2020-05-23 07:00:00,261.0354351124092
2020-05-23 08:00:00,265.6147686655986
2020-05-23 09:00:00,271.9202786728477
2020-05-23 10:00:00,279.37723861600074
2020-05-23 11:00:00,287.3331292913164
2020-05-23 12:00:00,295.10658335157905
2020-05-23 13:00:00,302.04249889722564
2020-05-23 14:00:00,307.56640274345614
2020-05-23 15:00:00,311.23028462628184
2020-05-23 16:00:00,312.7433843353813
2020-05-23 17:00:00,311.98481838485253
2020-05-23 18:00:00,308.99923650285075
2020-05-23 19:00:00,303.9800344039103
2020-05-23 20:00:00,297.24573878782684
2020-05-23 21:00:00,290.28360286282174
2020-05-23 22:00:00,284.29927094195415
2020-05-23 23:00:00,279.12771943602183
2020-05-24 00:00:00,274.63878340118674
2020-05-24 01:00:00,270.5737335408933
2020-05-24 02:00:00,266.94614436024017
2020-05-24 03:00:00,263.7002823332623
2020-05-24 04:00:00,260.78924345298583
2020-05-24 05:00:00,258.1732099994999
2020-05-24 06:00:00,257.7113500521232
2020-05-24 07:00:00,259.78348180249134
2020-05-24 08:00:00,264.11533781671693
2020-05-24 09:00:00,270.2836903227295
2020-05-24 10:00:00,277.7377094785393
2020-05-24 11:00:00,285.8345491385918
2020-05-24 12:00:00,293.8870797575956
2020-05-24 13:00:00,301.2195043345295
2020-05-24 14:00:00,307.2242813946238
2020-05-24 15:00:00,311.4123566232605
2020-05-24 16:00:00,313.4493124631136
2020-05-24 17:00:00,313.17306594396763
2020-05-24 18:00:00,310.59320387773016
2020-05-24 19:00:00,305.87600896685063
2020-05-24 20:00:00,299.3210524501886
2020-05-24 21:00:00,292.3617108978021
2020-05-24 22:00:00,286.26198044818256
2020-05-24 23:00:00,280.88680732314333
2020-05-25 00:00:00,276.128695565363
2020-05-25 01:00:00,271.91537195402896
2020-05-25 02:00:00,268.1682453012596
2020-05-25 03:00:00,264.82638642317914
2020-05-25 04:00:00,261.8387459102429
2020-05-25 05:00:00,259.1621604160437
2020-05-25 06:00:00,258.6904695010761
2020-05-25 07:00:00,260.75190732328804
2020-05-25 08:00:00,265.06550568433266
2020-05-25 09:00:00,271.20297505278694
2020-05-25 10:00:00,278.61032515357135
2020-05-25 11:00:00,286.6436822781218
2020-05-25 12:00:00,294.61712357483907
2020-05-25 13:00:00,301.85816686443013
2020-05-25 14:00:00,307.76428180635975
2020-05-25 15:00:00,311.85244903813344
2020-05-25 16:00:00,313.7945013709126
2020-05-25 17:00:00,313.43406376684493
2020-05-25 18:00:00,310.7853481116434
2020-05-25 19:00:00,306.0179298397596
2020-05-25 20:00:00,299.4333439104777
2020-05-25 21:00:00,292.42470587287056
2020-05-25 22:00:00,286.2972066982506
2020-05-25 23:00:00,280.9108758840661
2020-05-26 00:00:00,276.1545106066972
2020-05-26 01:00:00,272.1953626629781
2020-05-26 02:00:00,268.8233479079073
2020-05-26 03:00:00,265.9436325734002
2020-05-26 04:00:00,263.47882992402754
2020-05-26 05:00:00,261.3652115053416
2020-05-26 06:00:00,261.5166423198575
2020-05-26 07:00:00,264.1289807771551
2020-05-26 08:00:00,268.83149333575227
2020-05-26 09:00:00,275.12815846754575
2020-05-26 10:00:00,282.4239172639317
2020-05-26 11:00:00,290.06403977263693
2020-05-26 12:00:00,297.38309102009435
2020-05-26 13:00:00,303.7580056577488
2020-05-26 14:00:00,308.65821443110883
2020-05-26 15:00:00,311.68560881117884
2020-05-26 16:00:00,312.5990339029255
2020-05-26 17:00:00,311.3216001996971
2020-05-26 18:00:00,307.9329895382489
2020-05-26 19:00:00,302.6514597097321
2020-05-26 20:00:00,295.81060274664964
2020-05-26 21:00:00,288.780894163765
2020-05-26 22:00:00,282.8802564985898
2020-05-26 23:00:00,277.90034322604055
2020-05-27 00:00:00,273.6790944366124
2020-05-27 01:00:00,269.99297343548716
2020-05-27 02:00:00,266.81039150583103
2020-05-27 03:00:00,264.0558102953068
2020-05-27 04:00:00,261.66673853844026
2020-05-27 05:00:00,259.59104648692386
2020-05-27 06:00:00,259.78651548604887
2020-05-27 07:00:00,262.4359529334447
2020-05-27 08:00:00,267.1971092251603
2020-05-27 09:00:00,273.59468968631705
2020-05-27 10:00:00,281.0459321526965
2020-05-27 11:00:00,288.89953007823243
2020-05-27 12:00:00,296.4847841230365
2020-05-27 13:00:00,303.1657776686701
2020-05-27 14:00:00,308.39356694466215
2020-05-27 15:00:00,311.7488882495252
2020-05-27 16:00:00,312.969507494217
2020-05-27 17:00:00,311.95987655455707
2020-05-27 18:00:00,308.7848612720736
2020-05-27 19:00:00,303.65220778775193
2020-05-27 20:00:00,296.8890862213661
2020-05-27 21:00:00,289.8248784271362
2020-05-27 22:00:00,283.8285442557062
2020-05-27 23:00:00,278.71074415580756
2020-05-28 00:00:00,274.32332800887207
2020-05-28 01:00:00,270.6509902099703
2020-05-28 02:00:00,267.52526043405624
2020-05-28 03:00:00,264.8581822238895
2020-05-28 04:00:00,262.57777039669867
2020-05-28 05:00:00,260.6246140332034
2020-05-28 06:00:00,260.98443443916557
2020-05-28 07:00:00,263.7696225824109
2020-05-28 08:00:00,268.61103050111575
2020-05-28 09:00:00,275.01437711939445
2020-05-28 10:00:00,282.3869776116037
2020-05-28 11:00:00,290.07739365413255
2020-05-28 12:00:00,297.4244803861207
2020-05-28 13:00:00,303.810329868655
2020-05-28 14:00:00,308.71007175639335
2020-05-28 15:00:00,311.73138141585156
2020-05-28 16:00:00,312.6384901175823
2020-05-28 17:00:00,311.3590980359626
2020-05-28 18:00:00,307.9764367328465
2020-05-28 19:00:00,302.71119375198896
2020-05-28 20:00:00,295.89830952324866
2020-05-28 21:00:00,288.83346060176336
2020-05-28 22:00:00,282.9150928106494
2020-05-28 23:00:00,277.92995101685824
2020-05-29 00:00:00,273.7124262896583
2020-05-29 01:00:00,270.21655692440623
2020-05-29 02:00:00,267.27185738240104
2020-05-29 03:00:00,264.78555943780776
2020-05-29 04:00:00,262.68221652559413
2020-05-29 05:00:00,260.89997619522666
2020-05-29 06:00:00,261.45510078099954
2020-05-29 07:00:00,264.39993470612836
2020-05-29 08:00:00,269.3475810209867
2020-05-29 09:00:00,275.791947232641
2020-05-29 10:00:00,283.13533089029136
2020-05-29 11:00:00,290.72852234460004
2020-05-29 12:00:00,297.9196234141545
2020-05-29 13:00:00,304.10590450900105
2020-05-29 14:00:00,308.78169409341706
2020-05-29 15:00:00,311.57545812675755
2020-05-29 16:00:00,312.2713786105014
2020-05-29 17:00:00,310.8143526156832
2020-05-29 18:00:00,307.30096120911253
2020-05-29 19:00:00,301.96110231604035
2020-05-29 20:00:00,295.1350282376317
2020-05-29 21:00:00,288.08480152780487
2020-05-29 22:00:00,282.239321662998
2020-05-29 23:00:00,277.3661667929381
2020-05-30 00:00:00,273.2859507343673
2020-05-30 01:00:00,269.733187497796
2020-05-30 02:00:00,266.69400399474085
2020-05-30 03:00:00,264.0879812326935
2020-05-30 04:00:00,261.848949380636
2020-05-30 05:00:00,259.92202215357685
2020-05-30 06:00:00,260.3595482900663
2020-05-30 07:00:00,263.2077606452293
2020-05-30 08:00:00,268.1092592124324
2020-05-30 09:00:00,274.57858499706776
2020-05-30 10:00:00,282.02882106449147
2020-05-30 11:00:00,289.8111506994039
2020-05-30 12:00:00,297.26399896212433
2020-05-30 13:00:00,303.76636067820243
2020-05-30 14:00:00,308.78829256771394
2020-05-30 15:00:00,311.9313245886985
2020-05-30 16:00:00,312.95339944960136
2020-05-30 17:00:00,311.7765399029438
2020-05-30 18:00:00,308.4793635921369
2020-05-30 19:00:00,303.27915318573116
2020-05-30 20:00:00,296.508589417964
2020-05-30 21:00:00,289.3926310965698
2020-05-30 22:00:00,283.4083181698909
2020-05-30 23:00:00,278.34782370647594
2020-05-31 00:00:00,274.04949220980814
2020-05-31 01:00:00,270.4312344259676
2020-05-31 02:00:00,267.3562405056634
2020-05-31 03:00:00,264.7365628240372
2020-05-31 04:00:00,262.50026411390866
2020-05-31 05:00:00,260.5880141373552
2020-05-31 06:00:00,261.0782647402555
2020-05-31 07:00:00,263.9666552732382
2020-05-31 08:00:00,268.88415048637916
2020-05-31 09:00:00,275.3373788563573
2020-05-31 10:00:00,282.7356503829386
2020-05-31 11:00:00,290.43073647248286
2020-05-31 12:00:00,297.76586174053045
2020-05-31 13:00:00,304.12839232660565
2020-05-31 14:00:00,308.9992039320887
2020-05-31 15:00:00,311.9916554337101
2020-05-31 16:00:00,312.87507770119936
2020-05-31 17:00:00,311.5812900773312
2020-05-31 18:00:00,308.1964528677244
2020-05-31 19:00:00,302.9429603628989
2020-05-31 20:00:00,296.1563246102723
2020-05-31 21:00:00,289.02976662789814
2020-05-31 22:00:00,283.0712501558078
2020-05-31 23:00:00,278.06169050349575
2020-06-01 00:00:00,273.8312797031999
2020-06-01 01:00:00,270.2928827952168
2020-06-01 02:00:00,267.30344879421085
2020-06-01 03:00:00,264.77176679595925
2020-06-01 04:00:00,262.6235124901878
2020-06-01 05:00:00,260.7976292028816
2020-06-01 06:00:00,261.3995315601307
2020-06-01 07:00:00,264.37793538435665
2020-06-01 08:00:00,269.35414780107266
2020-06-01 09:00:00,275.82847188107314
2020-06-01 10:00:00,283.207711093217
2020-06-01 11:00:00,290.84520050668414
2020-06-01 12:00:00,298.0896606363057
2020-06-01 13:00:00,304.33726078420415
2020-06-01 14:00:00,309.0798965745761
2020-06-01 15:00:00,311.9427840442674
2020-06-01 16:00:00,312.7065726194873
2020-06-01 17:00:00,311.31278395206965
2020-06-01 18:00:00,307.85505465887366
2020-06-01 19:00:00,302.5608747785601
2020-06-01 20:00:00,295.7686180157438
2020-06-01 21:00:00,288.6412949319701
2020-06-01 22:00:00,282.71656647192725
2020-06-01 23:00:00,277.76417319555463
2020-06-02 00:00:00,273.6062750845011
2020-06-02 01:00:00,270.02616731856006
2020-06-02 02:00:00,266.97165270526074
2020-06-02 03:00:00,264.35930714315964
2020-06-02 04:00:00,262.12065196878234
2020-06-02 05:00:00,260.19901643221243
2020-06-02 06:00:00,260.7299154398637
2020-06-02 07:00:00,263.65003267842746
2020-06-02 08:00:00,268.5994125933754
2020-06-02 09:00:00,275.09151557758906
2020-06-02 10:00:00,282.540085255937
2020-06-02 11:00:00,290.2988231774497
2020-06-02 12:00:00,297.7104377616662
2020-06-02 13:00:00,304.1596320152463
2020-06-02 14:00:00,309.12302405225165
2020-06-02 15:00:00,312.20884718224886
2020-06-02 16:00:00,313.1811880071027
2020-06-02 17:00:00,311.96711234591237
2020-06-02 18:00:00,308.6488851388556
2020-06-02 19:00:00,303.44598499220206
2020-06-02 20:00:00,296.69194182732474
2020-06-02 21:00:00,289.51813109392674
2020-06-02 22:00:00,283.5007496147487
2020-06-02 23:00:00,278.4251425057461
2020-06-03 00:00:00,274.12471755183594
2020-06-03 01:00:00,270.27935637901896
2020-06-03 02:00:00,266.91780164965826
2020-06-03 03:00:00,263.9716836025717
2020-06-03 04:00:00,261.38405127199286
2020-06-03 05:00:00,259.1070570243463
2020-06-03 06:00:00,259.3083925981522
2020-06-03 07:00:00,261.9472450475504
2020-06-03 08:00:00,266.7112017332186
2020-06-03 09:00:00,273.1486522284476
2020-06-03 10:00:00,280.6932065297484
2020-06-03 11:00:00,288.70164288783496
2020-06-03 12:00:00,296.5026730907043
2020-06-03 13:00:00,303.4516533698664
2020-06-03 14:00:00,308.9843615830549
2020-06-03 15:00:00,312.66214952221776
2020-06-03 16:00:00,314.2020817584357
2020-06-03 17:00:00,313.4890766114946
2020-06-03 18:00:00,310.57131437280407
2020-06-03 19:00:00,305.64343373684153
2020-06-03 20:00:00,299.0230657068739
2020-06-03 21:00:00,291.8055700118972
2020-06-03 22:00:00,285.6104946607312
2020-06-03 23:00:00,280.26298743481425
2020-06-04 00:00:00,275.62573633010226
2020-06-04 01:00:00,271.61453594659486
2020-06-04 02:00:00,268.1254922986681
2020-06-04 03:00:00,265.0824522432598
2020-06-04 04:00:00,262.42234836832176
2020-06-04 05:00:00,260.0924757187563
2020-06-04 06:00:00,260.2807076568445
2020-06-04 07:00:00,262.90509609823465
2020-06-04 08:00:00,267.6436232521549
2020-06-04 09:00:00,274.03768044032773
2020-06-04 10:00:00,281.51681631471035
2020-06-04 11:00:00,289.4369258269286
2020-06-04 12:00:00,297.1290246882045
2020-06-04 13:00:00,303.95362077103323
2020-06-04 14:00:00,309.3537655342952
2020-06-04 15:00:00,312.8991822602803
2020-06-04 16:00:00,314.3152909296841
2020-06-04 17:00:00,313.49439784337045
2020-06-04 18:00:00,310.4905000479468
2020-06-04 19:00:00,305.5022673019643
2020-06-04 20:00:00,298.84965592201996
2020-06-04 21:00:00,291.60226450596093
2020-06-04 22:00:00,285.4056317951166
2020-06-04 23:00:00,280.07735854004045
2020-06-05 00:00:00,275.47454328811926
2020-06-05 01:00:00,271.47293328363946
2020-06-05 02:00:00,267.98639580105356
2020-06-05 03:00:00,264.9404787520421
2020-06-05 04:00:00,262.2734429725137
2020-06-05 05:00:00,259.9336285456769
2020-06-05 06:00:00,260.13241680054324
2020-06-05 07:00:00,262.76432538376463
2020-06-05 08:00:00,267.51124509295505
2020-06-05 09:00:00,273.91765203442026
2020-06-05 10:00:00,281.41522312578263
2020-06-05 11:00:00,289.36091136844976
2020-06-05 12:00:00,297.0856786169302
2020-06-05 13:00:00,303.9489409411022
2020-06-05 14:00:00,309.39182710549534
2020-06-05 15:00:00,312.9816225854295
2020-06-05 16:00:00,314.44115316059674
2020-06-05 17:00:00,313.66029282845415
2020-06-05 18:00:00,310.6909818421804
2020-06-05 19:00:00,305.73029897168414
2020-06-05 20:00:00,299.09706961702125
2020-06-05 21:00:00,291.83509946334397
2020-06-05 22:00:00,285.61737256089197
2020-06-05 23:00:00,280.2634449920581
2020-06-06 00:00:00,275.63187838382646
2020-06-06 01:00:00,271.58242511580386
2020-06-06 02:00:00,268.0394953584448
2020-06-06 03:00:00,264.9313232394365
2020-06-06 04:00:00,262.19826611210726
2020-06-06 05:00:00,259.7903056256617
2020-06-06 06:00:00,259.94139119164964
2020-06-06 07:00:00,262.5300062326824
2020-06-06 08:00:00,267.2469255914335
2020-06-06 09:00:00,273.6435142620952
2020-06-06 10:00:00,281.15586539210517
2020-06-06 11:00:00,289.14249663647274
2020-06-06 12:00:00,296.932933714601
2020-06-06 13:00:00,303.8823487359593
2020-06-06 14:00:00,309.4253986048439
2020-06-06 15:00:00,313.1215661947772
2020-06-06 16:00:00,314.6855716243492
2020-06-06 17:00:00,313.99979948400426
2020-06-06 18:00:00,311.10994050327497
2020-06-06 19:00:00,306.2083331492052
2020-06-06 20:00:00,299.61055998793574
2020-06-06 21:00:00,292.3349955897971
2020-06-06 22:00:00,286.0813190588039
2020-06-06 23:00:00,280.6753253614819
2020-06-07 00:00:00,275.9802335706814
2020-06-07 01:00:00,271.8368505805465
2020-06-07 02:00:00,268.18309888705016
2020-06-07 03:00:00,264.9521970255553
2020-06-07 04:00:00,262.0884302447443
2020-06-07 05:00:00,259.54488958455806
2020-06-07 06:00:00,259.57786583405107
2020-06-07 07:00:00,262.0606052224034
2020-06-07 08:00:00,266.70054733678677
2020-06-07 09:00:00,273.0620876295093
2020-06-07 10:00:00,280.589716951065
2020-06-07 11:00:00,288.6449096577566
2020-06-07 12:00:00,296.55433958962175
2020-06-07 13:00:00,303.664816823637
2020-06-07 14:00:00,309.3981943669721
2020-06-07 15:00:00,313.29843120419866
2020-06-07 16:00:00,315.06402561764696
2020-06-07 17:00:00,314.56229138883793
2020-06-07 18:00:00,311.82628676120993
2020-06-07 19:00:00,307.038740639071
2020-06-07 20:00:00,300.5086567854357
2020-06-07 21:00:00,293.22858054931964
2020-06-07 22:00:00,286.92415987255873
2020-06-07 23:00:00,281.43340228335086
2020-06-08 00:00:00,276.6286845682183
2020-06-08 01:00:00,272.4399998279648
2020-06-08 02:00:00,268.7692167851479
2020-06-08 03:00:00,265.54322570833705
2020-06-08 04:00:00,262.7013209273892
2020-06-08 05:00:00,260.20012849169615
2020-06-08 06:00:00,260.29534196776
2020-06-08 07:00:00,262.8313006389868
2020-06-08 08:00:00,267.50297502466856
2020-06-08 09:00:00,273.8652672878657
2020-06-08 10:00:00,281.3568256006275
2020-06-08 11:00:00,289.3374684843994
2020-06-08 12:00:00,297.13660835947513
2020-06-08 13:00:00,304.1078973546956
2020-06-08 14:00:00,309.6832688949606
2020-06-08 15:00:00,313.41865463143813
2020-06-08 16:00:00,315.02486347595425
2020-06-08 17:00:00,314.3804560227952
2020-06-08 18:00:00,311.527715982771
2020-06-08 19:00:00,306.65616335488687
2020-06-08 20:00:00,300.07918738856836
2020-06-08 21:00:00,292.7711342527448
2020-06-08 22:00:00,286.47714451609323
2020-06-08 23:00:00,281.0253751107116
2020-06-09 00:00:00,276.28083834204097
2020-06-09 01:00:00,272.24129002434734
2020-06-09 02:00:00,268.76404564280176
2020-06-09 03:00:00,265.7626222374134
2020-06-09 04:00:00,263.16595726283384
2020-06-09 05:00:00,260.9411294001425
2020-06-09 06:00:00,261.31504647844463
2020-06-09 07:00:00,264.09003100578
2020-06-09 08:00:00,268.92602745844664
2020-06-09 09:00:00,275.35189320731257
2020-06-09 10:00:00,282.79119438635297
2020-06-09 11:00:00,290.6010839673554
2020-06-09 12:00:00,298.12111162694816
2020-06-09 13:00:00,304.7267455936937
2020-06-09 14:00:00,309.88064717535906
2020-06-09 15:00:00,313.1743420916284
2020-06-09 16:00:00,314.35462018843987
2020-06-09 17:00:00,313.33252037013915
2020-06-09 18:00:00,310.17676045570084
2020-06-09 19:00:00,305.0962454242095
2020-06-09 20:00:00,298.4168713816577
2020-06-09 21:00:00,291.1004625861917
2020-06-09 22:00:00,284.905353661191
2020-06-09 23:00:00,279.62959591192185
2020-06-10 00:00:00,275.11592163948984
2020-06-10 01:00:00,271.27325748534
2020-06-10 02:00:00,267.97929635560735
2020-06-10 03:00:00,265.1483560184071
2020-06-10 04:00:00,262.7100750508858
2020-06-10 05:00:00,260.6491360880433
2020-06-10 06:00:00,261.1723503911594
2020-06-10 07:00:00,264.0734393491549
2020-06-10 08:00:00,269.00520567104275
2020-06-10 09:00:00,275.49151095872617
2020-06-10 10:00:00,282.95367055325033
2020-06-10 11:00:00,290.7497270548673
2020-06-10 12:00:00,298.22332994368213
2020-06-10 13:00:00,304.7569085090632
2020-06-10 14:00:00,309.8221709814277
2020-06-10 15:00:00,313.02069384340444
2020-06-10 16:00:00,314.1091655133121
2020-06-10 17:00:00,313.00740159095693
2020-06-10 18:00:00,309.79116797565246
2020-06-10 19:00:00,304.67447186471526
2020-06-10 20:00:00,297.9864315965845
2020-06-10 21:00:00,290.67310698047424
2020-06-10 22:00:00,284.50952899810545
2020-06-10 23:00:00,279.28515826737544
2020-06-11 00:00:00,274.8364497569301
2020-06-11 01:00:00,270.8243165910578
2020-06-11 02:00:00,267.2811076178598
2020-06-11 03:00:00,264.1436966824641
2020-06-11 04:00:00,261.3592645305346
2020-06-11 05:00:00,258.94160385627896
2020-06-11 06:00:00,259.091086953826
2020-06-11 07:00:00,261.6717341384936
2020-06-11 08:00:00,266.39509957913543
2020-06-11 09:00:00,272.82909288324686
2020-06-11 10:00:00,280.4211731306435
2020-06-11 11:00:00,288.53523405125316
2020-06-11 12:00:00,296.4998030405998
2020-06-11 13:00:00,303.66298276531535
2020-06-11 14:00:00,309.4474065107651
2020-06-11 15:00:00,313.39739524506416
2020-06-11 16:00:00,315.21151064607744
2020-06-11 17:00:00,314.75694476508335
2020-06-11 18:00:00,312.06652778575534
2020-06-11 19:00:00,307.32268686555733
2020-06-11 20:00:00,300.8340454892478
2020-06-11 21:00:00,293.5203644188128
2020-06-11 22:00:00,287.18404468452843
2020-06-11 23:00:00,281.66286676499146
2020-06-12 00:00:00,276.82906913583923
2020-06-12 01:00:00,272.52841600391196
2020-06-12 02:00:00,268.69933636811555
2020-06-12 03:00:00,265.280324531271
2020-06-12 04:00:00,262.2198847169124
2020-06-12 05:00:00,259.5467241303682
2020-06-12 06:00:00,259.44619104288915
2020-06-12 07:00:00,261.80198137022296
2020-06-12 08:00:00,266.343375831716
2020-06-12 09:00:00,272.6526491793576
2020-06-12 10:00:00,280.18685454879517
2020-06-12 11:00:00,288.3135339459844
2020-06-12 12:00:00,296.35825133682704
2020-06-12 13:00:00,303.6596447960747
2020-06-12 14:00:00,309.62542081645927
2020-06-12 15:00:00,313.78138856392445
2020-06-12 16:00:00,315.8063504488959
2020-06-12 17:00:00,315.5487359355207
2020-06-12 18:00:00,313.0252648359165
2020-06-12 19:00:00,308.40574835766836
2020-06-12 20:00:00,301.9898165541277
2020-06-12 21:00:00,294.67746100562607
2020-06-12 22:00:00,288.2872273873497
2020-06-12 23:00:00,282.67058140368067
2020-06-13 00:00:00,277.71010890731986
2020-06-13 01:00:00,273.4314771499793
2020-06-13 02:00:00,269.7215881220696
2020-06-13 03:00:00,266.4954497827896
2020-06-13 04:00:00,263.68308532480467
2020-06-13 05:00:00,261.3108189548263
2020-06-13 06:00:00,261.535799563283
2020-06-13 07:00:00,264.1779941261739
2020-06-13 08:00:00,268.9123860386836
2020-06-13 09:00:00,275.27933363914053
2020-06-13 10:00:00,282.7094472007772
2020-06-13 11:00:00,290.56178197222545
2020-06-13 12:00:00,298.17242248618203
2020-06-13 13:00:00,304.90841981744705
2020-06-13 14:00:00,310.2201726847615
2020-06-13 15:00:00,313.68474104443425
2020-06-13 16:00:00,315.0340732758408
2020-06-13 17:00:00,314.1655841674951
2020-06-13 18:00:00,311.13663560231913
2020-06-13 19:00:00,306.14747868472887
2020-06-13 20:00:00,299.5180226402241
2020-06-13 21:00:00,292.14687918413273
2020-06-13 22:00:00,285.85884652738775
2020-06-13 23:00:00,280.4636679819799
2020-06-14 00:00:00,275.81271830039634
2020-06-14 01:00:00,272.03334909799764
2020-06-14 02:00:00,268.88152008544597
2020-06-14 03:00:00,266.2461793395544
2020-06-14 04:00:00,264.0380175563444
2020-06-14 05:00:00,262.27978829836707
2020-06-14 06:00:00,263.10200540479167
2020-06-14 07:00:00,266.2375915937296
2020-06-14 08:00:00,271.29223978653914
2020-06-14 09:00:00,277.7583061529476
2020-06-14 10:00:00,285.042986303534
2020-06-14 11:00:00,292.5084402859585
2020-06-14 12:00:00,299.5198843857712
2020-06-14 13:00:00,305.49590260360816
2020-06-14 14:00:00,309.9541149212382
2020-06-14 15:00:00,312.5457463586759
2020-06-14 16:00:00,313.07493027257385
2020-06-14 17:00:00,311.5021190673447
2020-06-14 18:00:00,307.934341377311
2020-06-14 19:00:00,302.6068816914958
2020-06-14 20:00:00,295.8608105477884
2020-06-14 21:00:00,288.59262033520554
2020-06-14 22:00:00,282.62159239729937
2020-06-14 23:00:00,277.6882696322552
2020-06-15 00:00:00,273.5940779344561
2020-06-15 01:00:00,270.21876556828374
2020-06-15 02:00:00,267.4120133218125
2020-06-15 03:00:00,265.07267925293837
2020-06-15 04:00:00,263.11927487153645
2020-06-15 05:00:00,261.589974639837
2020-06-15 06:00:00,262.60878006915965
2020-06-15 07:00:00,265.90548495427225
2020-06-15 08:00:00,271.0833303531861
2020-06-15 09:00:00,277.6336456108246
2020-06-15 10:00:00,284.9645703650668
2020-06-15 11:00:00,292.4414653662263
2020-06-15 12:00:00,299.434967723516
2020-06-15 13:00:00,305.3709138164921
2020-06-15 14:00:00,309.77531174094577
2020-06-15 15:00:00,312.308043584892
2020-06-15 16:00:00,312.7813264278092
2020-06-15 17:00:00,311.16248518720556
2020-06-15 18:00:00,307.5638676379019
2020-06-15 19:00:00,302.2244551401393
2020-06-15 20:00:00,295.4874946386221
2020-06-15 21:00:00,288.24097599340433
2020-06-15 22:00:00,282.3124860503771
2020-06-15 23:00:00,277.43474446256613
2020-06-16 00:00:00,273.4036944338838
2020-06-16 01:00:00,269.91882240622425
2020-06-16 02:00:00,266.968930376808
2020-06-16 03:00:00,264.4660299762645
2020-06-16 04:00:00,262.3382679101192
2020-06-16 05:00:00,260.6383849243924
2020-06-16 06:00:00,261.4877720437506
2020-06-16 07:00:00,264.65500966153803
2020-06-16 08:00:00,269.7729707836042
2020-06-16 09:00:00,276.3523885799719
2020-06-16 10:00:00,283.8096079414039
2020-06-16 11:00:00,291.5066396479265
2020-06-16 12:00:00,298.7999079321346
2020-06-16 13:00:00,305.0921525974209
2020-06-16 14:00:00,309.8805524620552
2020-06-16 15:00:00,312.79422079075147
2020-06-16 16:00:00,313.6163012983091
2020-06-16 17:00:00,312.2894699826227
2020-06-16 18:00:00,308.9072961751924
2020-06-16 19:00:00,303.69612296702803
2020-06-16 20:00:00,296.99224208602016
2020-06-16 21:00:00,289.6740149414048
2020-06-16 22:00:00,283.5864985080304
2020-06-16 23:00:00,278.4936566999994
2020-06-17 00:00:00,274.21353676173624
2020-06-17 01:00:00,270.45504322451796
2020-06-17 02:00:00,267.21172396965335
2020-06-17 03:00:00,264.4059250548373
2020-06-17 04:00:00,261.97349068192955
2020-06-17 05:00:00,259.97881288347105
2020-06-17 06:00:00,260.5421399065341
2020-06-17 07:00:00,263.4746610200352
2020-06-17 08:00:00,268.4434950667122
2020-06-17 09:00:00,274.9833686765135
2020-06-17 10:00:00,282.52260694109646
2020-06-17 11:00:00,290.4221057033872
2020-06-17 12:00:00,298.02420649169346
2020-06-17 13:00:00,304.7063047815557
2020-06-17 14:00:00,309.93225628025345
2020-06-17 15:00:00,313.29421910648045
2020-06-17 16:00:00,314.53923243139843
2020-06-17 17:00:00,313.57834927893884
2020-06-17 18:00:00,310.48015633153216
2020-06-17 19:00:00,305.45331201551693
2020-06-17 20:00:00,298.82334083274736
2020-06-17 21:00:00,291.45789881437884
2020-06-17 22:00:00,285.2166289908127
2020-06-17 23:00:00,279.89733791475464
2020-06-18 00:00:00,275.3426091503075
2020-06-18 01:00:00,271.4205475422745
2020-06-18 02:00:00,268.03505293348087
2020-06-18 03:00:00,265.10499498357404
2020-06-18 04:00:00,262.56347253359115
2020-06-18 05:00:00,260.47704749567856
2020-06-18 06:00:00,260.958954017828
2020-06-18 07:00:00,263.8205667638119
2020-06-18 08:00:00,268.7294014063
2020-06-18 09:00:00,275.22051996049896
2020-06-18 10:00:00,282.7223013202242
2020-06-18 11:00:00,290.5952536739065
2020-06-18 12:00:00,298.18080399969807
2020-06-18 13:00:00,304.8549095813111
2020-06-18 14:00:00,310.07955978227204
2020-06-18 15:00:00,313.44478856946284
2020-06-18 16:00:00,314.69545876653024
2020-06-18 17:00:00,313.7405861588831
2020-06-18 18:00:00,310.6469968660889
2020-06-18 19:00:00,305.62193515239403
2020-06-18 20:00:00,298.9898717609324
2020-06-18 21:00:00,291.6132922811756
2020-06-18 22:00:00,285.3566582612755
2020-06-18 23:00:00,280.0191535797627
2020-06-19 00:00:00,275.4443794250585
2020-06-19 01:00:00,271.6134827010033
2020-06-19 02:00:00,268.36038600354675
2020-06-19 03:00:00,265.5907360612806
2020-06-19 04:00:00,263.22759669929314
2020-06-19 05:00:00,261.3326864595005
2020-06-19 06:00:00,262.00828197418383
2020-06-19 07:00:00,265.0285480894412
2020-06-19 08:00:00,270.0310985448691
2020-06-19 09:00:00,276.5298528539345
2020-06-19 10:00:00,283.94220818019204
2020-06-19 11:00:00,291.62872810465416
2020-06-19 12:00:00,298.9418279174263
2020-06-19 13:00:00,305.2779786382872
2020-06-19 14:00:00,310.12648385661026
2020-06-19 15:00:00,313.10786438631834
2020-06-19 16:00:00,313.9968810199734
2020-06-19 17:00:00,312.7287934370156
2020-06-19 18:00:00,309.39117950134147
2020-06-19 19:00:00,304.2059684664903
2020-06-19 20:00:00,297.5065572266199
2020-06-19 21:00:00,290.1564083680867
2020-06-19 22:00:00,284.01661147993553
2020-06-19 23:00:00,278.85826009428325
2020-06-20 00:00:00,274.50452631961
2020-06-20 01:00:00,270.71863633124826
2020-06-20 02:00:00,267.4580671122102
2020-06-20 03:00:00,264.642790485833
2020-06-20 04:00:00,262.20680878216484
2020-06-20 05:00:00,260.22142723304376
2020-06-20 06:00:00,260.79544313238216
2020-06-20 07:00:00,263.7355975499433
2020-06-20 08:00:00,268.7054647358405
2020-06-20 09:00:00,275.2372756029457
2020-06-20 10:00:00,282.75805495859845
2020-06-20 11:00:00,290.6286861789634
2020-06-20 12:00:00,298.1927700816908
2020-06-20 13:00:00,304.830068648972
2020-06-20 14:00:00,310.007593503108
2020-06-20 15:00:00,313.321022767125
2020-06-20 16:00:00,314.5208360154431
2020-06-20 17:00:00,313.5210836027334
2020-06-20 18:00:00,310.3926881046357
2020-06-20 19:00:00,305.3459156477454
2020-06-20 20:00:00,298.7072110901118
2020-06-20 21:00:00,291.336027723037
2020-06-20 22:00:00,285.1004055322402
2020-06-20 23:00:00,279.79484550374974
2020-06-21 00:00:00,275.2595140473777
2020-06-21 01:00:00,271.2937873564527
2020-06-21 02:00:00,267.84209113103213
2020-06-21 03:00:00,264.8298120979855
2020-06-21 04:00:00,262.1950918216172
2020-06-21 05:00:00,260.01199061862025
2020-06-21 06:00:00,260.3933873189282
2020-06-21 07:00:00,263.169993868054
2020-06-21 08:00:00,268.02533856648415
2020-06-21 09:00:00,274.5063228180173
2020-06-21 10:00:00,282.0481425921643
2020-06-21 11:00:00,290.01249053535577
2020-06-21 12:00:00,297.73621898928
2020-06-21 13:00:00,304.58550434159275
2020-06-21 14:00:00,310.00863084185875
2020-06-21 15:00:00,313.5798386505147
2020-06-21 16:00:00,315.02811070705025
2020-06-21 17:00:00,314.24821036236966
2020-06-21 18:00:00,311.2954356855016
2020-06-21 19:00:00,306.36863816491814
2020-06-21 20:00:00,299.78692799926307
2020-06-21 21:00:00,292.4064780205335
2020-06-21 22:00:00,286.098334811754
2020-06-21 23:00:00,280.6753761711309
2020-06-22 00:00:00,275.9913037546524
2020-06-22 01:00:00,272.0142254367583
2020-06-22 02:00:00,268.602483001194
2020-06-22 03:00:00,265.6678093129441
2020-06-22 04:00:00,263.1378012691924
2020-06-22 05:00:00,261.07633959487447
2020-06-22 06:00:00,261.59074536651224
2020-06-22 07:00:00,264.4777956590895
2020-06-22 08:00:00,269.3932523569914
2020-06-22 09:00:00,275.8637197768648
2020-06-22 10:00:00,283.3128866350419
2020-06-22 11:00:00,291.1006477156158
2020-06-22 12:00:00,298.5718654557354
2020-06-22 13:00:00,305.10948761293855
2020-06-22 14:00:00,310.18507157625055
2020-06-22 15:00:00,313.3994767692153
2020-06-22 16:00:00,314.5082634856885
2020-06-22 17:00:00,313.42987449481
2020-06-22 18:00:00,310.23859722087855
2020-06-22 19:00:00,305.1469465090757
2020-06-22 20:00:00,298.48258276578144
2020-06-22 21:00:00,291.1077222655014
2020-06-22 22:00:00,284.8862787948466
2020-06-22 23:00:00,279.6074379931837
2020-06-23 00:00:00,275.10748695792404
2020-06-23 01:00:00,271.0417365404514
2020-06-23 02:00:00,267.44069107848037
2020-06-23 03:00:00,264.2426418144245
2020-06-23 04:00:00,261.39590012444137
2020-06-23 05:00:00,258.9770196110853
2020-06-23 06:00:00,259.113887233354
2020-06-23 07:00:00,261.6783817781255
2020-06-23 08:00:00,266.3891182376462
2020-06-23 09:00:00,272.8199393111563
2020-06-23 10:00:00,280.4227259857336
2020-06-23 11:00:00,288.56393441230665
2020-06-23 12:00:00,296.5725787779694
2020-06-23 13:00:00,303.7951800761993
2020-06-23 14:00:00,309.65100455645955
2020-06-23 15:00:00,313.6797568735817
2020-06-23 16:00:00,315.5748112155646
2020-06-23 17:00:00,315.19825663452343
2020-06-23 18:00:00,312.5783907018227
2020-06-23 19:00:00,307.89392763629763
2020-06-23 20:00:00,301.45064012988024
2020-06-23 21:00:00,294.1031441139423
2020-06-23 22:00:00,287.72074773981564
2020-06-23 23:00:00,282.14453170237016
2020-06-24 00:00:00,277.24925586310184
2020-06-24 01:00:00,273.01791400183754
2020-06-24 02:00:00,269.33714470287816
2020-06-24 03:00:00,266.1261086726171
2020-06-24 04:00:00,263.3180569343754
2020-06-24 05:00:00,260.9724095526177
2020-06-24 06:00:00,261.21181461728946
2020-06-24 07:00:00,263.864678379624
2020-06-24 08:00:00,268.6130149560157
2020-06-24 09:00:00,275.0026197804201
2020-06-24 10:00:00,282.46770700258935
2020-06-24 11:00:00,290.36890789102495
2020-06-24 12:00:00,298.0418028799445
2020-06-24 13:00:00,304.8510273525473
2020-06-24 14:00:00,310.2430694593059
2020-06-24 15:00:00,313.79019688721917
2020-06-24 16:00:00,315.21936603241886
2020-06-24 17:00:00,314.4233941224298
2020-06-24 18:00:00,311.455829403091
2020-06-24 19:00:00,306.5140486521407
2020-06-24 20:00:00,299.9160028246984
2020-06-24 21:00:00,292.5279867617223
2020-06-24 22:00:00,286.2090197677739
2020-06-24 23:00:00,280.7729616396656
2020-06-25 00:00:00,276.0742480207177
2020-06-25 01:00:00,272.0028527055766
2020-06-25 02:00:00,268.4618423685129
2020-06-25 03:00:00,265.3736713337407
2020-06-25 04:00:00,262.67417682810145
2020-06-25 05:00:00,260.41808941258785
2020-06-25 06:00:00,260.73779549504064
2020-06-25 07:00:00,263.46159928951965
2020-06-25 08:00:00,268.27113948247495
2020-06-25 09:00:00,274.7118239976136
2020-06-25 10:00:00,282.21768204661265
2020-06-25 11:00:00,290.1495250253951
2020-06-25 12:00:00,297.8435769459187
2020-06-25 13:00:00,304.6656009565179
2020-06-25 14:00:00,310.06363411902385
2020-06-25 15:00:00,313.6117784131317
2020-06-25 16:00:00,315.03893292091817
2020-06-25 17:00:00,314.2397910991772
2020-06-25 18:00:00,311.2695762018527
2020-06-25 19:00:00,306.3270615504173
2020-06-25 20:00:00,299.7312900167571
2020-06-25 21:00:00,292.3562370665526
2020-06-25 22:00:00,286.0536683714849
2020-06-25 23:00:00,280.63635959702407
2020-06-26 00:00:00,275.9579323606453
2020-06-26 01:00:00,271.75206980849816
2020-06-26 02:00:00,268.0041720213317
2020-06-26 03:00:00,264.65504451042335
2020-06-26 04:00:00,261.65502586300727
2020-06-26 05:00:00,259.06204572928283
2020-06-26 06:00:00,259.0299418045812
2020-06-26 07:00:00,261.4449030955121
2020-06-26 08:00:00,266.03825471035987
2020-06-26 09:00:00,272.3939602210474
2020-06-26 10:00:00,279.97044545398523
2020-06-26 11:00:00,288.13631855501944
2020-06-26 12:00:00,296.2179056806916
2020-06-26 13:00:00,303.5543186578282
2020-06-26 14:00:00,309.5534900540313
2020-06-26 15:00:00,313.74127355778865
2020-06-26 16:00:00,315.79641307267786
2020-06-26 17:00:00,315.5672470308516
2020-06-26 18:00:00,313.0704164126023
2020-06-26 19:00:00,308.4756781338638
2020-06-26 20:00:00,302.0826187176853
2020-06-26 21:00:00,294.76287330694964
2020-06-26 22:00:00,288.3649189534417
2020-06-26 23:00:00,282.74032883419846
2020-06-27 00:00:00,277.7717783398019
2020-06-27 01:00:00,273.49511873725686
2020-06-27 02:00:00,269.79550144831103
2020-06-27 03:00:00,266.5857117961798
2020-06-27 04:00:00,263.79405610302877
2020-06-27 05:00:00,261.451073645035
2020-06-27 06:00:00,261.706002563963
2020-06-27 07:00:00,264.3734267450694
2020-06-27 08:00:00,269.12390419691445
2020-06-27 09:00:00,275.49455574383666
2020-06-27 10:00:00,282.9141721606605
2020-06-27 11:00:00,290.74157033830585
2020-06-27 12:00:00,298.31420558424475
2020-06-27 13:00:00,305.0019476719633
2020-06-27 14:00:00,310.25909812450175
2020-06-27 15:00:00,313.6671868300252
2020-06-27 16:00:00,314.9626371372505
2020-06-27 17:00:00,314.0468639242975
2020-06-27 18:00:00,310.9804476986403
2020-06-27 19:00:00,305.96596249383646
2020-06-27 20:00:00,299.3247745445663
2020-06-27 21:00:00,291.9505205973116
2020-06-27 22:00:00,285.6732370156831
2020-06-27 23:00:00,280.2987480916247
2020-06-28 00:00:00,275.6755379319443
2020-06-28 01:00:00,271.5889131435604
2020-06-28 02:00:00,267.99586581197775
2020-06-28 03:00:00,264.8281574856154
2020-06-28 04:00:00,262.02892027084414
2020-06-28 05:00:00,259.6288908012609
2020-06-28 06:00:00,259.8015487629356
2020-06-28 07:00:00,262.4004833864764
2020-06-28 08:00:00,267.12853528780863
2020-06-28 09:00:00,273.54702497933744
2020-06-28 10:00:00,281.0993858379117
2020-06-28 11:00:00,289.14839931704114
2020-06-28 12:00:00,297.02452211715604
2020-06-28 13:00:00,304.0806144615548
2020-06-28 14:00:00,309.74628642063277
2020-06-28 15:00:00,313.5741139784383
2020-06-28 16:00:00,315.2711087565995
2020-06-28 17:00:00,314.7121336573183
2020-06-28 18:00:00,311.93624961172554
2020-06-28 19:00:00,307.1303962230646
2020-06-28 20:00:00,300.60602340831196
2020-06-28 21:00:00,293.2636431792159
2020-06-28 22:00:00,286.9260611036119
2020-06-28 23:00:00,281.42413894806896
2020-06-29 00:00:00,276.6249458302543
2020-06-29 01:00:00,272.5918941059402
2020-06-29 02:00:00,269.155853321487
2020-06-29 03:00:00,266.22036511113765
2020-06-29 04:00:00,263.70676847965007
2020-06-29 05:00:00,261.61581286545595
2020-06-29 06:00:00,262.1215574680857
2020-06-29 07:00:00,265.0031573214031
2020-06-29 08:00:00,269.9021104116933
2020-06-29 09:00:00,276.3344509627361
2020-06-29 10:00:00,283.7174076261446
2020-06-29 11:00:00,291.40880637000697
2020-06-29 12:00:00,298.7557818816827
2020-06-29 13:00:00,305.1473751118994
2020-06-29 14:00:00,310.0640501590016
2020-06-29 15:00:00,313.1170391729964
2020-06-29 16:00:00,314.0723370624895
2020-06-29 17:00:00,312.85773149743324
2020-06-29 18:00:00,309.55506555693125
2020-06-29 19:00:00,304.3823885112102
2020-06-29 20:00:00,297.670968146174
2020-06-29 21:00:00,290.34439518568576
2020-06-29 22:00:00,284.1997140423705
2020-06-29 23:00:00,279.0166507502603
2020-06-30 00:00:00,274.6245990010219
2020-06-30 01:00:00,270.7418394985025
2020-06-30 02:00:00,267.3609025051416
2020-06-30 03:00:00,264.4093021936025
2020-06-30 04:00:00,261.8268572990969
2020-06-30 05:00:00,259.6140351096568
2020-06-30 06:00:00,259.9748728313941
2020-06-30 07:00:00,262.73990154760287
2020-06-30 08:00:00,267.59210343107156
2020-06-30 09:00:00,274.077431314649
2020-06-30 10:00:00,281.62973229824917
2020-06-30 11:00:00,289.6089932171362
2020-06-30 12:00:00,297.35009251518954
2020-06-30 13:00:00,304.2170998977786
2020-06-30 14:00:00,309.65623184167237
2020-06-30 15:00:00,313.23988268870903
2020-06-30 16:00:00,314.69557103570077
2020-06-30 17:00:00,313.91708236220495
2020-06-30 18:00:00,310.95926056675
2020-06-30 19:00:00,306.0210048921666
2020-06-30 20:00:00,299.42191728136146
2020-06-30 21:00:00,292.0954571063125
2020-06-30 22:00:00,285.8316224685931
2020-06-30 23:00:00,280.44547391207277
2020-07-01 00:00:00,275.79228734226814
2020-07-01 01:00:00,271.76644661517395
2020-07-01 02:00:00,268.2691311851212
2020-07-01 03:00:00,265.2227192208133
2020-07-01 04:00:00,262.5629974609797
2020-07-01 05:00:00,260.27104540319925
2020-07-01 06:00:00,260.56770581050785
2020-07-01 07:00:00,263.27721864006804
2020-07-01 08:00:00,268.0775212533004
2020-07-01 09:00:00,274.5107432977405
2020-07-01 10:00:00,282.0081745323565
2020-07-01 11:00:00,289.9285526209016
2020-07-01 12:00:00,297.60678949780953
2020-07-01 13:00:00,304.4081267339893
2020-07-01 14:00:00,309.7808110149458
2020-07-01 15:00:00,313.299742003391
2020-07-01 16:00:00,314.69500995911903
2020-07-01 17:00:00,313.8626963982672
2020-07-01 18:00:00,310.859455638686
2020-07-01 19:00:00,305.8854449662228
2020-07-01 20:00:00,299.26100981202666
2020-07-01 21:00:00,291.9364221466214
2020-07-01 22:00:00,285.68318388927014
2020-07-01 23:00:00,280.3138877046661
2020-07-02 00:00:00,275.68197991853873
2020-07-02 01:00:00,271.71302985414286
2020-07-02 02:00:00,268.287855936722
2020-07-02 03:00:00,265.3240324275145
2020-07-02 04:00:00,262.7536429114804
2020-07-02 05:00:00,260.5371705872863
2020-07-02 06:00:00,260.91447060425014
2020-07-02 07:00:00,263.6939369026772
2020-07-02 08:00:00,268.54032243698026
2020-07-02 09:00:00,274.9859040560106
2020-07-02 10:00:00,282.45613196114965
2020-07-02 11:00:00,290.3084154764298
2020-07-02 12:00:00,297.880965523023
2020-07-02 13:00:00,304.5465260254394
2020-07-02 14:00:00,309.7640429360159
2020-07-02 15:00:00,313.1208603034525
2020-07-02 16:00:00,314.3596663822913
2020-07-02 17:00:00,313.38792586888974
2020-07-02 18:00:00,310.2715782791434
2020-07-02 19:00:00,305.21762794535806
2020-07-02 20:00:00,298.5508972144017
2020-07-02 21:00:00,291.2420971000829
2020-07-02 22:00:00,285.04076784431504
2020-07-02 23:00:00,279.7489434630174
2020-07-03 00:00:00,275.2122734418013
2020-07-03 01:00:00,271.3398925150839
2020-07-03 02:00:00,268.0127822328906
2020-07-03 03:00:00,265.1466886732642
2020-07-03 04:00:00,262.6723290597208
2020-07-03 05:00:00,260.53222596688704
2020-07-03 06:00:00,260.9838471533651
2020-07-03 07:00:00,263.8278084392254
2020-07-03 08:00:00,268.7201620938364
2020-07-03 09:00:00,275.18673878328906
2020-07-03 10:00:00,282.64927966430344
2020-07-03 11:00:00,290.464562568861
2020-07-03 12:00:00,297.97331096754556
2020-07-03 13:00:00,304.55361656431626
2020-07-03 14:00:00,309.6719043809584
2020-07-03 15:00:00,312.92413195174134
2020-07-03 16:00:00,314.06165785736204
2020-07-03 17:00:00,312.99975958397556
2020-07-03 18:00:00,309.81075065822336
2020-07-03 19:00:00,304.70635298650984
2020-07-03 20:00:00,298.0144995855108
2020-07-03 21:00:00,290.7272213139344
2020-07-03 22:00:00,284.5709936818172
2020-07-03 23:00:00,279.34058227598155
2020-07-04 00:00:00,274.876298533678
2020-07-04 01:00:00,271.0989222794191
2020-07-04 02:00:00,267.8747528929917
2020-07-04 03:00:00,265.1157402481936
2020-07-04 04:00:00,262.7497560897503
2020-07-04 05:00:00,260.71720180331647
2020-07-04 06:00:00,261.2548125540805
2020-07-04 07:00:00,264.17184486386714
2020-07-04 08:00:00,269.1116739133632
2020-07-04 09:00:00,275.59097211909733
2020-07-04 10:00:00,283.0264467481283
2020-07-04 11:00:00,290.7743640910233
2020-07-04 12:00:00,298.179459017578
2020-07-04 13:00:00,304.6278233898224
2020-07-04 14:00:00,309.59678929844756
2020-07-04 15:00:00,312.6946616451037
2020-07-04 16:00:00,313.68504703393637
2020-07-04 17:00:00,312.494101079515
2020-07-04 18:00:00,309.2028681990421
2020-07-04 19:00:00,304.02939236020717
2020-07-04 20:00:00,297.3056229935056
2020-07-04 21:00:00,290.04676291178305
2020-07-04 22:00:00,283.95313342382485
2020-07-04 23:00:00,278.8086351009197
2020-07-05 00:00:00,274.4456588087753
2020-07-05 01:00:00,270.59345970782107
2020-07-05 02:00:00,267.24198975556396
2020-07-05 03:00:00,264.318670361752
2020-07-05 04:00:00,261.76325470300293
2020-07-05 05:00:00,259.5252979134255
2020-07-05 06:00:00,259.8280072961659
2020-07-05 07:00:00,262.54982279537035
2020-07-05 08:00:00,267.3700809774296
2020-07-05 09:00:00,273.8313603501248
2020-07-05 10:00:00,281.36444470456985
2020-07-05 11:00:00,289.326651054191
2020-07-05 12:00:00,297.0506716724686
2020-07-05 13:00:00,303.89894171003766
2020-07-05 14:00:00,309.31661879132116
2020-07-05 15:00:00,312.8755860563554
2020-07-05 16:00:00,314.3033268503864
2020-07-05 17:00:00,313.4939741515331
2020-07-05 18:00:00,310.50301311501494
2020-07-05 19:00:00,305.53021057747117
2020-07-05 20:00:00,298.8962188848121
2020-07-05 21:00:00,291.63391455342526
2020-07-05 22:00:00,285.4284121217166
2020-07-05 23:00:00,280.0957681762885
2020-07-06 00:00:00,275.49194738984716
2020-07-06 01:00:00,271.62971168589945
2020-07-06 02:00:00,268.3376806517113
2020-07-06 03:00:00,265.52430645398516
2020-07-06 04:00:00,263.11475210336874
2020-07-06 05:00:00,261.04729589984925
2020-07-06 06:00:00,261.5144293497955
2020-07-06 07:00:00,264.37417279869624
2020-07-06 08:00:00,269.2658175787617
2020-07-06 09:00:00,275.7027711996594
2020-07-06 10:00:00,283.09924288080214
2020-07-06 11:00:00,290.8097484706109
2020-07-06 12:00:00,298.1779894002936
2020-07-06 13:00:00,304.58966880827757
2020-07-06 14:00:00,309.5222501451735
2020-07-06 15:00:00,312.5845257124878
2020-07-06 16:00:00,313.5407740673198
2020-07-06 17:00:00,312.3178650576291
2020-07-06 18:00:00,308.99751064201837
2020-07-06 19:00:00,303.79834170032774
2020-07-06 20:00:00,297.0528171551053
2020-07-06 21:00:00,289.82365645436187
2020-07-06 22:00:00,283.75963665901213
2020-07-06 23:00:00,278.6442325976641
2020-07-07 00:00:00,274.30951578360737
2020-07-07 01:00:00,270.4498590953355
2020-07-07 02:00:00,267.0803192469428
2020-07-07 03:00:00,264.1311089188853
2020-07-07 04:00:00,261.54416254946017
2020-07-07 05:00:00,259.27074902441194
2020-07-07 06:00:00,259.4900648695114
2020-07-07 07:00:00,262.14343271621584
2020-07-07 08:00:00,266.9160062820372
2020-07-07 09:00:00,273.3544221943546
2020-07-07 10:00:00,280.89135354592906
2020-07-07 11:00:00,288.88355522230734
2020-07-07 12:00:00,296.6606498504638
2020-07-07 13:00:00,303.57974944971636
2020-07-07 14:00:00,309.0790224262693
2020-07-07 15:00:00,312.72254063245214
2020-07-07 16:00:00,314.2300803923485
2020-07-07 17:00:00,313.48897014822785
2020-07-07 18:00:00,310.5493078466735
2020-07-07 19:00:00,305.6070842415821
2020-07-07 20:00:00,298.9807346920623
2020-07-07 21:00:00,291.7524498259218
2020-07-07 22:00:00,285.55550265604484
2020-07-07 23:00:00,280.21269637669025
2020-07-08 00:00:00,275.58498097823536
2020-07-08 01:00:00,271.5079654724325
2020-07-08 02:00:00,267.9223516794979
2020-07-08 03:00:00,264.76032839334613
2020-07-08 04:00:00,261.9653652164415
2020-07-08 05:00:00,259.4899081570075
2020-07-08 06:00:00,259.489274316133
2020-07-08 07:00:00,261.9511117525751
2020-07-08 08:00:00,266.5751690930749
2020-07-08 09:00:00,272.91921551750033
2020-07-08 10:00:00,280.42247914813555
2020-07-08 11:00:00,288.4428356765252
2020-07-08 12:00:00,296.3052301032247
2020-07-08 13:00:00,303.356637498099
2020-07-08 14:00:00,309.0207607859604
2020-07-08 15:00:00,312.84466683133905
2020-07-08 16:00:00,314.53066539292814
2020-07-08 17:00:00,313.9500406947511
2020-07-08 18:00:00,311.13956967217763
2020-07-08 19:00:00,306.2852288767307
2020-07-08 20:00:00,299.69874709396356
2020-07-08 21:00:00,292.4859694375235
2020-07-08 22:00:00,286.2543246604156
2020-07-08 23:00:00,280.8399473833906
2020-07-09 00:00:00,276.11374353643777
2020-07-09 01:00:00,272.07210394046973
2020-07-09 02:00:00,268.57762677798195
2020-07-09 03:00:00,265.54797474282583
2020-07-09 04:00:00,262.9152766610759
2020-07-09 05:00:00,260.62306894261627
2020-07-09 06:00:00,260.79350351374217
2020-07-09 07:00:00,263.4069606261461
2020-07-09 08:00:00,268.1278372025623
2020-07-09 09:00:00,274.48700119323667
2020-07-09 10:00:00,281.9070050438632
2020-07-09 11:00:00,289.74065254680994
2020-07-09 12:00:00,297.3198766499695
2020-07-09 13:00:00,304.0097897541835
2020-07-09 14:00:00,309.2609376524849
2020-07-09 15:00:00,312.65225348311407
2020-07-09 16:00:00,313.91877615567824
2020-07-09 17:00:00,312.9617010437065
2020-07-09 18:00:00,309.84243591501235
2020-07-09 19:00:00,304.76528057175153
2020-07-09 20:00:00,298.05407800747946
2020-07-09 21:00:00,290.8500768054666
2020-07-09 22:00:00,284.72178589212757
2020-07-09 23:00:00,279.4792518236173
2020-07-10 00:00:00,274.9739545205894
2020-07-10 01:00:00,271.12229588775875
2020-07-10 02:00:00,267.80614372718617
2020-07-10 03:00:00,264.9436403265559
2020-07-10 04:00:00,262.46735189494876
2020-07-10 05:00:00,260.3212379968615
2020-07-10 06:00:00,260.6003664878013
2020-07-10 07:00:00,263.3099395063148
2020-07-10 08:00:00,268.1055597937288
2020-07-10 09:00:00,274.5114290907532
2020-07-10 10:00:00,281.94613597486426
2020-07-10 11:00:00,289.7616436923476
2020-07-10 12:00:00,297.29230192039716
2020-07-10 13:00:00,303.9086366142651
2020-07-10 14:00:00,309.06892125603275
2020-07-10 15:00:00,312.3611229102645
2020-07-10 16:00:00,313.5295026212411
2020-07-10 17:00:00,312.483693932247
2020-07-10 18:00:00,309.2921190856449
2020-07-10 19:00:00,304.1644053160346
2020-07-10 20:00:00,297.42805763442817
2020-07-10 21:00:00,290.256819429106
2020-07-10 22:00:00,284.1841302158149
2020-07-10 23:00:00,279.01295291401186
2020-07-11 00:00:00,274.5895377038573
2020-07-11 01:00:00,270.59959783827355
2020-07-11 02:00:00,267.07209442552477
2020-07-11 03:00:00,263.9452031013254
2020-07-11 04:00:00,261.1671392433716
2020-07-11 05:00:00,258.69414737949836
2020-07-11 06:00:00,258.60209690882635
2020-07-11 07:00:00,260.989606226925
2020-07-11 08:00:00,265.5657924228381
2020-07-11 09:00:00,271.8951905828894
2020-07-11 10:00:00,279.4206080778222
2020-07-11 11:00:00,287.4998726268295
2020-07-11 12:00:00,295.4541106223706
2020-07-11 13:00:00,302.62300347189665
2020-07-11 14:00:00,308.4202839576254
2020-07-11 15:00:00,312.381591709154
2020-07-11 16:00:00,314.1977512457578
2020-07-11 17:00:00,313.7297616171347
2020-07-11 18:00:00,311.00617059551644
2020-07-11 19:00:00,306.2071443591804
2020-07-11 20:00:00,299.64098004293896
2020-07-11 21:00:00,292.5032477192419
2020-07-11 22:00:00,286.3075791765516
2020-07-11 23:00:00,280.89965698765684
2020-07-12 00:00:00,276.1575115443944
2020-07-12 01:00:00,272.1098894373277
2020-07-12 02:00:00,268.61034469741634
2020-07-12 03:00:00,265.5763755020894
2020-07-12 04:00:00,262.9399819036519
2020-07-12 05:00:00,260.64459800019324
2020-07-12 06:00:00,260.72571267903805
2020-07-12 07:00:00,263.2687854151097
2020-07-12 08:00:00,267.9359419300427
2020-07-12 09:00:00,274.255760220527
2020-07-12 10:00:00,281.64837457790287
2020-07-12 11:00:00,289.4640132491792
2020-07-12 12:00:00,297.03191457760363
2020-07-12 13:00:00,303.71447353454016
2020-07-12 14:00:00,308.9596351337965
2020-07-12 15:00:00,312.3440063241741
2020-07-12 16:00:00,313.6007186971773
2020-07-12 17:00:00,312.62958089732274
2020-07-12 18:00:00,309.491179569193
2020-07-12 19:00:00,304.38955193193334
2020-07-12 20:00:00,297.64879491917236
2020-07-12 21:00:00,290.5063295442266
2020-07-12 22:00:00,284.42842378743194
2020-07-12 23:00:00,279.2276357855948
2020-07-13 00:00:00,274.75725978175007
2020-07-13 01:00:00,270.69500167572954
2020-07-13 02:00:00,267.07794682887703
2020-07-13 03:00:00,263.84867922734844
2020-07-13 04:00:00,260.958942808364
2020-07-13 05:00:00,258.3678241789742
2020-07-13 06:00:00,258.09173726259843
2020-07-13 07:00:00,260.318518579209
2020-07-13 08:00:00,264.77163917157316
2020-07-13 09:00:00,271.026779825169
2020-07-13 10:00:00,278.5336401695957
2020-07-13 11:00:00,286.65183332418394
2020-07-13 12:00:00,294.69872765274846
2020-07-13 13:00:00,302.00490487220975
2020-07-13 14:00:00,307.9706213234152
2020-07-13 15:00:00,312.11531204574754
2020-07-13 16:00:00,314.1128791120628
2020-07-13 17:00:00,313.80858481624773
2020-07-13 18:00:00,311.2178076464415
2020-07-13 19:00:00,306.5107892685169
2020-07-13 20:00:00,299.9892116955513
2020-07-13 21:00:00,292.9130782164649
2020-07-13 22:00:00,286.72766410246766
2020-07-13 23:00:00,281.2909992723631
2020-07-14 00:00:00,276.49042188037845
2020-07-14 01:00:00,272.24845561656724
2020-07-14 02:00:00,268.48455533142715
2020-07-14 03:00:00,265.13537930220787
2020-07-14 04:00:00,262.1479556085446
2020-07-14 05:00:00,259.4775732286077
2020-07-14 06:00:00,259.1046896931286
2020-07-14 07:00:00,261.2482499723609
2020-07-14 08:00:00,265.6237710406166
2020-07-14 09:00:00,271.8005993617705
2020-07-14 10:00:00,279.223874355044
2020-07-14 11:00:00,287.2505977787958
2020-07-14 12:00:00,295.19756442448505
2020-07-14 13:00:00,302.39672555996077
2020-07-14 14:00:00,308.2513144541805
2020-07-14 15:00:00,312.284792813483
2020-07-14 16:00:00,314.1754668266921
2020-07-14 17:00:00,313.77275307343933
2020-07-14 18:00:00,311.09549317875604
2020-07-14 19:00:00,306.3165049211702
2020-07-14 20:00:00,299.73917263615306
2020-07-14 21:00:00,292.6606206452324
2020-07-14 22:00:00,286.48637327869505
2020-07-14 23:00:00,281.0711776033846
2020-07-15 00:00:00,276.29987675282194
2020-07-15 01:00:00,272.31988940796805
2020-07-15 02:00:00,268.931007642292
2020-07-15 03:00:00,266.0375913933786
2020-07-15 04:00:00,263.5616310062161
2020-07-15 05:00:00,261.4389103370956
2020-07-15 06:00:00,261.600484810021
2020-07-15 07:00:00,264.22002959782236
2020-07-15 08:00:00,268.9267717347338
2020-07-15 09:00:00,275.2248021322973
2020-07-15 10:00:00,282.5193436523944
2020-07-15 11:00:00,290.1561177939358
2020-07-15 12:00:00,297.47029000139185
2020-07-15 13:00:00,303.83950053654024
2020-07-15 14:00:00,308.7339273713064
2020-07-15 15:00:00,311.75617762616463
2020-07-15 16:00:00,312.66571257689253
2020-07-15 17:00:00,311.3861106314562
2020-07-15 18:00:00,307.9973504350559
2020-07-15 19:00:00,302.7178162341873
2020-07-15 20:00:00,295.88107189895277
2020-07-15 21:00:00,288.838115189359
2020-07-15 22:00:00,282.92763818705583
2020-07-15 23:00:00,277.9404366318953
2020-07-16 00:00:00,273.7138316848323
2020-07-16 01:00:00,270.16322140383784
2020-07-16 02:00:00,267.151508984832
2020-07-16 03:00:00,264.59078910666045
2020-07-16 04:00:00,262.409212186355
2020-07-16 05:00:00,260.54757354097603
2020-07-16 06:00:00,260.9056053871492
2020-07-16 07:00:00,263.6954041877863
2020-07-16 08:00:00,268.5389859887601
2020-07-16 09:00:00,274.9352130896642
2020-07-16 10:00:00,282.2867617757381
2020-07-16 11:00:00,289.9399561175953
2020-07-16 12:00:00,297.23383060540004
2020-07-16 13:00:00,303.5528419094945
2020-07-16 14:00:00,308.3761757887866
2020-07-16 15:00:00,311.31657168334783
2020-07-16 16:00:00,312.1436047228681
2020-07-16 17:00:00,310.7899870310428
2020-07-16 18:00:00,307.3432417048122
2020-07-16 19:00:00,302.0274743018942
2020-07-16 20:00:00,295.1801818864851
2020-07-16 21:00:00,288.19363118140774
2020-07-16 22:00:00,282.3603152910862
2020-07-16 23:00:00,277.46351591418954
2020-07-17 00:00:00,273.33510889843797
2020-07-17 01:00:00,269.36985856068185
2020-07-17 02:00:00,265.81113575103154
2020-07-17 03:00:00,262.60903093951543
2020-07-17 04:00:00,259.7213278270864
2020-07-17 05:00:00,257.11201958406815
2020-07-17 06:00:00,256.6622563036068
2020-07-17 07:00:00,258.74152266385715
2020-07-17 08:00:00,263.08843943707865
2020-07-17 09:00:00,269.2902255014077
2020-07-17 10:00:00,276.80346493300465
2020-07-17 11:00:00,284.98913441362754
2020-07-17 12:00:00,293.1599908770955
2020-07-17 13:00:00,300.6362368845297
2020-07-17 14:00:00,306.8030084923417
2020-07-17 15:00:00,311.1616679570504
2020-07-17 16:00:00,313.3673127794012
2020-07-17 17:00:00,313.24780989189287
2020-07-17 18:00:00,310.8041366957172
2020-07-17 19:00:00,306.1959260599758
2020-07-17 20:00:00,299.7181323290207
2020-07-17 21:00:00,292.78066270192903
2020-07-17 22:00:00,286.67232023556096
2020-07-17 23:00:00,281.2650447331195
2020-07-18 00:00:00,276.45667868249234
2020-07-18 01:00:00,272.26549552100744
2020-07-18 02:00:00,268.57669554776544
2020-07-18 03:00:00,265.32092866883033
2020-07-18 04:00:00,262.44045033967774
2020-07-18 05:00:00,259.8867303018779
2020-07-18 06:00:00,259.4927076831812
2020-07-18 07:00:00,261.63233070527446
2020-07-18 08:00:00,266.00048824255833
2020-07-18 09:00:00,272.1494813169421
2020-07-18 10:00:00,279.51186522552666
2020-07-18 11:00:00,287.43734470924085
2020-07-18 12:00:00,295.2411998911188
2020-07-18 13:00:00,302.25955896202623
2020-07-18 14:00:00,307.9046996114094
2020-07-18 15:00:00,311.7124981773868
2020-07-18 16:00:00,313.37517601448184
2020-07-18 17:00:00,312.7557701529909
2020-07-18 18:00:00,309.88512671288134
2020-07-18 19:00:00,304.9457836062973
2020-07-18 20:00:00,298.2484597799936
2020-07-18 21:00:00,291.25408171500663
2020-07-18 22:00:00,285.19593508968995
2020-07-18 23:00:00,279.9202481329904
2020-07-19 00:00:00,275.30533713953815
2020-07-19 01:00:00,271.26386251461366
2020-07-19 02:00:00,267.7096225758525
2020-07-19 03:00:00,264.57545892761505
2020-07-19 04:00:00,261.8053574236813
2020-07-19 05:00:00,259.352178827293
2020-07-19 06:00:00,259.01070938573724
2020-07-19 07:00:00,261.20063994362937
2020-07-19 08:00:00,265.6142449964563
2020-07-19 09:00:00,271.801463695452
2020-07-19 10:00:00,279.19299104057046
2020-07-19 11:00:00,287.13738823037056
2020-07-19 12:00:00,294.94965458695197
2020-07-19 13:00:00,301.9665425660991
2020-07-19 14:00:00,307.60177672366086
2020-07-19 15:00:00,311.39330326596416
2020-07-19 16:00:00,313.03576303624595
2020-07-19 17:00:00,312.39468234949345
2020-07-19 18:00:00,309.5032437758559
2020-07-19 19:00:00,304.5460363700089
2020-07-19 20:00:00,297.8354957974192
2020-07-19 21:00:00,290.8769961397815
2020-07-19 22:00:00,284.85747681404126
2020-07-19 23:00:00,279.622194411175
2020-07-20 00:00:00,275.04870288636135
2020-07-20 01:00:00,271.0163533026807
2020-07-20 02:00:00,267.4582771055011
2020-07-20 03:00:00,264.3102859766663
2020-07-20 04:00:00,261.5187176431691
2020-07-20 05:00:00,259.0383101877107
2020-07-20 06:00:00,258.6248240491283
2020-07-20 07:00:00,260.75286440276267
2020-07-20 08:00:00,265.12123393157293
2020-07-20 09:00:00,271.28476185799184
2020-07-20 10:00:00,278.6769823429557
2020-07-20 11:00:00,286.6469205470183
2020-07-20 12:00:00,294.5075309422286
2020-07-20 13:00:00,301.59116518901965
2020-07-20 14:00:00,307.30527787319556
2020-07-20 15:00:00,311.18045017194606
2020-07-20 16:00:00,312.9037722942663
2020-07-20 17:00:00,312.33387017231104
2020-07-20 18:00:00,309.4982628140459
2020-07-20 19:00:00,304.5773821735623
2020-07-20 20:00:00,297.8810179311276
2020-07-20 21:00:00,290.9576609046094
2020-07-20 22:00:00,284.9495990554411
2020-07-20 23:00:00,279.70792931858807
2020-07-21 00:00:00,275.1145885418181
2020-07-21 01:00:00,271.1678226434512
2020-07-21 02:00:00,267.73229167081416
2020-07-21 03:00:00,264.73387090347217
2020-07-21 04:00:00,262.11108671788907
2020-07-21 05:00:00,259.8125027466625
2020-07-21 06:00:00,259.5472234232727
2020-07-21 07:00:00,261.81392207477194
2020-07-21 08:00:00,266.2809320173687
2020-07-21 09:00:00,272.47933147385356
2020-07-21 10:00:00,279.8271290701364
2020-07-21 11:00:00,287.6672940095416
2020-07-21 12:00:00,295.3167355661928
2020-07-21 13:00:00,302.121218807081
2020-07-21 14:00:00,307.50924115337017
2020-07-21 15:00:00,311.03713728941847
2020-07-21 16:00:00,312.41904127937556
2020-07-21 17:00:00,311.53878379842246
2020-07-21 18:00:00,308.44506358352174
2020-07-21 19:00:00,303.3344622771347
2020-07-21 20:00:00,296.5278530923934
2020-07-21 21:00:00,289.6259036421869
2020-07-21 22:00:00,283.7114184085368
2020-07-21 23:00:00,278.6161457173631
2020-07-22 00:00:00,274.20746811667976
2020-07-22 01:00:00,270.43487475077967
2020-07-22 02:00:00,267.17294755498835
2020-07-22 03:00:00,264.34545002538147
2020-07-22 04:00:00,261.8893165875544
2020-07-22 05:00:00,259.7519305390197
2020-07-22 06:00:00,259.5985695813758
2020-07-22 07:00:00,261.9679805677606
2020-07-22 08:00:00,266.5133750824214
2020-07-22 09:00:00,272.7541959708798
2020-07-22 10:00:00,280.1010860912636
2020-07-22 11:00:00,287.89452715809205
2020-07-22 12:00:00,295.45403469505294
2020-07-22 13:00:00,302.13271392327107
2020-07-22 14:00:00,307.370134972079
2020-07-22 15:00:00,310.73591918752123
2020-07-22 16:00:00,311.95798011377155
2020-07-22 17:00:00,310.93289170467284
2020-07-22 18:00:00,307.72002601107715
2020-07-22 19:00:00,302.5241175571489
2020-07-22 20:00:00,295.6716775031934
2020-07-22 21:00:00,288.8136990619598
2020-07-22 22:00:00,282.9762663947078
2020-07-22 23:00:00,277.98128414519414
2020-07-23 00:00:00,273.6887960959861
2020-07-23 01:00:00,270.0952135227231
2020-07-23 02:00:00,267.0288845450912
2020-07-23 03:00:00,264.40613648371504
2020-07-23 04:00:00,262.15829211109
2020-07-23 05:00:00,260.22851899741244
2020-07-23 06:00:00,260.23478637527614
2020-07-23 07:00:00,262.74682204433776
2020-07-23 08:00:00,267.3897265437857
2020-07-23 09:00:00,273.66224296635784
2020-07-23 10:00:00,280.9628874383829
2020-07-23 11:00:00,288.6294047235748
2020-07-23 12:00:00,295.9880278167735
2020-07-23 13:00:00,302.4070375590407
2020-07-23 14:00:00,307.3475141493667
2020-07-23 15:00:00,310.40396433040274
2020-07-23 16:00:00,311.32938291751447
2020-07-23 17:00:00,310.0429298613046
2020-07-23 18:00:00,306.62235755826856
2020-07-23 19:00:00,301.285930043378
2020-07-23 20:00:00,294.3689714520175
2020-07-23 21:00:00,287.57528074003125
2020-07-23 22:00:00,281.8653515533384
2020-07-23 23:00:00,277.04124343784923
2020-07-24 00:00:00,272.9484086993594
2020-07-24 01:00:00,269.0591644925221
2020-07-24 02:00:00,265.581712282209
2020-07-24 03:00:00,262.4645945263369
2020-07-24 04:00:00,259.66433116723135
2020-07-24 05:00:00,257.1438789083697
2020-07-24 06:00:00,256.4914176501021
2020-07-24 07:00:00,258.412744290665
2020-07-24 08:00:00,262.6332269281619
2020-07-24 09:00:00,268.7280114411195
2020-07-24 10:00:00,276.14309652936714
2020-07-24 11:00:00,284.2307851032657
2020-07-24 12:00:00,292.2974609730209
2020-07-24 13:00:00,299.65947074600854
2020-07-24 14:00:00,305.70055865065143
2020-07-24 15:00:00,309.9228169657897
2020-07-24 16:00:00,311.9836420412405
2020-07-24 17:00:00,311.7141585724338
2020-07-24 18:00:00,309.11905631482415
2020-07-24 19:00:00,304.36183347261823
2020-07-24 20:00:00,297.74136041168606
2020-07-24 21:00:00,290.99110767716763
2020-07-24 22:00:00,285.062347050932
2020-07-24 23:00:00,279.8281124223103
2020-07-25 00:00:00,275.1869142864431
2020-07-25 01:00:00,271.11865945928326
2020-07-25 02:00:00,267.5190740745777
2020-07-25 03:00:00,264.32556986092095
2020-07-25 04:00:00,261.48575776613524
2020-07-25 05:00:00,258.9553940521581
2020-07-25 06:00:00,258.2702730209332
2020-07-25 07:00:00,260.1718492344785
2020-07-25 08:00:00,264.36098566291696
2020-07-25 09:00:00,270.39317704828306
2020-07-25 10:00:00,277.700600793138
2020-07-25 11:00:00,285.6284902725096
2020-07-25 12:00:00,293.483440495584
2020-07-25 13:00:00,300.58909971352335
2020-07-25 14:00:00,306.34249179005695
2020-07-25 15:00:00,310.26298879939515
2020-07-25 16:00:00,312.026797267224
2020-07-25 17:00:00,311.48299985048783
2020-07-25 18:00:00,308.6516310907395
2020-07-25 19:00:00,303.7080348036576
2020-07-25 20:00:00,296.9593196085101
2020-07-25 21:00:00,290.1946357061271
2020-07-25 22:00:00,284.30324313293147
2020-07-25 23:00:00,279.14577329241257
2020-07-26 00:00:00,274.61126889046125
2020-07-26 01:00:00,270.6670921941058
2020-07-26 02:00:00,267.2028722849588
2020-07-26 03:00:00,264.1522372557973
2020-07-26 04:00:00,261.4597982730671
2020-07-26 05:00:00,259.07892642625677
2020-07-26 06:00:00,258.49585126876076
2020-07-26 07:00:00,260.49624697744014
2020-07-26 08:00:00,264.76328892866866
2020-07-26 09:00:00,270.8382660020648
2020-07-26 10:00:00,278.14356950113
2020-07-26 11:00:00,286.0198785891012
2020-07-26 12:00:00,293.7749032182154
2020-07-26 13:00:00,300.7389065967394
2020-07-26 14:00:00,306.3201237375399
2020-07-26 15:00:00,310.05216972990837
2020-07-26 16:00:00,311.62660997766903
2020-07-26 17:00:00,310.90718199479966
2020-07-26 18:00:00,307.9265416756327
2020-07-26 19:00:00,302.8699524547435
2020-07-26 20:00:00,296.0516426218393
2020-07-26 21:00:00,289.31720679255244
2020-07-26 22:00:00,283.49364504328076
2020-07-26 23:00:00,278.4317914842502
2020-07-27 00:00:00,274.01323959760094
2020-07-27 01:00:00,270.1180853842372
2020-07-27 02:00:00,266.6849517180103
2020-07-27 03:00:00,263.65125806937476
2020-07-27 04:00:00,260.96461889657127
2020-07-27 05:00:00,258.5808057682255
2020-07-27 06:00:00,257.9391804381159
2020-07-27 07:00:00,259.8893853909168
2020-07-27 08:00:00,264.12150343711596
2020-07-27 09:00:00,270.18195413005026
2020-07-27 10:00:00,277.49611130084963
2020-07-27 11:00:00,285.4051942211583
2020-07-27 12:00:00,293.2148990945986
2020-07-27 13:00:00,300.251091465393
2020-07-27 14:00:00,305.915725666333
2020-07-27 15:00:00,309.73503965334703
2020-07-27 16:00:00,311.3930455809832
2020-07-27 17:00:00,310.74659602843093
2020-07-27 18:00:00,307.82272228713987
2020-07-27 19:00:00,302.80259532945894
2020-07-27 20:00:00,295.9978872880694
2020-07-27 21:00:00,289.30611775015944
2020-07-27 22:00:00,283.5011379769089
2020-07-27 23:00:00,278.43967901681157
2020-07-28 00:00:00,274.00776542341896
2020-07-28 01:00:00,270.3112793008572
2020-07-28 02:00:00,267.13486314807903
2020-07-28 03:00:00,264.3985866381122
2020-07-28 04:00:00,262.03657006971997
2020-07-28 05:00:00,259.9940569365633
2020-07-28 06:00:00,259.65227981877416
2020-07-28 07:00:00,261.88074764575214
2020-07-28 08:00:00,266.3125285549316
2020-07-28 09:00:00,272.4505224795443
2020-07-28 10:00:00,279.6926172204033
2020-07-28 11:00:00,287.37059788582656
2020-07-28 12:00:00,294.7994583759485
2020-07-28 13:00:00,301.33174219948756
2020-07-28 14:00:00,306.4097954596483
2020-07-28 15:00:00,309.6083899922351
2020-07-28 16:00:00,310.6618598299137
2020-07-28 17:00:00,309.4734782516028
2020-07-28 18:00:00,306.10891261093246
2020-07-28 19:00:00,300.7784678851418
2020-07-28 20:00:00,293.8134536911147
2020-07-28 21:00:00,287.1766266727173
2020-07-28 22:00:00,281.55515050879734
2020-07-28 23:00:00,276.7695784542428
2020-07-29 00:00:00,272.67886931556995
2020-07-29 01:00:00,269.0626668819737
2020-07-29 02:00:00,265.91460609778596
2020-07-29 03:00:00,263.1675506287044
2020-07-29 04:00:00,260.7655683342184
2020-07-29 05:00:00,258.66168413967483
2020-07-29 06:00:00,258.1922290818609
2020-07-29 07:00:00,260.3084849683648
2020-07-29 08:00:00,264.67066814849863
2020-07-29 09:00:00,270.8015327946565
2020-07-29 10:00:00,278.11048631740687
2020-07-29 11:00:00,285.9317399864024
2020-07-29 12:00:00,293.5735422504703
2020-07-29 13:00:00,300.37344194367535
2020-07-29 14:00:00,305.75256397986607
2020-07-29 15:00:00,309.2611080903916
2020-07-29 16:00:00,310.608632844267
2020-07-29 17:00:00,309.67614884876843
2020-07-29 18:00:00,306.5113416341548
2020-07-29 19:00:00,301.31151432450616
2020-07-29 20:00:00,294.39984236947254
2020-07-29 21:00:00,287.7907024062421
2020-07-29 22:00:00,282.12656991881727
2020-07-29 23:00:00,277.24789955026165
2020-07-30 00:00:00,273.02840874358316
2020-07-30 01:00:00,269.1498554557139
2020-07-30 02:00:00,265.68965957080775
2020-07-30 03:00:00,262.5949014098509
2020-07-30 04:00:00,259.82091999199804
2020-07-30 05:00:00,257.32971116339667
2020-07-30 06:00:00,256.4126672835039
2020-07-30 07:00:00,258.1189881700605
2020-07-30 08:00:00,262.1641667272735
2020-07-30 09:00:00,268.11427440772434
2020-07-30 10:00:00,275.40699954253796
2020-07-30 11:00:00,283.38721703371033
2020-07-30 12:00:00,291.35493459271936
2020-07-30 13:00:00,298.62131431060845
2020-07-30 14:00:00,304.5661652558678
2020-07-30 15:00:00,308.6888543640803
2020-07-30 16:00:00,310.6451480015044
2020-07-30 17:00:00,310.26549509228823
2020-07-30 18:00:00,307.5547461266069
2020-07-30 19:00:00,302.67732996715455
2020-07-30 20:00:00,295.9337959023309
2020-07-30 21:00:00,289.38182623619014
2020-07-30 22:00:00,283.63170687933746
2020-07-30 23:00:00,278.56018542945293
2020-07-31 00:00:00,274.06846038378563
2020-07-31 01:00:00,270.0697271772813
2020-07-31 02:00:00,266.5018996318126
2020-07-31 03:00:00,263.3102003912756
2020-07-31 04:00:00,260.44848579606577
2020-07-31 05:00:00,257.8775516733213
2020-07-31 06:00:00,256.83465761077326
2020-07-31 07:00:00,258.43094628762
2020-07-31 08:00:00,262.38160443187155
2020-07-31 09:00:00,268.25243734160506
2020-07-31 10:00:00,275.4806501694057
2020-07-31 11:00:00,283.41023258913714
2020-07-31 12:00:00,291.3397943724808
2020-07-31 13:00:00,298.57856144471094
2020-07-31 14:00:00,304.5039382737926
2020-07-31 15:00:00,308.6125797760174
2020-07-31 16:00:00,310.55745687600125
2020-07-31 17:00:00,310.1663776504299
2020-07-31 18:00:00,307.44190681625525
2020-07-31 19:00:00,302.54667302158487
2020-07-31 20:00:00,295.7799684372479
2020-07-31 21:00:00,289.2563311296632
2020-07-31 22:00:00,283.52574674634707
2020-07-31 23:00:00,278.4668923492045
2020-08-01 00:00:00,273.9824282676131
2020-08-01 01:00:00,270.11371831775796
2020-08-01 02:00:00,266.71361056020584
2020-08-01 03:00:00,263.71770411437103
2020-08-01 04:00:00,261.0721729045823
2020-08-01 05:00:00,258.7316431271571
2020-08-01 06:00:00,257.87421081308855
2020-08-01 07:00:00,259.6533026997106
2020-08-01 08:00:00,263.74743921066715
2020-08-01 09:00:00,269.6929152692361
2020-08-01 10:00:00,276.90642182005956
2020-08-01 11:00:00,284.7220739167246
2020-08-01 12:00:00,292.44018442201957
2020-08-01 13:00:00,299.383005489839
2020-08-01 14:00:00,304.95054714678554
2020-08-01 15:00:00,308.6685210786701
2020-08-01 16:00:00,310.22148784431295
2020-08-01 17:00:00,309.4675796113881
2020-08-01 18:00:00,306.4355783780346
2020-08-01 19:00:00,301.3087370468382
2020-08-01 20:00:00,294.4011000656883
2020-08-01 21:00:00,287.895130752381
2020-08-01 22:00:00,282.26068385825687
2020-08-01 23:00:00,277.35696672939366
2020-08-02 00:00:00,273.07175528824337
2020-08-02 01:00:00,269.3789249613222
2020-08-02 02:00:00,266.15557008787675
2020-08-02 03:00:00,263.33515067659386
2020-08-02 04:00:00,260.86218192395285
2020-08-02 05:00:00,258.69001562888013
2020-08-02 06:00:00,257.9405710835436
2020-08-02 07:00:00,259.8241367316242
2020-08-02 08:00:00,264.0022699278263
2020-08-02 09:00:00,269.99780220118254
2020-08-02 10:00:00,277.218304074122
2020-08-02 11:00:00,284.9938264130067
2020-08-02 12:00:00,292.6260217125041
2020-08-02 13:00:00,299.44365686144937
2020-08-02 14:00:00,304.8575203947447
2020-08-02 15:00:00,308.4068583284864
2020-08-02 16:00:00,309.79071672349744
2020-08-02 17:00:00,308.88098005833046
2020-08-02 18:00:00,305.7182393474928
2020-08-02 19:00:00,300.4950176008325
2020-08-02 20:00:00,293.5320099703866
2020-08-02 21:00:00,287.0755652805148
2020-08-02 22:00:00,281.52220055438517
2020-08-02 23:00:00,276.7222862666033
2020-08-03 00:00:00,272.55689845525967
2020-08-03 01:00:00,268.8815350692952
2020-08-03 02:00:00,265.6552015508502
2020-08-03 03:00:00,262.81621741903353
2020-08-03 04:00:00,260.3129297282652
2020-08-03 05:00:00,258.10173108611383
2020-08-03 06:00:00,257.25074840762863
2020-08-03 07:00:00,259.04444619093783
2020-08-03 08:00:00,263.15631588333116
2020-08-03 09:00:00,269.1181409784088
2020-08-03 10:00:00,276.34285997418147
2020-08-03 11:00:00,284.1618298959705
2020-08-03 12:00:00,291.87377059430105
2020-08-03 13:00:00,298.8005615261698
2020-08-03 14:00:00,304.3429709936907
2020-08-03 15:00:00,308.02837365623736
2020-08-03 16:00:00,309.54358531800403
2020-08-03 17:00:00,308.74926568950286
2020-08-03 18:00:00,305.6767424216487
2020-08-03 19:00:00,300.51168027833336
2020-08-03 20:00:00,293.5703414643656
2020-08-03 21:00:00,287.1575354211799
2020-08-03 22:00:00,281.6121983275109
2020-08-03 23:00:00,276.7937956936701
2020-08-04 00:00:00,272.5902433557247
2020-08-04 01:00:00,268.9222200735961
2020-08-04 02:00:00,265.70644954276105
2020-08-04 03:00:00,262.8803874617401
2020-08-04 04:00:00,260.3916993641715
2020-08-04 05:00:00,258.1962377792687
2020-08-04 06:00:00,257.30450194248607
2020-08-04 07:00:00,259.0669305595617
2020-08-04 08:00:00,263.15290796937717
2020-08-04 09:00:00,269.09081225738504
2020-08-04 10:00:00,276.2909350457921
2020-08-04 11:00:00,284.0828211075149
2020-08-04 12:00:00,291.7642576494085
2020-08-04 13:00:00,298.65704435182215
2020-08-04 14:00:00,304.1626030015772
2020-08-04 15:00:00,307.8094918046116
2020-08-04 16:00:00,309.2859946535823
2020-08-04 17:00:00,308.4542944959995
2020-08-04 18:00:00,305.34713357689134
2020-08-04 19:00:00,300.15140327260775
2020-08-04 20:00:00,293.1843939245273
2020-08-04 21:00:00,286.81342639331064
2020-08-04 22:00:00,281.309619033995
2020-08-04 23:00:00,276.5321396987073
2020-08-05 00:00:00,272.3686558379598
2020-08-05 01:00:00,268.62392004004295
2020-08-05 02:00:00,265.3035642473486
2020-08-05 03:00:00,262.3523227230505
2020-08-05 04:00:00,259.72364311819564
2020-08-05 05:00:00,257.3779939825883
2020-08-05 06:00:00,256.27140707023256
2020-08-05 07:00:00,257.8361945044143
2020-08-05 08:00:00,261.76753456190255
2020-08-05 09:00:00,267.6139599775529
2020-08-05 10:00:00,274.7989012588356
2020-08-05 11:00:00,282.6568593527558
2020-08-05 12:00:00,290.48180522006174
2020-08-05 13:00:00,297.5832880155354
2020-08-05 14:00:00,303.34351208573656
2020-08-05 15:00:00,307.2673414643036
2020-08-05 16:00:00,309.01792974252584
2020-08-05 17:00:00,308.4337881353709
2020-08-05 18:00:00,305.52757304942253
2020-08-05 19:00:00,300.4707587892433
2020-08-05 20:00:00,293.5700590555077
2020-08-05 21:00:00,287.24933321267804
2020-08-05 22:00:00,281.72878618566057
2020-08-05 23:00:00,276.8842460272944
2020-08-06 00:00:00,272.61603771745536
2020-08-06 01:00:00,268.92176305842105
2020-08-06 02:00:00,265.67480966665295
2020-08-06 03:00:00,262.81410749956984
2020-08-06 04:00:00,260.28848422898113
2020-08-06 05:00:00,258.0547112208028
2020-08-06 06:00:00,257.00674645321374
2020-08-06 07:00:00,258.6361447191221
2020-08-06 08:00:00,262.61597641952375
2020-08-06 09:00:00,268.47709107437834
2020-08-06 10:00:00,275.63058453686375
2020-08-06 11:00:00,283.40481242658865
2020-08-06 12:00:00,291.0942462833309
2020-08-06 13:00:00,298.01537524695266
2020-08-06 14:00:00,303.56275061299567
2020-08-06 15:00:00,307.25719961006513
2020-08-06 16:00:00,308.7792470601288
2020-08-06 17:00:00,307.98406798117185
2020-08-06 18:00:00,304.89871210742405
2020-08-06 19:00:00,299.70597420003355
2020-08-06 20:00:00,292.72067830996207
2020-08-06 21:00:00,286.4353783714226
2020-08-06 22:00:00,280.98974971870405
2020-08-06 23:00:00,276.2493907690856
2020-08-07 00:00:00,272.1067981706458
2020-08-07 01:00:00,268.51065257637083
2020-08-07 02:00:00,265.3607928646325
2020-08-07 03:00:00,262.5953431399323
2020-08-07 04:00:00,260.16250983731334
2020-08-07 05:00:00,258.01859327244887
2020-08-07 06:00:00,256.9971746947568
2020-08-07 07:00:00,258.6572539357598
2020-08-07 08:00:00,262.6625484256936
2020-08-07 09:00:00,268.5363536766844
2020-08-07 10:00:00,275.68439599452654
2020-08-07 11:00:00,283.4321921324293
2020-08-07 12:00:00,291.07408791948984
2020-08-07 13:00:00,297.9290688971056
2020-08-07 14:00:00,303.3963820390436
2020-08-07 15:00:00,307.00303069874064
2020-08-07 16:00:00,308.43632323690264
2020-08-07 17:00:00,307.5580007679807
2020-08-07 18:00:00,304.40086043362214
2020-08-07 19:00:00,299.152321034301
2020-08-07 20:00:00,292.13065410027383
2020-08-07 21:00:00,285.89523287064026
2020-08-07 22:00:00,280.51090808015465
2020-08-07 23:00:00,275.8398227549282
2020-08-08 00:00:00,271.7718275208885
2020-08-08 01:00:00,268.06345048890216
2020-08-08 02:00:00,264.7634835479528
2020-08-08 03:00:00,261.81990682271106
2020-08-08 04:00:00,259.18877325911035
2020-08-08 05:00:00,256.8326599288018
2020-08-08 06:00:00,255.52925121018558
2020-08-08 07:00:00,256.92511499580644
2020-08-08 08:00:00,260.7211805468073
2020-08-08 09:00:00,266.470057474972
2020-08-08 10:00:00,273.5969881417172
2020-08-08 11:00:00,281.4355603179751
2020-08-08 12:00:00,289.2758724661639
2020-08-08 13:00:00,296.4207443757758
2020-08-08 14:00:00,302.24331134633206
2020-08-08 15:00:00,306.2379393604273
2020-08-08 16:00:00,308.05700252609785
2020-08-08 17:00:00,307.5290816891586
2020-08-08 18:00:00,304.65862010179353
2020-08-08 19:00:00,299.6110725582514
2020-08-08 20:00:00,292.6894362785126
2020-08-08 21:00:00,286.50940807006555
2020-08-08 22:00:00,281.0906429231114
2020-08-08 23:00:00,276.3174915956371
2020-08-09 00:00:00,272.0967393000188
2020-08-09 01:00:00,268.5850304153938
2020-08-09 02:00:00,265.5359877813662
2020-08-09 03:00:00,262.8825407044084
2020-08-09 04:00:00,260.56884295301245
2020-08-09 05:00:00,258.548028467237
2020-08-09 06:00:00,257.52846526934155
2020-08-09 07:00:00,259.2057809451917
2020-08-09 08:00:00,263.22044002419693
2020-08-09 09:00:00,269.0774653132907
2020-08-09 10:00:00,276.16998105824956
2020-08-09 11:00:00,283.81719688172916
2020-08-09 12:00:00,291.31369351321445
2020-08-09 13:00:00,297.984843902496
2020-08-09 14:00:00,303.24128727221057
2020-08-09 15:00:00,306.6246278038134
2020-08-09 16:00:00,307.83789210428824
2020-08-09 17:00:00,306.7577470486475
2020-08-09 18:00:00,303.4297839685271
2020-08-09 19:00:00,298.051453222152
2020-08-09 20:00:00,290.94823817714166
2020-08-09 21:00:00,284.8156967350315
2020-08-09 22:00:00,279.5621058547776
2020-08-09 23:00:00,275.04090866535273
2020-08-10 00:00:00,271.1353589401279
2020-08-10 01:00:00,267.4733102593488
2020-08-10 02:00:00,264.20566487019386
2020-08-10 03:00:00,261.2830822672073
2020-08-10 04:00:00,258.6637742524856
2020-08-10 05:00:00,256.3120727250944
2020-08-10 06:00:00,254.8826140576322
2020-08-10 07:00:00,256.1693686619773
2020-08-10 08:00:00,259.8780127870639
2020-08-10 09:00:00,265.5646475491198
2020-08-10 10:00:00,272.65634279481554
2020-08-10 11:00:00,280.4865166849337
2020-08-10 12:00:00,288.34291631837914
2020-08-10 13:00:00,295.52387813614706
2020-08-10 14:00:00,301.39627086780274
2020-08-10 15:00:00,305.44705258070104
2020-08-10 16:00:00,307.320877013044
2020-08-10 17:00:00,306.83912539557093
2020-08-10 18:00:00,304.00021606909
2020-08-10 19:00:00,298.9651252263956
2020-08-10 20:00:00,292.03401703873396
2020-08-10 21:00:00,285.95457386792657
2020-08-10 22:00:00,280.6089076769642
2020-08-10 23:00:00,275.88727887512977
2020-08-11 00:00:00,271.70097372053635
2020-08-11 01:00:00,268.2721805175567
2020-08-11 02:00:00,265.3036009403777
2020-08-11 03:00:00,262.7276735446787
2020-08-11 04:00:00,260.4882035738436
2020-08-11 05:00:00,258.5380911498292
2020-08-11 06:00:00,257.45937903691623
2020-08-11 07:00:00,259.0952059629049
2020-08-11 08:00:00,263.07658370029867
2020-08-11 09:00:00,268.9008978521205
2020-08-11 10:00:00,275.9555746438361
2020-08-11 11:00:00,283.5562125111214
2020-08-11 12:00:00,290.99592255450915
2020-08-11 13:00:00,297.60062363370776
2020-08-11 14:00:00,302.78317251139697
2020-08-11 15:00:00,306.0885363853069
2020-08-11 16:00:00,307.2236482776733
2020-08-11 17:00:00,306.06908411725425
2020-08-11 18:00:00,302.6739743356355
2020-08-11 19:00:00,297.2387652545409
2020-08-11 20:00:00,290.1383216897534
2020-08-11 21:00:00,284.1041821346344
2020-08-11 22:00:00,278.9479064336549
2020-08-11 23:00:00,274.52202723574686
2020-08-12 00:00:00,270.70909089866535
2020-08-12 01:00:00,267.359087352253
2020-08-12 02:00:00,264.4417452491445
2020-08-12 03:00:00,261.8956477247257
2020-08-12 04:00:00,259.6694313675401
2020-08-12 05:00:00,257.7198209589195
2020-08-12 06:00:00,256.5675727322561
2020-08-12 07:00:00,258.13715924322366
2020-08-12 08:00:00,262.07221097841534
2020-08-12 09:00:00,267.8793768667352
2020-08-12 10:00:00,274.95154302013
2020-08-12 11:00:00,282.60561388287095
2020-08-12 12:00:00,290.13178280980327
2020-08-12 13:00:00,296.84919381615384
2020-08-12 14:00:00,302.1609418361688
2020-08-12 15:00:00,305.60053210676443
2020-08-12 16:00:00,306.8631916792906
2020-08-12 17:00:00,305.81884905629846
2020-08-12 18:00:00,302.50793822836397
2020-08-12 19:00:00,297.12455976085346
2020-08-12 20:00:00,290.10486711952575
2020-08-12 21:00:00,284.1075093632911
2020-08-12 22:00:00,278.9557204461171
2020-08-12 23:00:00,274.5106212236117
2020-08-13 00:00:00,270.66119857636346
2020-08-13 01:00:00,267.18351717215035
2020-08-13 02:00:00,264.1170067738171
2020-08-13 03:00:00,261.4069845591287
2020-08-13 04:00:00,259.00738199155063
2020-08-13 05:00:00,256.87909315579543
2020-08-13 06:00:00,255.48102854267682
2020-08-13 07:00:00,256.8225361258942
2020-08-13 08:00:00,260.5764549674871
2020-08-13 09:00:00,266.27198564131226
2020-08-13 10:00:00,273.3165092351819
2020-08-13 11:00:00,281.03219800584367
2020-08-13 12:00:00,288.70475354660596
2020-08-13 13:00:00,295.6395508025924
2020-08-13 14:00:00,301.2183385786499
2020-08-13 15:00:00,304.9484813892843
2020-08-13 16:00:00,306.4976087487589
2020-08-13 17:00:00,305.70973405701875
2020-08-13 18:00:00,302.6033434447147
2020-08-13 19:00:00,297.35571134667015
2020-08-13 20:00:00,290.457538721712
2020-08-13 21:00:00,284.4906063234347
2020-08-13 22:00:00,279.3017277136168
2020-08-13 23:00:00,274.7695832630276
2020-08-14 00:00:00,270.796483486116
2020-08-14 01:00:00,267.31667286903024
2020-08-14 02:00:00,264.2525677074086
2020-08-14 03:00:00,261.54843634829547
2020-08-14 04:00:00,259.1573746161009
2020-08-14 05:00:00,257.03960691220965
2020-08-14 06:00:00,255.58760683537415
2020-08-14 07:00:00,256.8865163915466
2020-08-14 08:00:00,260.60455622775237
2020-08-14 09:00:00,266.26714525122037
2020-08-14 10:00:00,273.2787516061774
2020-08-14 11:00:00,280.95956469938454
2020-08-14 12:00:00,288.5942665584321
2020-08-14 13:00:00,295.48813546958763
2020-08-14 14:00:00,301.023609000911
2020-08-14 15:00:00,304.7093008862697
2020-08-14 16:00:00,306.21438224091247
2020-08-14 17:00:00,305.3844523464934
2020-08-14 18:00:00,302.23945274336023
2020-08-14 19:00:00,296.95790134536503
2020-08-14 20:00:00,290.0983533281309
2020-08-14 21:00:00,284.1708128432762
2020-08-14 22:00:00,279.02159094013456
2020-08-14 23:00:00,274.528959708672
2020-08-15 00:00:00,270.5948994701801
2020-08-15 01:00:00,267.2285432428933
2020-08-15 02:00:00,264.28823763597427
2020-08-15 03:00:00,261.71445053174676
2020-08-15 04:00:00,259.45729480387206
2020-08-15 05:00:00,257.4746543466695
2020-08-15 06:00:00,256.0905230599432
2020-08-15 07:00:00,257.4635514695081
2020-08-15 08:00:00,261.2406374755086
2020-08-15 09:00:00,266.93036349259216
2020-08-15 10:00:00,273.92562617710837
2020-08-15 11:00:00,281.5410090531525
2020-08-15 12:00:00,289.0618906706328
2020-08-15 13:00:00,295.8002686511399
2020-08-15 14:00:00,301.15029019498235
2020-08-15 15:00:00,304.63556227069904
2020-08-15 16:00:00,305.9414760732328
2020-08-15 17:00:00,304.9291377431414
2020-08-15 18:00:00,301.6318663522904
2020-08-15 19:00:00,296.2387073843895
2020-08-15 20:00:00,289.3833350653013
2020-08-15 21:00:00,283.5051034841187
2020-08-15 22:00:00,278.4381434028508
2020-08-15 23:00:00,274.0515861536481
2020-08-16 00:00:00,270.2404361868445
2020-08-16 01:00:00,266.9365301687075
2020-08-16 02:00:00,264.05458730108626
2020-08-16 03:00:00,261.53533392139155
2020-08-16 04:00:00,259.3291068058506
2020-08-16 05:00:00,257.3939907609342
2020-08-16 06:00:00,255.98678603549962
2020-08-16 07:00:00,257.3448214937274
2020-08-16 08:00:00,261.1104135458365
2020-08-16 09:00:00,266.78840111551636
2020-08-16 10:00:00,273.7688594802029
2020-08-16 11:00:00,281.36456550832344
2020-08-16 12:00:00,288.86015026209594
2020-08-16 13:00:00,295.56787566538867
2020-08-16 14:00:00,300.88300579580266
2020-08-16 15:00:00,304.3308614606044
2020-08-16 16:00:00,305.5988441691446
2020-08-16 17:00:00,304.55009078223276
2020-08-16 18:00:00,301.2197762870759
2020-08-16 19:00:00,295.79853227721566
2020-08-16 20:00:00,288.9896189194115
2020-08-16 21:00:00,283.1583768443006
2020-08-16 22:00:00,278.13831142931014
2020-08-16 23:00:00,273.7980590983272
2020-08-17 00:00:00,270.03223618082313
2020-08-17 01:00:00,266.7106225445854
2020-08-17 02:00:00,263.8013964907761
2020-08-17 03:00:00,261.24789584231394
2020-08-17 04:00:00,259.002512088109
2020-08-17 05:00:00,257.0249514280884
2020-08-17 06:00:00,255.5052085766676
2020-08-17 07:00:00,256.762162321059
2020-08-17 08:00:00,260.4469722618103
2020-08-17 09:00:00,266.0711405776917
2020-08-17 10:00:00,273.02875272024136
2020-08-17 11:00:00,280.6335615512774
2020-08-17 12:00:00,288.16797745923066
2020-08-17 13:00:00,294.9390208082752
2020-08-17 14:00:00,300.3342725039469
2020-08-17 15:00:00,303.86986591443366
2020-08-17 16:00:00,305.223631717083
2020-08-17 17:00:00,304.2498069666537
2020-08-17 18:00:00,300.9761078264107
2020-08-17 19:00:00,295.58754096198055
2020-08-17 20:00:00,288.85262165148936
2020-08-17 21:00:00,283.0607908735971
2020-08-17 22:00:00,278.0543101107563
2020-08-17 23:00:00,273.70832120857574
2020-08-18 00:00:00,269.9223654993886
2020-08-18 01:00:00,266.7711447603166
2020-08-18 02:00:00,264.0488541785851
2020-08-18 03:00:00,261.6922884116107
2020-08-18 04:00:00,259.6487792530513
2020-08-18 05:00:00,257.8741306384626
2020-08-18 06:00:00,256.4865771506816
2020-08-18 07:00:00,257.8809530763147
2020-08-18 08:00:00,261.6729374057285
2020-08-18 09:00:00,267.34673322953427
2020-08-18 10:00:00,274.27844125062023
2020-08-18 11:00:00,281.7741187776886
2020-08-18 12:00:00,289.1191069175155
2020-08-18 13:00:00,295.6332787348255
2020-08-18 14:00:00,300.7250546604657
2020-08-18 15:00:00,303.93640644711195
2020-08-18 16:00:00,304.97253318662587
2020-08-18 17:00:00,303.7133938357068
2020-08-18 18:00:00,300.208532562049
2020-08-18 19:00:00,294.65980200783616
2020-08-18 20:00:00,287.9170903451715
2020-08-18 21:00:00,282.19479656477404
2020-08-18 22:00:00,277.3134080752087
2020-08-18 23:00:00,273.1318708524779
2020-08-19 00:00:00,269.53749039388464
2020-08-19 01:00:00,265.9211799521118
2020-08-19 02:00:00,262.656657335653
2020-08-19 03:00:00,259.70297246284485
2020-08-19 04:00:00,257.0251612613848
2020-08-19 05:00:00,254.59314941705924
2020-08-19 06:00:00,252.46700952894597
2020-08-19 07:00:00,253.13577376481365
2020-08-19 08:00:00,256.32680593074065
2020-08-19 09:00:00,261.61320448925534
2020-08-19 10:00:00,268.43224697526654
2020-08-19 11:00:00,276.1189754180642
2020-08-19 12:00:00,283.95298590663043
2020-08-19 13:00:00,291.21449305660485
2020-08-19 14:00:00,297.24342143574114
2020-08-19 15:00:00,301.4935335580838
2020-08-19 16:00:00,303.5736569165544
2020-08-19 17:00:00,303.2706068200571
2020-08-19 18:00:00,300.5527789451985
2020-08-19 19:00:00,295.55775991442675
2020-08-19 20:00:00,289.15967010558273
2020-08-19 21:00:00,283.48868783872496
2020-08-19 22:00:00,278.4379183483227
2020-08-19 23:00:00,273.92108417667816
2020-08-20 00:00:00,269.86754237621733
2020-08-20 01:00:00,266.77575851774577
2020-08-20 02:00:00,264.116991199128
2020-08-20 03:00:00,261.8259843435194
2020-08-20 04:00:00,259.8485182222762
2020-08-20 05:00:00,258.13923157409
2020-08-20 06:00:00,256.675994498598
2020-08-20 07:00:00,258.01704823088886
2020-08-20 08:00:00,261.763717722255
2020-08-20 09:00:00,267.3890986083671
2020-08-20 10:00:00,274.26150997284645
2020-08-20 11:00:00,281.68266724303544
2020-08-20 12:00:00,288.9369738512872
2020-08-20 13:00:00,295.3464528024948
2020-08-20 14:00:00,300.3241172103417
2020-08-20 15:00:00,303.41806976237683
2020-08-20 16:00:00,304.34019025774944
2020-08-20 17:00:00,302.97681073085863
2020-08-20 18:00:00,299.3829722673229
2020-08-20 19:00:00,293.7649033936032
2020-08-20 20:00:00,287.1169505727306
2020-08-20 21:00:00,281.4973228606943
2020-08-20 22:00:00,276.7228439753257
2020-08-20 23:00:00,272.6497324463745
2020-08-21 00:00:00,269.1632583311032
2020-08-21 01:00:00,265.7553455277797
2020-08-21 02:00:00,262.72065924378967
2020-08-21 03:00:00,260.0124748920309
2020-08-21 04:00:00,257.59111694770866
2020-08-21 05:00:00,255.42265078968316
2020-08-21 06:00:00,253.47786695202134
2020-08-21 07:00:00,254.28873315624654
2020-08-21 08:00:00,257.60511797083586
2020-08-21 09:00:00,262.96815315625844
2020-08-21 10:00:00,269.79122126991956
2020-08-21 11:00:00,277.39519042311144
2020-08-21 12:00:00,285.0563628905631
2020-08-21 13:00:00,292.0627210484258
2020-08-21 14:00:00,297.77185989816536
2020-08-21 15:00:00,301.6625774718925
2020-08-21 16:00:00,303.37260611618865
2020-08-21 17:00:00,302.7178739266224
2020-08-21 18:00:00,299.6931097242596
2020-08-21 19:00:00,294.4576494565663
2020-08-21 20:00:00,288.0445850359418
2020-08-21 21:00:00,282.43475460063047
2020-08-21 22:00:00,277.50382355797217
2020-08-21 23:00:00,273.1520551372616
2020-08-22 00:00:00,269.29823877789045
2020-08-22 01:00:00,266.1469844088142
2020-08-22 02:00:00,263.40381180000145
2020-08-22 03:00:00,261.0110225672492
2020-08-22 04:00:00,258.9202505683741
2020-08-22 05:00:00,257.09067027691606
2020-08-22 06:00:00,255.487615575337
2020-08-22 07:00:00,256.57059366798296
2020-08-22 08:00:00,260.1117619457241
2020-08-22 09:00:00,265.60437860702103
2020-08-22 10:00:00,272.4287504635173
2020-08-22 11:00:00,279.88951740413285
2020-08-22 12:00:00,287.2646906184816
2020-08-22 13:00:00,293.86129705224977
2020-08-22 14:00:00,299.0705781942886
2020-08-22 15:00:00,302.41485729399517
2020-08-22 16:00:00,303.57940936770393
2020-08-22 17:00:00,302.4260349774007
2020-08-22 18:00:00,298.98936266011214
2020-08-22 19:00:00,293.46031832273957
2020-08-22 20:00:00,286.9667812363747
2020-08-22 21:00:00,281.4104482868743
2020-08-22 22:00:00,276.6326662019083
2020-08-22 23:00:00,272.50776484482697
2020-08-23 00:00:00,268.9346155021424
2020-08-23 01:00:00,266.1573383517021
2020-08-23 02:00:00,263.8038998119733
2020-08-23 03:00:00,261.8059939996183
2020-08-23 04:00:00,260.1073478591328
2020-08-23 05:00:00,258.66131334345914
2020-08-23 06:00:00,257.4290207588762
2020-08-23 07:00:00,258.79823501577397
2020-08-23 08:00:00,262.5601456068292
2020-08-23 09:00:00,268.15655392277614
2020-08-23 10:00:00,274.93573314320753
2020-08-23 11:00:00,282.19096487698783
2020-08-23 12:00:00,289.2095659587141
2020-08-23 13:00:00,295.3265333729301
2020-08-23 14:00:00,299.9754978315066
2020-08-23 15:00:00,302.72955844381175
2020-08-23 16:00:00,303.32648880422823
2020-08-23 17:00:00,301.6764514532241
2020-08-23 18:00:00,297.85433041938137
2020-08-23 19:00:00,292.08140901723783
2020-08-23 20:00:00,285.57855433965534
2020-08-23 21:00:00,280.15885270785924
2020-08-23 22:00:00,275.6195262963719
2020-08-23 23:00:00,271.8025174588427
2020-08-24 00:00:00,268.58261450097206
2020-08-24 01:00:00,265.89641812893217
2020-08-24 02:00:00,263.6265749751643
2020-08-24 03:00:00,261.7051816962516
2020-08-24 04:00:00,260.07637595423734
2020-08-24 05:00:00,258.6939254015358
2020-08-24 06:00:00,257.51937658275733
2020-08-24 07:00:00,258.87148258747374
2020-08-24 08:00:00,262.6181997694183
2020-08-24 09:00:00,268.1946010153391
2020-08-24 10:00:00,274.94459035911717
2020-08-24 11:00:00,282.1594208493877
2020-08-24 12:00:00,289.12659904510525
2020-08-24 13:00:00,295.18322896151295
2020-08-24 14:00:00,299.76647181534935
2020-08-24 15:00:00,302.45375409938293
2020-08-24 16:00:00,302.98733373252884
2020-08-24 17:00:00,301.28149123294156
2020-08-24 18:00:00,297.41453764767584
2020-08-24 19:00:00,291.61036883464277
2020-08-24 20:00:00,285.164824372416
2020-08-24 21:00:00,279.80746301846625
2020-08-24 22:00:00,275.3327503847418
2020-08-24 23:00:00,271.5806565117472
2020-08-25 00:00:00,268.42456468207047
2020-08-25 01:00:00,265.1570348380915
2020-08-25 02:00:00,262.259237944062
2020-08-25 03:00:00,259.6840160171714
2020-08-25 04:00:00,257.39135463224477
2020-08-25 05:00:00,255.34706281415706
2020-08-25 06:00:00,253.52174650078734
2020-08-25 07:00:00,254.17084235539795
2020-08-25 08:00:00,257.3512099178758
2020-08-25 09:00:00,262.59068342726164
2020-08-25 10:00:00,269.29229869196473
2020-08-25 11:00:00,276.76973858440533
2020-08-25 12:00:00,284.2954018538306
2020-08-25 13:00:00,291.1565222903457
2020-08-25 14:00:00,296.71264715807325
2020-08-25 15:00:00,300.44647775373556
2020-08-25 16:00:00,302.00070374904385
2020-08-25 17:00:00,301.1964336745651
2020-08-25 18:00:00,298.0332170433221
2020-08-25 19:00:00,292.6745851805356
2020-08-25 20:00:00,286.4487373130565
2020-08-25 21:00:00,281.02031492834067
2020-08-25 22:00:00,276.26516902303325
2020-08-25 23:00:00,272.08358253527234
2020-08-26 00:00:00,268.39428505867176
2020-08-26 01:00:00,264.9340892736353
2020-08-26 02:00:00,261.81870167448216
2020-08-26 03:00:00,259.0076711687976
2020-08-26 04:00:00,256.4664265835331
2020-08-26 05:00:00,254.1652109420027
2020-08-26 06:00:00,252.07824858939586
2020-08-26 07:00:00,252.39331901584256
2020-08-26 08:00:00,255.282257988542
2020-08-26 09:00:00,260.3058290558645
2020-08-26 10:00:00,266.89094147282833
2020-08-26 11:00:00,274.3642187082326
2020-08-26 12:00:00,281.9987765839859
2020-08-26 13:00:00,289.07016007326007
2020-08-26 14:00:00,294.91515024476575
2020-08-26 15:00:00,298.98549794749556
2020-08-26 16:00:00,300.8887590419828
2020-08-26 17:00:00,300.41095130780195
2020-08-26 18:00:00,297.5200783474109
2020-08-26 19:00:00,292.35385366700933
2020-08-26 20:00:00,286.2953636793377
2020-08-26 21:00:00,280.9304905612586
2020-08-26 22:00:00,276.1585287659409
2020-08-26 23:00:00,271.89777018259326
2020-08-27 00:00:00,268.08101329856646
2020-08-27 01:00:00,264.9839403781344
2020-08-27 02:00:00,262.26408300669516
2020-08-27 03:00:00,259.87079101671196
2020-08-27 04:00:00,257.7612892609418
2020-08-27 05:00:00,255.8992097274034
2020-08-27 06:00:00,254.25345148066228
2020-08-27 07:00:00,254.93634378373278
2020-08-27 08:00:00,258.1461117836419
2020-08-27 09:00:00,263.3872540288156
2020-08-27 10:00:00,270.0461195329757
2020-08-27 11:00:00,277.42715039899116
2020-08-27 12:00:00,284.80138410689256
2020-08-27 13:00:00,291.46231206839525
2020-08-27 14:00:00,296.78220589765516
2020-08-27 15:00:00,300.26096831143474
2020-08-27 16:00:00,301.5604957855481
2020-08-27 17:00:00,300.52070722944813
2020-08-27 18:00:00,297.157745891687
2020-08-27 19:00:00,291.64852729654365
2020-08-27 20:00:00,285.4798999848677
2020-08-27 21:00:00,280.15129696330496
2020-08-27 22:00:00,275.5271517047427
2020-08-27 23:00:00,271.4990187344995
2020-08-28 00:00:00,267.978862600883
2020-08-28 01:00:00,264.9569396147775
2020-08-28 02:00:00,262.3155584791181
2020-08-28 03:00:00,260.0023497728146
2020-08-28 04:00:00,257.9731999108558
2020-08-28 05:00:00,256.19070399604357
2020-08-28 06:00:00,254.6229650183843
2020-08-28 07:00:00,255.30999624257132
2020-08-28 08:00:00,258.5230233722579
2020-08-28 09:00:00,263.7553792248811
2020-08-28 10:00:00,270.385598261883
2020-08-28 11:00:00,277.713953759723
2020-08-28 12:00:00,285.01108134416666
2020-08-28 13:00:00,291.5736321474051
2020-08-28 14:00:00,296.7799855341167
2020-08-28 15:00:00,300.1381195528372
2020-08-28 16:00:00,301.3188046189432
2020-08-28 17:00:00,300.17053245296796
2020-08-28 18:00:00,296.71691242389505
2020-08-28 19:00:00,291.14080213935176
2020-08-28 20:00:00,285.00839912804383
2020-08-28 21:00:00,279.734537202104
2020-08-28 22:00:00,275.178296313903
2020-08-28 23:00:00,271.22716952313493
2020-08-29 00:00:00,267.79000278615484
2020-08-29 01:00:00,264.7501757639827
2020-08-29 02:00:00,262.08442050511815
2020-08-29 03:00:00,259.74218853444705
2020-08-29 04:00:00,257.68080333720957
2020-08-29 05:00:00,255.86399592795374
2020-08-29 06:00:00,254.2607664719244
2020-08-29 07:00:00,254.83960079897759
2020-08-29 08:00:00,257.9615723607331
2020-08-29 09:00:00,263.1256365571638
2020-08-29 10:00:00,269.7138916971589
2020-08-29 11:00:00,277.02776914156686
2020-08-29 12:00:00,284.3364727643206
2020-08-29 13:00:00,290.93270886650294
2020-08-29 14:00:00,296.1888002285812
2020-08-29 15:00:00,299.605264612546
2020-08-29 16:00:00,300.84490040182817
2020-08-29 17:00:00,299.7485964326491
2020-08-29 18:00:00,296.3334129073937
2020-08-29 19:00:00,290.7771050463256
2020-08-29 20:00:00,284.71775891793874
2020-08-29 21:00:00,279.488662384339
2020-08-29 22:00:00,274.9557622147795
2020-08-29 23:00:00,271.011713298621
2020-08-30 00:00:00,267.56930700347755
2020-08-30 01:00:00,264.8261828568272
2020-08-30 02:00:00,262.46838302189013
2020-08-30 03:00:00,260.43820790653547
2020-08-30 04:00:00,258.68753334792626
2020-08-30 05:00:00,257.17597812929375
2020-08-30 06:00:00,255.86948420840764
2020-08-30 07:00:00,256.6615817348832
2020-08-30 08:00:00,259.95984386616993
2020-08-30 09:00:00,265.2206297343622
2020-08-30 10:00:00,271.7978482166562
2020-08-30 11:00:00,278.9803350082391
2020-08-30 12:00:00,286.040636510153
2020-08-30 13:00:00,292.2896372632766
2020-08-30 14:00:00,297.12983003374165
2020-08-30 15:00:00,300.0995372175404
2020-08-30 16:00:00,300.9019214238564
2020-08-30 17:00:00,299.4161001786757
2020-08-30 18:00:00,295.69183488009634
2020-08-30 19:00:00,289.93232024160574
2020-08-30 20:00:00,283.86926756509575
2020-08-30 21:00:00,278.73922154531016
2020-08-30 22:00:00,274.3789798869854
2020-08-30 23:00:00,270.6593945272785
2020-08-31 00:00:00,267.4767418738687
2020-08-31 01:00:00,264.6042013064962
2020-08-31 02:00:00,262.1085256965817
2020-08-31 03:00:00,259.93629815479926
2020-08-31 04:00:00,258.0426479732785
2020-08-31 05:00:00,256.38964565878695
2020-08-31 06:00:00,254.94505612071882
2020-08-31 07:00:00,255.53052626806237
2020-08-31 08:00:00,258.65802233636015
2020-08-31 09:00:00,263.8042288642031
2020-08-31 10:00:00,270.33583100976625
2020-08-31 11:00:00,277.5461990313383
2020-08-31 12:00:00,284.7039815519118
2020-08-31 13:00:00,291.1083493101976
2020-08-31 14:00:00,296.14383336534945
2020-08-31 15:00:00,299.32693229686396
2020-08-31 16:00:00,300.33788933885955
2020-08-31 17:00:00,299.03435908163976
2020-08-31 18:00:00,295.4479378456732
2020-08-31 19:00:00,289.7678963052579
2020-08-31 20:00:00,283.792610588803
2020-08-31 21:00:00,278.68147368374247
2020-08-31 22:00:00,274.29015675194944
2020-08-31 23:00:00,270.5035447284468
2020-09-01 00:00:00,267.2284916989761
2020-09-01 01:00:00,264.4083383145889
2020-09-01 02:00:00,261.96131057517994
2020-09-01 03:00:00,259.8342240563486
2020-09-01 04:00:00,257.98241928828844
2020-09-01 05:00:00,256.3681631806312
2020-09-01 06:00:00,254.95940608333234
2020-09-01 07:00:00,255.50430424397572
2020-09-01 08:00:00,258.5978378482469
2020-09-01 09:00:00,263.71263125887003
2020-09-01 10:00:00,270.2124465314834
2020-09-01 11:00:00,277.38885741487087
2020-09-01 12:00:00,284.5098018554557
2020-09-01 13:00:00,290.8747102660774
2020-09-01 14:00:00,295.86913842127007
2020-09-01 15:00:00,299.0111002283379
2020-09-01 16:00:00,299.98255315764885
2020-09-01 17:00:00,298.64281805784606
2020-09-01 18:00:00,295.02495131352435
2020-09-01 19:00:00,289.31941476039395
2020-09-01 20:00:00,283.4019942705941
2020-09-01 21:00:00,278.3459895751401
2020-09-01 22:00:00,274.0071028632987
2020-09-01 23:00:00,270.2702316596862
2020-09-02 00:00:00,267.04224317775373
2020-09-02 01:00:00,264.09214675118113
2020-09-02 02:00:00,261.5033206876558
2020-09-02 03:00:00,259.2272869941761
2020-09-02 04:00:00,257.22304558206866
2020-09-02 05:00:00,255.4556988381795
2020-09-02 06:00:00,253.89537887047982
2020-09-02 07:00:00,254.21779953365345
2020-09-02 08:00:00,257.12238400996637
2020-09-02 09:00:00,262.10461401417695
2020-09-02 10:00:00,268.5434139288743
2020-09-02 11:00:00,275.7369280194753
2020-09-02 12:00:00,282.95066341346586
2020-09-02 13:00:00,289.47304155700124
2020-09-02 14:00:00,294.67148713366714
2020-09-02 15:00:00,298.04116597117536
2020-09-02 16:00:00,299.2394029710709
2020-09-02 17:00:00,298.10192753676785
2020-09-02 18:00:00,294.6413881838128
2020-09-02 19:00:00,289.03221253046337
2020-09-02 20:00:00,283.2156561020176
2020-09-02 21:00:00,278.18847640675966
2020-09-02 22:00:00,273.82500384824084
2020-09-02 23:00:00,270.0241703476415
2020-09-03 00:00:00,266.7035662875149
2020-09-03 01:00:00,263.6994993490174
2020-09-03 02:00:00,261.0450143027059
2020-09-03 03:00:00,258.69500586274205
2020-09-03 04:00:00,256.6111551874211
2020-09-03 05:00:00,254.76069890336782
2020-09-03 06:00:00,253.11546626769888
2020-09-03 07:00:00,253.27800075010262
2020-09-03 08:00:00,256.0442651549759
2020-09-03 09:00:00,260.92396402278337
2020-09-03 10:00:00,267.30579369837966
2020-09-03 11:00:00,274.49254743891134
2020-09-03 12:00:00,281.74886477610903
2020-09-03 13:00:00,288.35688905221076
2020-09-03 14:00:00,293.6731131640355
2020-09-03 15:00:00,297.1785120529128
2020-09-03 16:00:00,298.51476292274765
2020-09-03 17:00:00,297.5023109683821
2020-09-03 18:00:00,294.14033534352313
2020-09-03 19:00:00,288.59247739747104
2020-09-03 20:00:00,282.86926719400196
2020-09-03 21:00:00,277.88759475273315
2020-09-03 22:00:00,273.5332892472291
2020-09-03 23:00:00,269.71403657044834
2020-09-04 00:00:00,266.35419143430397
2020-09-04 01:00:00,263.33188341535566
2020-09-04 02:00:00,260.64989181812194
2020-09-04 03:00:00,258.2654025643463
2020-09-04 04:00:00,256.14193851958413
2020-09-04 05:00:00,254.24822162067403
2020-09-04 06:00:00,252.55728080561607
2020-09-04 07:00:00,252.5977215327353
2020-09-04 08:00:00,255.25732440827355
2020-09-04 09:00:00,260.05440746371
2020-09-04 10:00:00,266.3836944008939
2020-09-04 11:00:00,273.55094301601713
2020-09-04 12:00:00,280.8203818957563
2020-09-04 13:00:00,287.47035726334263
2020-09-04 14:00:00,292.8505755943538
2020-09-04 15:00:00,296.43305176740864
2020-09-04 16:00:00,297.84943805123294
2020-09-04 17:00:00,296.9102538748109
2020-09-04 18:00:00,293.60581780498813
2020-09-04 19:00:00,288.09258706902796
2020-09-04 20:00:00,282.4531570023597
2020-09-04 21:00:00,277.52257862394583
2020-09-04 22:00:00,273.1941246805537
2020-09-04 23:00:00,269.3811800555617
2020-09-05 00:00:00,266.01253028980676
2020-09-05 01:00:00,263.3246926811505
2020-09-05 02:00:00,260.98602167914567
2020-09-05 03:00:00,258.94770547389675
2020-09-05 04:00:00,257.1685956571885
2020-09-05 05:00:00,255.61380103201586
2020-09-05 06:00:00,254.25358754323298
2020-09-05 07:00:00,254.53920812869117
2020-09-05 08:00:00,257.41462484054944
2020-09-05 09:00:00,262.35291628010293
2020-09-05 10:00:00,268.71729355441164
2020-09-05 11:00:00,275.79725367551646
2020-09-05 12:00:00,282.8568031794991
2020-09-05 13:00:00,289.18950981041945
2020-09-05 14:00:00,294.17337549493817
2020-09-05 15:00:00,297.3177345542913
2020-09-05 16:00:00,298.2955407519297
2020-09-05 17:00:00,296.9576500120975
2020-09-05 18:00:00,293.329925363489
2020-09-05 19:00:00,287.59738382374854
2020-09-05 20:00:00,281.94104733775663
2020-09-05 21:00:00,277.09219703488395
2020-09-05 22:00:00,272.9183871416504
2020-09-05 23:00:00,269.31338287990155
2020-09-06 00:00:00,266.19081478097456
2020-09-06 01:00:00,263.44473424616814
2020-09-06 02:00:00,261.0499230730531
2020-09-06 03:00:00,258.9578284784025
2020-09-06 04:00:00,257.12747598134166
2020-09-06 05:00:00,255.5240799758504
2020-09-06 06:00:00,254.11795725432475
2020-09-06 07:00:00,254.28474482628454
2020-09-06 08:00:00,257.0581149452854
2020-09-06 09:00:00,261.91489134401246
2020-09-06 10:00:00,268.22062605497666
2020-09-06 11:00:00,275.2654424709571
2020-09-06 12:00:00,282.31208269155906
2020-09-06 13:00:00,288.65098301763203
2020-09-06 14:00:00,293.6554171739735
2020-09-06 15:00:00,296.82890131006985
2020-09-06 16:00:00,297.8381380212451
2020-09-06 17:00:00,296.52796418307173
2020-09-06 18:00:00,292.9189897039166
2020-09-06 19:00:00,287.1920698942371
2020-09-06 20:00:00,281.6030411634929
2020-09-06 21:00:00,276.79885064311355
2020-09-06 22:00:00,272.6524974585594
2020-09-06 23:00:00,269.06185007190743
2020-09-07 00:00:00,265.9436784512072
2020-09-07 01:00:00,263.35333857476945
2020-09-07 02:00:00,261.1129090766945
2020-09-07 03:00:00,259.1719433252088
2020-09-07 04:00:00,257.48807019007734
2020-09-07 05:00:00,256.0254998328166
2020-09-07 06:00:00,254.7538555156246
2020-09-07 07:00:00,254.97237880466346
2020-09-07 08:00:00,257.7910812635719
2020-09-07 09:00:00,262.66748228243983
2020-09-07 10:00:00,268.95411311131767
2020-09-07 11:00:00,275.93472668783323
2020-09-07 12:00:00,282.8724114336084
2020-09-07 13:00:00,289.0641741341994
2020-09-07 14:00:00,293.8949053421132
2020-09-07 15:00:00,296.88300718247706
2020-09-07 16:00:00,297.71127417332696
2020-09-07 17:00:00,296.23992798712413
2020-09-07 18:00:00,292.5028623782268
2020-09-07 19:00:00,286.6913847321603
2020-09-07 20:00:00,281.1467170715642
2020-09-07 21:00:00,276.41913593655306
2020-09-07 22:00:00,272.37195340438825
2020-09-07 23:00:00,268.8957421930815
2020-09-08 00:00:00,265.9017271579557
2020-09-08 01:00:00,263.66993351525934
2020-09-08 02:00:00,261.7858541724513
2020-09-08 03:00:00,260.1930313705484
2020-09-08 04:00:00,258.8448327522722
2020-09-08 05:00:00,257.70255234182207
2020-09-08 06:00:00,256.7339319231536
2020-09-08 07:00:00,257.160874909385
2020-09-08 08:00:00,260.15315876793886
2020-09-08 09:00:00,265.11628696395644
2020-09-08 10:00:00,271.36996143886375
2020-09-08 11:00:00,278.184715476015
2020-09-08 12:00:00,284.82954816927435
2020-09-08 13:00:00,290.6244418191703
2020-09-08 14:00:00,294.99042564465935
2020-09-08 15:00:00,297.48983414551293
2020-09-08 16:00:00,297.8513117175458
2020-09-08 17:00:00,295.9776652637626
2020-09-08 18:00:00,291.93853256287025
2020-09-08 19:00:00,285.9524002029833
2020-09-08 20:00:00,280.45692290981066
2020-09-08 21:00:00,275.88201761342253
2020-09-08 22:00:00,272.05810384832705
2020-09-08 23:00:00,268.85153826439733
2020-09-09 00:00:00,266.15558080120434
2020-09-09 01:00:00,263.8169832409057
2020-09-09 02:00:00,261.83370764606275
2020-09-09 03:00:00,260.1492399256716
2020-09-09 04:00:00,258.7167665357695
2020-09-09 05:00:00,257.4973096914903
2020-09-09 06:00:00,256.45827604598554
2020-09-09 07:00:00,256.74466146772403
2020-09-09 08:00:00,259.6201859246018
2020-09-09 09:00:00,264.49778658460923
2020-09-09 10:00:00,270.7012548059467
2020-09-09 11:00:00,277.50164320120075
2020-09-09 12:00:00,284.1649184926012
2020-09-09 13:00:00,290.0048506140823
2020-09-09 14:00:00,294.43383667525404
2020-09-09 15:00:00,297.0042260051115
2020-09-09 16:00:00,297.43450062479894
2020-09-09 17:00:00,295.6181700251277
2020-09-09 18:00:00,291.617164176212
2020-09-09 19:00:00,285.6442067602118
2020-09-09 20:00:00,280.21142996779554
2020-09-09 21:00:00,275.66607062810215
2020-09-09 22:00:00,271.8480689422601
2020-09-09 23:00:00,268.63074340270447
2020-09-10 00:00:00,265.91250096759285
2020-09-10 01:00:00,263.621470336031
2020-09-10 02:00:00,261.6796413804651
2020-09-10 03:00:00,260.0313685962171
2020-09-10 04:00:00,258.6305573473623
2020-09-10 05:00:00,257.4388321972233
2020-09-10 06:00:00,256.4241096700901
2020-09-10 07:00:00,256.65503253527555
2020-09-10 08:00:00,259.4843411586589
2020-09-10 09:00:00,264.3221370743243
2020-09-10 10:00:00,270.4902059854919
2020-09-10 11:00:00,277.258287603131
2020-09-10 12:00:00,283.89160574214463
2020-09-10 13:00:00,289.7036250135688
2020-09-10 14:00:00,294.10673180692316
2020-09-10 15:00:00,296.6534218711254
2020-09-10 16:00:00,297.06237150473953
2020-09-10 17:00:00,295.2272676276847
2020-09-10 18:00:00,291.21018177347366
2020-09-10 19:00:00,285.2239556242114
2020-09-10 20:00:00,279.8591780812645
2020-09-10 21:00:00,275.3725986474039
2020-09-10 22:00:00,271.6057764447752
2020-09-10 23:00:00,268.4332493859327
2020-09-11 00:00:00,265.7543712077665
2020-09-11 01:00:00,263.28830953381447
2020-09-11 02:00:00,261.169279549906
2020-09-11 03:00:00,259.34559282752485
2020-09-11 04:00:00,257.7740081171285
2020-09-11 05:00:00,256.41815548955213
2020-09-11 06:00:00,255.24730444724983
2020-09-11 07:00:00,255.25392579907773
2020-09-11 08:00:00,257.89324374942214
2020-09-11 09:00:00,262.6029940908946
2020-09-11 10:00:00,268.7220913593856
2020-09-11 11:00:00,275.5265017775515
2020-09-11 12:00:00,282.27692058320116
2020-09-11 13:00:00,288.2725984420272
2020-09-11 14:00:00,292.9041657786564
2020-09-11 15:00:00,295.69784507508706
2020-09-11 16:00:00,296.34489283568746
2020-09-11 17:00:00,294.7134578304335
2020-09-11 18:00:00,290.8440989426781
2020-09-11 19:00:00,284.93325841368267
2020-09-11 20:00:00,279.63890268868715
2020-09-11 21:00:00,275.149139085274
2020-09-11 22:00:00,271.3271252898951
2020-09-11 23:00:00,268.06335301620487
2020-09-12 00:00:00,265.2690700466628
2020-09-12 01:00:00,262.669826899985
2020-09-12 02:00:00,260.4059328938277
2020-09-12 03:00:00,258.4309042463723
2020-09-12 04:00:00,256.7054781435634
2020-09-12 05:00:00,255.19630408238802
2020-09-12 06:00:00,253.8749164007435
2020-09-12 07:00:00,253.65821915674005
2020-09-12 08:00:00,256.1028017436686
2020-09-12 09:00:00,260.6753466532631
2020-09-12 10:00:00,266.73384515288086
2020-09-12 11:00:00,273.5627799339549
2020-09-12 12:00:00,280.42061047213554
2020-09-12 13:00:00,286.5943130700174
2020-09-12 14:00:00,291.4540404717916
2020-09-12 15:00:00,294.50017802393904
2020-09-12 16:00:00,295.3961544593525
2020-09-12 17:00:00,293.9834933802604
2020-09-12 18:00:00,290.27973202144824
2020-09-12 19:00:00,284.46323351998694
2020-09-12 20:00:00,279.25772705068243
2020-09-12 21:00:00,274.7825837210426
2020-09-12 22:00:00,270.92100482804915
2020-09-12 23:00:00,267.578564258702
2020-09-13 00:00:00,264.67798093345493
2020-09-13 01:00:00,262.2262545835836
2020-09-13 02:00:00,260.0995860958245
2020-09-13 03:00:00,258.252042231481
2020-09-13 04:00:00,256.6448840993906
2020-09-13 05:00:00,255.24526665660778
2020-09-13 06:00:00,254.02521530537985
2020-09-13 07:00:00,253.82468734017237
2020-09-13 08:00:00,256.28510267031015
2020-09-13 09:00:00,260.86255770008097
2020-09-13 10:00:00,266.90783073510653
2020-09-13 11:00:00,273.7017145443675
2020-09-13 12:00:00,280.5025053156349
2020-09-13 13:00:00,286.6002661994634
2020-09-13 14:00:00,291.37086832414116
2020-09-13 15:00:00,294.32213215607084
2020-09-13 16:00:00,295.1255862328532
2020-09-13 17:00:00,293.63054771886607
2020-09-13 18:00:00,289.8613343817424
2020-09-13 19:00:00,284.0017034378431
2020-09-13 20:00:00,278.85781575960266
2020-09-13 21:00:00,274.45406390249684
2020-09-13 22:00:00,270.67008951488083
2020-09-13 23:00:00,267.4087737146495
2020-09-14 00:00:00,264.5907908753679
2020-09-14 01:00:00,261.9282538436986
2020-09-14 02:00:00,259.5862537179073
2020-09-14 03:00:00,257.52279569816403
2020-09-14 04:00:00,255.7021573756372
2020-09-14 05:00:00,254.0937785799782
2020-09-14 06:00:00,252.67138595443365
2020-09-14 07:00:00,252.19857934696446
2020-09-14 08:00:00,254.41599187761622
2020-09-14 09:00:00,258.81109678494073
2020-09-14 10:00:00,264.7562084806963
2020-09-14 11:00:00,271.54281310312746
2020-09-14 12:00:00,278.4285578775883
2020-09-14 13:00:00,284.69195998398055
2020-09-14 14:00:00,289.6881121422794
2020-09-14 15:00:00,292.89765408946954
2020-09-14 16:00:00,293.96206754921167
2020-09-14 17:00:00,292.7012611352861
2020-09-14 18:00:00,289.1135477504375
2020-09-14 19:00:00,283.36174077222955
2020-09-14 20:00:00,278.3152764699521
2020-09-14 21:00:00,273.93195840237587
2020-09-14 22:00:00,270.11107106666617
2020-09-14 23:00:00,266.77047852684876
2020-09-15 00:00:00,263.8424102327452
2020-09-15 01:00:00,261.25670992948756
2020-09-15 02:00:00,258.9793757087978
2020-09-15 03:00:00,256.9704305678439
2020-09-15 04:00:00,255.1957982060688
2020-09-15 05:00:00,253.62627192861908
2020-09-15 06:00:00,252.23669876703048
2020-09-15 07:00:00,251.7138760517003
2020-09-15 08:00:00,253.88710502793643
2020-09-15 09:00:00,258.24581698192355
2020-09-15 10:00:00,264.1637018801422
2020-09-15 11:00:00,270.93290762333487
2020-09-15 12:00:00,277.8109243990343
2020-09-15 13:00:00,284.07525236697165
2020-09-15 14:00:00,289.07916670037014
2020-09-15 15:00:00,292.30086645647157
2020-09-15 16:00:00,293.37904563929055
2020-09-15 17:00:00,292.13079687193203
2020-09-15 18:00:00,288.5518792661149
2020-09-15 19:00:00,282.80929125307745
2020-09-15 20:00:00,277.8361197414809
2020-09-15 21:00:00,273.51120182307807
2020-09-15 22:00:00,269.73687856700093
2020-09-15 23:00:00,266.4333631961032
2020-09-16 00:00:00,263.5347186467819
2020-09-16 01:00:00,261.26991697689533
2020-09-16 02:00:00,259.3080599636427
2020-09-16 03:00:00,257.6062275731955
2020-09-16 04:00:00,256.1281805537004
2020-09-16 05:00:00,254.84317104346292
2020-09-16 06:00:00,253.72500144718603
2020-09-16 07:00:00,253.38196476763625
2020-09-16 08:00:00,255.72039768185243
2020-09-16 09:00:00,260.1896263118255
2020-09-16 10:00:00,266.13571701251294
2020-09-16 11:00:00,272.836550298221
2020-09-16 12:00:00,279.54903885533133
2020-09-16 13:00:00,285.56304964774375
2020-09-16 14:00:00,290.2550377149688
2020-09-16 15:00:00,293.1337715502074
2020-09-16 16:00:00,293.8717485611273
2020-09-16 17:00:00,292.3190702054453
2020-09-16 18:00:00,288.50060182314843
2020-09-16 19:00:00,282.68473175351824
2020-09-16 20:00:00,277.7325983514702
2020-09-16 21:00:00,273.4978522498251
2020-09-16 22:00:00,269.86384650458353
2020-09-16 23:00:00,266.73629393788235
2020-09-17 00:00:00,264.0380863135177
2020-09-17 01:00:00,262.12801639413317
2020-09-17 02:00:00,260.51675705292126
2020-09-17 03:00:00,259.1559112423559
2020-09-17 04:00:00,258.0053984697857
2020-09-17 05:00:00,257.0318878064542
2020-09-17 06:00:00,256.2075653152902
2020-09-17 07:00:00,256.0618936727422
2020-09-17 08:00:00,258.5761003483837
2020-09-17 09:00:00,263.13883952897015
2020-09-17 10:00:00,269.0572599337179
2020-09-17 11:00:00,275.5921952576808
2020-09-17 12:00:00,282.00469401463215
2020-09-17 13:00:00,287.60766404584746
2020-09-17 14:00:00,291.81532469458807
2020-09-17 15:00:00,294.18318583323327
2020-09-17 16:00:00,294.4331276643871
2020-09-17 17:00:00,292.4616073618614
2020-09-17 18:00:00,288.3328028776814
2020-09-17 19:00:00,282.42336779030103
2020-09-17 20:00:00,277.5223536123321
2020-09-17 21:00:00,273.4397479286983
2020-09-17 22:00:00,270.0269072881976
2020-09-17 23:00:00,267.1658460702382
2020-09-18 00:00:00,264.7618069783344
2020-09-18 01:00:00,262.6443237279674
2020-09-18 02:00:00,260.8479989600863
2020-09-18 03:00:00,259.322068334245
2020-09-18 04:00:00,258.0243695067036
2020-09-18 05:00:00,256.919722586494
2020-09-18 06:00:00,255.97866011612405
2020-09-18 07:00:00,255.65113079054362
2020-09-18 08:00:00,258.009717281795
2020-09-18 09:00:00,262.4536504340258
2020-09-18 10:00:00,268.29630570827635
2020-09-18 11:00:00,274.80013287189735
2020-09-18 12:00:00,281.2232051126233
2020-09-18 13:00:00,286.8713065734654
2020-09-18 14:00:00,291.14830526142066
2020-09-18 15:00:00,293.59744212993604
2020-09-18 16:00:00,293.92787805342044
2020-09-18 17:00:00,292.02422853173687
2020-09-18 18:00:00,287.9406628638212
2020-09-18 19:00:00,282.1242602189412
2020-09-18 20:00:00,277.2691562745867
2020-09-18 21:00:00,273.19897935393215
2020-09-18 22:00:00,269.7749871279149
2020-09-18 23:00:00,266.8864719997348
2020-09-19 00:00:00,264.44406691015683
2020-09-19 01:00:00,262.0540378794171
2020-09-19 02:00:00,259.98453412262893
2020-09-19 03:00:00,258.1898856307229
2020-09-19 04:00:00,256.6316030259788
2020-09-19 05:00:00,255.27708050340001
2020-09-19 06:00:00,254.09857417627632
2020-09-19 07:00:00,253.46901918574935
2020-09-19 08:00:00,255.55856122936908
2020-09-19 09:00:00,259.81212574407164
2020-09-19 10:00:00,265.57271004877265
2020-09-19 11:00:00,272.1158126643912
2020-09-19 12:00:00,278.6961500401735
2020-09-19 13:00:00,284.60118850150127
2020-09-19 14:00:00,289.204522192423
2020-09-19 15:00:00,292.01151803757557
2020-09-19 16:00:00,292.69084272282737
2020-09-19 17:00:00,291.08860538617586
2020-09-19 18:00:00,287.2258579678347
2020-09-19 19:00:00,281.60193608959304
2020-09-19 20:00:00,276.80785117165664
2020-09-19 21:00:00,272.7043603116853
2020-09-19 22:00:00,269.1801221193632
2020-09-19 23:00:00,266.1448954594094
2020-09-20 00:00:00,263.52471364508745
2020-09-20 01:00:00,260.9771120130844
2020-09-20 02:00:00,258.7328893558366
2020-09-20 03:00:00,256.7528156863555
2020-09-20 04:00:00,255.00342873239185
2020-09-20 05:00:00,253.4560311491222
2020-09-20 06:00:00,252.08589591280176
2020-09-20 07:00:00,251.1901526597468
2020-09-20 08:00:00,253.03380371857622
2020-09-20 09:00:00,257.10226645444095
2020-09-20 10:00:00,262.76666463322584
2020-09-20 11:00:00,269.3172865917777
2020-09-20 12:00:00,276.00982854813554
2020-09-20 13:00:00,282.1195048738104
2020-09-20 14:00:00,286.99640220745613
2020-09-20 15:00:00,290.1144593936018
2020-09-20 16:00:00,291.1071730631865
2020-09-20 17:00:00,289.78591265273576
2020-09-20 18:00:00,286.1407575540394
2020-09-20 19:00:00,280.7239995255482
2020-09-20 20:00:00,276.0246508296773
2020-09-20 21:00:00,271.93181225382074
2020-09-20 22:00:00,268.35558487065924
2020-09-20 23:00:00,265.22216567992956
2020-09-21 00:00:00,262.47031106499475
2020-09-21 01:00:00,260.1924070965277
2020-09-21 02:00:00,258.2004915281867
2020-09-21 03:00:00,256.4562200544152
2020-09-21 04:00:00,254.926964430862
2020-09-21 05:00:00,253.58482544734912
2020-09-21 06:00:00,252.40584737889782
2020-09-21 07:00:00,251.60979548485244
2020-09-21 08:00:00,253.54746256247867
2020-09-21 09:00:00,257.6851164337965
2020-09-21 10:00:00,263.38044064288044
2020-09-21 11:00:00,269.9164614793764
2020-09-21 12:00:00,276.54800742888364
2020-09-21 13:00:00,282.5555364262256
2020-09-21 14:00:00,287.2995627726243
2020-09-21 15:00:00,290.26809786134004
2020-09-21 16:00:00,291.11044953166567
2020-09-21 17:00:00,289.65365349895796
2020-09-21 18:00:00,285.9018217049179
2020-09-21 19:00:00,280.49682372062733
2020-09-21 20:00:00,275.84464824591817
2020-09-21 21:00:00,271.8248314918331
2020-09-21 22:00:00,268.3401746896089
2020-09-21 23:00:00,265.3112429673454
2020-09-22 00:00:00,262.672416869241
2020-09-22 01:00:00,260.4369572129149
2020-09-22 02:00:00,258.48991999419593
2020-09-22 03:00:00,256.79175303327816
2020-09-22 04:00:00,255.3088940795131
2020-09-22 05:00:00,254.0127273554613
2020-09-22 06:00:00,252.8787540657486
2020-09-22 07:00:00,252.048239535447
2020-09-22 08:00:00,253.95832367309032
2020-09-22 09:00:00,258.06466852901264
2020-09-22 10:00:00,263.71769101144207
2020-09-22 11:00:00,270.19648982951645
2020-09-22 12:00:00,276.7552241965332
2020-09-22 13:00:00,282.67664537180707
2020-09-22 14:00:00,287.32594832053405
2020-09-22 15:00:00,290.1973900016694
2020-09-22 16:00:00,290.9471516969852
2020-09-22 17:00:00,289.40890571331397
2020-09-22 18:00:00,285.5925305812068
2020-09-22 19:00:00,280.2224815478944
2020-09-22 20:00:00,275.6172784336173
2020-09-22 21:00:00,271.6526899834708
2020-09-22 22:00:00,268.2286615919906
2020-09-22 23:00:00,265.2635773015092
2020-09-23 00:00:00,262.6901466848326
2020-09-23 01:00:00,260.626444683509
2020-09-23 02:00:00,258.8468143300142
2020-09-23 03:00:00,257.31018498024343
2020-09-23 04:00:00,255.9819299153322
2020-09-23 05:00:00,254.83272570251407
2020-09-23 06:00:00,253.83764604923454
2020-09-23 07:00:00,253.05969326590414
2020-09-23 08:00:00,255.02253471606886
2020-09-23 09:00:00,259.1568093441558
2020-09-23 10:00:00,264.796039888009
2020-09-23 11:00:00,271.21073263694404
2020-09-23 12:00:00,277.6546667966798
2020-09-23 13:00:00,283.41775300322877
2020-09-23 14:00:00,287.87846827062987
2020-09-23 15:00:00,290.54839284799345
2020-09-23 16:00:00,291.1026608152922
2020-09-23 17:00:00,289.3932635067062
2020-09-23 18:00:00,285.44606641588547
2020-09-23 19:00:00,280.0761757628087
2020-09-23 20:00:00,275.5165964979341
2020-09-23 21:00:00,271.629992846663
2020-09-23 22:00:00,268.3064723153441
2020-09-23 23:00:00,265.45696304077296
2020-09-24 00:00:00,263.00849426394086
2020-09-24 01:00:00,261.00968815451716
2020-09-24 02:00:00,259.2973193410556
2020-09-24 03:00:00,257.82850648800957
2020-09-24 04:00:00,256.5672773490075
2020-09-24 05:00:00,255.48332537218425
2020-09-24 06:00:00,254.55102410255674
2020-09-24 07:00:00,253.75490613146331
2020-09-24 08:00:00,255.70614724545828
2020-09-24 09:00:00,259.81854167562335
2020-09-24 10:00:00,265.41449830644086
2020-09-24 11:00:00,271.75901120025406
2020-09-24 12:00:00,278.10568809154
2020-09-24 13:00:00,283.7490048573858
2020-09-24 14:00:00,288.0757054183369
2020-09-24 15:00:00,290.607944374267
2020-09-24 16:00:00,291.03220900006886
2020-09-24 17:00:00,289.21125395913816
2020-09-24 18:00:00,285.1801427373055
2020-09-24 19:00:00,279.83896163115884
2020-09-24 20:00:00,275.3319558331374
2020-09-24 21:00:00,271.5141045719708
2020-09-24 22:00:00,268.2698162671783
2020-09-24 23:00:00,265.5057646499191
2020-09-25 00:00:00,263.14579790054773
2020-09-25 01:00:00,261.35466537187176
2020-09-25 02:00:00,259.8409785006172
2020-09-25 03:00:00,258.5603138612492
2020-09-25 04:00:00,257.4757759739502
2020-09-25 05:00:00,256.55660293862366
2020-09-25 06:00:00,255.7770637834457
2020-09-25 07:00:00,255.11557734674045
2020-09-25 08:00:00,257.11854782766824
2020-09-25 09:00:00,261.250422152787
2020-09-25 10:00:00,266.8119753713344
2020-09-25 11:00:00,273.0583362923763
2020-09-25 12:00:00,279.2443709663758
2020-09-25 13:00:00,284.6755673729684
2020-09-25 14:00:00,288.75718057249907
2020-09-25 15:00:00,291.03440788656303
2020-09-25 16:00:00,291.2181104153713
2020-09-25 17:00:00,289.19391924417704
2020-09-25 18:00:00,285.01628267002394
2020-09-25 19:00:00,279.67788411835915
2020-09-25 20:00:00,275.2337934385407
2020-09-25 21:00:00,271.51976932795844
2020-09-25 22:00:00,268.40614593018853
2020-09-25 23:00:00,265.78922074925083
2020-09-26 00:00:00,263.5851802160719
2020-09-26 01:00:00,262.1720594600205
2020-09-26 02:00:00,261.01083685164735
2020-09-26 03:00:00,260.05573968848313
2020-09-26 04:00:00,259.26959609304595
2020-09-26 05:00:00,258.62212675440736
2020-09-26 06:00:00,258.0886056211031
2020-09-26 07:00:00,257.64880051845813
2020-09-26 08:00:00,259.7721413772847
2020-09-26 09:00:00,263.9535711269651
2020-09-26 10:00:00,269.45394286794453
2020-09-26 11:00:00,275.5130082775865
2020-09-26 12:00:00,281.39244761042045
2020-09-26 13:00:00,286.4231101493136
2020-09-26 14:00:00,290.04901435134843
2020-09-26 15:00:00,291.861335954852
2020-09-26 16:00:00,291.6178868863316
2020-09-26 17:00:00,289.24702580254643
2020-09-26 18:00:00,284.8382781998459
2020-09-26 19:00:00,279.48774826114214
2020-09-26 20:00:00,275.1559062838133
2020-09-26 21:00:00,271.63490353892166
2020-09-26 22:00:00,268.7640885753396
2020-09-26 23:00:00,266.4176582287781
2020-09-27 00:00:00,264.4960806280082
2020-09-27 01:00:00,262.6534490946938
2020-09-27 02:00:00,261.1134919316576
2020-09-27 03:00:00,259.8249691530696
2020-09-27 04:00:00,258.7457758004233
2020-09-27 05:00:00,257.84117439103335
2020-09-27 06:00:00,257.0824107181038
2020-09-27 07:00:00,256.4456179050937
2020-09-27 08:00:00,258.3184314240092
2020-09-27 09:00:00,262.3209721417564
2020-09-27 10:00:00,267.73477718239764
2020-09-27 11:00:00,273.8058016652448
2020-09-27 12:00:00,279.78862994302943
2020-09-27 13:00:00,284.995800840918
2020-09-27 14:00:00,288.84489733149024
2020-09-27 15:00:00,290.89633084914993
2020-09-27 16:00:00,290.87670041508625
2020-09-27 17:00:00,288.6859695847263
2020-09-27 18:00:00,284.39027368325577
2020-09-27 19:00:00,279.14580771178174
2020-09-27 20:00:00,274.8229040230492
2020-09-27 21:00:00,271.2459543505103
2020-09-27 22:00:00,268.277188624214
2020-09-27 23:00:00,265.8071378057072
2020-09-28 00:00:00,263.7479267972781
2020-09-28 01:00:00,261.0154879720269
2020-09-28 02:00:00,258.5862123908124
2020-09-28 03:00:00,256.4228457194795
2020-09-28 04:00:00,254.49346777944203
2020-09-28 05:00:00,252.77057162666222
2020-09-28 06:00:00,251.2303337989822
2020-09-28 07:00:00,249.85202942102572
2020-09-28 08:00:00,250.94656400896358
2020-09-28 09:00:00,254.35675162243805
2020-09-28 10:00:00,259.46760799499026
2020-09-28 11:00:00,265.5779529426139
2020-09-28 12:00:00,271.94494913431174
2020-09-28 13:00:00,277.83716656014286
2020-09-28 14:00:00,282.58986752954416
2020-09-28 15:00:00,285.6551043603743
2020-09-28 16:00:00,286.6396470072636
2020-09-28 17:00:00,285.3261863026992
2020-09-28 18:00:00,281.67707557685884
2020-09-28 19:00:00,276.8420772372811
2020-09-28 20:00:00,272.5942148019317
2020-09-28 21:00:00,268.849656291983
2020-09-28 22:00:00,265.53934411827044
2020-09-28 23:00:00,262.6057677854324
2020-09-29 00:00:00,260.0005806844332
2020-09-29 01:00:00,258.24758427790084
2020-09-29 02:00:00,256.72884101721223
2020-09-29 03:00:00,255.41164423092636
2020-09-29 04:00:00,254.26820490723486
2020-09-29 05:00:00,253.27482472896608
2020-09-29 06:00:00,252.41122964389388
2020-09-29 07:00:00,251.66002769366096
2020-09-29 08:00:00,253.25684449597406
2020-09-29 09:00:00,257.0749473196617
2020-09-29 10:00:00,262.45082726427796
2020-09-29 11:00:00,268.6562971556848
2020-09-29 12:00:00,274.9439812119461
2020-09-29 13:00:00,280.5996663614714
2020-09-29 14:00:00,284.99466174909867
2020-09-29 15:00:00,287.63078221823935
2020-09-29 16:00:00,288.17172238150346
2020-09-29 17:00:00,286.45755847004455
2020-09-29 18:00:00,282.50295243182785
2020-09-29 19:00:00,277.5783145708113
2020-09-29 20:00:00,273.37517518152714
2020-09-29 21:00:00,269.77529588954627
2020-09-29 22:00:00,266.6831949849754
2020-09-29 23:00:00,264.0208663041197
2020-09-30 00:00:00,261.7239592013718
2020-09-30 01:00:00,260.4686787188642
2020-09-30 02:00:00,259.4256126101266
2020-09-30 03:00:00,258.5581957414099
2020-09-30 04:00:00,257.83637705189454
2020-09-30 05:00:00,257.2353928139823
2020-09-30 06:00:00,256.73479125641376
2020-09-30 07:00:00,256.3176509360491
2020-09-30 08:00:00,258.14218969485387
2020-09-30 09:00:00,262.08993356030925
2020-09-30 10:00:00,267.43108101150926
2020-09-30 11:00:00,273.40702134119215
2020-09-30 12:00:00,279.27363947541136
2020-09-30 13:00:00,284.34945073082935
2020-09-30 14:00:00,288.0611954806786
2020-09-30 15:00:00,289.97997384171316
2020-09-30 16:00:00,289.8430590515132
2020-09-30 17:00:00,287.559883880564
2020-09-30 18:00:00,283.204140863582
2020-09-30 19:00:00,278.16845251091706
2020-09-30 20:00:00,274.04541079391356
2020-09-30 21:00:00,270.65721741821704
2020-09-30 22:00:00,267.86479674716816
2020-09-30 23:00:00,265.55803047223105
2020-10-01 00:00:00,263.6488777821282
2020-10-01 01:00:00,261.2218215810344
2020-10-01 02:00:00,259.10103550617583
2020-10-01 03:00:00,257.2450836560216
2020-10-01 04:00:00,255.61879621901966
2020-10-01 05:00:00,254.19216636874432
2020-10-01 06:00:00,252.93947726744872
2020-10-01 07:00:00,251.83860305368108
2020-10-01 08:00:00,252.9644505560437
2020-10-01 09:00:00,256.3809771265442
2020-10-01 10:00:00,261.4389143114388
2020-10-01 11:00:00,267.4172731170684
2020-10-01 12:00:00,273.56801959858274
2020-10-01 13:00:00,279.1683510479053
2020-10-01 14:00:00,283.57390261890333
2020-10-01 15:00:00,286.26549907917394
2020-10-01 16:00:00,286.882949338704
2020-10-01 17:00:00,285.24213245410414
2020-10-01 18:00:00,281.3354296237511
2020-10-01 19:00:00,276.5677450623796
2020-10-01 20:00:00,272.45056642471695
2020-10-01 21:00:00,268.88327700853085
2020-10-01 22:00:00,265.7838098579316
2020-10-01 23:00:00,263.08448345695143
2020-10-02 00:00:00,260.7289550957817
2020-10-02 01:00:00,258.9446361812833
2020-10-02 02:00:00,257.40481081237306
2020-10-02 03:00:00,256.0745241238238
2020-10-02 04:00:00,254.9241909390445
2020-10-02 05:00:00,253.92867586869363
2020-10-02 06:00:00,253.0665548541575
2020-10-02 07:00:00,252.31951655390262
2020-10-02 08:00:00,253.68778102685272
2020-10-02 09:00:00,257.2988353454602
2020-10-02 10:00:00,262.48029786470875
2020-10-02 11:00:00,268.49918785308466
2020-10-02 12:00:00,274.6067522185373
2020-10-02 13:00:00,280.0900623085578
2020-10-02 14:00:00,284.32348833022843
2020-10-02 15:00:00,286.81274076597134
2020-10-02 16:00:00,287.22539135514165
2020-10-02 17:00:00,285.4047565284846
2020-10-02 18:00:00,281.36778914092446
2020-10-02 19:00:00,276.6157695884362
2020-10-02 20:00:00,272.5708554873441
2020-10-02 21:00:00,269.1162854982
2020-10-02 22:00:00,266.15774216226157
2020-10-02 23:00:00,263.6181801513463
2020-10-03 00:00:00,261.434073658011
2020-10-03 01:00:00,259.6323615199909
2020-10-03 02:00:00,258.0849060772131
2020-10-03 03:00:00,256.75434717968943
2020-10-03 04:00:00,255.60920375100508
2020-10-03 05:00:00,254.6228464794498
2020-10-03 06:00:00,253.7726763877943
2020-10-03 07:00:00,253.03946141759448
2020-10-03 08:00:00,254.34476223107112
2020-10-03 09:00:00,257.89447992437323
2020-10-03 10:00:00,263.00727929519564
2020-10-03 11:00:00,268.94544796581334
2020-10-03 12:00:00,274.95938245099336
2020-10-03 13:00:00,280.3386623045204
2020-10-03 14:00:00,284.46274870766115
2020-10-03 15:00:00,286.8440397246553
2020-10-03 16:00:00,287.15734030339485
2020-10-03 17:00:00,285.2528195987238
2020-10-03 18:00:00,281.1532491462167
2020-10-03 19:00:00,276.44030307003885
2020-10-03 20:00:00,272.445466358905
2020-10-03 21:00:00,269.0480501709551
2020-10-03 22:00:00,266.150809840696
2020-10-03 23:00:00,263.6745140110309
2020-10-04 00:00:00,261.55400943815766
2020-10-04 01:00:00,259.2868934447505
2020-10-04 02:00:00,257.29216274944525
2020-10-04 03:00:00,255.53467066324097
2020-10-04 04:00:00,253.98435299581706
2020-10-04 05:00:00,252.6153698782891
2020-10-04 06:00:00,251.40541968684724
2020-10-04 07:00:00,250.33518466099113
2020-10-04 08:00:00,251.24808494190432
2020-10-04 09:00:00,254.47823806959187
2020-10-04 10:00:00,259.3877652887611
2020-10-04 11:00:00,265.26278753736244
2020-10-04 12:00:00,271.3576027572392
2020-10-04 13:00:00,276.94677840538776
2020-10-04 14:00:00,281.3786725917427
2020-10-04 15:00:00,284.123079254646
2020-10-04 16:00:00,284.80640206804594
2020-10-04 17:00:00,283.23034117928086
2020-10-04 18:00:00,279.3738116389392
2020-10-04 19:00:00,274.85789758491643
2020-10-04 20:00:00,270.9306824045801
2020-10-04 21:00:00,267.5048053195148
2020-10-04 22:00:00,264.50843098065127
2020-10-04 23:00:00,261.88187811593997
2020-10-05 00:00:00,259.575124832113
2020-10-05 01:00:00,257.82063321941155
2020-10-05 02:00:00,256.29578796116516
2020-10-05 03:00:00,254.96912290085737
2020-10-05 04:00:00,253.81382881008952
2020-10-05 05:00:00,252.8069796818452
2020-10-05 06:00:00,251.92890788229911
2020-10-05 07:00:00,251.1626947767179
2020-10-05 08:00:00,252.27640469799667
2020-10-05 09:00:00,255.6690444433525
2020-10-05 10:00:00,260.67898596041505
2020-10-05 11:00:00,266.5792570166316
2020-10-05 12:00:00,272.6219263377734
2020-10-05 13:00:00,278.08965397672495
2020-10-05 14:00:00,282.34767643088475
2020-10-05 15:00:00,284.8889536737209
2020-10-05 16:00:00,285.3662440013296
2020-10-05 17:00:00,283.60768364268796
2020-10-05 18:00:00,279.61617257875207
2020-10-05 19:00:00,275.1079694941469
2020-10-05 20:00:00,271.24105029716344
2020-10-05 21:00:00,267.91380310218807
2020-10-05 22:00:00,265.0434471150298
2020-10-05 23:00:00,262.5618324919782
2020-10-06 00:00:00,260.4123580808712
2020-10-06 01:00:00,258.8147953269003
2020-10-06 02:00:00,257.446063452648
2020-10-06 03:00:00,256.27223357675706
2020-10-06 04:00:00,255.26471480471204
2020-10-06 05:00:00,254.39933261946558
2020-10-06 06:00:00,253.6555878375659
2020-10-06 07:00:00,253.0160552898805
2020-10-06 08:00:00,254.1712218363272
2020-10-06 09:00:00,257.58346638917783
2020-10-06 10:00:00,262.5650810195896
2020-10-06 11:00:00,268.37531033074373
2020-10-06 12:00:00,274.26425478133336
2020-10-06 13:00:00,279.5232726441877
2020-10-06 14:00:00,283.53490815415546
2020-10-06 15:00:00,285.81515632233544
2020-10-06 16:00:00,286.0422477534304
2020-10-06 17:00:00,284.06913657748964
2020-10-06 18:00:00,279.9205254098661
2020-10-06 19:00:00,275.40496815103677
2020-10-06 20:00:00,271.586029164827
2020-10-06 21:00:00,268.3460055479676
2020-10-06 22:00:00,265.5899890736402
2020-10-06 23:00:00,263.24063440418234
2020-10-07 00:00:00,261.23435239496786
2020-10-07 01:00:00,259.25781913539373
2020-10-07 02:00:00,257.5414444998917
2020-10-07 03:00:00,256.04918111588796
2020-10-07 04:00:00,254.75042131739505
2020-10-07 05:00:00,253.61906693797147
2020-10-07 06:00:00,252.63278454396874
2020-10-07 07:00:00,251.77240295593504
2020-10-07 08:00:00,252.6496838459095
2020-10-07 09:00:00,255.83222446234484
2020-10-07 10:00:00,260.6559665189808
2020-10-07 11:00:00,266.39258524151654
2020-10-07 12:00:00,272.29331407338765
2020-10-07 13:00:00,277.6400324741811
2020-10-07 14:00:00,281.79688939437136
2020-10-07 15:00:00,284.2552260647565
2020-10-07 16:00:00,284.6655965134599
2020-10-07 17:00:00,282.8534586549442
2020-10-07 18:00:00,278.8187868651239
2020-10-07 19:00:00,274.42435302663426
2020-10-07 20:00:00,270.65224925514946
2020-10-07 21:00:00,267.4045088296225
2020-10-07 22:00:00,264.60116200766817
2020-10-07 23:00:00,262.1762622490945
2020-10-08 00:00:00,260.0749594578262
2020-10-08 01:00:00,258.80113393074066
2020-10-08 02:00:00,257.72493658874663
2020-10-08 03:00:00,256.8149890325088
2020-10-08 04:00:00,256.0451008940241
2020-10-08 05:00:00,255.39335304632937
2020-10-08 06:00:00,254.84135954946126
2020-10-08 07:00:00,254.37366886001445
2020-10-08 08:00:00,255.52874985514137
2020-10-08 09:00:00,258.9223909584246
2020-10-08 10:00:00,263.8415039499452
2020-10-08 11:00:00,269.53300457188806
2020-10-08 12:00:00,275.2466758715131
2020-10-08 13:00:00,280.28391771095227
2020-10-08 14:00:00,284.04522557938793
2020-10-08 15:00:00,286.0693647246443
2020-10-08 16:00:00,286.0588782649678
2020-10-08 17:00:00,283.8896874575951
2020-10-08 18:00:00,279.6060565736121
2020-10-08 19:00:00,275.1802007753965
2020-10-08 20:00:00,271.489492656736
2020-10-08 21:00:00,268.4022040618038
2020-10-08 22:00:00,265.81314015758244
2020-10-08 23:00:00,263.63741125846065
2020-10-09 00:00:00,261.8059264914931
2020-10-09 01:00:00,260.2839985944696
2020-10-09 02:00:00,259.00116851538775
2020-10-09 03:00:00,257.9188412256803
2020-10-09 04:00:00,257.0049515418948
2020-10-09 05:00:00,256.23277244683555
2020-10-09 06:00:00,255.57996575911756
2020-10-09 07:00:00,255.02781893664775
2020-10-09 08:00:00,256.03561898286245
2020-10-09 09:00:00,259.3010497200739
2020-10-09 10:00:00,264.10575974299485
2020-10-09 11:00:00,269.6935633931194
2020-10-09 12:00:00,275.3127819808829
2020-10-09 13:00:00,280.2645267338036
2020-10-09 14:00:00,283.94972961625984
2020-10-09 15:00:00,285.9079050166612
2020-10-09 16:00:00,285.8423242861789
2020-10-09 17:00:00,283.6293988818848
2020-10-09 18:00:00,279.313551633619
2020-10-09 19:00:00,274.9404935064832
2020-10-09 20:00:00,271.29758252753754
2020-10-09 21:00:00,268.25355045217765
2020-10-09 22:00:00,265.70359383087174
2020-10-09 23:00:00,263.5631697537895
2020-10-10 00:00:00,261.7635029251747
2020-10-10 01:00:00,259.90367038987335
2020-10-10 02:00:00,258.3056169481253
2020-10-10 03:00:00,256.93091523180794
2020-10-10 04:00:00,255.74719382559363
2020-10-10 05:00:00,254.7270742635514
2020-10-10 06:00:00,253.84732256306836
2020-10-10 07:00:00,253.08816501823156
2020-10-10 08:00:00,253.83157016228907
2020-10-10 09:00:00,256.88409092641814
2020-10-10 10:00:00,261.56057914981676
2020-10-10 11:00:00,267.1215368840401
2020-10-10 12:00:00,272.8161291698377
2020-10-10 13:00:00,277.93204887287635
2020-10-10 14:00:00,281.8453408925866
2020-10-10 15:00:00,284.06304335184797
2020-10-10 16:00:00,284.2527708284817
2020-10-10 17:00:00,282.2562423452024
2020-10-10 18:00:00,278.0873449132652
2020-10-10 19:00:00,273.84056367647787
2020-10-10 20:00:00,270.2307382312911
2020-10-10 21:00:00,267.15331906421846
2020-10-10 22:00:00,264.52341371499244
2020-10-10 23:00:00,262.2714063267615
2020-10-11 00:00:00,260.3397367461212
2020-10-11 01:00:00,258.3330985892466
2020-10-11 02:00:00,256.5764209665514
2020-10-11 03:00:00,255.03669862552726
2020-10-11 04:00:00,253.68572194672618
2020-10-11 05:00:00,252.49927809102985
2020-10-11 06:00:00,251.45650857589965
2020-10-11 07:00:00,250.53938743802308
2020-10-11 08:00:00,251.05533245668494
2020-10-11 09:00:00,253.91789282069604
2020-10-11 10:00:00,258.47705427916344
2020-10-11 11:00:00,264.0133177717846
2020-10-11 12:00:00,269.780777372839
2020-10-11 13:00:00,275.05789758411885
2020-10-11 14:00:00,279.1994761920588
2020-10-11 15:00:00,281.68264916489824
2020-10-11 16:00:00,282.1406188771477
2020-10-11 17:00:00,280.3803515634058
2020-10-11 18:00:00,276.3840790168474
2020-10-11 19:00:00,272.29273781036426
2020-10-11 20:00:00,268.7480546397795
2020-10-11 21:00:00,265.6684833552232
2020-10-11 22:00:00,262.9867515813066
2020-10-11 23:00:00,260.64684382654764
2020-10-12 00:00:00,258.601747374425
2020-10-12 01:00:00,257.2887287793665
2020-10-12 02:00:00,256.16390365140114
2020-10-12 03:00:00,255.19952979302016
2020-10-12 04:00:00,254.3721597635056
2020-10-12 05:00:00,253.6619213446845
2020-10-12 06:00:00,253.05193293793144
2020-10-12 07:00:00,252.5278249058139
2020-10-12 08:00:00,253.32496260189458
2020-10-12 09:00:00,256.4162017604185
2020-10-12 10:00:00,261.11001300080716
2020-10-12 11:00:00,266.66438989740766
2020-10-12 12:00:00,272.3296427560142
2020-10-12 13:00:00,277.3977732989191
2020-10-12 14:00:00,281.2515191010942
2020-10-12 15:00:00,283.40600380512626
2020-10-12 16:00:00,283.53727978084567
2020-10-12 17:00:00,281.49495340843896
2020-10-12 18:00:00,277.2996182030147
2020-10-12 19:00:00,273.195921688643
2020-10-12 20:00:00,269.72314755915704
2020-10-12 21:00:00,266.7759703358254
2020-10-12 22:00:00,264.2690085911164
2020-10-12 23:00:00,262.13238483176394
2020-10-13 00:00:00,260.3084559414389
2020-10-13 01:00:00,257.9050059240612
2020-10-13 02:00:00,255.75818858012528
2020-10-13 03:00:00,253.83784965745156
2020-10-13 04:00:00,252.11793327436928
2020-10-13 05:00:00,250.57581337594655
2020-10-13 06:00:00,249.19175629716784
2020-10-13 07:00:00,247.94848435438323
2020-10-13 08:00:00,248.00341742623246
2020-10-13 09:00:00,250.45656336242948
2020-10-13 10:00:00,254.69933771610218
2020-10-13 11:00:00,260.03840112848764
2020-10-13 12:00:00,265.73769678074086
2020-10-13 13:00:00,271.06917033009825
2020-10-13 14:00:00,275.36616513170003
2020-10-13 15:00:00,278.0725115843029
2020-10-13 16:00:00,278.7806527599423
2020-10-13 17:00:00,277.25425232562253
2020-10-13 18:00:00,273.4341602064616
2020-10-13 19:00:00,269.5691079436036
2020-10-13 20:00:00,266.145308384253
2020-10-13 21:00:00,263.10470228755156
2020-10-13 22:00:00,260.39850407214874
2020-10-13 23:00:00,257.98537499229457
2020-10-14 00:00:00,255.83002899506246
2020-10-14 01:00:00,254.36868628923273
2020-10-14 02:00:00,253.0851959399894
2020-10-14 03:00:00,251.95694726774576
2020-10-14 04:00:00,250.96442541807917
2020-10-14 05:00:00,250.0907368877486
2020-10-14 06:00:00,249.32121915373435
2020-10-14 07:00:00,248.64311700795167
2020-10-14 08:00:00,249.1433207161976
2020-10-14 09:00:00,251.9855802869031
2020-10-14 10:00:00,256.5251073350557
2020-10-14 11:00:00,262.04663703567417
2020-10-14 12:00:00,267.8073479914282
2020-10-14 13:00:00,273.0874411678129
2020-10-14 14:00:00,277.2419783603971
2020-10-14 15:00:00,279.7469312249105
2020-10-14 16:00:00,280.2331609965569
2020-10-14 17:00:00,278.5045359976164
2020-10-14 18:00:00,274.5399202748786
2020-10-14 19:00:00,270.6921689500029
2020-10-14 20:00:00,267.35245106105356
2020-10-14 21:00:00,264.4462353110168
2020-10-14 22:00:00,261.9117549299654
2020-10-14 23:00:00,259.6973759044694
2020-10-15 00:00:00,257.7596143312505
2020-10-15 01:00:00,256.287421489944
2020-10-15 02:00:00,255.00914417402302
2020-10-15 03:00:00,253.8982621763962
2020-10-15 04:00:00,252.93212364553642
2020-10-15 05:00:00,252.0913213872251
2020-10-15 06:00:00,251.3591841425846
2020-10-15 07:00:00,250.72135825001865
2020-10-15 08:00:00,251.18933071623843
2020-10-15 09:00:00,253.99591601666097
2020-10-15 10:00:00,258.4736933621971
2020-10-15 11:00:00,263.8943790141218
2020-10-15 12:00:00,269.51137854797474
2020-10-15 13:00:00,274.6095749630004
2020-10-15 14:00:00,278.5557212970814
2020-10-15 15:00:00,280.8423964081755
2020-10-15 16:00:00,281.1195106358315
2020-10-15 17:00:00,279.2100060396066
2020-10-15 18:00:00,275.1099065857922
2020-10-15 19:00:00,271.2566868356324
2020-10-15 20:00:00,267.9480719572518
2020-10-15 21:00:00,265.0996995045721
2020-10-15 22:00:00,262.6422125928451
2020-10-15 23:00:00,260.5180873391956
2020-10-16 00:00:00,258.67925908790767
2020-10-16 01:00:00,257.5010179888551
2020-10-16 02:00:00,256.49881810080456
2020-10-16 03:00:00,255.6457435482984
2020-10-16 04:00:00,254.91916390766016
2020-10-16 05:00:00,254.30000478907093
2020-10-16 06:00:00,253.77215547242199
2020-10-16 07:00:00,253.32198439706943
2020-10-16 08:00:00,253.88814768863642
2020-10-16 09:00:00,256.7671917012141
2020-10-16 10:00:00,261.252313135579
2020-10-16 11:00:00,266.59404032651804
2020-10-16 12:00:00,272.04181227523793
2020-10-16 13:00:00,276.8919687708075
2020-10-16 14:00:00,280.5351595668772
2020-10-16 15:00:00,282.49622363362573
2020-10-16 16:00:00,282.4610705865056
2020-10-16 17:00:00,280.2880122969162
2020-10-16 18:00:00,276.0044147804691
2020-10-16 19:00:00,272.14298923391914
2020-10-16 20:00:00,268.8955091553887
2020-10-16 21:00:00,266.1571131106626
2020-10-16 22:00:00,263.84297309794584
2020-10-16 23:00:00,261.88385039433365
2020-10-17 00:00:00,260.22281222212933
2020-10-17 01:00:00,258.38649647200504
2020-10-17 02:00:00,256.7914435299985
2020-10-17 03:00:00,255.40440777392462
2020-10-17 04:00:00,254.1971058511171
2020-10-17 05:00:00,253.1453824934795
2020-10-17 06:00:00,252.22853910999723
2020-10-17 07:00:00,251.42878811185238
2020-10-17 08:00:00,251.60785144307198
2020-10-17 09:00:00,254.15751011209395
2020-10-17 10:00:00,258.4107755233457
2020-10-17 11:00:00,263.63979156444833
2020-10-17 12:00:00,269.0977241609571
2020-10-17 13:00:00,274.0680870067556
2020-10-17 14:00:00,277.91489494272855
2020-10-17 15:00:00,280.1266354771163
2020-10-17 16:00:00,280.3480408351648
2020-10-17 17:00:00,278.39623980549106
2020-10-17 18:00:00,274.2613313178628
2020-10-17 19:00:00,270.5146820580818
2020-10-17 20:00:00,267.2896214337454
2020-10-17 21:00:00,264.50656384780507
2020-10-17 22:00:00,262.09986999023414
2020-10-17 23:00:00,260.01494072140923
2020-10-18 00:00:00,258.20603250174537
2020-10-18 01:00:00,256.6048360339128
2020-10-18 02:00:00,255.21037174154665
2020-10-18 03:00:00,253.9947834357634
2020-10-18 04:00:00,252.93425064675176
2020-10-18 05:00:00,252.00833575750943
2020-10-18 06:00:00,251.19945295848893
2020-10-18 07:00:00,250.4924325505708
2020-10-18 08:00:00,250.67857043838157
2020-10-18 09:00:00,253.23193648589805
2020-10-18 10:00:00,257.490415508098
2020-10-18 11:00:00,262.7294794337172
2020-10-18 12:00:00,268.2041007312201
2020-10-18 13:00:00,273.1981219211775
2020-10-18 14:00:00,277.07454409442516
2020-10-18 15:00:00,279.31975893108336
2020-10-18 16:00:00,279.5756907924573
2020-10-18 17:00:00,277.6563665094222
2020-10-18 18:00:00,273.54887405951337
2020-10-18 19:00:00,269.89074964471536
2020-10-18 20:00:00,266.7359686601547
2020-10-18 21:00:00,264.00863856517645
2020-10-18 22:00:00,261.6460067547396
2020-10-18 23:00:00,259.5957549720672
2020-10-19 00:00:00,257.81395774238234
2020-10-19 01:00:00,256.4837652829014
2020-10-19 02:00:00,255.33675638743426
2020-10-19 03:00:00,254.34691299775398
2020-10-19 04:00:00,253.49211609280252
2020-10-19 05:00:00,252.75350911016065
2020-10-19 06:00:00,252.11497854080554
2020-10-19 07:00:00,251.56272686661856
2020-10-19 08:00:00,251.81724213034516
2020-10-19 09:00:00,254.4251838578171
2020-10-19 10:00:00,258.70448892463463
2020-10-19 11:00:00,263.9196145081111
2020-10-19 12:00:00,269.3231146227789
2020-10-19 13:00:00,274.20423856460144
2020-10-19 14:00:00,277.9378299118179
2020-10-19 15:00:00,280.0265826870917
2020-10-19 16:00:00,280.130880256424
2020-10-19 17:00:00,278.08313515872817
2020-10-19 18:00:00,273.88696490862355
2020-10-19 19:00:00,270.2615887907405
2020-10-19 20:00:00,267.167557672473
2020-10-19 21:00:00,264.5205606817973
2020-10-19 22:00:00,262.25141308665974
2020-10-19 23:00:00,260.30287146219507
2020-10-20 00:00:00,258.62724348062494
2020-10-20 01:00:00,257.2693378715879
2020-10-20 02:00:00,256.1037649940486
2020-10-20 03:00:00,255.10245863521317
2020-10-20 04:00:00,254.24166582834744
2020-10-20 05:00:00,253.50122663371116
2020-10-20 06:00:00,252.86398909640957
2020-10-20 07:00:00,252.31533023613565
2020-10-20 08:00:00,252.50357127954481
2020-10-20 09:00:00,255.05052228094553
2020-10-20 10:00:00,259.2648593934105
2020-10-20 11:00:00,264.40602740188945
2020-10-20 12:00:00,269.7253671921334
2020-10-20 13:00:00,274.51415069684526
2020-10-20 14:00:00,278.15172319572895
2020-10-20 15:00:00,280.14683619741163
2020-10-20 16:00:00,280.1665137646825
2020-10-20 17:00:00,278.0495282822816
2020-10-20 18:00:00,273.82098887494595
2020-10-20 19:00:00,270.23728366753147
2020-10-20 20:00:00,267.1911797202496
2020-10-20 21:00:00,264.5957797220064
2020-10-20 22:00:00,262.3799680382853
2020-10-20 23:00:00,260.4850663297861
2020-10-21 00:00:00,258.86232663654744
2020-10-21 01:00:00,257.12048294391343
2020-10-21 02:00:00,255.60009972815152
2020-10-21 03:00:00,254.27163161086244
2020-10-21 04:00:00,253.10980652709736
2020-10-21 05:00:00,252.09292871871557
2020-10-21 06:00:00,251.20231387783576
2020-10-21 07:00:00,250.42182718711814
2020-10-21 08:00:00,250.32739743769156
2020-10-21 09:00:00,252.6263984001738
2020-10-21 10:00:00,256.6610497087292
2020-10-21 11:00:00,261.71021809051956
2020-10-21 12:00:00,267.03066004904116
2020-10-21 13:00:00,271.9059058657599
2020-10-21 14:00:00,275.6963286047049
2020-10-21 15:00:00,277.8834927566528
2020-10-21 16:00:00,278.1027525837535
2020-10-21 17:00:00,276.16052564628745
2020-10-21 18:00:00,272.1221508722926
2020-10-21 19:00:00,268.6363242554938
2020-10-21 20:00:00,265.6192123384785
2020-10-21 21:00:00,263.00179071307906
2020-10-21 22:00:00,260.72670231040786
2020-10-21 23:00:00,258.7459118514713
2020-10-22 00:00:00,257.0189227083555
2020-10-22 01:00:00,255.1624225358699
2020-10-22 02:00:00,253.51505064657294
2020-10-22 03:00:00,252.05165802133808
2020-10-22 04:00:00,250.75045889853928
2020-10-22 05:00:00,249.59250908651234
2020-10-22 06:00:00,248.56128017662755
2020-10-22 07:00:00,247.64230897120083
2020-10-22 08:00:00,247.34250821853772
2020-10-22 09:00:00,249.45387566233435
2020-10-22 10:00:00,253.35329943073646
2020-10-22 11:00:00,258.3414680057678
2020-10-22 12:00:00,263.6838870945883
2020-10-22 13:00:00,268.6601524781226
2020-10-22 14:00:00,272.6154184987534
2020-10-22 15:00:00,275.0072658522492
2020-10-22 16:00:00,275.441676321546
2020-10-22 17:00:00,273.6939600318821
2020-10-22 18:00:00,269.86930503654213
2020-10-22 19:00:00,266.5108901802682
2020-10-22 20:00:00,263.5544343850312
2020-10-22 21:00:00,260.9462102097285
2020-10-22 22:00:00,258.6409298963637
2020-10-22 23:00:00,256.60013976320323
2020-10-23 00:00:00,254.79098137388493
2020-10-23 01:00:00,253.47914717436646
2020-10-23 02:00:00,252.32734152761535
2020-10-23 03:00:00,251.3152708317897
2020-10-23 04:00:00,250.42539234610297
2020-10-23 05:00:00,249.64250064027846
2020-10-23 06:00:00,248.9533853978895
2020-10-23 07:00:00,248.34654624653572
2020-10-23 08:00:00,248.2619076285593
2020-10-23 09:00:00,250.56301757946738
2020-10-23 10:00:00,254.60377252091394
2020-10-23 11:00:00,259.6710725397217
2020-10-23 12:00:00,265.02608908405074
2020-10-23 13:00:00,269.95322827404414
2020-10-23 14:00:00,273.810498248155
2020-10-23 15:00:00,276.0744561109012
2020-10-23 16:00:00,276.3736716654387
2020-10-23 17:00:00,274.5069926846889
2020-10-23 18:00:00,270.6705324573341
2020-10-23 19:00:00,267.343667560805
2020-10-23 20:00:00,264.45130976887765
2020-10-23 21:00:00,261.93126267167395
2020-10-23 22:00:00,259.73156066392534
2020-10-23 23:00:00,257.80846475879366
2020-10-24 00:00:00,256.1249272080177
2020-10-24 01:00:00,254.71357198401822
2020-10-24 02:00:00,253.47875180158334
2020-10-24 03:00:00,252.39748766632647
2020-10-24 04:00:00,251.45000284057372
2020-10-24 05:00:00,250.6192270455829
2020-10-24 06:00:00,249.89038887405067
2020-10-24 07:00:00,249.25067814881515
2020-10-24 08:00:00,249.06994013486567
2020-10-24 09:00:00,251.28374216836957
2020-10-24 10:00:00,255.23877195048203
2020-10-24 11:00:00,260.2178299634599
2020-10-24 12:00:00,265.48076659701013
2020-10-24 13:00:00,270.31305013829774
2020-10-24 14:00:00,274.07560425595443
2020-10-24 15:00:00,276.24909796842115
2020-10-24 16:00:00,276.46670291646336
2020-10-24 17:00:00,274.53171759107596
2020-10-24 18:00:00,270.7121643058847
2020-10-24 19:00:00,267.409160895711
2020-10-24 20:00:00,264.54554364083833
2020-10-24 21:00:00,262.05751235231156
2020-10-24 22:00:00,259.89185830383974
2020-10-24 23:00:00,258.0038789878859
2020-10-25 00:00:00,256.3557822792226
2020-10-25 01:00:00,254.8126664296694
2020-10-25 02:00:00,253.45675471840178
2020-10-25 03:00:00,252.26425561568092
2020-10-25 04:00:00,251.21464824762566
2020-10-25 05:00:00,250.29017647776126
2020-10-25 06:00:00,249.4754338636688
2020-10-25 07:00:00,248.75702041568928
2020-10-25 08:00:00,248.43594738042862
2020-10-25 09:00:00,250.521968061637
2020-10-25 10:00:00,254.37094589808754
2020-10-25 11:00:00,259.2715997174351
2020-10-25 12:00:00,264.4862069258347
2020-10-25 13:00:00,269.2991385264965
2020-10-25 14:00:00,273.0669717853905
2020-10-25 15:00:00,275.26340236512647
2020-10-25 16:00:00,275.51290849523605
2020-10-25 17:00:00,273.60940914896804
2020-10-25 18:00:00,269.8792057265575
2020-10-25 19:00:00,266.637025964677
2020-10-25 20:00:00,263.8120445486867
2020-10-25 21:00:00,261.3454143204185
2020-10-25 22:00:00,259.18782992315994
2020-10-25 23:00:00,257.2976843556493
2020-10-26 00:00:00,255.63965100880503
2020-10-26 01:00:00,253.55336596784255
2020-10-26 02:00:00,251.6709907933009
2020-10-26 03:00:00,249.9705619099398
2020-10-26 04:00:00,248.43285883522006
2020-10-26 05:00:00,247.04099182100737
2020-10-26 06:00:00,245.78006420609657
2020-10-26 07:00:00,244.63689361117102
2020-10-26 08:00:00,243.84490209283422
2020-10-26 09:00:00,245.49211055627657
2020-10-26 10:00:00,248.99335593104948
2020-10-26 11:00:00,253.6760771342524
2020-10-26 12:00:00,258.81999738969176
2020-10-26 13:00:00,263.70566917036246
2020-10-26 14:00:00,267.66630191781684
2020-10-26 15:00:00,270.13635807776103
2020-10-26 16:00:00,270.6905459558009
2020-10-26 17:00:00,269.06856379655494
2020-10-26 18:00:00,265.6104047082289
2020-10-26 19:00:00,262.51565398074416
2020-10-26 20:00:00,259.7400611660986
2020-10-26 21:00:00,257.24595560114295
2020-10-26 22:00:00,255.00103462113813
2020-10-26 23:00:00,252.97742072811602
2020-10-27 00:00:00,251.15091857854392
2020-10-27 01:00:00,249.14089054841347
2020-10-27 02:00:00,247.29980555646745
2020-10-27 03:00:00,245.61160042832978
2020-10-27 04:00:00,244.06203749933468
2020-10-27 05:00:00,242.63844947751141
2020-10-27 06:00:00,241.32952756238967
2020-10-27 07:00:00,240.1251442336705
2020-10-27 08:00:00,239.19449759928438
2020-10-27 09:00:00,240.69994975282734
2020-10-27 10:00:00,244.0902983656924
2020-10-27 11:00:00,248.71704631278786
2020-10-27 12:00:00,253.87329523475194
2020-10-27 13:00:00,258.8418632491165
2020-10-27 14:00:00,262.9474801587052
2020-10-27 15:00:00,265.6068117979742
2020-10-27 16:00:00,266.36991445517333
2020-10-27 17:00:00,264.9481038579237
2020-10-27 18:00:00,261.7183509981417
2020-10-27 19:00:00,258.7838323315087
2020-10-27 20:00:00,256.1123121813514
2020-10-27 21:00:00,253.6759721453016
2020-10-27 22:00:00,251.45065185747168
2020-10-27 23:00:00,249.41524723519302
2020-10-28 00:00:00,247.55122840326567
2020-10-28 01:00:00,246.08281141095432
2020-10-28 02:00:00,244.7452246835356
2020-10-28 03:00:00,243.525849459256
2020-10-28 04:00:00,242.41344789897312
2020-10-28 05:00:00,241.39798414302518
2020-10-28 06:00:00,240.47047321047174
2020-10-28 07:00:00,239.62285263570487
2020-10-28 08:00:00,238.96010085176775
2020-10-28 09:00:00,240.7134211170621
2020-10-28 10:00:00,244.31747380174363
2020-10-28 11:00:00,249.1140237052579
2020-10-28 12:00:00,254.39153580327977
2020-10-28 13:00:00,259.43364228249527
2020-10-28 14:00:00,263.5711923975394
2020-10-28 15:00:00,266.2315639537155
2020-10-28 16:00:00,266.9788907454844
2020-10-28 17:00:00,265.54038942059117
2020-10-28 18:00:00,262.37431123208813
2020-10-28 19:00:00,259.5202946611648
2020-10-28 20:00:00,256.94257167977526
2020-10-28 21:00:00,254.61040063446882
2020-10-28 22:00:00,252.49718884359618
2020-10-28 23:00:00,250.57980008689088
2020-10-29 00:00:00,248.83800180136333
2020-10-29 01:00:00,247.33269382510483
2020-10-29 02:00:00,245.96595925912385
2020-10-29 03:00:00,244.7240248464228
2020-10-29 04:00:00,243.59466491429885
2020-10-29 05:00:00,242.56699618724798
2020-10-29 06:00:00,241.63130520333428
2020-10-29 07:00:00,240.7789022314767
2020-10-29 08:00:00,240.04894557622129
2020-10-29 09:00:00,241.7395266725149
2020-10-29 10:00:00,245.27860291454525
2020-10-29 11:00:00,250.0037787157491
2020-10-29 12:00:00,255.2018404289994
2020-10-29 13:00:00,260.15708027865617
2020-10-29 14:00:00,264.2030414767554
2020-10-29 15:00:00,266.77133812240373
2020-10-29 16:00:00,267.4312475968561
2020-10-29 17:00:00,265.915362192675
2020-10-29 18:00:00,262.7512773588096
2020-10-29 19:00:00,259.9070470925139
2020-10-29 20:00:00,257.34534014403124
2020-10-29 21:00:00,255.03413067883335
2020-10-29 22:00:00,252.94576487013472
2020-10-29 23:00:00,251.05622568206405
2020-10-30 00:00:00,249.34454701281064
2020-10-30 01:00:00,248.6415759999994
2020-10-30 02:00:00,248.02138967198655
2020-10-30 03:00:00,247.47402421112832
2020-10-30 04:00:00,246.99076274093244
2020-10-30 05:00:00,246.56396868554194
2020-10-30 06:00:00,246.18694372684018
2020-10-30 07:00:00,245.85380622827202
2020-10-30 08:00:00,245.5593867918747
2020-10-30 09:00:00,247.6344065561996
2020-10-30 10:00:00,251.46275411838653
2020-10-30 11:00:00,256.340593844859
2020-10-30 12:00:00,261.53665868760163
2020-10-30 13:00:00,266.3403896262214
2020-10-30 14:00:00,270.11166448824633
2020-10-30 15:00:00,272.32550079497616
2020-10-30 16:00:00,272.60579037998104
2020-10-30 17:00:00,270.7443117681291
2020-10-30 18:00:00,267.3897226778025
2020-10-30 19:00:00,264.4684549691534
2020-10-30 20:00:00,261.91898153650715
2020-10-30 21:00:00,259.68985081592655
2020-10-30 22:00:00,257.7377162320201
2020-10-30 23:00:00,256.02582629329646
2020-10-31 00:00:00,254.52285007151212
2020-10-31 01:00:00,252.97359396227722
2020-10-31 02:00:00,251.59830194960884
2020-10-31 03:00:00,250.37634992335921
2020-10-31 04:00:00,249.28979041484027
2020-10-31 05:00:00,248.32295616191286
2020-10-31 06:00:00,247.4621326024901
2020-10-31 07:00:00,246.69528523874305
2020-10-31 08:00:00,246.0118310998447
2020-10-31 09:00:00,247.67067109691124
2020-10-31 10:00:00,251.14153874505615
2020-10-31 11:00:00,255.7300244635153
2020-10-31 12:00:00,260.70822348728234
2020-10-31 13:00:00,265.36252023807515
2020-10-31 14:00:00,269.0436149733559
2020-10-31 15:00:00,271.21222872297056
2020-10-31 16:00:00,271.47443400319366
2020-10-31 17:00:00,269.60257781359945
2020-10-31 18:00:00,266.28881133570997
2020-10-31 19:00:00,263.3742522823994
2020-10-31 20:00:00,260.80535492421825
2020-10-31 21:00:00,258.53698520683844
2020-10-31 22:00:00,256.5308240060948
2020-10-31 23:00:00,254.75413415997082
2020-11-01 00:00:00,253.1787949199645
2020-11-01 01:00:00,251.44290332131013
2020-11-01 02:00:00,249.88092726936816
2020-11-01 03:00:00,248.47406349890284
2020-11-01 04:00:00,247.20580431573046
2020-11-01 05:00:00,246.06160749902563
2020-11-01 06:00:00,245.02862297429218
2020-11-01 07:00:00,244.09546477772855
2020-11-01 08:00:00,243.25201948011428
2020-11-01 09:00:00,244.69129847344092
2020-11-01 10:00:00,247.98195082228762
2020-11-01 11:00:00,252.45036229622744
2020-11-01 12:00:00,257.3789462104819
2020-11-01 13:00:00,262.0538379577466
2020-11-01 14:00:00,265.8156297714002
2020-11-01 15:00:00,268.1067469950324
2020-11-01 16:00:00,268.50929775683903
2020-11-01 17:00:00,266.7689625091052
2020-11-01 18:00:00,263.61320587730796
2020-11-01 19:00:00,260.7966627835733
2020-11-01 20:00:00,258.2779193564582
2020-11-01 21:00:00,256.0216171993776
2020-11-01 22:00:00,253.99736728089255
2020-11-01 23:00:00,252.17889863349978
2020-11-02 00:00:00,250.54338287822955
2020-11-02 01:00:00,249.9138156707796
2020-11-02 02:00:00,249.36297301720836
2020-11-02 03:00:00,248.88083885169632
2020-11-02 04:00:00,248.45871183628367
2020-11-02 05:00:00,248.08902330523958
2020-11-02 06:00:00,247.7651826276486
2020-11-02 07:00:00,247.48144535488728
2020-11-02 08:00:00,247.23280041378857
2020-11-02 09:00:00,249.1515352310707
2020-11-02 10:00:00,252.81878879431466
2020-11-02 11:00:00,257.5208902471429
2020-11-02 12:00:00,262.52397721123356
2020-11-02 13:00:00,267.1211641668573
2020-11-02 14:00:00,270.68092024965
2020-11-02 15:00:00,272.69006727854
2020-11-02 16:00:00,272.78565659015493
2020-11-02 17:00:00,270.7722674387077
2020-11-02 18:00:00,267.49510683410995
2020-11-02 19:00:00,264.66312683154626
2020-11-02 20:00:00,262.2106072811506
2020-11-02 21:00:00,260.0828578672059
2020-11-02 22:00:00,258.23403326412443
2020-11-02 23:00:00,256.6254631595211
2020-11-03 00:00:00,255.22435591217524
2020-11-03 01:00:00,253.7534733241789
2020-11-03 02:00:00,252.45669443213154
2020-11-03 03:00:00,251.3124325883579
2020-11-03 04:00:00,250.3019961714033
2020-11-03 05:00:00,249.4091516499958
2020-11-03 06:00:00,248.61976325688596
2020-11-03 07:00:00,247.92149356782434
2020-11-03 08:00:00,247.3035529762455
2020-11-03 09:00:00,248.8286829354519
2020-11-03 10:00:00,252.1619864824202
2020-11-03 11:00:00,256.6006142420327
2020-11-03 12:00:00,261.4143123996416
2020-11-03 13:00:00,265.8924446177944
2020-11-03 14:00:00,269.3929261394961
2020-11-03 15:00:00,271.38652096667664
2020-11-03 16:00:00,271.4906125544217
2020-11-03 17:00:00,269.4886643235533
2020-11-03 18:00:00,266.26538459266584
2020-11-03 19:00:00,263.4485628637253
2020-11-03 20:00:00,260.9818339922189
2020-11-03 21:00:00,258.81785431682965
2020-11-03 22:00:00,256.9165755508378
2020-11-03 23:00:00,255.24391376154585
2020-11-04 00:00:00,253.77070816718523
2020-11-04 01:00:00,252.22887547313275
2020-11-04 02:00:00,250.85547411087688
2020-11-04 03:00:00,249.63102594009885
2020-11-04 04:00:00,248.5385286132611
2020-11-04 05:00:00,247.56309481328563
2020-11-04 06:00:00,246.69165340459077
2020-11-04 07:00:00,245.91270002171274
2020-11-04 08:00:00,245.21608749970696
2020-11-04 09:00:00,246.60148549219466
2020-11-04 10:00:00,249.82123861259998
2020-11-04 11:00:00,254.1879399543525
2020-11-04 12:00:00,258.97882524649503
2020-11-04 13:00:00,263.4829035907463
2020-11-04 14:00:00,267.0505633379548
2020-11-04 15:00:00,269.13921147529203
2020-11-04 16:00:00,269.34895423903026
2020-11-04 17:00:00,267.44423401623357
2020-11-04 18:00:00,264.3501545995189
2020-11-04 19:00:00,261.61682197158825
2020-11-04 20:00:00,259.1974604266992
2020-11-04 21:00:00,257.0523908034476
2020-11-04 22:00:00,255.14772962853436
2020-11-04 23:00:00,253.454374709362
2020-11-05 00:00:00,251.94720374287007
2020-11-05 01:00:00,250.24962661420957
2020-11-05 02:00:00,248.71636252804686
2020-11-05 03:00:00,247.33019362284347
2020-11-05 04:00:00,246.0759482548246
2020-11-05 05:00:00,244.94021337021712
2020-11-05 06:00:00,243.91109534135495
2020-11-05 07:00:00,242.97801966187072
2020-11-05 08:00:00,242.1315620669729
2020-11-05 09:00:00,243.30932076508788
2020-11-05 10:00:00,246.35575088083874
2020-11-05 11:00:00,250.6055098892524
2020-11-05 12:00:00,255.34732537645849
2020-11-05 13:00:00,259.87100358580017
2020-11-05 14:00:00,263.5176821367983
2020-11-05 15:00:00,265.72707044115157
2020-11-05 16:00:00,266.0755954115193
2020-11-05 17:00:00,264.3009908339733
2020-11-05 18:00:00,261.3596906937015
2020-11-05 19:00:00,258.7223803444858
2020-11-05 20:00:00,256.35338493804414
2020-11-05 21:00:00,254.22204433764966
2020-11-05 22:00:00,252.30184780888231
2020-11-05 23:00:00,250.56974889344937
2020-11-06 00:00:00,249.00561681678425
2020-11-06 01:00:00,248.01269724348163
2020-11-06 02:00:00,247.1268206090333
2020-11-06 03:00:00,246.3360135996043
2020-11-06 04:00:00,245.62973081958842
2020-11-06 05:00:00,244.99866640360233
2020-11-06 06:00:00,244.43459412658277
2020-11-06 07:00:00,243.9302309871552
2020-11-06 08:00:00,243.47912026158545
2020-11-06 09:00:00,244.95988645381124
2020-11-06 10:00:00,248.25891058715007
2020-11-06 11:00:00,252.6915763236749
2020-11-06 12:00:00,257.5379667996757
2020-11-06 13:00:00,262.0899573717797
2020-11-06 14:00:00,265.70068975168283
2020-11-06 15:00:00,267.83005455499784
2020-11-06 16:00:00,268.08024839522625
2020-11-06 17:00:00,266.21735500872313
2020-11-06 18:00:00,263.28304516070364
2020-11-06 19:00:00,260.6916522795908
2020-11-06 20:00:00,258.39889686296596
2020-11-06 21:00:00,256.3671398948237
2020-11-06 22:00:00,254.5641856648932
2020-11-06 23:00:00,252.9623436127026
2020-11-07 00:00:00,251.53768386380017
2020-11-07 01:00:00,250.64126357750217
2020-11-07 02:00:00,249.85329867421729
2020-11-07 03:00:00,249.160314454595
2020-11-07 04:00:00,248.5505907997297
2020-11-07 05:00:00,248.01391538820803
2020-11-07 06:00:00,247.54137574496303
2020-11-07 07:00:00,247.1251831074249
2020-11-07 08:00:00,246.7585225530823
2020-11-07 09:00:00,248.25910735362947
2020-11-07 10:00:00,251.55265314583863
2020-11-07 11:00:00,255.93362233675688
2020-11-07 12:00:00,260.67312997063533
2020-11-07 13:00:00,265.06533277230005
2020-11-07 14:00:00,268.4754571506033
2020-11-07 15:00:00,270.3829960978404
2020-11-07 16:00:00,270.4143472108357
2020-11-07 17:00:00,268.3612959348383
2020-11-07 18:00:00,265.3461772047179
2020-11-07 19:00:00,262.7228453193086
2020-11-07 20:00:00,260.43597902612356
2020-11-07 21:00:00,258.4391404799518
2020-11-07 22:00:00,256.69309006348436
2020-11-07 23:00:00,255.16448204565893
2020-11-08 00:00:00,253.82484074207875
2020-11-08 01:00:00,252.2658003640589
2020-11-08 02:00:00,250.87650730559074
2020-11-08 03:00:00,249.6373758582941
2020-11-08 04:00:00,248.53130788575368
2020-11-08 05:00:00,247.5433300299117
2020-11-08 06:00:00,246.66029329854186
2020-11-08 07:00:00,245.870622437687
2020-11-08 08:00:00,245.16410540585187
2020-11-08 09:00:00,246.29573612944714
2020-11-08 10:00:00,249.27726181801106
2020-11-08 11:00:00,253.42410445149417
2020-11-08 12:00:00,258.0167443623435
2020-11-08 13:00:00,262.34713937571513
2020-11-08 14:00:00,265.7676957813096
2020-11-08 15:00:00,267.736439302606
2020-11-08 16:00:00,267.85248385889616
2020-11-08 17:00:00,265.8777505783478
2020-11-08 18:00:00,262.9604130231673
2020-11-08 19:00:00,260.379521517164
2020-11-08 20:00:00,258.092118431288
2020-11-08 21:00:00,256.0616317195394
2020-11-08 22:00:00,254.2567316789971
2020-11-08 23:00:00,252.6504335206749
2020-11-09 00:00:00,251.21938413941365
2020-11-09 01:00:00,249.61467846899734
2020-11-09 02:00:00,248.16583723895732
2020-11-09 03:00:00,246.85655424574057
2020-11-09 04:00:00,245.6724450596151
2020-11-09 05:00:00,244.60078073229823
2020-11-09 06:00:00,243.63026562218855
2020-11-09 07:00:00,242.75085073535757
2020-11-09 08:00:00,241.95357589582972
2020-11-09 09:00:00,242.93583066375504
2020-11-09 10:00:00,245.79252341066183
2020-11-09 11:00:00,249.86012147240345
2020-11-09 12:00:00,254.43036200309655
2020-11-09 13:00:00,258.796640475558
2020-11-09 14:00:00,262.30361031686425
2020-11-09 15:00:00,264.39381954706744
2020-11-09 16:00:00,264.64541021379694
2020-11-09 17:00:00,262.7965033063888
2020-11-09 18:00:00,260.0254626481674
2020-11-09 19:00:00,257.5404659195289
2020-11-09 20:00:00,255.30824548510714
2020-11-09 21:00:00,253.3001308037079
2020-11-09 22:00:00,251.49127210581216
2020-11-09 23:00:00,249.8600222598852
2020-11-10 00:00:00,248.3874392661794
2020-11-10 01:00:00,247.25467222429623
2020-11-10 02:00:00,246.2368584594364
2020-11-10 03:00:00,245.32176596992542
2020-11-10 04:00:00,244.49857374341275
2020-11-10 05:00:00,243.75768791457875
2020-11-10 06:00:00,243.09058587567054
2020-11-10 07:00:00,242.4896833504531
2020-11-10 08:00:00,241.94822046763042
2020-11-10 09:00:00,243.10799380583813
2020-11-10 10:00:00,246.1160979593881
2020-11-10 11:00:00,250.30111317856836
2020-11-10 12:00:00,254.95145324288916
2020-11-10 13:00:00,259.36183390464737
2020-11-10 14:00:00,262.8825562717848
2020-11-10 15:00:00,264.9653939637833
2020-11-10 16:00:00,265.20017969060507
2020-11-10 17:00:00,263.33789040537675
2020-11-10 18:00:00,260.6228005620861
2020-11-10 19:00:00,258.2043901859383
2020-11-10 20:00:00,256.0466691722792
2020-11-10 21:00:00,254.11874882835508
2020-11-10 22:00:00,252.39396811787344
2020-11-10 23:00:00,250.84919998121305
2020-11-11 00:00:00,249.46429442277852
2020-11-11 01:00:00,248.92345223196418
2020-11-11 02:00:00,248.4492013616347
2020-11-11 03:00:00,248.03321646966373
2020-11-11 04:00:00,247.6682422955915
2020-11-11 05:00:00,247.3479493556056
2020-11-11 06:00:00,247.0668106515832
2020-11-11 07:00:00,246.8199959836126
2020-11-11 08:00:00,246.60328108541853
2020-11-11 09:00:00,248.0043189964264
2020-11-11 10:00:00,251.19423533401002
2020-11-11 11:00:00,255.46574736971368
2020-11-11 12:00:00,260.0914335787079
2020-11-11 13:00:00,264.369420433329
2020-11-11 14:00:00,267.67055313001117
2020-11-11 15:00:00,269.4806536573153
2020-11-11 16:00:00,269.43227213735076
2020-11-11 17:00:00,267.32247430231166
2020-11-11 18:00:00,264.4922208339387
2020-11-11 19:00:00,262.03701622770285
2020-11-11 20:00:00,259.9033153278526
2020-11-11 21:00:00,258.04617014225533
2020-11-11 22:00:00,256.42761497770687
2020-11-11 23:00:00,255.01541144001988
2020-11-12 00:00:00,253.78205973394986
2020-11-12 01:00:00,253.4211671586568
2020-11-12 02:00:00,253.1144187074008
2020-11-12 03:00:00,252.85363555180479
2020-11-12 04:00:00,252.631889800149
2020-11-12 05:00:00,252.44330887159404
2020-11-12 06:00:00,252.28291165261808
2020-11-12 07:00:00,252.14647094603973
2020-11-12 08:00:00,252.03039775884042
2020-11-12 09:00:00,253.46762133522557
2020-11-12 10:00:00,256.64700468488803
2020-11-12 11:00:00,260.8197238245492
2020-11-12 12:00:00,265.2427617161734
2020-11-12 13:00:00,269.2217420744984
2020-11-12 14:00:00,272.1539890853102
2020-11-12 15:00:00,273.5653451533768
2020-11-12 16:00:00,273.1356836320499
2020-11-12 17:00:00,270.71057980520277
2020-11-12 18:00:00,267.72661794364853
2020-11-12 19:00:00,265.21730323549707
2020-11-12 20:00:00,263.10294874646024
2020-11-12 21:00:00,261.31847538603205
2020-11-12 22:00:00,259.8103751242918
2020-11-12 23:00:00,258.5344081189585
2020-11-13 00:00:00,257.4538279456916
2020-11-13 01:00:00,256.06996629334054
2020-11-13 02:00:00,254.8707806675322
2020-11-13 03:00:00,253.830766042338
2020-11-13 04:00:00,252.92815472059613
2020-11-13 05:00:00,252.14431511572283
2020-11-13 06:00:00,251.46326041787273
2020-11-13 07:00:00,250.87124391559274
2020-11-13 08:00:00,250.35642338241354
2020-11-13 09:00:00,251.39031811857063
2020-11-13 10:00:00,254.2438222557097
2020-11-13 11:00:00,258.1934321238881
2020-11-13 12:00:00,262.5041085076097
2020-11-13 13:00:00,266.47350801229123
2020-11-13 14:00:00,269.4775362605772
2020-11-13 15:00:00,271.0107655994195
2020-11-13 16:00:00,270.71626440623777
2020-11-13 17:00:00,268.401634176169
2020-11-13 18:00:00,265.51796952303624
2020-11-13 19:00:00,263.03620381016646
2020-11-13 20:00:00,260.89634682805973
2020-11-13 21:00:00,259.0483959020213
2020-11-13 22:00:00,257.4504064646434
2020-11-13 23:00:00,256.06700272839294
2020-11-14 00:00:00,254.86821144496017
2020-11-14 01:00:00,253.08806393778147
2020-11-14 02:00:00,251.4958852996335
2020-11-14 03:00:00,250.0703712376647
2020-11-14 04:00:00,248.79292371969507
2020-11-14 05:00:00,247.64724900311603
2020-11-14 06:00:00,246.61902678043285
2020-11-14 07:00:00,245.6956356589074
2020-11-14 08:00:00,244.86592369784833
2020-11-14 09:00:00,245.5486666567328
2020-11-14 10:00:00,248.11390725092875
2020-11-14 11:00:00,251.88660162330072
2020-11-14 12:00:00,256.15466096481157
2020-11-14 13:00:00,260.2143309557464
2020-11-14 14:00:00,263.4184404450511
2020-11-14 15:00:00,265.22132250641937
2020-11-14 16:00:00,265.21459874121985
2020-11-14 17:00:00,263.1497375913589
2020-11-14 18:00:00,260.4718282830959
2020-11-14 19:00:00,258.0884955467776
2020-11-14 20:00:00,255.96386886548356
2020-11-14 21:00:00,254.0671642823656
2020-11-14 22:00:00,252.37181490702312
2020-11-14 23:00:00,250.85478015856364
2020-11-15 00:00:00,249.49599085157237
2020-11-15 01:00:00,248.13461207397395
2020-11-15 02:00:00,246.9074009120372
2020-11-15 03:00:00,245.80030665826362
2020-11-15 04:00:00,244.8009055087185
2020-11-15 05:00:00,243.89818308494714
2020-11-15 06:00:00,243.08235138575958
2020-11-15 07:00:00,242.34469375197824
2020-11-15 08:00:00,241.67743279870749
2020-11-15 09:00:00,242.45036033954446
2020-11-15 10:00:00,245.09840568796398
2020-11-15 11:00:00,248.9588155971514
2020-11-15 12:00:00,253.3267514123174
2020-11-15 13:00:00,257.50086944845685
2020-11-15 14:00:00,260.8319804619704
2020-11-15 15:00:00,262.7687141737139
2020-11-15 16:00:00,262.8943710518085
2020-11-15 17:00:00,260.9507325763757
2020-11-15 18:00:00,258.4207258121938
2020-11-15 19:00:00,256.15511132605945
2020-11-15 20:00:00,254.1231864149793
2020-11-15 21:00:00,252.298420380247
2020-11-15 22:00:00,250.6577684056707
2020-11-15 23:00:00,249.18112139413822
2020-11-16 00:00:00,247.85086028941842
2020-11-16 01:00:00,246.4189022334229
2020-11-16 02:00:00,245.11733955771794
2020-11-16 03:00:00,243.93338366328194
2020-11-16 04:00:00,242.85565927293385
2020-11-16 05:00:00,241.87402064352275
2020-11-16 06:00:00,240.9793963900863
2020-11-16 07:00:00,240.16365767224102
2020-11-16 08:00:00,239.41950559471036
2020-11-16 09:00:00,240.06640892306615
2020-11-16 10:00:00,242.6026675415258
2020-11-16 11:00:00,246.37980096079806
2020-11-16 12:00:00,250.70122885131974
2020-11-16 13:00:00,254.86767427203915
2020-11-16 14:00:00,258.22604570766987
2020-11-16 15:00:00,260.21586052410254
2020-11-16 16:00:00,260.40738311064933
2020-11-16 17:00:00,258.52707371299823
2020-11-16 18:00:00,256.0884763274286
2020-11-16 19:00:00,253.8853018211446
2020-11-16 20:00:00,251.89198211287237
2020-11-16 21:00:00,250.0862450134142
2020-11-16 22:00:00,248.44859481047857
2020-11-16 23:00:00,246.96189179537853
2020-11-17 00:00:00,245.61100872077975
2020-11-17 01:00:00,245.59831216705695
2020-11-17 02:00:00,245.58717463547066
2020-11-17 03:00:00,245.57740462441487
2020-11-17 04:00:00,245.5688341708969
2020-11-17 05:00:00,245.56131595366404
2020-11-17 06:00:00,245.55472075367533
2020-11-17 07:00:00,245.5489352276469
2020-11-17 08:00:00,245.5438599559281
2020-11-17 09:00:00,246.81595510996593
2020-11-17 10:00:00,249.87460755442402
2020-11-17 11:00:00,254.01569994772962
2020-11-17 12:00:00,258.51644063929825
2020-11-17 13:00:00,262.68029720045445
2020-11-17 14:00:00,265.8833641472336
2020-11-17 15:00:00,267.6158931363301
2020-11-17 16:00:00,267.513524101124
2020-11-17 17:00:00,265.3748423656796
2020-11-17 18:00:00,262.8300761836812
2020-11-17 19:00:00,260.6236783179441
2020-11-17 20:00:00,258.70758962112285
2020-11-17 21:00:00,257.0413398339291
2020-11-17 22:00:00,255.5906605033952
2020-11-17 23:00:00,254.32639717251124
2020-11-18 00:00:00,253.22364544356623
2020-11-18 01:00:00,252.98480138260064
2020-11-18 02:00:00,252.78203337552097
2020-11-18 03:00:00,252.6098680793834
2020-11-18 04:00:00,252.46366932924232
2020-11-18 05:00:00,252.33950819257385
2020-11-18 06:00:00,252.23405372188355
2020-11-18 07:00:00,252.1444809623037
2020-11-18 08:00:00,252.06839338372544
2020-11-18 09:00:00,253.23206082526173
2020-11-18 10:00:00,256.16069320223016
2020-11-18 11:00:00,260.1047473006755
2020-11-18 12:00:00,264.32277834265057
2020-11-18 13:00:00,268.1231191378381
2020-11-18 14:00:00,270.9059155852438
2020-11-18 15:00:00,272.1991281093815
2020-11-18 16:00:00,271.68352575424626
2020-11-18 17:00:00,269.2041717678581
2020-11-18 18:00:00,266.47825629706136
2020-11-18 19:00:00,264.1871553164596
2020-11-18 20:00:00,262.258052616754
2020-11-18 21:00:00,260.63134470185
2020-11-18 22:00:00,259.25794486390083
2020-11-18 23:00:00,258.09722306169795
2020-11-19 00:00:00,257.1154077917879
2020-11-19 01:00:00,256.7780904437739
2020-11-19 02:00:00,256.49887104430604
2020-11-19 03:00:00,256.2676950300908
2020-11-19 04:00:00,256.0762630433301
2020-11-19 05:00:00,255.91771975972594
2020-11-19 06:00:00,255.7863993812582
2020-11-19 07:00:00,255.6776170073879
2020-11-19 08:00:00,255.58749729532653
2020-11-19 09:00:00,256.69415711496697
2020-11-19 10:00:00,259.5485069745794
2020-11-19 11:00:00,263.3676839081888
2020-11-19 12:00:00,267.3987389996036
2020-11-19 13:00:00,270.9565556596622
2020-11-19 14:00:00,273.4615998821782
2020-11-19 15:00:00,274.47109447300403
2020-11-19 16:00:00,273.6990681380575
2020-11-19 17:00:00,271.0234027090374
2020-11-19 18:00:00,268.23322773217336
2020-11-19 19:00:00,265.9443895887087
2020-11-19 20:00:00,264.0632639832008
2020-11-19 21:00:00,262.51487427388844
2020-11-19 22:00:00,261.23879724667444
2020-11-19 23:00:00,260.18608976488764
2020-11-20 00:00:00,259.31694384519596
2020-11-20 01:00:00,257.4947863916025
2020-11-20 02:00:00,255.90301646483826
2020-11-20 03:00:00,254.51097878356242
2020-11-20 04:00:00,253.29245952284745
2020-11-20 05:00:00,252.22495701589247
2020-11-20 06:00:00,251.28909215819965
2020-11-20 07:00:00,250.46812724173574
2020-11-20 08:00:00,249.74756995423303
2020-11-20 09:00:00,250.2504734691027
2020-11-20 10:00:00,252.6273055996302
2020-11-20 11:00:00,256.1691053955696
2020-11-20 12:00:00,260.1492899737645
2020-11-20 13:00:00,263.86715556639416
2020-11-20 14:00:00,266.69333113012925
2020-11-20 15:00:00,268.11086343886734
2020-11-20 16:00:00,267.7464496496053
2020-11-20 17:00:00,265.38837903253375
2020-11-20 18:00:00,262.78477979382177
2020-11-20 19:00:00,260.51891749754475
2020-11-20 20:00:00,258.54375362541487
2020-11-20 21:00:00,256.81958506171713
2020-11-20 22:00:00,255.31271075398791
2020-11-20 23:00:00,253.99438556496503
2020-11-21 00:00:00,252.83998906114957
2020-11-21 01:00:00,252.35731665991682
2020-11-21 02:00:00,251.94258784668995
2020-11-21 03:00:00,251.58613818127787
2020-11-21 04:00:00,251.27970421473304
2020-11-21 05:00:00,251.01621350606683
2020-11-21 06:00:00,250.7896079077595
2020-11-21 07:00:00,250.59469438736267
2020-11-21 08:00:00,250.42701875585007
2020-11-21 09:00:00,251.37399672833916
2020-11-21 10:00:00,254.12118885216958
2020-11-21 11:00:00,257.93590711767337
2020-11-21 12:00:00,262.0836206726757
2020-11-21 13:00:00,265.8704332483417
2020-11-21 14:00:00,268.68646078318733
2020-11-21 15:00:00,270.04377194641273
2020-11-21 16:00:00,269.603738763675
2020-11-21 17:00:00,267.1909478020909
2020-11-21 18:00:00,264.6284237589914
2020-11-21 19:00:00,262.44602796302553
2020-11-21 20:00:00,260.584299584525
2020-11-21 21:00:00,258.99392515514296
2020-11-21 22:00:00,257.6337748838566
2020-11-21 23:00:00,256.46938130158514
2020-11-22 00:00:00,255.4717443446888
2020-11-22 01:00:00,254.6057542412166
2020-11-22 02:00:00,253.8624837060795
2020-11-22 03:00:00,253.2242138660659
2020-11-22 04:00:00,252.6758708511012
2020-11-22 05:00:00,252.20460810640583
2020-11-22 06:00:00,251.7994606374011
2020-11-22 07:00:00,251.45105727099684
2020-11-22 08:00:00,251.1513800866679
2020-11-22 09:00:00,251.9417348910708
2020-11-22 10:00:00,254.55174664762723
2020-11-22 11:00:00,258.24703116458755
2020-11-22 12:00:00,262.2918814406011
2020-11-22 13:00:00,265.9913852139618
2020-11-22 14:00:00,268.73455799991854
2020-11-22 15:00:00,270.0321411196938
2020-11-22 16:00:00,269.5439074772545
2020-11-22 17:00:00,267.09261284802835
2020-11-22 18:00:00,264.53860762491735
2020-11-22 19:00:00,262.3623372053004
2020-11-22 20:00:00,260.5048830627667
2020-11-22 21:00:00,258.91735514173547
2020-11-22 22:00:00,257.55895573443485
2020-11-22 23:00:00,256.39547855638466
2020-11-23 00:00:00,255.39812922586006
2020-11-23 01:00:00,255.0991832117091
2020-11-23 02:00:00,254.84866371049972
2020-11-23 03:00:00,254.6386881542912
2020-11-23 04:00:00,254.46266835055795
2020-11-23 05:00:00,254.31509456968809
2020-11-23 06:00:00,254.19135664898315
2020-11-23 07:00:00,254.08759547169825
2020-11-23 08:00:00,254.0005794571006
2020-11-23 09:00:00,254.93405200495044
2020-11-23 10:00:00,257.6444335584307
2020-11-23 11:00:00,261.364942290559
2020-11-23 12:00:00,265.34878496152277
2020-11-23 13:00:00,268.9083321036584
2020-11-23 14:00:00,271.4545012836439
2020-11-23 15:00:00,272.5299791173364
2020-11-23 16:00:00,271.8315512044466
2020-11-23 17:00:00,269.21935054498107
2020-11-23 18:00:00,266.6256894627474
2020-11-23 19:00:00,264.4712242689377
2020-11-23 20:00:00,262.67850277319246
2020-11-23 21:00:00,261.1846900041971
2020-11-23 22:00:00,259.93851272369767
2020-11-23 23:00:00,258.89793292000616
2020-11-24 00:00:00,258.0283497620682
2020-11-24 01:00:00,264.17196884663946
2020-11-24 02:00:00,267.60967755369177
2020-11-24 03:00:00,269.5236108299644
2020-11-24 04:00:00,270.58609422571527
2020-11-24 05:00:00,271.1749413007436
2020-11-24 06:00:00,271.5009897891863
2020-11-24 07:00:00,271.68143219708065
2020-11-24 08:00:00,271.78126449404857
2020-11-24 09:00:00,272.80257985958724
2020-11-24 10:00:00,275.2925337031732
2020-11-24 11:00:00,278.11523974302924
2020-11-24 12:00:00,280.5415875512677
2020-11-24 13:00:00,282.1110900971058
2020-11-24 14:00:00,282.5577286820014
2020-11-24 15:00:00,281.7669860083195
2020-11-24 16:00:00,279.74778960367024
2020-11-24 17:00:00,276.61122517788806
2020-11-24 18:00:00,274.5007797125677
2020-11-24 19:00:00,273.33844893243196
2020-11-24 20:00:00,272.6970776931282
2020-11-24 21:00:00,272.34280436135316
2020-11-24 22:00:00,272.14700380504894
2020-11-24 23:00:00,272.0387545042269
2020-11-25 00:00:00,271.9788980264714
2020-11-25 01:00:00,268.8741303595576
2020-11-25 02:00:00,266.2888087100578
2020-11-25 03:00:00,264.13151979408354
2020-11-25 04:00:00,262.3283235384436
2020-11-25 05:00:00,260.81898937213026
2020-11-25 06:00:00,259.5541701012251
2020-11-25 07:00:00,258.4932430109117
2020-11-25 08:00:00,257.6026362479546
2020-11-25 09:00:00,257.7816260851184
2020-11-25 10:00:00,259.85504654086026
2020-11-25 11:00:00,263.04306117099964
2020-11-25 12:00:00,266.58761830984463
2020-11-25 13:00:00,269.79007166396946
2020-11-25 14:00:00,272.04980553363094
2020-11-25 15:00:00,272.8972909645192
2020-11-25 16:00:00,272.01668220013534
2020-11-25 17:00:00,269.25559214120966
2020-11-25 18:00:00,266.6067702829712
2020-11-25 19:00:00,264.3970567400955
2020-11-25 20:00:00,262.55042506541344
2020-11-25 21:00:00,261.0049984092804
2020-11-25 22:00:00,259.7101165108079
2020-11-25 23:00:00,258.62409993580894
2020-11-26 00:00:00,257.71252003823133
2020-11-26 01:00:00,256.2205437640874
2020-11-26 02:00:00,254.9235070135027
2020-11-26 03:00:00,253.7949336489894
2020-11-26 04:00:00,252.81218983969998
2020-11-26 05:00:00,251.95586624216395
2020-11-26 06:00:00,251.20927401133025
2020-11-26 07:00:00,250.55803028224526
2020-11-26 08:00:00,249.98971474580873
2020-11-26 09:00:00,250.3831129603033
2020-11-26 10:00:00,252.64734495821426
2020-11-26 11:00:00,256.0680150442772
2020-11-26 12:00:00,259.9184379118436
2020-11-26 13:00:00,263.5021287234921
2020-11-26 14:00:00,266.1970458146431
2020-11-26 15:00:00,267.49532032345934
2020-11-26 16:00:00,267.0331448562035
2020-11-26 17:00:00,264.60757051403806
2020-11-26 18:00:00,262.19821254534696
2020-11-26 19:00:00,260.11254612086213
2020-11-26 20:00:00,258.3043539576166
2020-11-26 21:00:00,256.73470363837663
2020-11-26 22:00:00,255.37062790007883
2020-11-26 23:00:00,254.1840860059265
2020-11-27 00:00:00,253.15113630426876
2020-11-27 01:00:00,252.94399329754845
2020-11-27 02:00:00,252.76827568466516
2020-11-27 03:00:00,252.6191977415895
2020-11-27 04:00:00,252.49270766687155
2020-11-27 05:00:00,252.38537359554323
2020-11-27 06:00:00,252.2942877178626
2020-11-27 07:00:00,252.21698551543267
2020-11-27 08:00:00,252.15137765092953
2020-11-27 09:00:00,252.94905575476798
2020-11-27 10:00:00,255.54453708082792
2020-11-27 11:00:00,259.1884500918956
2020-11-27 12:00:00,263.14163651127024
2020-11-27 13:00:00,266.71543704107563
2020-11-27 14:00:00,269.3125588185329
2020-11-27 15:00:00,270.4622201204725
2020-11-27 16:00:00,269.8446856490465
2020-11-27 17:00:00,267.30270306152073
2020-11-27 18:00:00,264.8914787969595
2020-11-27 19:00:00,262.8640101543508
2020-11-27 20:00:00,261.15654580325116
2020-11-27 21:00:00,259.7167115477674
2020-11-27 22:00:00,258.5012497431154
2020-11-27 23:00:00,257.47427405030004
2020-11-28 00:00:00,256.6059036153381
2020-11-28 01:00:00,255.24297231600485
2020-11-28 02:00:00,254.0565201673408
2020-11-28 03:00:00,253.0228613704868
2020-11-28 04:00:00,252.1216917922846
2020-11-28 05:00:00,251.33555702106602
2020-11-28 06:00:00,250.64941583686996
2020-11-28 07:00:00,250.0502792564172
2020-11-28 08:00:00,249.5269100524166
2020-11-28 09:00:00,249.8881994522212
2020-11-28 10:00:00,252.12041853680466
2020-11-28 11:00:00,255.51187108255024
2020-11-28 12:00:00,259.33792260786777
2020-11-28 13:00:00,262.90340108735745
2020-11-28 14:00:00,265.5867836339189
2020-11-28 15:00:00,266.87994029215344
2020-11-28 16:00:00,266.41812272854514
2020-11-28 17:00:00,263.996934769835
2020-11-28 18:00:00,261.6586603001428
2020-11-28 19:00:00,259.63235170618003
2020-11-28 20:00:00,257.8738226359568
2020-11-28 21:00:00,256.3457854698699
2020-11-28 22:00:00,255.0166151739261
2020-11-28 23:00:00,253.85937339018997
2020-11-29 00:00:00,252.8510287871831
2020-11-29 01:00:00,252.0859144662322
2020-11-29 02:00:00,251.42131979436294
2020-11-29 03:00:00,250.84378302028
2020-11-29 04:00:00,250.34170811540812
2020-11-29 05:00:00,249.90509073210754
2020-11-29 06:00:00,249.5252881816472
2020-11-29 07:00:00,249.19482546243907
2020-11-29 08:00:00,248.9072310186783
2020-11-29 09:00:00,249.44223786659674
2020-11-29 10:00:00,251.82235751696285
2020-11-29 11:00:00,255.33288994661132
2020-11-29 12:00:00,259.24898886785724
2020-11-29 13:00:00,262.87800155418904
2020-11-29 14:00:00,265.60332638472266
2020-11-29 15:00:00,266.92358127464763
2020-11-29 16:00:00,266.48184801474065
2020-11-29 17:00:00,264.08185010914394
2020-11-29 18:00:00,261.80377439201425
2020-11-29 19:00:00,259.83840663842597
2020-11-29 20:00:00,258.14040063968696
2020-11-29 21:00:00,256.67160672241727
2020-11-29 22:00:00,255.3997711877023
2020-11-29 23:00:00,254.29751045255088
2020-11-30 00:00:00,253.3414922178989
2020-11-30 01:00:00,251.82369156680016
2020-11-30 02:00:00,250.47017811903947
2020-11-30 03:00:00,249.26212584640442
2020-11-30 04:00:00,248.18308017383143
2020-11-30 05:00:00,247.2186154436474
2020-11-30 06:00:00,246.35605066606703
2020-11-30 07:00:00,245.5842119080537
2020-11-30 08:00:00,244.89323233982006
2020-11-30 09:00:00,245.0278985549561
2020-11-30 10:00:00,247.0610331245173
2020-11-30 11:00:00,250.32039313316426
2020-11-30 12:00:00,254.10170456265098
2020-11-30 13:00:00,257.7120332935268
2020-11-30 14:00:00,260.5159269598798
2020-11-30 15:00:00,261.97833964675726
2020-11-30 16:00:00,261.6988312030036
2020-11-30 17:00:00,259.4332030674349
2020-11-30 18:00:00,257.24328947671637
2020-11-30 19:00:00,255.29737679315986
2020-11-30 20:00:00,253.56602291590428
2020-11-30 21:00:00,252.02381308832096
2020-11-30 22:00:00,250.6487095227999
2020-11-30 23:00:00,249.42152652584926
2020-12-01 00:00:00,248.32550274285055
2020-12-01 01:00:00,248.1993583815956
2020-12-01 02:00:00,248.0896832488684
2020-12-01 03:00:00,247.9943204020844
2020-12-01 04:00:00,247.91139703593274
2020-12-01 05:00:00,247.83928665047284
2020-12-01 06:00:00,247.77657635443737
2020-12-01 07:00:00,247.72203858291874
2020-12-01 08:00:00,247.67460661550712
2020-12-01 09:00:00,248.35652109129543
2020-12-01 10:00:00,250.86012406769737
2020-12-01 11:00:00,254.4729767920774
2020-12-01 12:00:00,258.4728363793259
2020-12-01 13:00:00,262.1700871941729
2020-12-01 14:00:00,264.9515354397665
2020-12-01 15:00:00,266.3194141869441
2020-12-01 16:00:00,265.92041594367726
2020-12-01 17:00:00,263.5616583825721
2020-12-01 18:00:00,261.382699692144
2020-12-01 19:00:00,259.505320321227
2020-12-01 20:00:00,257.8855763907678
2020-12-01 21:00:00,256.4864966804334
2020-12-01 22:00:00,255.2768297230945
2020-12-01 23:00:00,254.23005303351792
2020-12-02 00:00:00,253.32358055104822
2020-12-02 01:00:00,252.69543031254602
2020-12-02 02:00:00,252.1542058180135
2020-12-02 03:00:00,251.68770688100037
2020-12-02 04:00:00,251.2854897959206
2020-12-02 05:00:00,250.93860306348927
2020-12-02 06:00:00,250.63936579643047
2020-12-02 07:00:00,250.38118117789213
2020-12-02 08:00:00,250.15837888730732
2020-12-02 09:00:00,250.66039262836597
2020-12-02 10:00:00,253.00247237106942
2020-12-02 11:00:00,256.4584691002212
2020-12-02 12:00:00,260.2992995676022
2020-12-02 13:00:00,263.83430049307196
2020-12-02 14:00:00,266.45383681451597
2020-12-02 15:00:00,267.6669421367733
2020-12-02 16:00:00,267.1288914613488
2020-12-02 17:00:00,264.6557860775534
2020-12-02 18:00:00,262.42158303121926
2020-12-02 19:00:00,260.5098436989359
2020-12-02 20:00:00,258.8717147144135
2020-12-02 21:00:00,257.46636519583825
2020-12-02 22:00:00,256.2595031426232
2020-12-02 23:00:00,255.22220983233404
2020-12-03 00:00:00,254.3300129371381
2020-12-03 01:00:00,252.7757906657652
2020-12-03 02:00:00,251.39447787371142
2020-12-03 03:00:00,250.16574107540671
2020-12-03 04:00:00,249.07186897568576
2020-12-03 05:00:00,248.097385800621
2020-12-03 06:00:00,247.22873165753413
2020-12-03 07:00:00,246.45399628951841
2020-12-03 08:00:00,245.76269576749525
2020-12-03 09:00:00,245.8125429211081
2020-12-03 10:00:00,247.76417560861023
2020-12-03 11:00:00,250.9409301699566
2020-12-03 12:00:00,254.6369668478018
2020-12-03 13:00:00,258.1602284305665
2020-12-03 14:00:00,260.87807087686195
2020-12-03 15:00:00,262.2595687404994
2020-12-03 16:00:00,261.90904024826546
2020-12-03 17:00:00,259.58704487474756
2020-12-03 18:00:00,257.43807189816073
2020-12-03 19:00:00,255.534090345704
2020-12-03 20:00:00,253.84500432815253
2020-12-03 21:00:00,252.34488117643104
2020-12-03 22:00:00,251.01127567696125
2020-12-03 23:00:00,249.82468499482712
2020-12-04 00:00:00,248.76810466314637
2020-12-04 01:00:00,247.6668874948212
2020-12-04 02:00:00,246.6799116903622
2020-12-04 03:00:00,245.79479052524883
2020-12-04 04:00:00,245.00058585968497
2020-12-04 05:00:00,244.28761796081835
2020-12-04 06:00:00,243.64730431846198
2020-12-04 07:00:00,243.07202227442698
2020-12-04 08:00:00,242.5549913518437
2020-12-04 09:00:00,242.73129604492286
2020-12-04 10:00:00,244.7953158072709
2020-12-04 11:00:00,248.0839488034233
2020-12-04 12:00:00,251.89926437739803
2020-12-04 13:00:00,255.55189920484423
2020-12-04 14:00:00,258.4072908965123
2020-12-04 15:00:00,259.92887108980074
2020-12-04 16:00:00,259.71274579051476
2020-12-04 17:00:00,257.5099774115663
2020-12-04 18:00:00,255.4788667028649
2020-12-04 19:00:00,253.6675296193724
2020-12-04 20:00:00,252.0502621009791
2020-12-04 21:00:00,250.60476033676122
2020-12-04 22:00:00,249.311590608389
2020-12-04 23:00:00,248.1537578946625
2020-12-05 00:00:00,247.11635165310213
2020-12-05 01:00:00,248.0250142688028
2020-12-05 02:00:00,248.79315511340684
2020-12-05 03:00:00,249.44217021096028
2020-12-05 04:00:00,249.99029309102676
2020-12-05 05:00:00,250.45303513529316
2020-12-05 06:00:00,250.84357237866885
2020-12-05 07:00:00,251.17308297865407
2020-12-05 08:00:00,251.45103998585128
2020-12-05 09:00:00,252.30228265588786
2020-12-05 10:00:00,254.9239184083213
2020-12-05 11:00:00,258.56457728844265
2020-12-05 12:00:00,262.48836516509925
2020-12-05 13:00:00,266.01406068589364
2020-12-05 14:00:00,268.55464571791305
2020-12-05 15:00:00,269.6509783737267
2020-12-05 16:00:00,268.99491165838947
2020-12-05 17:00:00,266.43956139280664
2020-12-05 18:00:00,264.26286876742745
2020-12-05 19:00:00,262.44435221926744
2020-12-05 20:00:00,260.9229243284113
2020-12-05 21:00:00,259.64856768369367
2020-12-05 22:00:00,258.58013207528694
2020-12-05 23:00:00,257.6836284872775
2020-12-06 00:00:00,256.93089099458876
2020-12-06 01:00:00,255.86390028293974
2020-12-06 02:00:00,254.9491902454401
2020-12-06 03:00:00,254.1645249709258
2020-12-06 04:00:00,253.49104898292973
2020-12-06 05:00:00,252.91273787587517
2020-12-06 06:00:00,252.41594754065255
2020-12-06 07:00:00,251.9890418995759
2020-12-06 08:00:00,251.6220837504916
2020-12-06 09:00:00,251.90063041590741
2020-12-06 10:00:00,254.0426555894095
2020-12-06 11:00:00,257.31478735164404
2020-12-06 12:00:00,260.9846960208564
2020-12-06 13:00:00,264.36146502595443
2020-12-06 14:00:00,266.83726924684487
2020-12-06 15:00:00,267.92411435117384
2020-12-06 16:00:00,267.28059183155034
2020-12-06 17:00:00,264.7258099063468
2020-12-06 18:00:00,262.52669094450454
2020-12-06 19:00:00,260.6505291517149
2020-12-06 20:00:00,259.04766374016697
2020-12-06 21:00:00,257.67667966146576
2020-12-06 22:00:00,256.50287275203203
2020-12-06 23:00:00,255.49704482236686
2020-12-07 00:00:00,254.6345463024801
2020-12-07 01:00:00,254.95279740477295
2020-12-07 02:00:00,255.2140364131557
2020-12-07 03:00:00,255.42843493949798
2020-12-07 04:00:00,255.60436343289007
2020-12-07 05:00:00,255.74870570205627
2020-12-07 06:00:00,255.86711996001287
2020-12-07 07:00:00,255.96425500860275
2020-12-07 08:00:00,256.0439289507641
2020-12-07 09:00:00,256.68211683367264
2020-12-07 10:00:00,259.1066014535826
2020-12-07 11:00:00,262.52334740357765
2020-12-07 12:00:00,266.1792918761446
2020-12-07 13:00:00,269.3965145430465
2020-12-07 14:00:00,271.60657269138494
2020-12-07 15:00:00,272.37869078838304
2020-12-07 16:00:00,271.43747988836554
2020-12-07 17:00:00,268.6684706277476
2020-12-07 18:00:00,266.41782501639847
2020-12-07 19:00:00,264.58693682364117
2020-12-07 20:00:00,263.0952718080107
2020-12-07 21:00:00,261.8785096901012
2020-12-07 22:00:00,260.88502176632136
2020-12-07 23:00:00,260.07319980615
2020-12-08 00:00:00,259.40940259543635
2020-12-08 01:00:00,258.66365198090284
2020-12-08 02:00:00,258.046856419311
2020-12-08 03:00:00,257.5364789679353
2020-12-08 04:00:00,257.1139967286229
2020-12-08 05:00:00,256.7641620740324
2020-12-08 06:00:00,256.4744073403718
2020-12-08 07:00:00,256.23436280070905
2020-12-08 08:00:00,256.0354647861897
2020-12-08 09:00:00,256.42382393743674
2020-12-08 10:00:00,258.6455617401407
2020-12-08 11:00:00,261.9148267104959
2020-12-08 12:00:00,265.47873742040065
2020-12-08 13:00:00,268.65276000706695
2020-12-08 14:00:00,270.8566113733327
2020-12-08 15:00:00,271.644320030774
2020-12-08 16:00:00,270.72391788476625
2020-12-08 17:00:00,267.98173280175195
2020-12-08 18:00:00,265.73044545418196
2020-12-08 19:00:00,263.8787557627403
2020-12-08 20:00:00,262.3534633491716
2020-12-08 21:00:00,261.09551492530187
2020-12-08 22:00:00,260.0570314450378
2020-12-08 23:00:00,259.19903603183076
2020-12-09 00:00:00,258.4896939611179
2020-12-09 01:00:00,257.5507999410756
2020-12-09 02:00:00,256.760230649954
2020-12-09 03:00:00,256.0941700309863
2020-12-09 04:00:00,255.532738118939
2020-12-09 05:00:00,255.0593078804241
2020-12-09 06:00:00,254.6599500603487
2020-12-09 07:00:00,254.3229793750231
2020-12-09 08:00:00,254.0385816776016
2020-12-09 09:00:00,254.33361260221886
2020-12-09 10:00:00,256.481425114179
2020-12-09 11:00:00,259.7220140020698
2020-12-09 12:00:00,263.31227298864263
2020-12-09 13:00:00,266.56402109654
2020-12-09 14:00:00,268.88290049615404
2020-12-09 15:00:00,269.8018338634143
2020-12-09 16:00:00,269.00425314787367
2020-12-09 17:00:00,266.36938310104233
2020-12-09 18:00:00,264.16566554168696
2020-12-09 19:00:00,262.3193440663774
2020-12-09 20:00:00,260.7702461243859
2020-12-09 21:00:00,259.46899123743157
2020-12-09 22:00:00,258.3748583851361
2020-12-09 23:00:00,257.45413256366805
2020-12-10 00:00:00,256.67880644005646
2020-12-10 01:00:00,255.72452723315197
2020-12-10 02:00:00,254.90911857592445
2020-12-10 03:00:00,254.21197193419863
2020-12-10 04:00:00,253.6156452087667
2020-12-10 05:00:00,253.10534700868348
2020-12-10 06:00:00,252.668512744637
2020-12-10 07:00:00,252.29445414598445
2020-12-10 08:00:00,251.9740680085313
2020-12-10 09:00:00,252.21819682846052
2020-12-10 10:00:00,254.3250477002388
2020-12-10 11:00:00,257.5568467471966
2020-12-10 12:00:00,261.18008862112583
2020-12-10 13:00:00,264.50531834633057
2020-12-10 14:00:00,266.92813958679255
2020-12-10 15:00:00,267.9652106932998
2020-12-10 16:00:00,267.2802512976487
2020-12-10 17:00:00,264.748182156497
2020-12-10 18:00:00,262.5989327789673
2020-12-10 19:00:00,260.7716376107648
2020-12-10 20:00:00,259.21594596313685
2020-12-10 21:00:00,257.8899717782615
2020-12-10 22:00:00,256.7587071065035
2020-12-10 23:00:00,255.79277744425767
2020-12-11 00:00:00,254.96745352324922
2020-12-11 01:00:00,253.88239292295654
2020-12-11 02:00:00,252.93948297877952
2020-12-11 03:00:00,252.11957910278852
2020-12-11 04:00:00,251.4062432098863
2020-12-11 05:00:00,250.7853296805705
2020-12-11 06:00:00,250.24464227198916
2020-12-11 07:00:00,249.77364802433843
2020-12-11 08:00:00,249.36323736262307
2020-12-11 09:00:00,249.50921004715653
2020-12-11 10:00:00,251.53318914028023
2020-12-11 11:00:00,254.72370681398655
2020-12-11 12:00:00,258.3593422989708
2020-12-11 13:00:00,261.750023592404
2020-12-11 14:00:00,264.28009733184524
2020-12-11 15:00:00,265.4470338867911
2020-12-11 16:00:00,264.8905906775049
2020-12-11 17:00:00,262.4747724356649
2020-12-11 18:00:00,260.3881515395084
2020-12-11 19:00:00,258.5831274575213
2020-12-11 20:00:00,257.0196804895494
2020-12-11 21:00:00,255.66398762356576
2020-12-11 22:00:00,254.4873350204769
2020-12-11 23:00:00,253.46525294380112
2020-12-12 00:00:00,252.57682006001116
2020-12-12 01:00:00,251.418468244223
2020-12-12 02:00:00,250.39566011122417
2020-12-12 03:00:00,249.4919380661283
2020-12-12 04:00:00,248.69297470537447
2020-12-12 05:00:00,247.9862680041583
2020-12-12 06:00:00,247.36088644383952
2020-12-12 07:00:00,246.807254560437
2020-12-12 08:00:00,246.31697148454612
2020-12-12 09:00:00,246.37302307438608
2020-12-12 10:00:00,248.31855953667355
2020-12-12 11:00:00,251.46799905852794
2020-12-12 12:00:00,255.11289484658283
2020-12-12 13:00:00,258.5642246084611
2020-12-12 14:00:00,261.1970174971714
2020-12-12 15:00:00,262.4913258318153
2020-12-12 16:00:00,262.06421934870457
2020-12-12 17:00:00,259.76783106774565
2020-12-12 18:00:00,257.75155744825094
2020-12-12 19:00:00,255.97874475923786
2020-12-12 20:00:00,254.41810561842448
2020-12-12 21:00:00,253.0428031690031
2020-12-12 22:00:00,251.8297206896497
2020-12-12 23:00:00,250.75887269540559
2020-12-13 00:00:00,249.81292542591748
2020-12-13 01:00:00,248.67515610388
2020-12-13 02:00:00,247.65851477503006
2020-12-13 03:00:00,246.74953260801425
2020-12-13 04:00:00,245.9363543272983
2020-12-13 05:00:00,245.20852153853357
2020-12-13 06:00:00,244.556789792072
2020-12-13 07:00:00,243.97297323392127
2020-12-13 08:00:00,243.44981198496825
2020-12-13 09:00:00,243.4595034924904
2020-12-13 10:00:00,245.36330957012058
2020-12-13 11:00:00,248.495390815032
2020-12-13 12:00:00,252.15791282410794
2020-12-13 13:00:00,255.66381546536954
2020-12-13 14:00:00,258.38234529223786
2020-12-13 15:00:00,259.7814931895717
2020-12-13 16:00:00,259.46194446569865
2020-12-13 17:00:00,257.26881043477255
2020-12-13 18:00:00,255.32006975682597
2020-12-13 19:00:00,253.58622582556177
2020-12-13 20:00:00,252.04181835496453
2020-12-13 21:00:00,250.66477123532266
2020-12-13 22:00:00,249.4358662976233
2020-12-13 23:00:00,248.33831449885813
2020-12-14 00:00:00,247.35740336416146
2020-12-14 01:00:00,246.6346850625188
2020-12-14 02:00:00,245.9911936604552
2020-12-14 03:00:00,245.41801764812624
2020-12-14 04:00:00,244.90729491208683
2020-12-14 05:00:00,244.45207940510483
2020-12-14 06:00:00,244.04622675856825
2020-12-14 07:00:00,243.68429574533226
2020-12-14 08:00:00,243.36146308313576
2020-12-14 09:00:00,243.5419791791482
2020-12-14 10:00:00,245.59749279264588
2020-12-14 11:00:00,248.85594054339953
2020-12-14 12:00:00,252.61660626430563
2020-12-14 13:00:00,256.192948017394
2020-12-14 14:00:00,258.95791562240055
2020-12-14 15:00:00,260.3858747662377
2020-12-14 16:00:00,260.08578773421834
2020-12-14 17:00:00,257.92195021512947
2020-12-14 18:00:00,256.0094023003965
2020-12-14 19:00:00,254.3167648752496
2020-12-14 20:00:00,252.81705828437865
2020-12-14 21:00:00,251.48698062098057
2020-12-14 22:00:00,250.30632685107398
2020-12-14 23:00:00,249.25751657114373
2020-12-15 00:00:00,248.32520657298443
2020-12-15 01:00:00,248.15014692027046
2020-12-15 02:00:00,247.9976933972173
2020-12-15 03:00:00,247.86491377325223
2020-12-15 04:00:00,247.74925930224921
2020-12-15 05:00:00,247.6485138089847
2020-12-15 06:00:00,247.5607497185761
2020-12-15 07:00:00,247.4842900381542
2020-12-15 08:00:00,247.41767545177603
2020-12-15 09:00:00,247.81966069851444
2020-12-15 10:00:00,250.0637729050605
2020-12-15 11:00:00,253.44256724575663
2020-12-15 12:00:00,257.2383176448319
2020-12-15 13:00:00,260.7646771863154
2020-12-15 14:00:00,263.40988702019484
2020-12-15 15:00:00,264.6754718839756
2020-12-15 16:00:00,264.2052978595866
2020-12-15 17:00:00,261.9101896303976
2020-12-15 18:00:00,259.9302818666895
2020-12-15 19:00:00,258.21982692861576
2020-12-15 20:00:00,256.74034776178064
2020-12-15 21:00:00,255.4593213176119
2020-12-15 22:00:00,254.34914071763959
2020-12-15 23:00:00,253.38628732607305
2020-12-16 00:00:00,252.55066326265472
2020-12-16 01:00:00,251.31616841062382
2020-12-16 02:00:00,250.2228730448218
2020-12-16 03:00:00,249.2539464441193
2020-12-16 04:00:00,248.39471126402938
2020-12-16 05:00:00,247.63233626604392
2020-12-16 06:00:00,246.95557964231344
2020-12-16 07:00:00,246.3545732094818
2020-12-16 08:00:00,245.82063989704403
2020-12-16 09:00:00,245.79927343376448
2020-12-16 10:00:00,247.6737408317039
2020-12-16 11:00:00,250.76389918749635
2020-12-16 12:00:00,254.364424197806
2020-12-16 13:00:00,257.78708862924265
2020-12-16 14:00:00,260.40552130566556
2020-12-16 15:00:00,261.6964945968891
2020-12-16 16:00:00,261.2724062195803
2020-12-16 17:00:00,259.01642454418845
2020-12-16 18:00:00,257.02875972399016
2020-12-16 19:00:00,255.27510256216587
2020-12-16 20:00:00,253.72606774950103
2020-12-16 21:00:00,252.35636753890424
2020-12-16 22:00:00,251.14415026348442
2020-12-16 23:00:00,250.07046519224014
2020-12-17 00:00:00,249.1188254431475
2020-12-17 01:00:00,248.53571799296492
2020-12-17 02:00:00,248.0228338244761
2020-12-17 03:00:00,247.57156900783363
2020-12-17 04:00:00,247.17440712560744
2020-12-17 05:00:00,246.82477425879793
2020-12-17 06:00:00,246.51691500860184
2020-12-17 07:00:00,246.24578612802827
2020-12-17 08:00:00,246.0069649751479
2020-12-17 09:00:00,246.2444333748127
2020-12-17 10:00:00,248.34675101283247
2020-12-17 11:00:00,251.62226849378175
2020-12-17 12:00:00,255.36051933727956
2020-12-17 13:00:00,258.8744049276497
2020-12-17 14:00:00,261.5443961725655
2020-12-17 15:00:00,262.8587575039314
2020-12-17 16:00:00,262.44455050323916
2020-12-17 17:00:00,260.20626915090503
2020-12-17 18:00:00,258.25295434972793
2020-12-17 19:00:00,256.54597767489076
2020-12-17 20:00:00,255.0525079357417
2020-12-17 21:00:00,253.74450773018916
2020-12-17 22:00:00,252.59793479829935
2020-12-17 23:00:00,251.59209929411776
2020-12-18 00:00:00,250.70914137870656
2020-12-18 01:00:00,251.0490518381957
2020-12-18 02:00:00,251.33591675779655
2020-12-18 03:00:00,251.57796633229685
2020-12-18 04:00:00,251.78216759558697
2020-12-18 05:00:00,251.95441432758602
2020-12-18 06:00:00,252.09968955233333
2020-12-18 07:00:00,252.2222042504436
2020-12-18 08:00:00,252.32551552964716
2020-12-18 09:00:00,252.85683856093877
2020-12-18 10:00:00,255.19763325299374
2020-12-18 11:00:00,258.5936774948729
2020-12-18 12:00:00,262.30768366080065
2020-12-18 13:00:00,265.657531083256
2020-12-18 14:00:00,268.0550955691722
2020-12-18 15:00:00,269.03947790712846
2020-12-18 16:00:00,268.2999390686935
2020-12-18 17:00:00,265.8100326202823
2020-12-18 18:00:00,263.7315685506181
2020-12-18 19:00:00,261.9937160775169
2020-12-18 20:00:00,260.53870287909217
2020-12-18 21:00:00,259.31914566093894
2020-12-18 22:00:00,258.29600435382247
2020-12-18 23:00:00,257.43699178079345
2020-12-19 00:00:00,256.71532226400694
2020-12-19 01:00:00,256.17433014575045
2020-12-19 02:00:00,255.72075434281257
2020-12-19 03:00:00,255.3403443496063
2020-12-19 04:00:00,255.02121004848908
2020-12-19 05:00:00,254.7534196583416
2020-12-19 06:00:00,254.52866944788715
2020-12-19 07:00:00,254.34001144399525
2020-12-19 08:00:00,254.18162828137932
2020-12-19 09:00:00,254.49082885712903
2020-12-19 10:00:00,256.6431711941169
2020-12-19 11:00:00,259.8731992694597
2020-12-19 12:00:00,263.4370485717692
2020-12-19 13:00:00,266.6495796877353
2020-12-19 14:00:00,268.92225835516115
2020-12-19 15:00:00,269.7954968417612
2020-12-19 16:00:00,268.9607760750361
2020-12-19 17:00:00,266.39608433837003
2020-12-19 18:00:00,264.2625626564103
2020-12-19 19:00:00,262.4847097549452
2020-12-19 20:00:00,261.0011767024309
2020-12-19 21:00:00,259.7618275317516
2020-12-19 22:00:00,258.72549695761296
2020-12-19 23:00:00,257.85825451748985
2020-12-20 00:00:00,257.1320438162494
2020-12-20 01:00:00,256.05945004030275
2020-12-20 02:00:00,255.1410160840751
2020-12-20 03:00:00,254.3540774986112
2020-12-20 04:00:00,253.67943776668196
2020-12-20 05:00:00,253.10080138326413
2020-12-20 06:00:00,252.60430920553338
2020-12-20 07:00:00,252.17815514778334
2020-12-20 08:00:00,251.81226819389718
2020-12-20 09:00:00,251.93982371965757
2020-12-20 10:00:00,253.94209310673168
2020-12-20 11:00:00,257.08500948563454
2020-12-20 12:00:00,260.6371126224753
2020-12-20 13:00:00,263.9092537717022
2020-12-20 14:00:00,266.29566718401463
2020-12-20 15:00:00,267.31019443314005
2020-12-20 16:00:00,266.6126676802073
2020-12-20 17:00:00,264.1488468655289
2020-12-20 18:00:00,262.05162471578564
2020-12-20 19:00:00,260.26362658427144
2020-12-20 20:00:00,258.7372384708681
2020-12-20 21:00:00,257.4327317094243
2020-12-20 22:00:00,256.3168058894814
2020-12-20 23:00:00,255.3614415794659
2020-12-21 00:00:00,254.5429864283412
2020-12-21 01:00:00,254.1469941625507
2020-12-21 02:00:00,253.81167610535087
2020-12-21 03:00:00,253.52766866613413
2020-12-21 04:00:00,253.2870722928297
2020-12-21 05:00:00,253.08321718330123
2020-12-21 06:00:00,252.91046800776192
2020-12-21 07:00:00,252.76406072246274
2020-12-21 08:00:00,252.63996589835318
2020-12-21 09:00:00,252.97776803930955
2020-12-21 10:00:00,255.1568913708656
2020-12-21 11:00:00,258.4269228886098
2020-12-21 12:00:00,262.050547443822
2020-12-21 13:00:00,265.34209120207936
2020-12-21 14:00:00,267.7069513922668
2020-12-21 15:00:00,268.6756806447343
2020-12-21 16:00:00,267.9279268224089
2020-12-21 17:00:00,265.4287594471807
2020-12-21 18:00:00,263.3302291416602
2020-12-21 19:00:00,261.565230627976
2020-12-21 20:00:00,260.0787507443809
2020-12-21 21:00:00,258.82543843832013
2020-12-21 22:00:00,257.7677356863767
2020-12-21 23:00:00,256.87441951770967
2020-12-22 00:00:00,256.1194508861598
2020-12-22 01:00:00,256.042238003007
2020-12-22 02:00:00,255.97854158775513
2020-12-22 03:00:00,255.92599303054442
2020-12-22 04:00:00,255.88263958968756
2020-12-22 05:00:00,255.84687112143789
2020-12-22 06:00:00,255.81735980015839
2020-12-22 07:00:00,255.79301049987833
2020-12-22 08:00:00,255.7729199340104
2020-12-22 09:00:00,256.20217745322657
2020-12-22 10:00:00,258.44929615084703
2020-12-22 11:00:00,261.72608937176676
2020-12-22 12:00:00,265.2809995345437
2020-12-22 13:00:00,268.43365519912794
2020-12-22 14:00:00,270.6098527147771
2020-12-22 15:00:00,271.3706482615906
2020-12-22 16:00:00,270.43113859992053
2020-12-22 17:00:00,267.7892797604394
2020-12-22 18:00:00,265.6299896367283
2020-12-22 19:00:00,263.861970718235
2020-12-22 20:00:00,262.41224763935884
2020-12-22 21:00:00,261.2221420222566
2020-12-22 22:00:00,260.24424517222354
2020-12-22 23:00:00,259.44010534531145
2020-12-23 00:00:00,258.77843768383815
2020-12-23 01:00:00,257.5646924711304
2020-12-23 02:00:00,256.53131413010607
2020-12-23 03:00:00,255.65084720939484
2020-12-23 04:00:00,254.90019552915876
2020-12-23 05:00:00,254.25988044810148
2020-12-23 06:00:00,253.71343884461982
2020-12-23 07:00:00,253.24693090634185
2020-12-23 08:00:00,252.84853514272115
2020-12-23 09:00:00,252.95850977238356
2020-12-23 10:00:00,254.9457355995832
2020-12-23 11:00:00,258.0671299405268
2020-12-23 12:00:00,261.58685864720803
2020-12-23 13:00:00,264.8153966528276
2020-12-23 14:00:00,267.1498518736399
2020-12-23 15:00:00,268.1092951556818
2020-12-23 16:00:00,267.3601580162258
2020-12-23 17:00:00,264.84685742441076
2020-12-23 18:00:00,262.7186409850372
2020-12-23 19:00:00,260.91357126477374
2020-12-23 20:00:00,259.3805061961546
2020-12-23 21:00:00,258.07698209071975
2020-12-23 22:00:00,256.9675770289131
2020-12-23 23:00:00,256.0226280944388
2020-12-24 00:00:00,255.217213863237
2020-12-24 01:00:00,253.41142546152992
2020-12-24 02:00:00,251.79738723178912
2020-12-24 03:00:00,250.35323694849504
2020-12-24 04:00:00,249.05990716248562
2020-12-24 05:00:00,247.9007073133325
2020-12-24 06:00:00,246.86098027186904
2020-12-24 07:00:00,245.9278177401223
2020-12-24 08:00:00,245.08982265272664
2020-12-24 09:00:00,244.79328725996217
2020-12-24 10:00:00,246.42044345036587
2020-12-24 11:00:00,249.3074347220436
2020-12-24 12:00:00,252.75725845045716
2020-12-24 13:00:00,256.08208963153197
2020-12-24 14:00:00,258.6486235619322
2020-12-24 15:00:00,259.92057370783346
2020-12-24 16:00:00,259.4929103286812
2020-12-24 17:00:00,257.2258863355175
2020-12-24 18:00:00,255.20469086871788
2020-12-24 19:00:00,253.400238400234
2020-12-24 20:00:00,251.78738253361516
2020-12-24 21:00:00,250.34428093091108
2020-12-24 22:00:00,249.05188300528837
2020-12-24 23:00:00,247.89351258254788
2020-12-25 00:00:00,246.85452487577146
2020-12-25 01:00:00,245.46716953341524
2020-12-25 02:00:00,244.20367743323058
2020-12-25 03:00:00,243.05213563337426
2020-12-25 04:00:00,242.00192276955573
2020-12-25 05:00:00,241.04354419934464
2020-12-25 06:00:00,240.16849234994498
2020-12-25 07:00:00,239.36912772636262
2020-12-25 08:00:00,238.63857697382392
2020-12-25 09:00:00,238.43472076952486
2020-12-25 10:00:00,240.14246305503696
2020-12-25 11:00:00,243.12909057210854
2020-12-25 12:00:00,246.7155565281385
2020-12-25 13:00:00,250.21936304940547
2020-12-25 14:00:00,253.00100257224278
2020-12-25 15:00:00,254.5083639358711
2020-12-25 16:00:00,254.31365956370257
2020-12-25 17:00:00,252.2430521399091
2020-12-25 18:00:00,250.36508947318706
2020-12-25 19:00:00,248.6598504429215
2020-12-25 20:00:00,247.10982721932393
2020-12-25 21:00:00,245.6995706261777
2020-12-25 22:00:00,244.41539848073245
2020-12-25 23:00:00,243.24515380562764
2020-12-26 00:00:00,242.1780029006195
2020-12-26 01:00:00,242.1833605881376
2020-12-26 02:00:00,242.18812220282086
2020-12-26 03:00:00,242.19235404915975
2020-12-26 04:00:00,242.19611505874147
2020-12-26 05:00:00,242.1994576095714
2020-12-26 06:00:00,242.20242825445746
2020-12-26 07:00:00,242.20506836852746
2020-12-26 08:00:00,242.2074147248389
2020-12-26 09:00:00,242.68288633670684
2020-12-26 10:00:00,245.0001727076359
2020-12-26 11:00:00,248.48367720088052
2020-12-26 12:00:00,252.43153485898893
2020-12-26 13:00:00,256.1587327788918
2020-12-26 14:00:00,259.04240737518154
2020-12-26 15:00:00,260.5634343071199
2020-12-26 16:00:00,260.3390059475238
2020-12-26 17:00:00,258.2378340486032
2020-12-26 18:00:00,256.3895673633263
2020-12-26 19:00:00,254.76170363306457
2020-12-26 20:00:00,253.32638491174524
2020-12-26 21:00:00,252.05962848451694
2020-12-26 22:00:00,250.94070848820826
2020-12-26 23:00:00,249.9516536468143
2020-12-27 00:00:00,249.07683557820778
2020-12-27 01:00:00,247.48899853443257
2020-12-27 02:00:00,246.0446671432693
2020-12-27 03:00:00,244.72973589641825
2020-12-27 04:00:00,243.53168166827174
2020-12-27 05:00:00,242.43935249213837
2020-12-27 06:00:00,241.44279024663996
2020-12-27 07:00:00,240.53308084329186
2020-12-27 08:00:00,239.7022268880579
2020-12-27 09:00:00,239.42734422276212
2020-12-27 10:00:00,241.07158228929134
2020-12-27 11:00:00,244.00037738235895
2020-12-27 12:00:00,247.53333090405772
2020-12-27 13:00:00,250.98701198216816
2020-12-27 14:00:00,253.72134518860997
2020-12-27 15:00:00,255.18395977162922
2020-12-27 16:00:00,254.94704261737132
2020-12-27 17:00:00,252.81703958924794
2020-12-27 18:00:00,250.88590734312962
2020-12-27 19:00:00,249.1329553540932
2020-12-27 20:00:00,247.54002218797774
2020-12-27 21:00:00,246.09109979462474
2020-12-27 22:00:00,244.77202526409093
2020-12-27 23:00:00,243.5702258590907
2020-12-28 00:00:00,242.47450651834893
2020-12-28 01:00:00,241.79487683895977
2020-12-28 02:00:00,241.17991036758497
2020-12-28 03:00:00,240.62325770677512
2020-12-28 04:00:00,240.11922870231828
2020-12-28 05:00:00,239.66271750391653
2020-12-28 06:00:00,239.24913730806543
2020-12-28 07:00:00,238.87436332902848
2020-12-28 08:00:00,238.53468279659535
2020-12-28 09:00:00,238.72357860275355
2020-12-28 10:00:00,240.79112110308571
2020-12-28 11:00:00,244.0914603174648
2020-12-28 12:00:00,247.9379280969899
2020-12-28 13:00:00,251.6464335449504
2020-12-28 14:00:00,254.5819314523968
2020-12-28 15:00:00,256.2022728999894
2020-12-28 16:00:00,256.0940064495734
2020-12-28 17:00:00,254.06834456620484
2020-12-28 18:00:00,252.2491383279402
2020-12-28 19:00:00,250.61343378348593
2020-12-28 20:00:00,249.1411986574141
2020-12-28 21:00:00,247.81487928078334
2020-12-28 22:00:00,246.61903820360018
2020-12-28 23:00:00,245.5400552514058
2020-12-29 00:00:00,244.5658789739798
2020-12-29 01:00:00,243.1479277123183
2020-12-29 02:00:00,241.84626359930172
2020-12-29 03:00:00,240.65046378050573
2020-12-29 04:00:00,239.55117880858612
2020-12-29 05:00:00,238.54000026683812
2020-12-29 06:00:00,237.60934809834777
2020-12-29 07:00:00,236.75237418285448
2020-12-29 08:00:00,235.96287939622653
2020-12-29 09:00:00,235.7461890202425
2020-12-29 10:00:00,237.4436320950968
2020-12-29 11:00:00,240.43567305624546
2020-12-29 12:00:00,244.05064974981383
2020-12-29 13:00:00,247.60772760706493
2020-12-29 14:00:00,250.46371503236426
2020-12-29 15:00:00,252.0582599813733
2020-12-29 16:00:00,251.95197319915206
2020-12-29 17:00:00,249.9115520024204
2020-12-29 18:00:00,248.0459471259214
2020-12-29 19:00:00,246.3382537687681
2020-12-29 20:00:00,244.773516052259
2020-12-29 21:00:00,243.3384511691903
2020-12-29 22:00:00,242.02122087065135
2020-12-29 23:00:00,240.81124078006215
2020-12-30 00:00:00,239.6990201894376
2020-12-30 01:00:00,239.19383106222094
2020-12-30 02:00:00,238.73501248532514
2020-12-30 03:00:00,238.31820105932215
2020-12-30 04:00:00,237.93946276962535
2020-12-30 05:00:00,237.59524743711182
2020-12-30 06:00:00,237.28234857257922
2020-12-30 07:00:00,236.9978678970368
2020-12-30 08:00:00,236.73918390648515
2020-12-30 09:00:00,237.03058106290996
2020-12-30 10:00:00,239.19380866847885
2020-12-30 11:00:00,242.5884143978673
2020-12-30 12:00:00,246.53055378676171
2020-12-30 13:00:00,250.33663048377608
2020-12-30 14:00:00,253.37009019539084
2020-12-30 15:00:00,255.08572282818733
2020-12-30 16:00:00,255.06602552767424
2020-12-30 17:00:00,253.08851995851455
2020-12-30 18:00:00,251.3074448428237
2020-12-30 19:00:00,249.70147250809094
2020-12-30 20:00:00,248.25193344894373
2020-12-30 21:00:00,246.9424206587762
2020-12-30 22:00:00,245.7584647693426
2020-12-30 23:00:00,244.6872651265558
2020-12-31 00:00:00,243.7174654811506
