Date,Température (K)
2024-01-01 00:00:00,283.0
2024-01-01 01:00:00,276.9577211213659
2024-01-01 02:00:00,271.4335574281238
2024-01-01 03:00:00,266.3543235426887
2024-01-01 04:00:00,261.66090479281735
2024-01-01 05:00:00,257.3049071442931
2024-01-01 06:00:00,253.24624293656115
2024-01-01 07:00:00,249.4513561515884
2024-01-01 08:00:00,245.89189474858122
2024-01-01 09:00:00,242.5437018417275
2024-01-01 10:00:00,239.38603836952143
2024-01-01 11:00:00,236.4009765494031
2024-01-01 12:00:00,233.57292116613516
2024-01-01 13:00:00,230.88822780808678
2024-01-01 14:00:00,228.33489551262437
2024-01-01 15:00:00,225.90231715057996
2024-01-01 16:00:00,223.58107506765015
2024-01-01 17:00:00,221.36277252988276
2024-01-01 18:00:00,219.23989373925397
2024-01-01 19:00:00,217.20568682946256
2024-01-01 20:00:00,215.25406548346737
2024-01-01 21:00:00,213.3795257458154
2024-01-01 22:00:00,211.57707531405975
2024-01-01 23:00:00,209.84217314137064
2024-01-02 00:00:00,208.17067760780762
2024-01-02 01:00:00,206.5588018505429
2024-01-02 02:00:00,205.00307510561743
2024-01-02 03:00:00,203.50030912192267
2024-01-02 04:00:00,202.04756887428138
2024-01-02 05:00:00,200.64214693600388
2024-01-02 06:00:00,199.28154097916263
2024-01-02 07:00:00,197.9634339584548
2024-01-02 08:00:00,196.6856766060758
2024-01-02 09:00:00,195.44627192374128
2024-01-02 10:00:00,194.24336140640145
2024-01-02 11:00:00,193.0752127722749
2024-01-02 12:00:00,191.9402090071656
2024-01-02 13:00:00,190.83683855886008
2024-01-02 14:00:00,189.76368654073602
2024-01-02 15:00:00,188.71942682334358
2024-01-02 16:00:00,187.7028149092982
2024-01-02 17:00:00,186.71268150086755
2024-01-02 18:00:00,185.74792668157426
2024-01-02 19:00:00,184.80751464331678
2024-01-02 20:00:00,183.89046889921784
2024-01-02 21:00:00,182.9958679298801
2024-01-02 22:00:00,182.1228412171539
2024-01-02 23:00:00,181.27056562506502
2024-01-03 00:00:00,180.438262092343
2024-01-03 01:00:00,179.6251926051475
2024-01-03 02:00:00,178.83065742220106
2024-01-03 03:00:00,178.05399252768387
2024-01-03 04:00:00,177.2945672899938
2024-01-03 05:00:00,176.55178230687827
2024-01-03 06:00:00,175.82506741955387
2024-01-03 07:00:00,175.11387988028207
2024-01-03 08:00:00,174.41770265950007
2024-01-03 09:00:00,173.7360428800459
2024-01-03 10:00:00,173.06843036728822
2024-01-03 11:00:00,172.41441630509797
2024-01-03 12:00:00,171.77357198859798
2024-01-03 13:00:00,171.14548766551445
2024-01-03 14:00:00,170.52977145874445
2024-01-03 15:00:00,169.92604836345797
2024-01-03 16:00:00,169.33395931268205
2024-01-03 17:00:00,168.75316030587703
2024-01-03 18:00:00,168.18332159551883
2024-01-03 19:00:00,167.6241269271527
2024-01-03 20:00:00,167.07527282879022
2024-01-03 21:00:00,166.53646794588593
2024-01-03 22:00:00,166.00743241845896
2024-01-03 23:00:00,165.48789729722125
2024-01-04 00:00:00,164.97760399584212
2024-01-04 01:00:00,164.47630377672036
2024-01-04 02:00:00,163.9837572678548
2024-01-04 03:00:00,163.49973400860216
2024-01-04 04:00:00,163.02401202229166
2024-01-04 05:00:00,162.55637741382927
2024-01-04 06:00:00,162.09662399057328
2024-01-04 07:00:00,161.64455290489855
2024-01-04 08:00:00,161.19997231698986
2024-01-04 09:00:00,160.76269707651767
2024-01-04 10:00:00,160.33254842195245
2024-01-04 11:00:00,159.90935369636767
2024-01-04 12:00:00,159.49294607866725
2024-01-04 13:00:00,159.08316432925267
2024-01-04 14:00:00,158.67985254921655
2024-01-04 15:00:00,158.28285995221592
2024-01-04 16:00:00,157.89204064823937
2024-01-04 17:00:00,157.50725343853819
2024-01-04 18:00:00,157.12836162104247
2024-01-04 19:00:00,156.75523280563155
2024-01-04 20:00:00,156.3877387386707
2024-01-04 21:00:00,156.02575513626678
2024-01-04 22:00:00,155.66916152573287
2024-01-04 23:00:00,155.3178410947855
2024-01-05 00:00:00,154.97168054803052
2024-01-05 01:00:00,154.63056997032237
2024-01-05 02:00:00,154.29440269660935
2024-01-05 03:00:00,153.9630751879016
2024-01-05 04:00:00,153.6364869130229
2024-01-05 05:00:00,153.31454023582828
2024-01-05 06:00:00,152.99714030758958
2024-01-05 07:00:00,152.68419496427032
2024-01-05 08:00:00,152.37561462842757
2024-01-05 09:00:00,152.07131221549537
2024-01-05 10:00:00,151.77120304421922
2024-01-05 11:00:00,151.47520475102453
2024-01-05 12:00:00,151.18323720811563
2024-01-05 13:00:00,150.89522244511355
2024-01-05 14:00:00,150.61108457405228
2024-01-05 15:00:00,150.33074971756412
2024-01-05 16:00:00,150.05414594009355
2024-01-05 17:00:00,149.78120318198984
2024-01-05 18:00:00,149.51185319633558
2024-01-05 19:00:00,149.24602948837776
2024-01-05 20:00:00,148.98366725743446
2024-01-05 21:00:00,148.72470334115815
2024-01-05 22:00:00,148.4690761620426
2024-01-05 23:00:00,148.21672567606714
2024-01-06 00:00:00,147.96759332337714
2024-01-06 01:00:00,147.72162198090575
2024-01-06 02:00:00,147.4787559168467
2024-01-06 03:00:00,147.23894074689272
2024-01-06 04:00:00,147.00212339215886
2024-01-06 05:00:00,146.7682520387142
2024-01-06 06:00:00,146.53727609864922
2024-01-06 07:00:00,146.30914617261033
2024-01-06 08:00:00,146.08381401373612
2024-01-06 09:00:00,145.8612324929333
2024-01-06 10:00:00,145.64135556543408
2024-01-06 11:00:00,145.42413823857845
2024-01-06 12:00:00,145.20953654076916
2024-01-06 13:00:00,144.9975074915484
2024-01-06 14:00:00,144.78800907274865
2024-01-06 15:00:00,144.58100020067224
2024-01-06 16:00:00,144.37644069925585
2024-01-06 17:00:00,144.17429127417947
2024-01-06 18:00:00,143.97451348787993
2024-01-06 19:00:00,143.77706973543204
2024-01-06 20:00:00,143.58192322126175
2024-01-06 21:00:00,143.38903793665722
2024-01-06 22:00:00,143.1983786380458
2024-01-06 23:00:00,143.00991082600578
2024-01-07 00:00:00,142.82360072498398
2024-01-07 01:00:00,142.63941526369064
2024-01-07 02:00:00,142.4573220561454
2024-01-07 03:00:00,142.27728938334837
2024-01-07 04:00:00,142.09928617555232
2024-01-07 05:00:00,141.9232819951124
2024-01-07 06:00:00,141.74924701989138
2024-01-07 07:00:00,141.57715202719908
2024-01-07 08:00:00,141.40696837824547
2024-01-07 09:00:00,141.23866800308852
2024-01-07 10:00:00,141.07222338605763
2024-01-07 11:00:00,140.90760755163524
2024-01-07 12:00:00,140.74479405077955
2024-01-07 13:00:00,140.5837569476719
2024-01-07 14:00:00,140.42447080687347
2024-01-07 15:00:00,140.2669106808762
2024-01-07 16:00:00,140.1110520980336
2024-01-07 17:00:00,139.9568710508579
2024-01-07 18:00:00,139.8043439846702
2024-01-07 19:00:00,139.65344778659124
2024-01-07 20:00:00,139.50415977486065
2024-01-07 21:00:00,139.35645768847283
2024-01-07 22:00:00,139.21031967711886
2024-01-07 23:00:00,139.06572429142324
2024-01-08 00:00:00,138.9226504734657
2024-01-08 01:00:00,138.7810775475778
2024-01-08 02:00:00,138.6409852114054
2024-01-08 03:00:00,138.50235352722729
2024-01-08 04:00:00,138.36516291352197
2024-01-08 05:00:00,138.2293941367737
2024-01-08 06:00:00,138.09502830350996
2024-01-08 07:00:00,137.96204685256276
2024-01-08 08:00:00,137.8304315475459
2024-01-08 09:00:00,137.70016446954165
2024-01-08 10:00:00,137.57122800998937
2024-01-08 11:00:00,137.44360486377005
2024-01-08 12:00:00,137.3172780224798
2024-01-08 13:00:00,137.19223076788668
2024-01-08 14:00:00,137.06844666556464
2024-01-08 15:00:00,136.945909558699
2024-01-08 16:00:00,136.82460356205806
2024-01-08 17:00:00,136.7045130561256
2024-01-08 18:00:00,136.58562268138883
2024-01-08 19:00:00,136.46791733277752
2024-01-08 20:00:00,136.35138215424905
2024-01-08 21:00:00,136.23600253351515
2024-01-08 22:00:00,136.12176409690565
2024-01-08 23:00:00,136.00865270436555
2024-01-09 00:00:00,135.89665444458063
2024-01-09 01:00:00,135.78575563022838
2024-01-09 02:00:00,135.67594279334972
2024-01-09 03:00:00,135.56720268083868
2024-01-09 04:00:00,135.45952225004564
2024-01-09 05:00:00,135.35288866449153
2024-01-09 06:00:00,135.24728928968904
2024-01-09 07:00:00,135.14271168906805
2024-01-09 08:00:00,135.0391436200021
2024-01-09 09:00:00,134.93657302993293
2024-01-09 10:00:00,134.83498805259018
2024-01-09 11:00:00,134.73437700430358
2024-01-09 12:00:00,134.63472838040485
2024-01-09 13:00:00,134.53603085171684
2024-01-09 14:00:00,134.43827326112722
2024-01-09 15:00:00,134.3414446202446
2024-01-09 16:00:00,134.24553410613436
2024-01-09 17:00:00,134.15053105813232
2024-01-09 18:00:00,134.05642497473374
2024-01-09 19:00:00,133.96320551055575
2024-01-09 20:00:00,133.870862473371
2024-01-09 21:00:00,133.77938582121075
2024-01-09 22:00:00,133.68876565953516
2024-01-09 23:00:00,133.59899223846938
2024-01-10 00:00:00,133.5100559501031
2024-01-10 01:00:00,133.42194732585233
2024-01-10 02:00:00,133.3346570338814
2024-01-10 03:00:00,133.2481758765836
2024-01-10 04:00:00,133.16249478811892
2024-01-10 05:00:00,133.07760483200755
2024-01-10 06:00:00,132.9934971987771
2024-01-10 07:00:00,132.9101632036628
2024-01-10 08:00:00,132.82759428435864
2024-01-10 09:00:00,132.74578199881876
2024-01-10 10:00:00,132.66471802310699
2024-01-10 11:00:00,132.5843941492941
2024-01-10 12:00:00,132.50480228340078
2024-01-10 13:00:00,132.42593444338573
2024-01-10 14:00:00,132.34778275717733
2024-01-10 15:00:00,132.27033946074798
2024-01-10 16:00:00,132.19359689622985
2024-01-10 17:00:00,132.11754751007118
2024-01-10 18:00:00,132.04218385123184
2024-01-10 19:00:00,131.96749856941742
2024-01-10 20:00:00,131.89348441335065
2024-01-10 21:00:00,131.82013422907946
2024-01-10 22:00:00,131.74744095832045
2024-01-10 23:00:00,131.6753976368372
2024-01-11 00:00:00,131.6039973928523
2024-01-11 01:00:00,131.53323344549244
2024-01-11 02:00:00,131.46309910326565
2024-01-11 03:00:00,131.39358776257
2024-01-11 04:00:00,131.32469290623283
2024-01-11 05:00:00,131.25640810207983
2024-01-11 06:00:00,131.18872700153346
2024-01-11 07:00:00,131.1216433382396
2024-01-11 08:00:00,131.05515092672212
2024-01-11 09:00:00,130.98924366106436
2024-01-11 10:00:00,130.92391551361735
2024-01-11 11:00:00,130.85916053373353
2024-01-11 12:00:00,130.79497284652592
2024-01-11 13:00:00,130.73134665165173
2024-01-11 14:00:00,130.66827622212008
2024-01-11 15:00:00,130.60575590312322
2024-01-11 16:00:00,130.5437801108906
2024-01-11 17:00:00,130.48234333156535
2024-01-11 18:00:00,130.42144012010263
2024-01-11 19:00:00,130.36106509918932
2024-01-11 20:00:00,130.3012129581846
2024-01-11 21:00:00,130.24187845208095
2024-01-11 22:00:00,130.183056400485
2024-01-11 23:00:00,130.12474168661782
2024-01-12 00:00:00,130.0669292563345
2024-01-12 01:00:00,130.0096141171619
2024-01-12 02:00:00,129.95279133735497
2024-01-12 03:00:00,129.8964560449706
2024-01-12 04:00:00,129.84060342695892
2024-01-12 05:00:00,129.78522872827165
2024-01-12 06:00:00,129.73032725098693
2024-01-12 07:00:00,129.67589435345047
2024-01-12 08:00:00,129.62192544943258
2024-01-12 09:00:00,129.5684160073007
2024-01-12 10:00:00,129.51536154920714
2024-01-12 11:00:00,129.46275765029173
2024-01-12 12:00:00,129.41059993789892
2024-01-12 13:00:00,129.3588840908091
2024-01-12 14:00:00,129.30760583848397
2024-01-12 15:00:00,129.25676096032535
2024-01-12 16:00:00,129.20634528494747
2024-01-12 17:00:00,129.15635468946218
2024-01-12 18:00:00,129.10678509877695
2024-01-12 19:00:00,129.05763248490544
2024-01-12 20:00:00,129.0088928662902
2024-01-12 21:00:00,128.96056230713737
2024-01-12 22:00:00,128.91263691676306
2024-01-12 23:00:00,128.86511284895133
2024-01-13 00:00:00,128.81798630132317
2024-01-13 01:00:00,128.7712535147168
2024-01-13 02:00:00,128.72491077257834
2024-01-13 03:00:00,128.67895440036347
2024-01-13 04:00:00,128.63338076494898
2024-01-13 05:00:00,128.5881862740548
2024-01-13 06:00:00,128.5433673756757
2024-01-13 07:00:00,128.4989205575228
2024-01-13 08:00:00,128.45484234647463
2024-01-13 09:00:00,128.41112930803737
2024-01-13 10:00:00,128.3677780458144
2024-01-13 11:00:00,128.32478520098456
2024-01-13 12:00:00,128.28214745178948
2024-01-13 13:00:00,128.2398615130292
2024-01-13 14:00:00,128.19792413556644
2024-01-13 15:00:00,128.15633210583889
2024-01-13 16:00:00,128.11508224537988
2024-01-13 17:00:00,128.0741714103467
2024-01-13 18:00:00,128.03359649105693
2024-01-13 19:00:00,127.99335441153208
2024-01-13 20:00:00,127.95344212904911
2024-01-13 21:00:00,127.91385663369891
2024-01-13 22:00:00,127.87459494795216
2024-01-13 23:00:00,127.83565412623217
2024-01-14 00:00:00,127.79703125449466
2024-01-14 01:00:00,127.75872344981421
2024-01-14 02:00:00,127.72072785997757
2024-01-14 03:00:00,127.68304166308322
2024-01-14 04:00:00,127.6456620671475
2024-01-14 05:00:00,127.60858630971698
2024-01-14 06:00:00,127.57181165748696
2024-01-14 07:00:00,127.53533540592596
2024-01-14 08:00:00,127.49915487890624
2024-01-14 09:00:00,127.46326742834
2024-01-14 10:00:00,127.42767043382142
2024-01-14 11:00:00,127.39236130227417
2024-01-14 12:00:00,127.35733746760447
2024-01-14 13:00:00,127.32259639035955
2024-01-14 14:00:00,127.28813555739137
2024-01-14 15:00:00,127.25395248152553
2024-01-14 16:00:00,127.22004470123527
2024-01-14 17:00:00,127.1864097803205
2024-01-14 18:00:00,127.15304530759174
2024-01-14 19:00:00,127.11994889655884
2024-01-14 20:00:00,127.08711818512444
2024-01-14 21:00:00,127.05455083528214
2024-01-14 22:00:00,127.02224453281916
2024-01-14 23:00:00,126.9901969870235
2024-01-15 00:00:00,126.95840593039549
2024-01-15 01:00:00,126.92686911836371
2024-01-15 02:00:00,126.89558432900512
2024-01-15 03:00:00,126.86454936276932
2024-01-15 04:00:00,126.83376204220697
2024-01-15 05:00:00,126.8032202117022
2024-01-15 06:00:00,126.77292173720895
2024-01-15 07:00:00,126.74286450599124
2024-01-15 08:00:00,126.7130464263672
2024-01-15 09:00:00,126.68346542745691
2024-01-15 10:00:00,126.65411945893383
2024-01-15 11:00:00,126.62500649077995
2024-01-15 12:00:00,126.59612451304437
2024-01-15 13:00:00,126.5674715356055
2024-01-15 14:00:00,126.53904558793663
2024-01-15 15:00:00,126.51084471887482
2024-01-15 16:00:00,126.48286699639323
2024-01-15 17:00:00,126.45511050737659
2024-01-15 18:00:00,126.42757335739992
2024-01-15 19:00:00,126.40025367051042
2024-01-15 20:00:00,126.37314958901241
2024-01-15 21:00:00,126.34625927325533
2024-01-15 22:00:00,126.31958090142473
2024-01-15 23:00:00,126.29311266933621
2024-01-16 00:00:00,126.26685279023222
2024-01-16 01:00:00,126.24079949458175
2024-01-16 02:00:00,126.21495102988277
2024-01-16 03:00:00,126.18930566046743
2024-01-16 04:00:00,126.16386166730994
2024-01-16 05:00:00,126.13861734783723
2024-01-16 06:00:00,126.11357101574198
2024-01-16 07:00:00,126.08872100079851
2024-01-16 08:00:00,126.06406564868095
2024-01-16 09:00:00,126.03960332078405
2024-01-16 10:00:00,126.01533239404638
2024-01-16 11:00:00,125.99125126077594
2024-01-16 12:00:00,125.96735832847813
2024-01-16 13:00:00,125.94365201968608
2024-01-16 14:00:00,125.92013077179327
2024-01-16 15:00:00,125.89679303688828
2024-01-16 16:00:00,125.873637281592
2024-01-16 17:00:00,125.85066198689675
2024-01-16 18:00:00,125.82786564800782
2024-01-16 19:00:00,125.80524677418686
2024-01-16 20:00:00,125.78280388859751
2024-01-16 21:00:00,125.76053552815311
2024-01-16 22:00:00,125.73844024336624
2024-01-16 23:00:00,125.71651659820041
2024-01-17 00:00:00,125.69476316992366
2024-01-17 01:00:00,125.67317854896403
2024-01-17 02:00:00,125.65176133876699
2024-01-17 03:00:00,125.63051015565465
2024-01-17 04:00:00,125.6094236286869
2024-01-17 05:00:00,125.58850039952425
2024-01-17 06:00:00,125.56773912229255
2024-01-17 07:00:00,125.54713846344936
2024-01-17 08:00:00,125.52669710165208
2024-01-17 09:00:00,125.5064137276278
2024-01-17 10:00:00,125.4862870440448
2024-01-17 11:00:00,125.46631576538567
2024-01-17 12:00:00,125.44649861782209
2024-01-17 13:00:00,125.42683433909113
2024-01-17 14:00:00,125.40732167837324
2024-01-17 15:00:00,125.38795939617162
2024-01-17 16:00:00,125.36874626419332
2024-01-17 17:00:00,125.34968106523161
2024-01-17 18:00:00,125.33076259305
2024-01-17 19:00:00,125.31198965226766
2024-01-17 20:00:00,125.2933610582462
2024-01-17 21:00:00,125.27487563697802
2024-01-17 22:00:00,125.25653222497587
2024-01-17 23:00:00,125.23832966916392
2024-01-18 00:00:00,125.22026682677009
2024-01-18 01:00:00,125.20234256521975
2024-01-18 02:00:00,125.18455576203075
2024-01-18 03:00:00,125.16690530470967
2024-01-18 04:00:00,125.1493900906494
2024-01-18 05:00:00,125.13200902702796
2024-01-18 06:00:00,125.11476103070854
2024-01-18 07:00:00,125.09764502814078
2024-01-18 08:00:00,125.08065995526322
2024-01-18 09:00:00,125.06380475740694
2024-01-18 10:00:00,125.04707838920041
2024-01-18 11:00:00,125.03047981447538
2024-01-18 12:00:00,125.01400800617405
2024-01-18 13:00:00,124.9976619462572
2024-01-18 14:00:00,124.98144062561352
2024-01-18 15:00:00,124.96534304397001
2024-01-18 16:00:00,124.9493682098034
2024-01-18 17:00:00,124.9335151402527
2024-01-18 18:00:00,124.91778286103268
2024-01-18 19:00:00,124.90217040634849
2024-01-18 20:00:00,124.88667681881121
2024-01-18 21:00:00,124.87130114935442
2024-01-18 22:00:00,124.85604245715176
2024-01-18 23:00:00,124.8408998095354
2024-01-19 00:00:00,124.82587228191557
2024-01-19 01:00:00,124.81095895770092
2024-01-19 02:00:00,124.7961589282199
2024-01-19 03:00:00,124.78147129264295
2024-01-19 04:00:00,124.76689515790568
2024-01-19 05:00:00,124.75242963863292
2024-01-19 06:00:00,124.73807385706363
2024-01-19 07:00:00,124.72382694297663
2024-01-19 08:00:00,124.7096880336173
2024-01-19 09:00:00,124.69565627362502
2024-01-19 10:00:00,124.68173081496147
2024-01-19 11:00:00,124.66791081683975
2024-01-19 12:00:00,124.65419544565432
2024-01-19 13:00:00,124.64058387491171
2024-01-19 14:00:00,124.62707528516202
2024-01-19 15:00:00,124.61366886393122
2024-01-19 16:00:00,124.60036380565421
2024-01-19 17:00:00,124.5871593116086
2024-01-19 18:00:00,124.57405458984924
2024-01-19 19:00:00,124.56104885514354
2024-01-19 20:00:00,124.54814132890743
2024-01-19 21:00:00,124.53533123914214
2024-01-19 22:00:00,124.52261782037155
2024-01-19 23:00:00,124.51000031358036
2024-01-20 00:00:00,124.4974779661529
2024-01-20 01:00:00,124.48505003181256
2024-01-20 02:00:00,124.472715770562
2024-01-20 03:00:00,124.46047444862394
2024-01-20 04:00:00,124.4483253383826
2024-01-20 05:00:00,124.43626771832587
2024-01-20 06:00:00,124.42430087298797
2024-01-20 07:00:00,124.41242409289289
2024-01-20 08:00:00,124.40063667449832
2024-01-20 09:00:00,124.38893792014028
2024-01-20 10:00:00,124.37732713797828
2024-01-20 11:00:00,124.36580364194118
2024-01-20 12:00:00,124.35436675167348
2024-01-20 13:00:00,124.34301579248235
2024-01-20 14:00:00,124.33175009528509
2024-01-20 15:00:00,124.3205689965573
2024-01-20 16:00:00,124.30947183828148
2024-01-20 17:00:00,124.29845796789625
2024-01-20 18:00:00,124.28752673824609
2024-01-20 19:00:00,124.2766775075316
2024-01-20 20:00:00,124.26590963926036
2024-01-20 21:00:00,124.2552225021982
2024-01-20 22:00:00,124.2446154703211
2024-01-20 23:00:00,124.23408792276751
2024-01-21 00:00:00,124.22363924379128
2024-01-21 01:00:00,124.21326882271494
2024-01-21 02:00:00,124.20297605388357
2024-01-21 03:00:00,124.1927603366192
2024-01-21 04:00:00,124.18262107517553
2024-01-21 05:00:00,124.17255767869328
2024-01-21 06:00:00,124.16256956115592
2024-01-21 07:00:00,124.15265614134591
2024-01-21 08:00:00,124.14281684280135
2024-01-21 09:00:00,124.13305109377309
2024-01-21 10:00:00,124.12335832718233
2024-01-21 11:00:00,124.1137379805786
2024-01-21 12:00:00,124.10418949609821
2024-01-21 13:00:00,124.09471232042313
2024-01-21 14:00:00,124.08530590474024
2024-01-21 15:00:00,124.07596970470108
2024-01-21 16:00:00,124.06670318038196
2024-01-21 17:00:00,124.05750579624448
2024-01-21 18:00:00,124.04837702109648
2024-01-21 19:00:00,124.03931632805337
2024-01-21 20:00:00,124.03032319449983
2024-01-21 21:00:00,124.02139710205194
2024-01-21 22:00:00,124.01253753651969
2024-01-21 23:00:00,124.00374398786985
2024-01-22 00:00:00,123.99501595018923
2024-01-22 01:00:00,123.98635292164828
2024-01-22 02:00:00,123.9777544044651
2024-01-22 03:00:00,123.96921990486982
2024-01-22 04:00:00,123.96074893306923
2024-01-22 05:00:00,123.9523410032119
2024-01-22 06:00:00,123.94399563335361
2024-01-22 07:00:00,123.93571234542307
2024-01-22 08:00:00,123.92749066518802
2024-01-22 09:00:00,123.91933012222168
2024-01-22 10:00:00,123.91123024986952
2024-01-22 11:00:00,123.90319058521635
2024-01-22 12:00:00,123.89521066905375
2024-01-22 13:00:00,123.88729004584783
2024-01-22 14:00:00,123.87942826370727
2024-01-22 15:00:00,123.87162487435168
2024-01-22 16:00:00,123.86387943308036
2024-01-22 17:00:00,123.85619149874123
2024-01-22 18:00:00,123.84856063370015
2024-01-22 19:00:00,123.84098640381055
2024-01-22 20:00:00,123.83346837838327
2024-01-22 21:00:00,123.82600613015683
2024-01-22 22:00:00,123.81859923526781
2024-01-22 23:00:00,123.81124727322171
2024-01-23 00:00:00,123.80394982686394
2024-01-23 01:00:00,123.7967064823512
2024-01-23 02:00:00,123.78951682912303
2024-01-23 03:00:00,123.78238045987376
2024-01-23 04:00:00,123.77529697052462
2024-01-23 05:00:00,123.76826596019616
2024-01-23 06:00:00,123.76128703118096
2024-01-23 07:00:00,123.75435978891656
2024-01-23 08:00:00,123.7474838419587
2024-01-23 09:00:00,123.74065880195472
2024-01-23 10:00:00,123.73388428361736
2024-01-23 11:00:00,123.72715990469864
2024-01-23 12:00:00,123.72048528596414
2024-01-23 13:00:00,123.71386005116746
2024-01-23 14:00:00,123.70728382702487
2024-01-23 15:00:00,123.70075624319031
2024-01-23 16:00:00,123.69427693223054
2024-01-23 17:00:00,123.68784552960055
2024-01-23 18:00:00,123.68146167361922
2024-01-23 19:00:00,123.67512500544521
2024-01-23 20:00:00,123.66883516905301
2024-01-23 21:00:00,123.66259181120931
2024-01-23 22:00:00,123.65639458144955
2024-01-23 23:00:00,123.65024313205465
2024-01-24 00:00:00,123.64413711802806
2024-01-24 01:00:00,123.63807619707286
2024-01-24 02:00:00,123.63206002956929
2024-01-24 03:00:00,123.62608827855227
2024-01-24 04:00:00,123.62016060968931
2024-01-24 05:00:00,123.61427669125847
2024-01-24 06:00:00,123.60843619412668
2024-01-24 07:00:00,123.60263879172811
2024-01-24 08:00:00,123.59688416004286
2024-01-24 09:00:00,123.59117197757577
2024-01-24 10:00:00,123.58550192533545
2024-01-24 11:00:00,123.57987368681354
2024-01-24 12:00:00,123.57428694796407
2024-01-24 13:00:00,123.56874139718312
2024-01-24 14:00:00,123.56323672528856
2024-01-24 15:00:00,123.55777262550009
2024-01-24 16:00:00,123.55234879341934
2024-01-24 17:00:00,123.54696492701022
2024-01-24 18:00:00,123.5416207265795
2024-01-24 19:00:00,123.5363158947574
2024-01-24 20:00:00,123.53105013647857
2024-01-24 21:00:00,123.52582315896306
2024-01-24 22:00:00,123.52063467169761
2024-01-24 23:00:00,123.51548438641692
2024-01-25 00:00:00,123.51037201708534
2024-01-25 01:00:00,123.50529727987852
2024-01-25 02:00:00,123.50025989316529
2024-01-25 03:00:00,123.49525957748976
2024-01-25 04:00:00,123.49029605555349
2024-01-25 05:00:00,123.48536905219785
2024-01-25 06:00:00,123.48047829438661
2024-01-25 07:00:00,123.47562351118859
2024-01-25 08:00:00,123.47080443376045
2024-01-25 09:00:00,123.4660207953298
2024-01-25 10:00:00,123.46127233117822
2024-01-25 11:00:00,123.45655877862468
2024-01-25 12:00:00,123.45187987700889
2024-01-25 13:00:00,123.44723536767492
2024-01-25 14:00:00,123.44262499395495
2024-01-25 15:00:00,123.43804850115316
2024-01-25 16:00:00,123.43350563652972
2024-01-25 17:00:00,123.42899614928498
2024-01-25 18:00:00,123.4245197905438
2024-01-25 19:00:00,123.42007631333993
2024-01-25 20:00:00,123.41566547260066
2024-01-25 21:00:00,123.4112870251315
2024-01-25 22:00:00,123.40694072960102
2024-01-25 23:00:00,123.40262634652588
2024-01-26 00:00:00,123.39834363825591
2024-01-26 01:00:00,123.39409236895939
2024-01-26 02:00:00,123.38987230460837
2024-01-26 03:00:00,123.38568321296425
2024-01-26 04:00:00,123.38152486356334
2024-01-26 05:00:00,123.37739702770267
2024-01-26 06:00:00,123.37329947842584
2024-01-26 07:00:00,123.36923199050902
2024-01-26 08:00:00,123.3651943404471
2024-01-26 09:00:00,123.36118630643993
2024-01-26 10:00:00,123.35720766837866
2024-01-26 11:00:00,123.35325820783225
2024-01-26 12:00:00,123.34933770803407
2024-01-26 13:00:00,123.34544595386858
2024-01-26 14:00:00,123.3415827318582
2024-01-26 15:00:00,123.33774783015024
2024-01-26 16:00:00,123.33394103850395
2024-01-26 17:00:00,123.33016214827772
2024-01-26 18:00:00,123.32641095241631
2024-01-26 19:00:00,123.32268724543827
2024-01-26 20:00:00,123.31899082342345
2024-01-26 21:00:00,123.31532148400052
2024-01-26 22:00:00,123.3116790263348
2024-01-26 23:00:00,123.308063251116
2024-01-27 00:00:00,123.30447396054613
2024-01-27 01:00:00,123.30091095832758
2024-01-27 02:00:00,123.29737404965118
2024-01-27 03:00:00,123.29386304118448
2024-01-27 04:00:00,123.29037774106001
2024-01-27 05:00:00,123.2869179588638
2024-01-27 06:00:00,123.28348350562378
2024-01-27 07:00:00,123.28007419379851
2024-01-27 08:00:00,123.27668983726586
2024-01-27 09:00:00,123.2733302513118
2024-01-27 10:00:00,123.26999525261932
2024-01-27 11:00:00,123.26668465925744
2024-01-27 12:00:00,123.26339829067027
2024-01-27 13:00:00,123.26013596766626
2024-01-27 14:00:00,123.25689751240743
2024-01-27 15:00:00,123.25368274839875
2024-01-27 16:00:00,123.25049150047755
2024-01-27 17:00:00,123.24732359480316
2024-01-27 18:00:00,123.24417885884645
2024-01-27 19:00:00,123.24105712137963
2024-01-27 20:00:00,123.23795821246597
2024-01-27 21:00:00,123.23488196344977
2024-01-27 22:00:00,123.23182820694628
2024-01-27 23:00:00,123.22879677683179
2024-01-28 00:00:00,123.22578750823375
2024-01-28 01:00:00,123.22280023752104
2024-01-28 02:00:00,123.21983480229423
2024-01-28 03:00:00,123.21689104137596
2024-01-28 04:00:00,123.21396879480146
2024-01-28 05:00:00,123.21106790380904
2024-01-28 06:00:00,123.20818821083073
2024-01-28 07:00:00,123.20532955948302
2024-01-28 08:00:00,123.2024917945576
2024-01-28 09:00:00,123.19967476201222
2024-01-28 10:00:00,123.19687830896162
2024-01-28 11:00:00,123.19410228366856
2024-01-28 12:00:00,123.19134653553486
2024-01-28 13:00:00,123.18861091509262
2024-01-28 14:00:00,123.18589527399537
2024-01-28 15:00:00,123.18319946500941
2024-01-28 16:00:00,123.18052334200517
2024-01-28 17:00:00,123.17786675994869
2024-01-28 18:00:00,123.17522957489307
2024-01-28 19:00:00,123.17261164397009
2024-01-28 20:00:00,123.17001282538186
2024-01-28 21:00:00,123.16743297839254
2024-01-28 22:00:00,123.16487196332011
2024-01-28 23:00:00,123.16232964152823
2024-01-29 00:00:00,123.1598058754182
2024-01-29 01:00:00,123.15730052842088
2024-01-29 02:00:00,123.15481346498878
2024-01-29 03:00:00,123.1523445505882
2024-01-29 04:00:00,123.14989365169136
2024-01-29 05:00:00,123.1474606357687
2024-01-29 06:00:00,123.14504537128114
2024-01-29 07:00:00,123.1426477276725
2024-01-29 08:00:00,123.14026757536188
2024-01-29 09:00:00,123.1379047857362
2024-01-29 10:00:00,123.13555923114272
2024-01-29 11:00:00,123.13323078488169
2024-01-29 12:00:00,123.13091932119902
2024-01-29 13:00:00,123.12862471527896
2024-01-29 14:00:00,123.126346843237
2024-01-29 15:00:00,123.12408558211263
2024-01-29 16:00:00,123.12184080986226
2024-01-29 17:00:00,123.11961240535226
2024-01-29 18:00:00,123.11740024835188
2024-01-29 19:00:00,123.11520421952645
2024-01-29 20:00:00,123.11302420043037
2024-01-29 21:00:00,123.11086007350046
2024-01-29 22:00:00,123.10871172204907
2024-01-29 23:00:00,123.10657903025746
2024-01-30 00:00:00,123.10446188316915
2024-01-30 01:00:00,123.10236016668328
2024-01-30 02:00:00,123.10027376754812
2024-01-30 03:00:00,123.09820257335456
2024-01-30 04:00:00,123.09614647252967
2024-01-30 05:00:00,123.09410535433034
2024-01-30 06:00:00,123.09207910883693
2024-01-30 07:00:00,123.09006762694699
2024-01-30 08:00:00,123.08807080036904
2024-01-30 09:00:00,123.08608852161636
2024-01-30 10:00:00,123.0841206840009
2024-01-30 11:00:00,123.08216718162713
2024-01-30 12:00:00,123.0802279093861
2024-01-30 13:00:00,123.07830276294938
2024-01-30 14:00:00,123.07639163876313
2024-01-30 15:00:00,123.07449443404224
2024-01-30 16:00:00,123.07261104676445
2024-01-30 17:00:00,123.07074137566458
2024-01-30 18:00:00,123.06888532022874
2024-01-30 19:00:00,123.06704278068868
2024-01-30 20:00:00,123.06521365801606
2024-01-30 21:00:00,123.06339785391691
2024-01-30 22:00:00,123.06159527082598
2024-01-30 23:00:00,123.05980581190126
2024-01-31 00:00:00,123.05802938101847
2024-01-31 01:00:00,123.05626588276567
2024-01-31 02:00:00,123.05451522243779
2024-01-31 03:00:00,123.0527773060313
2024-01-31 04:00:00,123.05105204023896
2024-01-31 05:00:00,123.04933933244443
2024-01-31 06:00:00,123.04763909071715
2024-01-31 07:00:00,123.04595122380708
2024-01-31 08:00:00,123.04427564113959
2024-01-31 09:00:00,123.04261225281034
2024-01-31 10:00:00,123.04096096958023
2024-01-31 11:00:00,123.03932170287031
2024-01-31 12:00:00,123.03769436475689
2024-01-31 13:00:00,123.03607886796652
2024-01-31 14:00:00,123.03447512587111
2024-01-31 15:00:00,123.03288305248306
2024-01-31 16:00:00,123.03130256245038
2024-01-31 17:00:00,123.02973357105196
2024-01-31 18:00:00,123.02817599419281
2024-01-31 19:00:00,123.02662974839926
2024-01-31 20:00:00,123.02509475081438
2024-01-31 21:00:00,123.02357091919326
2024-01-31 22:00:00,123.02205817189844
2024-01-31 23:00:00,123.0205564278953
2024-02-01 00:00:00,123.01906560674757
2024-02-01 01:00:00,123.01758562861279
2024-02-01 02:00:00,123.01611641423784
2024-02-01 03:00:00,123.01465788495453
2024-02-01 04:00:00,123.01320996267518
2024-02-01 05:00:00,123.01177256988827
2024-02-01 06:00:00,123.01034562965411
2024-02-01 07:00:00,123.00892906560054
2024-02-01 08:00:00,123.00752280191865
2024-02-01 09:00:00,123.00612676335858
2024-02-01 10:00:00,123.0047408752253
2024-02-01 11:00:00,123.00336506337445
2024-02-01 12:00:00,123.00199925420822
2024-02-01 13:00:00,123.00064337467123
2024-02-01 14:00:00,122.99929735224647
2024-02-01 15:00:00,122.9979611149513
2024-02-01 16:00:00,122.99663459133333
2024-02-01 17:00:00,122.99531771046661
2024-02-01 18:00:00,122.99401040194755
2024-02-01 19:00:00,122.99271259589106
2024-02-01 20:00:00,122.9914242229267
2024-02-01 21:00:00,122.99014521419473
2024-02-01 22:00:00,122.98887550134239
2024-02-01 23:00:00,122.98761501652007
2024-02-02 00:00:00,122.9863636923775
2024-02-02 01:00:00,122.98512146206008
2024-02-02 02:00:00,122.98388825920514
2024-02-02 03:00:00,122.98266401793829
2024-02-02 04:00:00,122.9814486728697
2024-02-02 05:00:00,122.98024215909057
2024-02-02 06:00:00,122.97904441216946
2024-02-02 07:00:00,122.9778553681488
2024-02-02 08:00:00,122.97667496354126
2024-02-02 09:00:00,122.9755031353263
2024-02-02 10:00:00,122.97433982094671
2024-02-02 11:00:00,122.97318495830507
2024-02-02 12:00:00,122.97203848576038
2024-02-02 13:00:00,122.97090034212462
2024-02-02 14:00:00,122.96977046665943
2024-02-02 15:00:00,122.96864879907267
2024-02-02 16:00:00,122.96753527951518
2024-02-02 17:00:00,122.9664298485774
2024-02-02 18:00:00,122.96533244728617
2024-02-02 19:00:00,122.96424301710142
2024-02-02 20:00:00,122.96316149991297
2024-02-02 21:00:00,122.9620878380373
2024-02-02 22:00:00,122.96102197421443
2024-02-02 23:00:00,122.95996385160471
2024-02-03 00:00:00,122.95891341378572
2024-02-03 01:00:00,122.95787060474917
2024-02-03 02:00:00,122.9568353688978
2024-02-03 03:00:00,122.9558076510423
2024-02-03 04:00:00,122.95478739639837
2024-02-03 05:00:00,122.9537745505836
2024-02-03 06:00:00,122.95276905961452
2024-02-03 07:00:00,122.95177086990368
2024-02-03 08:00:00,122.95077992825664
2024-02-03 09:00:00,122.94979618186908
2024-02-03 10:00:00,122.94881957832389
2024-02-03 11:00:00,122.94785006558836
2024-02-03 12:00:00,122.9468875920112
2024-02-03 13:00:00,122.9459321063198
2024-02-03 14:00:00,122.94498355761743
2024-02-03 15:00:00,122.94404189538038
2024-02-03 16:00:00,122.94310706945524
2024-02-03 17:00:00,122.94217903005614
2024-02-03 18:00:00,122.94125772776204
2024-02-03 19:00:00,122.94034311351398
2024-02-03 20:00:00,122.93943513861245
2024-02-03 21:00:00,122.9385337547147
2024-02-03 22:00:00,122.93763891383206
2024-02-03 23:00:00,122.9367505683274
2024-02-04 00:00:00,122.93586867091244
2024-02-04 01:00:00,122.93499317464521
2024-02-04 02:00:00,122.9341240329275
2024-02-04 03:00:00,122.93326119950224
2024-02-04 04:00:00,122.93240462845107
2024-02-04 05:00:00,122.93155427419174
2024-02-04 06:00:00,122.93071009147572
2024-02-04 07:00:00,122.92987203538563
2024-02-04 08:00:00,122.92904006133287
2024-02-04 09:00:00,122.92821412505513
2024-02-04 10:00:00,122.92739418261402
2024-02-04 11:00:00,122.92658019039263
2024-02-04 12:00:00,122.92577210509319
2024-02-04 13:00:00,122.92496988373469
2024-02-04 14:00:00,122.92417348365056
2024-02-04 15:00:00,122.9233828624863
2024-02-04 16:00:00,122.92259797819725
2024-02-04 17:00:00,122.92181878904618
2024-02-04 18:00:00,122.92104525360116
2024-02-04 19:00:00,122.9202773307332
2024-02-04 20:00:00,122.91951497961405
2024-02-04 21:00:00,122.918758159714
2024-02-04 22:00:00,122.91800683079963
2024-02-04 23:00:00,122.91726095293163
2024-02-05 00:00:00,122.91652048646269
2024-02-05 01:00:00,122.91578539203525
2024-02-05 02:00:00,122.91505563057943
2024-02-05 03:00:00,122.91433116331089
2024-02-05 04:00:00,122.91361195172871
2024-02-05 05:00:00,122.91289795761331
2024-02-05 06:00:00,122.91218914302438
2024-02-05 07:00:00,122.91148547029879
2024-02-05 08:00:00,122.9107869020486
2024-02-05 09:00:00,122.91009340115897
2024-02-05 10:00:00,122.90940493078622
2024-02-05 11:00:00,122.90872145435574
2024-02-05 12:00:00,122.90804293556008
2024-02-05 13:00:00,122.90736933835693
2024-02-05 14:00:00,122.90670062696724
2024-02-05 15:00:00,122.90603676587317
2024-02-05 16:00:00,122.90537771981629
2024-02-05 17:00:00,122.90472345379555
2024-02-05 18:00:00,122.9040739330655
2024-02-05 19:00:00,122.9034291231343
2024-02-05 20:00:00,122.90278898976192
2024-02-05 21:00:00,122.90215349895826
2024-02-05 22:00:00,122.90152261698134
2024-02-05 23:00:00,122.90089631033544
2024-02-06 00:00:00,122.90027454576929
2024-02-06 01:00:00,122.89965729027429
2024-02-06 02:00:00,122.8990445110827
2024-02-06 03:00:00,122.89843617566592
2024-02-06 04:00:00,122.89783225173265
2024-02-06 05:00:00,122.89723270722722
2024-02-06 06:00:00,122.89663751032782
2024-02-06 07:00:00,122.89604662944477
2024-02-06 08:00:00,122.89546003321885
2024-02-06 09:00:00,122.89487769051958
2024-02-06 10:00:00,122.89429957044352
2024-02-06 11:00:00,122.89372564231267
2024-02-06 12:00:00,122.89315587567273
2024-02-06 13:00:00,122.89259024029151
2024-02-06 14:00:00,122.89202870615729
2024-02-06 15:00:00,122.89147124347717
2024-02-06 16:00:00,122.8909178226755
2024-02-06 17:00:00,122.89036841439227
2024-02-06 18:00:00,122.88982298948152
2024-02-06 19:00:00,122.88928151900977
2024-02-06 20:00:00,122.88874397425448
2024-02-06 21:00:00,122.88821032670248
2024-02-06 22:00:00,122.88768054804841
2024-02-06 23:00:00,122.88715461019326
2024-02-07 00:00:00,122.8866324852428
2024-02-07 01:00:00,122.8861141455061
2024-02-07 02:00:00,122.88559956349401
2024-02-07 03:00:00,122.88508871191775
2024-02-07 04:00:00,122.88458156368733
2024-02-07 05:00:00,122.88407809191021
2024-02-07 06:00:00,122.88357826988977
2024-02-07 07:00:00,122.88308207112388
2024-02-07 08:00:00,122.88258946930354
2024-02-07 09:00:00,122.88210043831137
2024-02-07 10:00:00,122.88161495222026
2024-02-07 11:00:00,122.88113298529198
2024-02-07 12:00:00,122.88065451197578
2024-02-07 13:00:00,122.880179506907
2024-02-07 14:00:00,122.87970794490572
2024-02-07 15:00:00,122.87923980097544
2024-02-07 16:00:00,122.87877505030167
2024-02-07 17:00:00,122.87831366825064
2024-02-07 18:00:00,122.87785563036797
2024-02-07 19:00:00,122.87740091237737
2024-02-07 20:00:00,122.87694949017927
2024-02-07 21:00:00,122.87650133984961
2024-02-07 22:00:00,122.87605643763851
2024-02-07 23:00:00,122.875614759969
2024-02-08 00:00:00,122.87517628343574
2024-02-08 01:00:00,122.8747409848038
2024-02-08 02:00:00,122.87430884100736
2024-02-08 03:00:00,122.87387982914855
2024-02-08 04:00:00,122.87345392649613
2024-02-08 05:00:00,122.87303111048432
2024-02-08 06:00:00,122.8726113587116
2024-02-08 07:00:00,122.87219464893946
2024-02-08 08:00:00,122.87178095909127
2024-02-08 09:00:00,122.87137026725104
2024-02-08 10:00:00,122.87096255166226
2024-02-08 11:00:00,122.87055779072676
2024-02-08 12:00:00,122.87015596300353
2024-02-08 13:00:00,122.86975704720754
2024-02-08 14:00:00,122.86936102220866
2024-02-08 15:00:00,122.86896786703049
2024-02-08 16:00:00,122.86857756084925
2024-02-08 17:00:00,122.86819008299263
2024-02-08 18:00:00,122.86780541293872
2024-02-08 19:00:00,122.86742353031492
2024-02-08 20:00:00,122.86704441489681
2024-02-08 21:00:00,122.86666804660709
2024-02-08 22:00:00,122.86629440551448
2024-02-08 23:00:00,122.8659234718327
2024-02-09 00:00:00,122.86555522591935
2024-02-09 01:00:00,122.8651896482749
2024-02-09 02:00:00,122.86482671954167
2024-02-09 03:00:00,122.8644664205027
2024-02-09 04:00:00,122.86410873208081
2024-02-09 05:00:00,122.86375363533755
2024-02-09 06:00:00,122.86340111147217
2024-02-09 07:00:00,122.86305114182066
2024-02-09 08:00:00,122.86270370785469
2024-02-09 09:00:00,122.86235879118067
2024-02-09 10:00:00,122.86201637353872
2024-02-09 11:00:00,122.86167643680173
2024-02-09 12:00:00,122.86133896297439
2024-02-09 13:00:00,122.8610039341922
2024-02-09 14:00:00,122.86067133272053
2024-02-09 15:00:00,122.8603411409537
2024-02-09 16:00:00,122.86001334141396
2024-02-09 17:00:00,122.85968791675064
2024-02-09 18:00:00,122.85936484973921
2024-02-09 19:00:00,122.85904412328028
2024-02-09 20:00:00,122.8587257203988
2024-02-09 21:00:00,122.85840962424305
2024-02-09 22:00:00,122.85809581808383
2024-02-09 23:00:00,122.85778428531349
2024-02-10 00:00:00,122.85747500944508
2024-02-10 01:00:00,122.85716797411149
2024-02-10 02:00:00,122.85686316306452
2024-02-10 03:00:00,122.85656056017406
2024-02-10 04:00:00,122.8562601494272
2024-02-10 05:00:00,122.85596191492739
2024-02-10 06:00:00,122.8556658408936
2024-02-10 07:00:00,122.85537191165942
2024-02-10 08:00:00,122.85508011167232
2024-02-10 09:00:00,122.85479042549274
2024-02-10 10:00:00,122.85450283779329
2024-02-10 11:00:00,122.85421733335797
2024-02-10 12:00:00,122.85393389708128
2024-02-10 13:00:00,122.85365251396746
2024-02-10 14:00:00,122.85337316912972
2024-02-10 15:00:00,122.85309584778939
2024-02-10 16:00:00,122.85282053527516
2024-02-10 17:00:00,122.85254721702228
2024-02-10 18:00:00,122.85227587857179
2024-02-10 19:00:00,122.85200650556978
2024-02-10 20:00:00,122.85173908376657
2024-02-10 21:00:00,122.851473599016
2024-02-10 22:00:00,122.85121003727464
2024-02-10 23:00:00,122.85094838460105
2024-02-11 00:00:00,122.85068862715505
2024-02-11 01:00:00,122.85043075119697
2024-02-11 02:00:00,122.85017474308691
2024-02-11 03:00:00,122.84992058928404
2024-02-11 04:00:00,122.84966827634585
2024-02-11 05:00:00,122.84941779092745
2024-02-11 06:00:00,122.84916911978084
2024-02-11 07:00:00,122.84892224975425
2024-02-11 08:00:00,122.84867716779138
2024-02-11 09:00:00,122.84843386093073
2024-02-11 10:00:00,122.8481923163049
2024-02-11 11:00:00,122.84795252113997
2024-02-11 12:00:00,122.84771446275471
2024-02-11 13:00:00,122.84747812855997
2024-02-11 14:00:00,122.847243506058
2024-02-11 15:00:00,122.8470105828418
2024-02-11 16:00:00,122.84677934659442
2024-02-11 17:00:00,122.84654978508833
2024-02-11 18:00:00,122.84632188618478
2024-02-11 19:00:00,122.84609563783312
2024-02-11 20:00:00,122.84587102807018
2024-02-11 21:00:00,122.84564804501964
2024-02-11 22:00:00,122.84542667689139
2024-02-11 23:00:00,122.84520691198088
2024-02-12 00:00:00,122.84498873866853
2024-02-12 01:00:00,122.84477214541911
2024-02-12 02:00:00,122.84455712078109
2024-02-12 03:00:00,122.84434365338608
2024-02-12 04:00:00,122.84413173194817
2024-02-12 05:00:00,122.84392134526338
2024-02-12 06:00:00,122.84371248220904
2024-02-12 07:00:00,122.84350513174321
2024-02-12 08:00:00,122.84329928290407
2024-02-12 09:00:00,122.84309492480936
2024-02-12 10:00:00,122.84289204665579
2024-02-12 11:00:00,122.84269063771846
2024-02-12 12:00:00,122.8424906873503
2024-02-12 13:00:00,122.84229218498153
2024-02-12 14:00:00,122.84209512011901
2024-02-12 15:00:00,122.8418994823458
2024-02-12 16:00:00,122.8417052613205
2024-02-12 17:00:00,122.84151244677678
2024-02-12 18:00:00,122.84132102852277
2024-02-12 19:00:00,122.84113099644058
2024-02-12 20:00:00,122.84094234048573
2024-02-12 21:00:00,122.84075505068658
2024-02-12 22:00:00,122.84056911714387
2024-02-12 23:00:00,122.84038453003015
2024-02-13 00:00:00,122.84020127958928
2024-02-13 01:00:00,122.84001935613588
2024-02-13 02:00:00,122.83983875005485
2024-02-13 03:00:00,122.83965945180084
2024-02-13 04:00:00,122.83948145189774
2024-02-13 05:00:00,122.83930474093819
2024-02-13 06:00:00,122.83912930958307
2024-02-13 07:00:00,122.83895514856101
2024-02-13 08:00:00,122.83878224866791
2024-02-13 09:00:00,122.8386106007664
2024-02-13 10:00:00,122.83844019578542
2024-02-13 11:00:00,122.83827102471969
2024-02-13 12:00:00,122.83810307862926
2024-02-13 13:00:00,122.83793634863902
2024-02-13 14:00:00,122.83777082593825
2024-02-13 15:00:00,122.8376065017801
2024-02-13 16:00:00,122.8374433674812
2024-02-13 17:00:00,122.83728141442114
2024-02-13 18:00:00,122.83712063404204
2024-02-13 19:00:00,122.83696101784807
2024-02-13 20:00:00,122.83680255740502
2024-02-13 21:00:00,122.83664524433988
2024-02-13 22:00:00,122.83648907034033
2024-02-13 23:00:00,122.83633402715435
2024-02-14 00:00:00,122.83618010658975
2024-02-14 01:00:00,122.83602730051378
2024-02-14 02:00:00,122.83587560085262
2024-02-14 03:00:00,122.83572499959104
2024-02-14 04:00:00,122.83557548877192
2024-02-14 05:00:00,122.83542706049585
2024-02-14 06:00:00,122.83527970692067
2024-02-14 07:00:00,122.83513342026114
2024-02-14 08:00:00,122.83498819278844
2024-02-14 09:00:00,122.83484401682979
2024-02-14 10:00:00,122.83470088476805
2024-02-14 11:00:00,122.83455878904132
2024-02-14 12:00:00,122.83441772214252
2024-02-14 13:00:00,122.83427767661901
2024-02-14 14:00:00,122.83413864507217
2024-02-14 15:00:00,122.83400062015706
2024-02-14 16:00:00,122.83386359458196
2024-02-14 17:00:00,122.83372756110802
2024-02-14 18:00:00,122.8335925125489
2024-02-14 19:00:00,122.83345844177035
2024-02-14 20:00:00,122.83332534168981
2024-02-14 21:00:00,122.83319320527612
2024-02-14 22:00:00,122.83306202554907
2024-02-14 23:00:00,122.83293179557904
2024-02-15 00:00:00,122.8328025084867
2024-02-15 01:00:00,122.83267415744251
2024-02-15 02:00:00,122.83254673566653
2024-02-15 03:00:00,122.83242023642791
2024-02-15 04:00:00,122.83229465304461
2024-02-15 05:00:00,122.83216997888304
2024-02-15 06:00:00,122.83204620735769
2024-02-15 07:00:00,122.83192333193078
2024-02-15 08:00:00,122.83180134611194
2024-02-15 09:00:00,122.83168024345784
2024-02-15 10:00:00,122.83156001757185
2024-02-15 11:00:00,122.83144066210372
2024-02-15 12:00:00,122.8313221707492
2024-02-15 13:00:00,122.8312045372498
2024-02-15 14:00:00,122.83108775539233
2024-02-15 15:00:00,122.83097181900867
2024-02-15 16:00:00,122.83085672197538
2024-02-15 17:00:00,122.83074245821344
2024-02-15 18:00:00,122.83062902168787
2024-02-15 19:00:00,122.83051640640744
2024-02-15 20:00:00,122.83040460642434
2024-02-15 21:00:00,122.83029361583385
2024-02-15 22:00:00,122.83018342877409
2024-02-15 23:00:00,122.83007403942564
2024-02-16 00:00:00,122.82996544201124
2024-02-16 01:00:00,122.82985763079553
2024-02-16 02:00:00,122.82975060008471
2024-02-16 03:00:00,122.82964434422622
2024-02-16 04:00:00,122.82953885760851
2024-02-16 05:00:00,122.82943413466067
2024-02-16 06:00:00,122.82933016985217
2024-02-16 07:00:00,122.82922695769255
2024-02-16 08:00:00,122.82912449273117
2024-02-16 09:00:00,122.82902276955686
2024-02-16 10:00:00,122.82892178279766
2024-02-16 11:00:00,122.82882152712058
2024-02-16 12:00:00,122.82872199723123
2024-02-16 13:00:00,122.82862318787362
2024-02-16 14:00:00,122.82852509382982
2024-02-16 15:00:00,122.82842770991975
2024-02-16 16:00:00,122.82833103100083
2024-02-16 17:00:00,122.82823505196777
2024-02-16 18:00:00,122.82813976775225
2024-02-16 19:00:00,122.82804517332269
2024-02-16 20:00:00,122.827951263684
2024-02-16 21:00:00,122.82785803387723
2024-02-16 22:00:00,122.8277654789794
2024-02-16 23:00:00,122.82767359410319
2024-02-17 00:00:00,122.82758237439668
2024-02-17 01:00:00,122.82749181504315
2024-02-17 02:00:00,122.82740191126072
2024-02-17 03:00:00,122.8273126583022
2024-02-17 04:00:00,122.82722405145479
2024-02-17 05:00:00,122.82713608603984
2024-02-17 06:00:00,122.82704875741258
2024-02-17 07:00:00,122.82696206096192
2024-02-17 08:00:00,122.82687599211016
2024-02-17 09:00:00,122.82679054631278
2024-02-17 10:00:00,122.82670571905817
2024-02-17 11:00:00,122.82662150586741
2024-02-17 12:00:00,122.82653790229405
2024-02-17 13:00:00,122.82645490392385
2024-02-17 14:00:00,122.82637250637453
2024-02-17 15:00:00,122.82629070529558
2024-02-17 16:00:00,122.826209496368
2024-02-17 17:00:00,122.82612887530408
2024-02-17 18:00:00,122.8260488378472
2024-02-17 19:00:00,122.82596937977154
2024-02-17 20:00:00,122.8258904968819
2024-02-17 21:00:00,122.82581218501349
2024-02-17 22:00:00,122.8257344400317
2024-02-17 23:00:00,122.82565725783185
2024-02-18 00:00:00,122.825580634339
2024-02-18 01:00:00,122.82550456550776
2024-02-18 02:00:00,122.82542904732199
2024-02-18 03:00:00,122.82535407579469
2024-02-18 04:00:00,122.82527964696774
2024-02-18 05:00:00,122.82520575691167
2024-02-18 06:00:00,122.8251324017255
2024-02-18 07:00:00,122.82505957753649
2024-02-18 08:00:00,122.82498728049997
2024-02-18 09:00:00,122.8249155067991
2024-02-18 10:00:00,122.82484425264472
2024-02-18 11:00:00,122.8247735142751
2024-02-18 12:00:00,122.82470328795573
2024-02-18 13:00:00,122.82463356997921
2024-02-18 14:00:00,122.82456435666498
2024-02-18 15:00:00,122.8244956443591
2024-02-18 16:00:00,122.82442742943415
2024-02-18 17:00:00,122.82435970828895
2024-02-18 18:00:00,122.82429247734842
2024-02-18 19:00:00,122.82422573306337
2024-02-18 20:00:00,122.82415947191032
2024-02-18 21:00:00,122.82409369039132
2024-02-18 22:00:00,122.82402838503376
2024-02-18 23:00:00,122.82396355239015
2024-02-19 00:00:00,122.82389918903803
2024-02-19 01:00:00,122.82383529157968
2024-02-19 02:00:00,122.82377185664201
2024-02-19 03:00:00,122.82370888087635
2024-02-19 04:00:00,122.82364636095829
2024-02-19 05:00:00,122.82358429358752
2024-02-19 06:00:00,122.82352267548758
2024-02-19 07:00:00,122.82346150340581
2024-02-19 08:00:00,122.82340077411307
2024-02-19 09:00:00,122.8233404844036
2024-02-19 10:00:00,122.82328063109489
2024-02-19 11:00:00,122.82322121102744
2024-02-19 12:00:00,122.82316222106469
2024-02-19 13:00:00,122.82310365809275
2024-02-19 14:00:00,122.82304551902028
2024-02-19 15:00:00,122.82298780077836
2024-02-19 16:00:00,122.82293050032028
2024-02-19 17:00:00,122.8228736146214
2024-02-19 18:00:00,122.82281714067899
2024-02-19 19:00:00,122.82276107551206
2024-02-19 20:00:00,122.8227054161612
2024-02-19 21:00:00,122.82265015968845
2024-02-19 22:00:00,122.82259530317714
2024-02-19 23:00:00,122.82254084373169
2024-02-20 00:00:00,122.8224867784775
2024-02-20 01:00:00,122.8224331045608
2024-02-20 02:00:00,122.8223798191485
2024-02-20 03:00:00,122.822326919428
2024-02-20 04:00:00,122.82227440260706
2024-02-20 05:00:00,122.82222226591371
2024-02-20 06:00:00,122.82217050659601
2024-02-20 07:00:00,122.82211912192197
2024-02-20 08:00:00,122.82206810917938
2024-02-20 09:00:00,122.82201746567567
2024-02-20 10:00:00,122.82196718873777
2024-02-20 11:00:00,122.82191727571197
2024-02-20 12:00:00,122.82186772396378
2024-02-20 13:00:00,122.82181853087778
2024-02-20 14:00:00,122.8217696938575
2024-02-20 15:00:00,122.82172121032528
2024-02-20 16:00:00,122.8216730777221
2024-02-20 17:00:00,122.82162529350748
2024-02-20 18:00:00,122.82157785515936
2024-02-20 19:00:00,122.82153076017391
2024-02-20 20:00:00,122.82148400606548
2024-02-20 21:00:00,122.82143759036636
2024-02-20 22:00:00,122.82139151062674
2024-02-20 23:00:00,122.82134576441456
2024-02-21 00:00:00,122.82130034931536
2024-02-21 01:00:00,122.82125526293217
2024-02-21 02:00:00,122.82121050288535
2024-02-21 03:00:00,122.82116606681254
2024-02-21 04:00:00,122.82112195236844
2024-02-21 05:00:00,122.82107815722476
2024-02-21 06:00:00,122.82103467907007
2024-02-21 07:00:00,122.82099151560965
2024-02-21 08:00:00,122.82094866456544
2024-02-21 09:00:00,122.82090612367584
2024-02-21 10:00:00,122.82086389069565
2024-02-21 11:00:00,122.8208219633959
2024-02-21 12:00:00,122.82078033956378
2024-02-21 13:00:00,122.82073901700251
2024-02-21 14:00:00,122.8206979935312
2024-02-21 15:00:00,122.82065726698475
2024-02-21 16:00:00,122.82061683521377
2024-02-21 17:00:00,122.82057669608439
2024-02-21 18:00:00,122.82053684747821
2024-02-21 19:00:00,122.82049728729217
2024-02-21 20:00:00,122.82045801343844
2024-02-21 21:00:00,122.8204190238443
2024-02-21 22:00:00,122.82038031645205
2024-02-21 23:00:00,122.82034188921887
2024-02-22 00:00:00,122.82030374011674
2024-02-22 01:00:00,122.82026586713235
2024-02-22 02:00:00,122.82022826826693
2024-02-22 03:00:00,122.8201909415362
2024-02-22 04:00:00,122.82015388497024
2024-02-22 05:00:00,122.8201170966134
2024-02-22 06:00:00,122.8200805745242
2024-02-22 07:00:00,122.82004431677518
2024-02-22 08:00:00,122.82000832145289
2024-02-22 09:00:00,122.81997258665768
2024-02-22 10:00:00,122.8199371105037
2024-02-22 11:00:00,122.81990189111872
2024-02-22 12:00:00,122.81986692664408
2024-02-22 13:00:00,122.81983221523458
2024-02-22 14:00:00,122.81979775505837
2024-02-22 15:00:00,122.81976354429689
2024-02-22 16:00:00,122.81972958114471
2024-02-22 17:00:00,122.81969586380949
2024-02-22 18:00:00,122.81966239051187
2024-02-22 19:00:00,122.81962915948536
2024-02-22 20:00:00,122.81959616897628
2024-02-22 21:00:00,122.81956341724361
2024-02-22 22:00:00,122.819530902559
2024-02-22 23:00:00,122.81949862320654
2024-02-23 00:00:00,122.8194665774828
2024-02-23 01:00:00,122.81943476369665
2024-02-23 02:00:00,122.8194031801692
2024-02-23 03:00:00,122.81937182523376
2024-02-23 04:00:00,122.81934069723565
2024-02-23 05:00:00,122.8193097945322
2024-02-23 06:00:00,122.81927911549263
2024-02-23 07:00:00,122.81924865849798
2024-02-23 08:00:00,122.81921842194099
2024-02-23 09:00:00,122.81918840422603
2024-02-23 10:00:00,122.81915860376904
2024-02-23 11:00:00,122.81912901899743
2024-02-23 12:00:00,122.81909964834998
2024-02-23 13:00:00,122.81907049027679
2024-02-23 14:00:00,122.81904154323917
2024-02-23 15:00:00,122.81901280570956
2024-02-23 16:00:00,122.81898427617149
2024-02-23 17:00:00,122.81895595311944
2024-02-23 18:00:00,122.81892783505882
2024-02-23 19:00:00,122.81889992050581
2024-02-23 20:00:00,122.81887220798738
2024-02-23 21:00:00,122.81884469604114
2024-02-23 22:00:00,122.8188173832153
2024-02-23 23:00:00,122.81879026806857
2024-02-24 00:00:00,122.8187633491701
2024-02-24 01:00:00,122.81873662509939
2024-02-24 02:00:00,122.81871009444625
2024-02-24 03:00:00,122.81868375581065
2024-02-24 04:00:00,122.81865760780276
2024-02-24 05:00:00,122.81863164904276
2024-02-24 06:00:00,122.81860587816084
2024-02-24 07:00:00,122.8185802937971
2024-02-24 08:00:00,122.81855489460149
2024-02-24 09:00:00,122.81852967923373
2024-02-24 10:00:00,122.81850464636325
2024-02-24 11:00:00,122.8184797946691
2024-02-24 12:00:00,122.81845512283991
2024-02-24 13:00:00,122.81843062957377
2024-02-24 14:00:00,122.81840631357824
2024-02-24 15:00:00,122.81838217357021
2024-02-24 16:00:00,122.81835820827587
2024-02-24 17:00:00,122.81833441643062
2024-02-24 18:00:00,122.81831079677902
2024-02-24 19:00:00,122.8182873480747
2024-02-24 20:00:00,122.81826406908036
2024-02-24 21:00:00,122.81824095856761
2024-02-24 22:00:00,122.81821801531699
2024-02-24 23:00:00,122.81819523811782
2024-02-25 00:00:00,122.81817262576824
2024-02-25 01:00:00,122.81815017707504
2024-02-25 02:00:00,122.81812789085369
2024-02-25 03:00:00,122.81810576592821
2024-02-25 04:00:00,122.81808380113112
2024-02-25 05:00:00,122.81806199530344
2024-02-25 06:00:00,122.81804034729454
2024-02-25 07:00:00,122.81801885596212
2024-02-25 08:00:00,122.81799752017217
2024-02-25 09:00:00,122.81797633879887
2024-02-25 10:00:00,122.81795531072457
2024-02-25 11:00:00,122.8179344348397
2024-02-25 12:00:00,122.8179137100427
2024-02-25 13:00:00,122.81789313524003
2024-02-25 14:00:00,122.81787270934602
2024-02-25 15:00:00,122.81785243128289
2024-02-25 16:00:00,122.81783229998065
2024-02-25 17:00:00,122.81781231437706
2024-02-25 18:00:00,122.81779247341757
2024-02-25 19:00:00,122.81777277605525
2024-02-25 20:00:00,122.81775322125077
2024-02-25 21:00:00,122.8177338079723
2024-02-25 22:00:00,122.81771453519552
2024-02-25 23:00:00,122.81769540190348
2024-02-26 00:00:00,122.8176764070866
2024-02-26 01:00:00,122.81765754974262
2024-02-26 02:00:00,122.81763882887654
2024-02-26 03:00:00,122.81762024350054
2024-02-26 04:00:00,122.81760179263398
2024-02-26 05:00:00,122.81758347530331
2024-02-26 06:00:00,122.817565290542
2024-02-26 07:00:00,122.81754723739056
2024-02-26 08:00:00,122.81752931489639
2024-02-26 09:00:00,122.81751152211385
2024-02-26 10:00:00,122.8174938581041
2024-02-26 11:00:00,122.81747632193512
2024-02-26 12:00:00,122.8174589126816
2024-02-26 13:00:00,122.81744162942498
2024-02-26 14:00:00,122.8174244712533
2024-02-26 15:00:00,122.81740743726125
2024-02-26 16:00:00,122.81739052655004
2024-02-26 17:00:00,122.81737373822739
2024-02-26 18:00:00,122.81735707140749
2024-02-26 19:00:00,122.81734052521091
2024-02-26 20:00:00,122.81732409876463
2024-02-26 21:00:00,122.81730779120193
2024-02-26 22:00:00,122.81729160166236
2024-02-26 23:00:00,122.8172755292917
2024-02-27 00:00:00,122.81725957324193
2024-02-27 01:00:00,122.81724373267113
2024-02-27 02:00:00,122.8172280067435
2024-02-27 03:00:00,122.81721239462931
2024-02-27 04:00:00,122.8171968955048
2024-02-27 05:00:00,122.81718150855217
2024-02-27 06:00:00,122.81716623295958
2024-02-27 07:00:00,122.81715106792103
2024-02-27 08:00:00,122.81713601263637
2024-02-27 09:00:00,122.81712106631124
2024-02-27 10:00:00,122.81710622815703
2024-02-27 11:00:00,122.81709149739083
2024-02-27 12:00:00,122.81707687323541
2024-02-27 13:00:00,122.81706235491914
2024-02-27 14:00:00,122.81704794167602
2024-02-27 15:00:00,122.81703363274556
2024-02-27 16:00:00,122.81701942737278
2024-02-27 17:00:00,122.81700532480818
2024-02-27 18:00:00,122.81699132430766
2024-02-27 19:00:00,122.81697742513254
2024-02-27 20:00:00,122.81696362654944
2024-02-27 21:00:00,122.81694992783032
2024-02-27 22:00:00,122.81693632825241
2024-02-27 23:00:00,122.81692282709817
2024-02-28 00:00:00,122.81690942365525
2024-02-28 01:00:00,122.81689611721646
2024-02-28 02:00:00,122.81688290707972
2024-02-28 03:00:00,122.81686979254803
2024-02-28 04:00:00,122.81685677292946
2024-02-28 05:00:00,122.81684384753704
2024-02-28 06:00:00,122.81683101568883
2024-02-28 07:00:00,122.81681827670779
2024-02-28 08:00:00,122.81680562992179
2024-02-28 09:00:00,122.81679307466355
2024-02-28 10:00:00,122.81678061027065
2024-02-28 11:00:00,122.81676823608545
2024-02-28 12:00:00,122.81675595145506
2024-02-28 13:00:00,122.81674375573134
2024-02-28 14:00:00,122.8167316482708
2024-02-28 15:00:00,122.81671962843465
2024-02-28 16:00:00,122.81670769558872
2024-02-28 17:00:00,122.8166958491034
2024-02-28 18:00:00,122.81668408835365
2024-02-28 19:00:00,122.81667241271897
2024-02-28 20:00:00,122.81666082158334
2024-02-28 21:00:00,122.8166493143352
2024-02-28 22:00:00,122.81663789036739
2024-02-28 23:00:00,122.8166265490772
2024-02-29 00:00:00,122.81661528986623
2024-02-29 01:00:00,122.81660411214045
2024-02-29 02:00:00,122.81659301531012
2024-02-29 03:00:00,122.81658199878974
2024-02-29 04:00:00,122.81657106199808
2024-02-29 05:00:00,122.8165602043581
2024-02-29 06:00:00,122.81654942529696
2024-02-29 07:00:00,122.81653872424593
2024-02-29 08:00:00,122.81652810064043
2024-02-29 09:00:00,122.81651755391994
2024-02-29 10:00:00,122.81650708352801
2024-02-29 11:00:00,122.81649668891222
2024-02-29 12:00:00,122.81648636952416
2024-02-29 13:00:00,122.81647612481935
2024-02-29 14:00:00,122.81646595425728
2024-02-29 15:00:00,122.81645585730136
2024-02-29 16:00:00,122.81644583341887
2024-02-29 17:00:00,122.81643588208094
2024-02-29 18:00:00,122.81642600276253
2024-02-29 19:00:00,122.8164161949424
2024-02-29 20:00:00,122.81640645810312
2024-02-29 21:00:00,122.81639679173094
2024-02-29 22:00:00,122.81638719531588
2024-02-29 23:00:00,122.81637766835163
2024-03-01 00:00:00,122.81636821033554
2024-03-01 01:00:00,122.81635882076861
2024-03-01 02:00:00,122.81634949915545
2024-03-01 03:00:00,122.81634024500424
2024-03-01 04:00:00,122.81633105782674
2024-03-01 05:00:00,122.81632193713824
2024-03-01 06:00:00,122.81631288245754
2024-03-01 07:00:00,122.8163038933069
2024-03-01 08:00:00,122.81629496921205
2024-03-01 09:00:00,122.81628610970219
2024-03-01 10:00:00,122.81627731430987
2024-03-01 11:00:00,122.81626858257106
2024-03-01 12:00:00,122.81625991402505
2024-03-01 13:00:00,122.81625130821453
2024-03-01 14:00:00,122.81624276468544
2024-03-01 15:00:00,122.81623428298703
2024-03-01 16:00:00,122.81622586267181
2024-03-01 17:00:00,122.81621750329553
2024-03-01 18:00:00,122.81620920441716
2024-03-01 19:00:00,122.81620096559885
2024-03-01 20:00:00,122.81619278640594
2024-03-01 21:00:00,122.81618466640687
2024-03-01 22:00:00,122.81617660517325
2024-03-01 23:00:00,122.81616860227979
2024-03-02 00:00:00,122.81616065730425
2024-03-02 01:00:00,122.81615276982747
2024-03-02 02:00:00,122.8161449394333
2024-03-02 03:00:00,122.81613716570862
2024-03-02 04:00:00,122.8161294482433
2024-03-02 05:00:00,122.81612178663018
2024-03-02 06:00:00,122.81611418046502
2024-03-02 07:00:00,122.81610662934654
2024-03-02 08:00:00,122.81609913287635
2024-03-02 09:00:00,122.81609169065894
2024-03-02 10:00:00,122.81608430230166
2024-03-02 11:00:00,122.81607696741473
2024-03-02 12:00:00,122.81606968561115
2024-03-02 13:00:00,122.81606245650676
2024-03-02 14:00:00,122.81605527972015
2024-03-02 15:00:00,122.81604815487268
2024-03-02 16:00:00,122.81604108158845
2024-03-02 17:00:00,122.81603405949429
2024-03-02 18:00:00,122.81602708821971
2024-03-02 19:00:00,122.81602016739693
2024-03-02 20:00:00,122.81601329666081
2024-03-02 21:00:00,122.81600647564888
2024-03-02 22:00:00,122.81599970400124
2024-03-02 23:00:00,122.81599298136065
2024-03-03 00:00:00,122.81598630737243
2024-03-03 01:00:00,122.81597968168445
2024-03-03 02:00:00,122.81597310394717
2024-03-03 03:00:00,122.81596657381355
2024-03-03 04:00:00,122.81596009093909
2024-03-03 05:00:00,122.81595365498174
2024-03-03 06:00:00,122.81594726560196
2024-03-03 07:00:00,122.81594092246266
2024-03-03 08:00:00,122.81593462522918
2024-03-03 09:00:00,122.81592837356928
2024-03-03 10:00:00,122.81592216715315
2024-03-03 11:00:00,122.81591600565334
2024-03-03 12:00:00,122.81590988874478
2024-03-03 13:00:00,122.81590381610476
2024-03-03 14:00:00,122.81589778741291
2024-03-03 15:00:00,122.81589180235115
2024-03-03 16:00:00,122.81588586060371
2024-03-03 17:00:00,122.81587996185714
2024-03-03 18:00:00,122.81587410580022
2024-03-03 19:00:00,122.815868292124
2024-03-03 20:00:00,122.81586252052175
2024-03-03 21:00:00,122.81585679068898
2024-03-03 22:00:00,122.8158511023234
2024-03-03 23:00:00,122.81584545512492
2024-03-04 00:00:00,122.81583984879556
2024-03-04 01:00:00,122.81583428303958
2024-03-04 02:00:00,122.81582875756332
2024-03-04 03:00:00,122.81582327207528
2024-03-04 04:00:00,122.81581782628605
2024-03-04 05:00:00,122.81581241990833
2024-03-04 06:00:00,122.81580705265688
2024-03-04 07:00:00,122.81580172424856
2024-03-04 08:00:00,122.81579643440223
2024-03-04 09:00:00,122.81579118283882
2024-03-04 10:00:00,122.81578596928127
2024-03-04 11:00:00,122.81578079345451
2024-03-04 12:00:00,122.81577565508549
2024-03-04 13:00:00,122.81577055390312
2024-03-04 14:00:00,122.81576548963828
2024-03-04 15:00:00,122.81576046202379
2024-03-04 16:00:00,122.81575547079439
2024-03-04 17:00:00,122.81575051568676
2024-03-04 18:00:00,122.81574559643948
2024-03-04 19:00:00,122.81574071279304
2024-03-04 20:00:00,122.81573586448978
2024-03-04 21:00:00,122.81573105127391
2024-03-04 22:00:00,122.81572627289151
2024-03-04 23:00:00,122.81572152909047
2024-03-05 00:00:00,122.81571681962052
2024-03-05 01:00:00,122.8157121442332
2024-03-05 02:00:00,122.81570750268186
2024-03-05 03:00:00,122.81570289472162
2024-03-05 04:00:00,122.81569832010938
2024-03-05 05:00:00,122.81569377860377
2024-03-05 06:00:00,122.81568926996522
2024-03-05 07:00:00,122.81568479395585
2024-03-05 08:00:00,122.81568035033953
2024-03-05 09:00:00,122.81567593888182
2024-03-05 10:00:00,122.81567155935
2024-03-05 11:00:00,122.81566721151299
2024-03-05 12:00:00,122.81566289514143
2024-03-05 13:00:00,122.81565861000759
2024-03-05 14:00:00,122.8156543558854
2024-03-05 15:00:00,122.81565013255043
2024-03-05 16:00:00,122.81564593977987
2024-03-05 17:00:00,122.81564177735251
2024-03-05 18:00:00,122.81563764504877
2024-03-05 19:00:00,122.81563354265062
2024-03-05 20:00:00,122.81562946994164
2024-03-05 21:00:00,122.81562542670697
2024-03-05 22:00:00,122.8156214127333
2024-03-05 23:00:00,122.81561742780885
2024-03-06 00:00:00,122.8156134717234
2024-03-06 01:00:00,122.81560954426823
2024-03-06 02:00:00,122.81560564523615
2024-03-06 03:00:00,122.81560177442145
2024-03-06 04:00:00,122.81559793161993
2024-03-06 05:00:00,122.81559411662886
2024-03-06 06:00:00,122.81559032924694
2024-03-06 07:00:00,122.81558656927439
2024-03-06 08:00:00,122.81558283651283
2024-03-06 09:00:00,122.81557913076534
2024-03-06 10:00:00,122.81557545183641
2024-03-06 11:00:00,122.81557179953195
2024-03-06 12:00:00,122.81556817365929
2024-03-06 13:00:00,122.81556457402712
2024-03-06 14:00:00,122.81556100044554
2024-03-06 15:00:00,122.81555745272603
2024-03-06 16:00:00,122.81555393068142
2024-03-06 17:00:00,122.8155504341259
2024-03-06 18:00:00,122.81554696287499
2024-03-06 19:00:00,122.81554351674556
2024-03-06 20:00:00,122.81554009555582
2024-03-06 21:00:00,122.81553669912526
2024-03-06 22:00:00,122.81553332727471
2024-03-06 23:00:00,122.81552997982628
2024-03-07 00:00:00,122.81552665660337
2024-03-07 01:00:00,122.81552335743065
2024-03-07 02:00:00,122.81552008213407
2024-03-07 03:00:00,122.81551683054083
2024-03-07 04:00:00,122.8155136024794
2024-03-07 05:00:00,122.81551039777946
2024-03-07 06:00:00,122.81550721627197
2024-03-07 07:00:00,122.81550405778906
2024-03-07 08:00:00,122.8155009221641
2024-03-07 09:00:00,122.81549780923169
2024-03-07 10:00:00,122.81549471882757
2024-03-07 11:00:00,122.81549165078872
2024-03-07 12:00:00,122.81548860495326
2024-03-07 13:00:00,122.81548558116053
2024-03-07 14:00:00,122.815482579251
2024-03-07 15:00:00,122.81547959906628
2024-03-07 16:00:00,122.81547664044916
2024-03-07 17:00:00,122.81547370324355
2024-03-07 18:00:00,122.8154707872945
2024-03-07 19:00:00,122.81546789244817
2024-03-07 20:00:00,122.81546501855183
2024-03-07 21:00:00,122.81546216545388
2024-03-07 22:00:00,122.81545933300379
2024-03-07 23:00:00,122.81545652105213
2024-03-08 00:00:00,122.81545372945055
2024-03-08 01:00:00,122.8154509580518
2024-03-08 02:00:00,122.81544820670963
2024-03-08 03:00:00,122.81544547527892
2024-03-08 04:00:00,122.81544276361556
2024-03-08 05:00:00,122.81544007157649
2024-03-08 06:00:00,122.81543739901969
2024-03-08 07:00:00,122.81543474580415
2024-03-08 08:00:00,122.81543211178993
2024-03-08 09:00:00,122.81542949683805
2024-03-08 10:00:00,122.81542690081055
2024-03-08 11:00:00,122.81542432357048
2024-03-08 12:00:00,122.81542176498188
2024-03-08 13:00:00,122.81541922490975
2024-03-08 14:00:00,122.8154167032201
2024-03-08 15:00:00,122.81541419977988
2024-03-08 16:00:00,122.81541171445704
2024-03-08 17:00:00,122.81540924712046
2024-03-08 18:00:00,122.81540679763995
2024-03-08 19:00:00,122.81540436588631
2024-03-08 20:00:00,122.81540195173123
2024-03-08 21:00:00,122.81539955504736
2024-03-08 22:00:00,122.81539717570827
2024-03-08 23:00:00,122.81539481358841
2024-03-09 00:00:00,122.81539246856319
2024-03-09 01:00:00,122.81539014050888
2024-03-09 02:00:00,122.81538782930267
2024-03-09 03:00:00,122.81538553482261
2024-03-09 04:00:00,122.81538325694767
2024-03-09 05:00:00,122.81538099555767
2024-03-09 06:00:00,122.81537875053331
2024-03-09 07:00:00,122.81537652175616
2024-03-09 08:00:00,122.81537430910863
2024-03-09 09:00:00,122.815372112474
2024-03-09 10:00:00,122.81536993173636
2024-03-09 11:00:00,122.81536776678067
2024-03-09 12:00:00,122.81536561749273
2024-03-09 13:00:00,122.81536348375914
2024-03-09 14:00:00,122.81536136546734
2024-03-09 15:00:00,122.81535926250558
2024-03-09 16:00:00,122.81535717476291
2024-03-09 17:00:00,122.81535510212919
2024-03-09 18:00:00,122.81535304449507
2024-03-09 19:00:00,122.815351001752
2024-03-09 20:00:00,122.81534897379223
2024-03-09 21:00:00,122.81534696050875
2024-03-09 22:00:00,122.81534496179536
2024-03-09 23:00:00,122.8153429775466
2024-03-10 00:00:00,122.81534100765782
2024-03-10 01:00:00,122.81533905202507
2024-03-10 02:00:00,122.81533711054519
2024-03-10 03:00:00,122.81533518311575
2024-03-10 04:00:00,122.81533326963506
2024-03-10 05:00:00,122.81533137000218
2024-03-10 06:00:00,122.8153294841169
2024-03-10 07:00:00,122.81532761187972
2024-03-10 08:00:00,122.81532575319187
2024-03-10 09:00:00,122.8153239079553
2024-03-10 10:00:00,122.81532207607266
2024-03-10 11:00:00,122.8153202574473
2024-03-10 12:00:00,122.81531845198327
2024-03-10 13:00:00,122.81531665958535
2024-03-10 14:00:00,122.81531488015895
2024-03-10 15:00:00,122.81531311361022
2024-03-10 16:00:00,122.81531135984595
2024-03-10 17:00:00,122.81530961877361
2024-03-10 18:00:00,122.81530789030137
2024-03-10 19:00:00,122.81530617433803
2024-03-10 20:00:00,122.81530447079307
2024-03-10 21:00:00,122.8153027795766
2024-03-10 22:00:00,122.81530110059941
2024-03-10 23:00:00,122.81529943377294
2024-03-11 00:00:00,122.81529777900923
2024-03-11 01:00:00,122.815296136221
2024-03-11 02:00:00,122.81529450532156
2024-03-11 03:00:00,122.8152928862249
2024-03-11 04:00:00,122.81529127884558
2024-03-11 05:00:00,122.81528968309881
2024-03-11 06:00:00,122.81528809890042
2024-03-11 07:00:00,122.81528652616682
2024-03-11 08:00:00,122.81528496481504
2024-03-11 09:00:00,122.8152834147627
2024-03-11 10:00:00,122.81528187592805
2024-03-11 11:00:00,122.81528034822989
2024-03-11 12:00:00,122.81527883158762
2024-03-11 13:00:00,122.81527732592124
2024-03-11 14:00:00,122.81527583115133
2024-03-11 15:00:00,122.815274347199
2024-03-11 16:00:00,122.81527287398598
2024-03-11 17:00:00,122.81527141143455
2024-03-11 18:00:00,122.81526995946756
2024-03-11 19:00:00,122.8152685180084
2024-03-11 20:00:00,122.81526708698102
2024-03-11 21:00:00,122.81526566630994
2024-03-11 22:00:00,122.8152642559202
2024-03-11 23:00:00,122.81526285573739
2024-03-12 00:00:00,122.81526146568766
2024-03-12 01:00:00,122.81526008569766
2024-03-12 02:00:00,122.8152587156946
2024-03-12 03:00:00,122.81525735560619
2024-03-12 04:00:00,122.8152560053607
2024-03-12 05:00:00,122.81525466488687
2024-03-12 06:00:00,122.815253334114
2024-03-12 07:00:00,122.81525201297188
2024-03-12 08:00:00,122.81525070139082
2024-03-12 09:00:00,122.81524939930162
2024-03-12 10:00:00,122.81524810663558
2024-03-12 11:00:00,122.81524682332451
2024-03-12 12:00:00,122.81524554930071
2024-03-12 13:00:00,122.81524428449697
2024-03-12 14:00:00,122.81524302884657
2024-03-12 15:00:00,122.81524178228325
2024-03-12 16:00:00,122.81524054474126
2024-03-12 17:00:00,122.81523931615531
2024-03-12 18:00:00,122.81523809646059
2024-03-12 19:00:00,122.81523688559274
2024-03-12 20:00:00,122.8152356834879
2024-03-12 21:00:00,122.81523449008263
2024-03-12 22:00:00,122.815233305314
2024-03-12 23:00:00,122.81523212911948
2024-03-13 00:00:00,122.81523096143702
2024-03-13 01:00:00,122.81522980220504
2024-03-13 02:00:00,122.81522865136236
2024-03-13 03:00:00,122.81522750884828
2024-03-13 04:00:00,122.81522637460253
2024-03-13 05:00:00,122.81522524856527
2024-03-13 06:00:00,122.81522413067708
2024-03-13 07:00:00,122.815223020879
2024-03-13 08:00:00,122.81522191911249
2024-03-13 09:00:00,122.8152208253194
2024-03-13 10:00:00,122.81521973944204
2024-03-13 11:00:00,122.81521866142313
2024-03-13 12:00:00,122.8152175912058
2024-03-13 13:00:00,122.81521652873357
2024-03-13 14:00:00,122.81521547395042
2024-03-13 15:00:00,122.81521442680068
2024-03-13 16:00:00,122.81521338722911
2024-03-13 17:00:00,122.81521235518088
2024-03-13 18:00:00,122.81521133060153
2024-03-13 19:00:00,122.815210313437
2024-03-13 20:00:00,122.81520930363365
2024-03-13 21:00:00,122.8152083011382
2024-03-13 22:00:00,122.81520730589776
2024-03-13 23:00:00,122.81520631785983
2024-03-14 00:00:00,122.81520533697228
2024-03-14 01:00:00,122.81520436318337
2024-03-14 02:00:00,122.81520339644172
2024-03-14 03:00:00,122.81520243669634
2024-03-14 04:00:00,122.81520148389659
2024-03-14 05:00:00,122.8152005379922
2024-03-14 06:00:00,122.81519959893328
2024-03-14 07:00:00,122.81519866667027
2024-03-14 08:00:00,122.81519774115401
2024-03-14 09:00:00,122.81519682233566
2024-03-14 10:00:00,122.81519591016676
2024-03-14 11:00:00,122.81519500459919
2024-03-14 12:00:00,122.81519410558515
2024-03-14 13:00:00,122.81519321307724
2024-03-14 14:00:00,122.81519232702836
2024-03-14 15:00:00,122.81519144739177
2024-03-14 16:00:00,122.81519057412106
2024-03-14 17:00:00,122.81518970717018
2024-03-14 18:00:00,122.81518884649337
2024-03-14 19:00:00,122.81518799204524
2024-03-14 20:00:00,122.8151871437807
2024-03-14 21:00:00,122.81518630165502
2024-03-14 22:00:00,122.81518546562374
2024-03-14 23:00:00,122.8151846356428
2024-03-15 00:00:00,122.81518381166836
2024-03-15 01:00:00,122.815182993657
2024-03-15 02:00:00,122.81518218156555
2024-03-15 03:00:00,122.81518137535114
2024-03-15 04:00:00,122.81518057497128
2024-03-15 05:00:00,122.81517978038372
2024-03-15 06:00:00,122.81517899154655
2024-03-15 07:00:00,122.81517820841815
2024-03-15 08:00:00,122.8151774309572
2024-03-15 09:00:00,122.81517665912271
2024-03-15 10:00:00,122.81517589287394
2024-03-15 11:00:00,122.81517513217047
2024-03-15 12:00:00,122.81517437697217
2024-03-15 13:00:00,122.8151736272392
2024-03-15 14:00:00,122.81517288293202
2024-03-15 15:00:00,122.81517214401134
2024-03-15 16:00:00,122.8151714104382
2024-03-15 17:00:00,122.81517068217387
2024-03-15 18:00:00,122.81516995917995
2024-03-15 19:00:00,122.81516924141832
2024-03-15 20:00:00,122.81516852885107
2024-03-15 21:00:00,122.81516782144064
2024-03-15 22:00:00,122.81516711914969
2024-03-15 23:00:00,122.81516642194119
2024-03-16 00:00:00,122.81516572977834
2024-03-16 01:00:00,122.81516504262464
2024-03-16 02:00:00,122.81516436044384
2024-03-16 03:00:00,122.81516368319994
2024-03-16 04:00:00,122.81516301085722
2024-03-16 05:00:00,122.81516234338021
2024-03-16 06:00:00,122.8151616807337
2024-03-16 07:00:00,122.8151610228827
2024-03-16 08:00:00,122.81516036979255
2024-03-16 09:00:00,122.81515972142877
2024-03-16 10:00:00,122.81515907775717
2024-03-16 11:00:00,122.81515843874378
2024-03-16 12:00:00,122.8151578043549
2024-03-16 13:00:00,122.81515717455704
2024-03-16 14:00:00,122.81515654931701
2024-03-16 15:00:00,122.8151559286018
2024-03-16 16:00:00,122.81515531237866
2024-03-16 17:00:00,122.81515470061511
2024-03-16 18:00:00,122.81515409327885
2024-03-16 19:00:00,122.81515349033785
2024-03-16 20:00:00,122.81515289176029
2024-03-16 21:00:00,122.81515229751462
2024-03-16 22:00:00,122.81515170756946
2024-03-16 23:00:00,122.81515112189369
2024-03-17 00:00:00,122.81515054045643
2024-03-17 01:00:00,122.815149963227
2024-03-17 02:00:00,122.81514939017494
2024-03-17 03:00:00,122.81514882127003
2024-03-17 04:00:00,122.81514825648225
2024-03-17 05:00:00,122.8151476957818
2024-03-17 06:00:00,122.81514713913911
2024-03-17 07:00:00,122.81514658652482
2024-03-17 08:00:00,122.81514603790976
2024-03-17 09:00:00,122.81514549326499
2024-03-17 10:00:00,122.8151449525618
2024-03-17 11:00:00,122.81514441577163
2024-03-17 12:00:00,122.81514388286618
2024-03-17 13:00:00,122.81514335381735
2024-03-17 14:00:00,122.8151428285972
2024-03-17 15:00:00,122.81514230717805
2024-03-17 16:00:00,122.81514178953238
2024-03-17 17:00:00,122.81514127563287
2024-03-17 18:00:00,122.81514076545243
2024-03-17 19:00:00,122.81514025896412
2024-03-17 20:00:00,122.81513975614125
2024-03-17 21:00:00,122.81513925695727
2024-03-17 22:00:00,122.81513876138585
2024-03-17 23:00:00,122.81513826940086
2024-03-18 00:00:00,122.81513778097633
2024-03-18 01:00:00,122.8151372960865
2024-03-18 02:00:00,122.8151368147058
2024-03-18 03:00:00,122.8151363368088
2024-03-18 04:00:00,122.81513586237033
2024-03-18 05:00:00,122.81513539136533
2024-03-18 06:00:00,122.81513492376898
2024-03-18 07:00:00,122.81513445955659
2024-03-18 08:00:00,122.81513399870367
2024-03-18 09:00:00,122.81513354118593
2024-03-18 10:00:00,122.8151330869792
2024-03-18 11:00:00,122.81513263605954
2024-03-18 12:00:00,122.81513218840317
2024-03-18 13:00:00,122.81513174398646
2024-03-18 14:00:00,122.81513130278596
2024-03-18 15:00:00,122.8151308647784
2024-03-18 16:00:00,122.81513042994068
2024-03-18 17:00:00,122.81512999824986
2024-03-18 18:00:00,122.81512956968315
2024-03-18 19:00:00,122.81512914421795
2024-03-18 20:00:00,122.81512872183181
2024-03-18 21:00:00,122.81512830250246
2024-03-18 22:00:00,122.81512788620776
2024-03-18 23:00:00,122.81512747292577
2024-03-19 00:00:00,122.81512706263467
2024-03-19 01:00:00,122.81512665531282
2024-03-19 02:00:00,122.81512625093875
2024-03-19 03:00:00,122.8151258494911
2024-03-19 04:00:00,122.8151254509487
2024-03-19 05:00:00,122.81512505529052
2024-03-19 06:00:00,122.8151246624957
2024-03-19 07:00:00,122.81512427254351
2024-03-19 08:00:00,122.81512388541339
2024-03-19 09:00:00,122.8151235010849
2024-03-19 10:00:00,122.81512311953777
2024-03-19 11:00:00,122.81512274075187
2024-03-19 12:00:00,122.81512236470722
2024-03-19 13:00:00,122.81512199138399
2024-03-19 14:00:00,122.81512162076247
2024-03-19 15:00:00,122.81512125282312
2024-03-19 16:00:00,122.81512088754651
2024-03-19 17:00:00,122.8151205249134
2024-03-19 18:00:00,122.81512016490463
2024-03-19 19:00:00,122.81511980750122
2024-03-19 20:00:00,122.81511945268433
2024-03-19 21:00:00,122.81511910043523
2024-03-19 22:00:00,122.81511875073532
2024-03-19 23:00:00,122.81511840356617
2024-03-20 00:00:00,122.81511805890946
2024-03-20 01:00:00,122.81511771674701
2024-03-20 02:00:00,122.81511737706077
2024-03-20 03:00:00,122.81511703983281
2024-03-20 04:00:00,122.81511670504536
2024-03-20 05:00:00,122.81511637268073
2024-03-20 06:00:00,122.81511604272141
2024-03-20 07:00:00,122.81511571514999
2024-03-20 08:00:00,122.81511538994917
2024-03-20 09:00:00,122.81511506710181
2024-03-20 10:00:00,122.81511474659088
2024-03-20 11:00:00,122.81511442839947
2024-03-20 12:00:00,122.81511411251078
2024-03-20 13:00:00,122.81511379890817
2024-03-20 14:00:00,122.81511348757508
2024-03-20 15:00:00,122.81511317849508
2024-03-20 16:00:00,122.81511287165188
2024-03-20 17:00:00,122.81511256702927
2024-03-20 18:00:00,122.81511226461122
2024-03-20 19:00:00,122.81511196438173
2024-03-20 20:00:00,122.81511166632498
2024-03-20 21:00:00,122.81511137042526
2024-03-20 22:00:00,122.81511107666694
2024-03-20 23:00:00,122.81511078503453
2024-03-21 00:00:00,122.81511049551266
2024-03-21 01:00:00,122.81511020808603
2024-03-21 02:00:00,122.81510992273948
2024-03-21 03:00:00,122.81510963945797
2024-03-21 04:00:00,122.81510935822655
2024-03-21 05:00:00,122.81510907903038
2024-03-21 06:00:00,122.81510880185473
2024-03-21 07:00:00,122.815108526685
2024-03-21 08:00:00,122.81510825350664
2024-03-21 09:00:00,122.81510798230525
2024-03-21 10:00:00,122.81510771306654
2024-03-21 11:00:00,122.81510744577629
2024-03-21 12:00:00,122.8151071804204
2024-03-21 13:00:00,122.81510691698487
2024-03-21 14:00:00,122.8151066554558
2024-03-21 15:00:00,122.81510639581941
2024-03-21 16:00:00,122.81510613806199
2024-03-21 17:00:00,122.81510588216995
2024-03-21 18:00:00,122.81510562812977
2024-03-21 19:00:00,122.81510537592807
2024-03-21 20:00:00,122.81510512555154
2024-03-21 21:00:00,122.81510487698696
2024-03-21 22:00:00,122.81510463022123
2024-03-21 23:00:00,122.81510438524133
2024-03-22 00:00:00,122.81510414203433
2024-03-22 01:00:00,122.8151039005874
2024-03-22 02:00:00,122.81510366088781
2024-03-22 03:00:00,122.81510342292292
2024-03-22 04:00:00,122.81510318668015
2024-03-22 05:00:00,122.81510295214706
2024-03-22 06:00:00,122.81510271931127
2024-03-22 07:00:00,122.81510248816049
2024-03-22 08:00:00,122.81510225868254
2024-03-22 09:00:00,122.8151020308653
2024-03-22 10:00:00,122.81510180469677
2024-03-22 11:00:00,122.81510158016499
2024-03-22 12:00:00,122.81510135725814
2024-03-22 13:00:00,122.81510113596445
2024-03-22 14:00:00,122.81510091627226
2024-03-22 15:00:00,122.81510069816996
2024-03-22 16:00:00,122.81510048164604
2024-03-22 17:00:00,122.8151002666891
2024-03-22 18:00:00,122.8151000532878
2024-03-22 19:00:00,122.81509984143085
2024-03-22 20:00:00,122.8150996311071
2024-03-22 21:00:00,122.81509942230545
2024-03-22 22:00:00,122.81509921501488
2024-03-22 23:00:00,122.81509900922447
2024-03-23 00:00:00,122.81509880492335
2024-03-23 01:00:00,122.81509860210075
2024-03-23 02:00:00,122.81509840074595
2024-03-23 03:00:00,122.81509820084835
2024-03-23 04:00:00,122.81509800239739
2024-03-23 05:00:00,122.8150978053826
2024-03-23 06:00:00,122.81509760979361
2024-03-23 07:00:00,122.81509741562007
2024-03-23 08:00:00,122.81509722285176
2024-03-23 09:00:00,122.8150970314785
2024-03-23 10:00:00,122.81509684149019
2024-03-23 11:00:00,122.81509665287682
2024-03-23 12:00:00,122.81509646562843
2024-03-23 13:00:00,122.81509627973514
2024-03-23 14:00:00,122.81509609518716
2024-03-23 15:00:00,122.81509591197472
2024-03-23 16:00:00,122.81509573008819
2024-03-23 17:00:00,122.81509554951795
2024-03-23 18:00:00,122.81509537025448
2024-03-23 19:00:00,122.81509519228834
2024-03-23 20:00:00,122.81509501561013
2024-03-23 21:00:00,122.81509484021052
2024-03-23 22:00:00,122.81509466608027
2024-03-23 23:00:00,122.81509449321018
2024-03-24 00:00:00,122.81509432159115
2024-03-24 01:00:00,122.81509415121411
2024-03-24 02:00:00,122.81509398207008
2024-03-24 03:00:00,122.81509381415013
2024-03-24 04:00:00,122.81509364744541
2024-03-24 05:00:00,122.81509348194712
2024-03-24 06:00:00,122.81509331764653
2024-03-24 07:00:00,122.81509315453498
2024-03-24 08:00:00,122.81509299260385
2024-03-24 09:00:00,122.81509283184461
2024-03-24 10:00:00,122.81509267224877
2024-03-24 11:00:00,122.81509251380791
2024-03-24 12:00:00,122.81509235651367
2024-03-24 13:00:00,122.81509220035777
2024-03-24 14:00:00,122.81509204533195
2024-03-24 15:00:00,122.81509189142805
2024-03-24 16:00:00,122.81509173863795
2024-03-24 17:00:00,122.81509158695357
2024-03-24 18:00:00,122.81509143636693
2024-03-24 19:00:00,122.81509128687006
2024-03-24 20:00:00,122.81509113845509
2024-03-24 21:00:00,122.81509099111419
2024-03-24 22:00:00,122.81509084483959
2024-03-24 23:00:00,122.81509069962357
2024-03-25 00:00:00,122.81509055545847
2024-03-25 01:00:00,122.81509041233667
2024-03-25 02:00:00,122.81509027025065
2024-03-25 03:00:00,122.81509012919288
2024-03-25 04:00:00,122.81508998915595
2024-03-25 05:00:00,122.81508985013245
2024-03-25 06:00:00,122.81508971211505
2024-03-25 07:00:00,122.81508957509648
2024-03-25 08:00:00,122.8150894390695
2024-03-25 09:00:00,122.81508930402694
2024-03-25 10:00:00,122.81508916996168
2024-03-25 11:00:00,122.81508903686664
2024-03-25 12:00:00,122.8150889047348
2024-03-25 13:00:00,122.81508877355918
2024-03-25 14:00:00,122.81508864333287
2024-03-25 15:00:00,122.815088514049
2024-03-25 16:00:00,122.81508838570075
2024-03-25 17:00:00,122.81508825828135
2024-03-25 18:00:00,122.81508813178407
2024-03-25 19:00:00,122.81508800620225
2024-03-25 20:00:00,122.81508788152925
2024-03-25 21:00:00,122.8150877577585
2024-03-25 22:00:00,122.81508763488348
2024-03-25 23:00:00,122.81508751289769
2024-03-26 00:00:00,122.8150873917947
2024-03-26 01:00:00,122.81508727156813
2024-03-26 02:00:00,122.81508715221163
2024-03-26 03:00:00,122.81508703371891
2024-03-26 04:00:00,122.8150869160837
2024-03-26 05:00:00,122.81508679929982
2024-03-26 06:00:00,122.81508668336109
2024-03-26 07:00:00,122.81508656826139
2024-03-26 08:00:00,122.81508645399467
2024-03-26 09:00:00,122.81508634055488
2024-03-26 10:00:00,122.81508622793606
2024-03-26 11:00:00,122.81508611613225
2024-03-26 12:00:00,122.81508600513756
2024-03-26 13:00:00,122.81508589494612
2024-03-26 14:00:00,122.81508578555214
2024-03-26 15:00:00,122.81508567694983
2024-03-26 16:00:00,122.81508556913347
2024-03-26 17:00:00,122.81508546209737
2024-03-26 18:00:00,122.81508535583589
2024-03-26 19:00:00,122.81508525034342
2024-03-26 20:00:00,122.81508514561438
2024-03-26 21:00:00,122.81508504164326
2024-03-26 22:00:00,122.81508493842456
2024-03-26 23:00:00,122.81508483595286
2024-03-27 00:00:00,122.81508473422274
2024-03-27 01:00:00,122.81508463322882
2024-03-27 02:00:00,122.8150845329658
2024-03-27 03:00:00,122.81508443342837
2024-03-27 04:00:00,122.81508433461129
2024-03-27 05:00:00,122.81508423650934
2024-03-27 06:00:00,122.81508413911735
2024-03-27 07:00:00,122.81508404243017
2024-03-27 08:00:00,122.81508394644271
2024-03-27 09:00:00,122.81508385114991
2024-03-27 10:00:00,122.81508375654674
2024-03-27 11:00:00,122.81508366262821
2024-03-27 12:00:00,122.81508356938936
2024-03-27 13:00:00,122.81508347682527
2024-03-27 14:00:00,122.81508338493106
2024-03-27 15:00:00,122.81508329370187
2024-03-27 16:00:00,122.81508320313291
2024-03-27 17:00:00,122.8150831132194
2024-03-27 18:00:00,122.81508302395657
2024-03-27 19:00:00,122.81508293533975
2024-03-27 20:00:00,122.81508284736422
2024-03-27 21:00:00,122.81508276002538
2024-03-27 22:00:00,122.8150826733186
2024-03-27 23:00:00,122.8150825872393
2024-03-28 00:00:00,122.81508250178297
2024-03-28 01:00:00,122.81508241694507
2024-03-28 02:00:00,122.81508233272115
2024-03-28 03:00:00,122.81508224910674
2024-03-28 04:00:00,122.81508216609744
2024-03-28 05:00:00,122.81508208368888
2024-03-28 06:00:00,122.8150820018767
2024-03-28 07:00:00,122.8150819206566
2024-03-28 08:00:00,122.81508184002426
2024-03-28 09:00:00,122.81508175997547
2024-03-28 10:00:00,122.81508168050598
2024-03-28 11:00:00,122.81508160161161
2024-03-28 12:00:00,122.81508152328819
2024-03-28 13:00:00,122.81508144553159
2024-03-28 14:00:00,122.81508136833772
2024-03-28 15:00:00,122.81508129170248
2024-03-28 16:00:00,122.81508121562186
2024-03-28 17:00:00,122.81508114009182
2024-03-28 18:00:00,122.81508106510839
2024-03-28 19:00:00,122.8150809906676
2024-03-28 20:00:00,122.81508091676554
2024-03-28 21:00:00,122.8150808433983
2024-03-28 22:00:00,122.81508077056202
2024-03-28 23:00:00,122.81508069825284
2024-03-29 00:00:00,122.81508062646697
2024-03-29 01:00:00,122.8150805552006
2024-03-29 02:00:00,122.81508048444998
2024-03-29 03:00:00,122.81508041421138
2024-03-29 04:00:00,122.81508034448109
2024-03-29 05:00:00,122.81508027525544
2024-03-29 06:00:00,122.81508020653077
2024-03-29 07:00:00,122.81508013830344
2024-03-29 08:00:00,122.81508007056988
2024-03-29 09:00:00,122.8150800033265
2024-03-29 10:00:00,122.81507993656976
2024-03-29 11:00:00,122.81507987029613
2024-03-29 12:00:00,122.81507980450212
2024-03-29 13:00:00,122.81507973918426
2024-03-29 14:00:00,122.81507967433909
2024-03-29 15:00:00,122.8150796099632
2024-03-29 16:00:00,122.8150795460532
2024-03-29 17:00:00,122.81507948260571
2024-03-29 18:00:00,122.81507941961739
2024-03-29 19:00:00,122.81507935708491
2024-03-29 20:00:00,122.81507929500498
2024-03-29 21:00:00,122.8150792333743
2024-03-29 22:00:00,122.81507917218966
2024-03-29 23:00:00,122.81507911144779
2024-03-30 00:00:00,122.8150790511455
2024-03-30 01:00:00,122.81507899127962
2024-03-30 02:00:00,122.81507893184698
2024-03-30 03:00:00,122.81507887284447
2024-03-30 04:00:00,122.81507881426894
2024-03-30 05:00:00,122.81507875611733
2024-03-30 06:00:00,122.81507869838656
2024-03-30 07:00:00,122.81507864107357
2024-03-30 08:00:00,122.81507858417535
2024-03-30 09:00:00,122.81507852768891
2024-03-30 10:00:00,122.81507847161126
2024-03-30 11:00:00,122.81507841593942
2024-03-30 12:00:00,122.81507836067048
2024-03-30 13:00:00,122.81507830580152
2024-03-30 14:00:00,122.81507825132965
2024-03-30 15:00:00,122.81507819725198
2024-03-30 16:00:00,122.81507814356567
2024-03-30 17:00:00,122.81507809026789
2024-03-30 18:00:00,122.81507803735582
2024-03-30 19:00:00,122.81507798482666
2024-03-30 20:00:00,122.81507793267765
2024-03-30 21:00:00,122.81507788090605
2024-03-30 22:00:00,122.81507782950911
2024-03-30 23:00:00,122.81507777848412
2024-03-31 00:00:00,122.81507772782841
2024-03-31 01:00:00,122.81507767753928
2024-03-31 02:00:00,122.81507762761409
2024-03-31 03:00:00,122.81507757805021
2024-03-31 04:00:00,122.81507752884502
2024-03-31 05:00:00,122.81507747999592
2024-03-31 06:00:00,122.81507743150034
2024-03-31 07:00:00,122.81507738335573
2024-03-31 08:00:00,122.81507733555952
2024-03-31 09:00:00,122.81507728810922
2024-03-31 10:00:00,122.81507724100231
2024-03-31 11:00:00,122.81507719423631
2024-03-31 12:00:00,122.81507714780875
2024-03-31 13:00:00,122.8150771017172
2024-03-31 14:00:00,122.8150770559592
2024-03-31 15:00:00,122.81507701053233
2024-03-31 16:00:00,122.81507696543423
2024-03-31 17:00:00,122.81507692066249
2024-03-31 18:00:00,122.81507687621477
2024-03-31 19:00:00,122.81507683208872
2024-03-31 20:00:00,122.815076788282
2024-03-31 21:00:00,122.81507674479231
2024-03-31 22:00:00,122.81507670161734
2024-03-31 23:00:00,122.81507665875483
2024-04-01 00:00:00,122.81507661620252
2024-04-01 01:00:00,122.81507657395815
2024-04-01 02:00:00,122.8150765320195
2024-04-01 03:00:00,122.81507649038436
2024-04-01 04:00:00,122.81507644905052
2024-04-01 05:00:00,122.81507640801583
2024-04-01 06:00:00,122.8150763672781
2024-04-01 07:00:00,122.81507632683518
2024-04-01 08:00:00,122.81507628668494
2024-04-01 09:00:00,122.81507624682527
2024-04-01 10:00:00,122.81507620725407
2024-04-01 11:00:00,122.81507616796922
2024-04-01 12:00:00,122.81507612896868
2024-04-01 13:00:00,122.8150760902504
2024-04-01 14:00:00,122.81507605181231
2024-04-01 15:00:00,122.8150760136524
2024-04-01 16:00:00,122.81507597576865
2024-04-01 17:00:00,122.81507593815905
2024-04-01 18:00:00,122.81507590082164
2024-04-01 19:00:00,122.81507586375443
2024-04-01 20:00:00,122.81507582695548
2024-04-01 21:00:00,122.81507579042284
2024-04-01 22:00:00,122.81507575415458
2024-04-01 23:00:00,122.81507571814879
2024-04-02 00:00:00,122.81507568240357
2024-04-02 01:00:00,122.81507564691704
2024-04-02 02:00:00,122.81507561168732
2024-04-02 03:00:00,122.81507557671256
2024-04-02 04:00:00,122.81507554199091
2024-04-02 05:00:00,122.81507550752053
2024-04-02 06:00:00,122.81507547329961
2024-04-02 07:00:00,122.81507543932635
2024-04-02 08:00:00,122.81507540559895
2024-04-02 09:00:00,122.81507537211563
2024-04-02 10:00:00,122.81507533887464
2024-04-02 11:00:00,122.8150753058742
2024-04-02 12:00:00,122.81507527311258
2024-04-02 13:00:00,122.81507524058806
2024-04-02 14:00:00,122.81507520829892
2024-04-02 15:00:00,122.81507517624345
2024-04-02 16:00:00,122.81507514441996
2024-04-02 17:00:00,122.81507511282678
2024-04-02 18:00:00,122.81507508146223
2024-04-02 19:00:00,122.81507505032467
2024-04-02 20:00:00,122.81507501941245
2024-04-02 21:00:00,122.81507498872394
2024-04-02 22:00:00,122.81507495825751
2024-04-02 23:00:00,122.81507492801157
2024-04-03 00:00:00,122.81507489798452
2024-04-03 01:00:00,122.81507486817478
2024-04-03 02:00:00,122.81507483858076
2024-04-03 03:00:00,122.81507480920091
2024-04-03 04:00:00,122.81507478003368
2024-04-03 05:00:00,122.81507475107755
2024-04-03 06:00:00,122.81507472233096
2024-04-03 07:00:00,122.81507469379241
2024-04-03 08:00:00,122.81507466546039
2024-04-03 09:00:00,122.8150746373334
2024-04-03 10:00:00,122.81507460940996
2024-04-03 11:00:00,122.8150745816886
2024-04-03 12:00:00,122.81507455416786
2024-04-03 13:00:00,122.81507452684629
2024-04-03 14:00:00,122.81507449972244
2024-04-03 15:00:00,122.81507447279489
2024-04-03 16:00:00,122.81507444606221
2024-04-03 17:00:00,122.815074419523
2024-04-03 18:00:00,122.81507439317585
2024-04-03 19:00:00,122.81507436701936
2024-04-03 20:00:00,122.81507434105218
2024-04-03 21:00:00,122.81507431527291
2024-04-03 22:00:00,122.81507428968021
2024-04-03 23:00:00,122.81507426427272
2024-04-04 00:00:00,122.81507423904911
2024-04-04 01:00:00,122.81507421400804
2024-04-04 02:00:00,122.81507418914818
2024-04-04 03:00:00,122.81507416446823
2024-04-04 04:00:00,122.81507413996688
2024-04-04 05:00:00,122.81507411564286
2024-04-04 06:00:00,122.81507409149486
2024-04-04 07:00:00,122.81507406752162
2024-04-04 08:00:00,122.81507404372188
2024-04-04 09:00:00,122.81507402009437
2024-04-04 10:00:00,122.81507399663785
2024-04-04 11:00:00,122.81507397335109
2024-04-04 12:00:00,122.81507395023284
2024-04-04 13:00:00,122.81507392728192
2024-04-04 14:00:00,122.81507390449707
2024-04-04 15:00:00,122.81507388187713
2024-04-04 16:00:00,122.81507385942088
2024-04-04 17:00:00,122.81507383712714
2024-04-04 18:00:00,122.81507381499475
2024-04-04 19:00:00,122.81507379302252
2024-04-04 20:00:00,122.8150737712093
2024-04-04 21:00:00,122.81507374955395
2024-04-04 22:00:00,122.81507372805531
2024-04-04 23:00:00,122.81507370671225
2024-04-05 00:00:00,122.81507368552366
2024-04-05 01:00:00,122.81507366448841
2024-04-05 02:00:00,122.81507364360539
2024-04-05 03:00:00,122.8150736228735
2024-04-05 04:00:00,122.81507360229163
2024-04-05 05:00:00,122.81507358185873
2024-04-05 06:00:00,122.81507356157368
2024-04-05 07:00:00,122.81507354143545
2024-04-05 08:00:00,122.81507352144295
2024-04-05 09:00:00,122.81507350159514
2024-04-05 10:00:00,122.81507348189096
2024-04-05 11:00:00,122.81507346232938
2024-04-05 12:00:00,122.81507344290937
2024-04-05 13:00:00,122.8150734236299
2024-04-05 14:00:00,122.81507340448995
2024-04-05 15:00:00,122.81507338548852
2024-04-05 16:00:00,122.8150733666246
2024-04-05 17:00:00,122.8150733478972
2024-04-05 18:00:00,122.81507332930532
2024-04-05 19:00:00,122.81507331084799
2024-04-05 20:00:00,122.81507329252425
2024-04-05 21:00:00,122.8150732743331
2024-04-05 22:00:00,122.8150732562736
2024-04-05 23:00:00,122.81507323834481
2024-04-06 00:00:00,122.81507322054576
2024-04-06 01:00:00,122.81507320287551
2024-04-06 02:00:00,122.81507318533315
2024-04-06 03:00:00,122.81507316791773
2024-04-06 04:00:00,122.81507315062835
2024-04-06 05:00:00,122.8150731334641
2024-04-06 06:00:00,122.81507311642406
2024-04-06 07:00:00,122.81507309950734
2024-04-06 08:00:00,122.81507308271306
2024-04-06 09:00:00,122.8150730660403
2024-04-06 10:00:00,122.8150730494882
2024-04-06 11:00:00,122.8150730330559
2024-04-06 12:00:00,122.8150730167425
2024-04-06 13:00:00,122.81507300054717
2024-04-06 14:00:00,122.81507298446904
2024-04-06 15:00:00,122.81507296850727
2024-04-06 16:00:00,122.81507295266101
2024-04-06 17:00:00,122.81507293692944
2024-04-06 18:00:00,122.81507292131171
2024-04-06 19:00:00,122.815072905807
2024-04-06 20:00:00,122.8150728904145
2024-04-06 21:00:00,122.8150728751334
2024-04-06 22:00:00,122.81507285996288
2024-04-06 23:00:00,122.81507284490215
2024-04-07 00:00:00,122.81507282995041
2024-04-07 01:00:00,122.81507281510687
2024-04-07 02:00:00,122.81507280037077
2024-04-07 03:00:00,122.81507278574131
2024-04-07 04:00:00,122.81507277121771
2024-04-07 05:00:00,122.81507275679922
2024-04-07 06:00:00,122.81507274248509
2024-04-07 07:00:00,122.81507272827453
2024-04-07 08:00:00,122.81507271416682
2024-04-07 09:00:00,122.81507270016121
2024-04-07 10:00:00,122.81507268625695
2024-04-07 11:00:00,122.81507267245333
2024-04-07 12:00:00,122.81507265874959
2024-04-07 13:00:00,122.81507264514502
2024-04-07 14:00:00,122.81507263163891
2024-04-07 15:00:00,122.81507261823054
2024-04-07 16:00:00,122.81507260491921
2024-04-07 17:00:00,122.81507259170421
2024-04-07 18:00:00,122.81507257858485
2024-04-07 19:00:00,122.81507256556043
2024-04-07 20:00:00,122.81507255263027
2024-04-07 21:00:00,122.81507253979369
2024-04-07 22:00:00,122.81507252705
2024-04-07 23:00:00,122.81507251439854
2024-04-08 00:00:00,122.81507250183863
2024-04-08 01:00:00,122.81507248936961
2024-04-08 02:00:00,122.81507247699084
2024-04-08 03:00:00,122.81507246470164
2024-04-08 04:00:00,122.8150724525014
2024-04-08 05:00:00,122.81507244038944
2024-04-08 06:00:00,122.81507242836514
2024-04-08 07:00:00,122.81507241642785
2024-04-08 08:00:00,122.81507240457695
2024-04-08 09:00:00,122.81507239281181
2024-04-08 10:00:00,122.81507238113183
2024-04-08 11:00:00,122.81507236953637
2024-04-08 12:00:00,122.81507235802482
2024-04-08 13:00:00,122.81507234659658
2024-04-08 14:00:00,122.81507233525105
2024-04-08 15:00:00,122.81507232398762
2024-04-08 16:00:00,122.81507231280571
2024-04-08 17:00:00,122.81507230170472
2024-04-08 18:00:00,122.81507229068406
2024-04-08 19:00:00,122.81507227974316
2024-04-08 20:00:00,122.81507226888144
2024-04-08 21:00:00,122.81507225809833
2024-04-08 22:00:00,122.81507224739325
2024-04-08 23:00:00,122.81507223676564
2024-04-09 00:00:00,122.81507222621495
2024-04-09 01:00:00,122.81507221574061
2024-04-09 02:00:00,122.81507220534208
2024-04-09 03:00:00,122.81507219501879
2024-04-09 04:00:00,122.81507218477022
2024-04-09 05:00:00,122.81507217459581
2024-04-09 06:00:00,122.81507216449504
2024-04-09 07:00:00,122.81507215446736
2024-04-09 08:00:00,122.81507214451226
2024-04-09 09:00:00,122.81507213462919
2024-04-09 10:00:00,122.81507212481765
2024-04-09 11:00:00,122.81507211507711
2024-04-09 12:00:00,122.81507210540707
2024-04-09 13:00:00,122.81507209580701
2024-04-09 14:00:00,122.81507208627643
2024-04-09 15:00:00,122.81507207681481
2024-04-09 16:00:00,122.81507206742167
2024-04-09 17:00:00,122.8150720580965
2024-04-09 18:00:00,122.81507204883883
2024-04-09 19:00:00,122.81507203964814
2024-04-09 20:00:00,122.81507203052398
2024-04-09 21:00:00,122.81507202146584
2024-04-09 22:00:00,122.81507201247325
2024-04-09 23:00:00,122.81507200354575
2024-04-10 00:00:00,122.81507199468285
2024-04-10 01:00:00,122.81507198588409
2024-04-10 02:00:00,122.815071977149
2024-04-10 03:00:00,122.81507196847714
2024-04-10 04:00:00,122.81507195986804
2024-04-10 05:00:00,122.81507195132123
2024-04-10 06:00:00,122.81507194283627
2024-04-10 07:00:00,122.81507193441271
2024-04-10 08:00:00,122.81507192605012
2024-04-10 09:00:00,122.81507191774806
2024-04-10 10:00:00,122.81507190950607
2024-04-10 11:00:00,122.81507190132373
2024-04-10 12:00:00,122.81507189320061
2024-04-10 13:00:00,122.81507188513628
2024-04-10 14:00:00,122.8150718771303
2024-04-10 15:00:00,122.81507186918225
2024-04-10 16:00:00,122.81507186129173
2024-04-10 17:00:00,122.8150718534583
2024-04-10 18:00:00,122.81507184568157
2024-04-10 19:00:00,122.81507183796113
2024-04-10 20:00:00,122.81507183029655
2024-04-10 21:00:00,122.81507182268744
2024-04-10 22:00:00,122.81507181513341
2024-04-10 23:00:00,122.81507180763404
2024-04-11 00:00:00,122.81507180018895
2024-04-11 01:00:00,122.81507179279772
2024-04-11 02:00:00,122.81507178545999
2024-04-11 03:00:00,122.81507177817537
2024-04-11 04:00:00,122.81507177094346
2024-04-11 05:00:00,122.81507176376388
2024-04-11 06:00:00,122.81507175663627
2024-04-11 07:00:00,122.81507174956023
2024-04-11 08:00:00,122.81507174253541
2024-04-11 09:00:00,122.81507173556142
2024-04-11 10:00:00,122.8150717286379
2024-04-11 11:00:00,122.8150717217645
2024-04-11 12:00:00,122.81507171494083
2024-04-11 13:00:00,122.81507170816654
2024-04-11 14:00:00,122.81507170144128
2024-04-11 15:00:00,122.8150716947647
2024-04-11 16:00:00,122.81507168813643
2024-04-11 17:00:00,122.81507168155612
2024-04-11 18:00:00,122.81507167502343
2024-04-11 19:00:00,122.81507166853802
2024-04-11 20:00:00,122.81507166209956
2024-04-11 21:00:00,122.81507165570768
2024-04-11 22:00:00,122.81507164936207
2024-04-11 23:00:00,122.81507164306237
2024-04-12 00:00:00,122.81507163680826
2024-04-12 01:00:00,122.8150716305994
2024-04-12 02:00:00,122.81507162443549
2024-04-12 03:00:00,122.81507161831618
2024-04-12 04:00:00,122.81507161224116
2024-04-12 05:00:00,122.8150716062101
2024-04-12 06:00:00,122.81507160022268
2024-04-12 07:00:00,122.8150715942786
2024-04-12 08:00:00,122.81507158837755
2024-04-12 09:00:00,122.8150715825192
2024-04-12 10:00:00,122.81507157670323
2024-04-12 11:00:00,122.81507157092936
2024-04-12 12:00:00,122.81507156519727
2024-04-12 13:00:00,122.81507155950666
2024-04-12 14:00:00,122.81507155385724
2024-04-12 15:00:00,122.8150715482487
2024-04-12 16:00:00,122.81507154268076
2024-04-12 17:00:00,122.8150715371531
2024-04-12 18:00:00,122.81507153166545
2024-04-12 19:00:00,122.81507152621752
2024-04-12 20:00:00,122.81507152080901
2024-04-12 21:00:00,122.81507151543964
2024-04-12 22:00:00,122.81507151010914
2024-04-12 23:00:00,122.8150715048172
2024-04-13 00:00:00,122.81507149956356
2024-04-13 01:00:00,122.81507149434795
2024-04-13 02:00:00,122.81507148917008
2024-04-13 03:00:00,122.81507148402969
2024-04-13 04:00:00,122.81507147892648
2024-04-13 05:00:00,122.81507147386021
2024-04-13 06:00:00,122.81507146883061
2024-04-13 07:00:00,122.8150714638374
2024-04-13 08:00:00,122.81507145888033
2024-04-13 09:00:00,122.81507145395913
2024-04-13 10:00:00,122.81507144907356
2024-04-13 11:00:00,122.81507144422334
2024-04-13 12:00:00,122.81507143940821
2024-04-13 13:00:00,122.81507143462794
2024-04-13 14:00:00,122.81507142988225
2024-04-13 15:00:00,122.81507142517091
2024-04-13 16:00:00,122.81507142049367
2024-04-13 17:00:00,122.81507141585027
2024-04-13 18:00:00,122.81507141124048
2024-04-13 19:00:00,122.81507140666405
2024-04-13 20:00:00,122.81507140212074
2024-04-13 21:00:00,122.81507139761031
2024-04-13 22:00:00,122.81507139313253
2024-04-13 23:00:00,122.81507138868714
2024-04-14 00:00:00,122.81507138427393
2024-04-14 01:00:00,122.81507137989266
2024-04-14 02:00:00,122.81507137554308
2024-04-14 03:00:00,122.81507137122499
2024-04-14 04:00:00,122.81507136693814
2024-04-14 05:00:00,122.81507136268233
2024-04-14 06:00:00,122.81507135845732
2024-04-14 07:00:00,122.81507135426287
2024-04-14 08:00:00,122.81507135009878
2024-04-14 09:00:00,122.81507134596482
2024-04-14 10:00:00,122.81507134186079
2024-04-14 11:00:00,122.81507133778645
2024-04-14 12:00:00,122.8150713337416
2024-04-14 13:00:00,122.81507132972602
2024-04-14 14:00:00,122.81507132573951
2024-04-14 15:00:00,122.81507132178184
2024-04-14 16:00:00,122.81507131785283
2024-04-14 17:00:00,122.81507131395223
2024-04-14 18:00:00,122.81507131007987
2024-04-14 19:00:00,122.81507130623554
2024-04-14 20:00:00,122.81507130241903
2024-04-14 21:00:00,122.81507129863013
2024-04-14 22:00:00,122.81507129486866
2024-04-14 23:00:00,122.8150712911344
2024-04-15 00:00:00,122.81507128742717
2024-04-15 01:00:00,122.81507128374678
2024-04-15 02:00:00,122.81507128009301
2024-04-15 03:00:00,122.81507127646569
2024-04-15 04:00:00,122.81507127286461
2024-04-15 05:00:00,122.8150712692896
2024-04-15 06:00:00,122.81507126574046
2024-04-15 07:00:00,122.815071262217
2024-04-15 08:00:00,122.81507125871904
2024-04-15 09:00:00,122.81507125524641
2024-04-15 10:00:00,122.8150712517989
2024-04-15 11:00:00,122.81507124837634
2024-04-15 12:00:00,122.81507124497855
2024-04-15 13:00:00,122.81507124160535
2024-04-15 14:00:00,122.81507123825656
2024-04-15 15:00:00,122.815071234932
2024-04-15 16:00:00,122.8150712316315
2024-04-15 17:00:00,122.8150712283549
2024-04-15 18:00:00,122.815071225102
2024-04-15 19:00:00,122.81507122187264
2024-04-15 20:00:00,122.81507121866666
2024-04-15 21:00:00,122.81507121548387
2024-04-15 22:00:00,122.81507121232411
2024-04-15 23:00:00,122.81507120918722
2024-04-16 00:00:00,122.81507120607304
2024-04-16 01:00:00,122.8150712029814
2024-04-16 02:00:00,122.81507119991213
2024-04-16 03:00:00,122.81507119686506
2024-04-16 04:00:00,122.81507119384005
2024-04-16 05:00:00,122.81507119083693
2024-04-16 06:00:00,122.81507118785555
2024-04-16 07:00:00,122.81507118489574
2024-04-16 08:00:00,122.81507118195735
2024-04-16 09:00:00,122.81507117904023
2024-04-16 10:00:00,122.81507117614422
2024-04-16 11:00:00,122.81507117326916
2024-04-16 12:00:00,122.81507117041491
2024-04-16 13:00:00,122.81507116758132
2024-04-16 14:00:00,122.81507116476824
2024-04-16 15:00:00,122.81507116197551
2024-04-16 16:00:00,122.815071159203
2024-04-16 17:00:00,122.81507115645054
2024-04-16 18:00:00,122.81507115371801
2024-04-16 19:00:00,122.81507115100526
2024-04-16 20:00:00,122.81507114831213
2024-04-16 21:00:00,122.8150711456385
2024-04-16 22:00:00,122.81507114298421
2024-04-16 23:00:00,122.81507114034913
2024-04-17 00:00:00,122.81507113773313
2024-04-17 01:00:00,122.81507113513605
2024-04-17 02:00:00,122.81507113255778
2024-04-17 03:00:00,122.81507112999816
2024-04-17 04:00:00,122.81507112745706
2024-04-17 05:00:00,122.81507112493435
2024-04-17 06:00:00,122.8150711224299
2024-04-17 07:00:00,122.81507111994357
2024-04-17 08:00:00,122.81507111747523
2024-04-17 09:00:00,122.81507111502475
2024-04-17 10:00:00,122.81507111259201
2024-04-17 11:00:00,122.81507111017687
2024-04-17 12:00:00,122.81507110777922
2024-04-17 13:00:00,122.81507110539891
2024-04-17 14:00:00,122.81507110303583
2024-04-17 15:00:00,122.81507110068986
2024-04-17 16:00:00,122.81507109836086
2024-04-17 17:00:00,122.81507109604873
2024-04-17 18:00:00,122.81507109375332
2024-04-17 19:00:00,122.81507109147452
2024-04-17 20:00:00,122.81507108921221
2024-04-17 21:00:00,122.81507108696627
2024-04-17 22:00:00,122.81507108473659
2024-04-17 23:00:00,122.81507108252305
2024-04-18 00:00:00,122.81507108032552
2024-04-18 01:00:00,122.8150710781439
2024-04-18 02:00:00,122.81507107597807
2024-04-18 03:00:00,122.81507107382791
2024-04-18 04:00:00,122.81507107169331
2024-04-18 05:00:00,122.81507106957416
2024-04-18 06:00:00,122.81507106747034
2024-04-18 07:00:00,122.81507106538176
2024-04-18 08:00:00,122.81507106330828
2024-04-18 09:00:00,122.81507106124981
2024-04-18 10:00:00,122.81507105920623
2024-04-18 11:00:00,122.81507105717745
2024-04-18 12:00:00,122.81507105516334
2024-04-18 13:00:00,122.81507105316382
2024-04-18 14:00:00,122.81507105117876
2024-04-18 15:00:00,122.81507104920807
2024-04-18 16:00:00,122.81507104725165
2024-04-18 17:00:00,122.81507104530938
2024-04-18 18:00:00,122.81507104338117
2024-04-18 19:00:00,122.81507104146691
2024-04-18 20:00:00,122.8150710395665
2024-04-18 21:00:00,122.81507103767986
2024-04-18 22:00:00,122.81507103580687
2024-04-18 23:00:00,122.81507103394742
2024-04-19 00:00:00,122.81507103210143
2024-04-19 01:00:00,122.8150710302688
2024-04-19 02:00:00,122.81507102844944
2024-04-19 03:00:00,122.81507102664324
2024-04-19 04:00:00,122.81507102485011
2024-04-19 05:00:00,122.81507102306996
2024-04-19 06:00:00,122.8150710213027
2024-04-19 07:00:00,122.81507101954823
2024-04-19 08:00:00,122.81507101780645
2024-04-19 09:00:00,122.81507101607727
2024-04-19 10:00:00,122.81507101436061
2024-04-19 11:00:00,122.81507101265638
2024-04-19 12:00:00,122.81507101096447
2024-04-19 13:00:00,122.81507100928481
2024-04-19 14:00:00,122.8150710076173
2024-04-19 15:00:00,122.81507100596187
2024-04-19 16:00:00,122.81507100431841
2024-04-19 17:00:00,122.81507100268685
2024-04-19 18:00:00,122.8150710010671
2024-04-19 19:00:00,122.81507099945907
2024-04-19 20:00:00,122.81507099786268
2024-04-19 21:00:00,122.81507099627784
2024-04-19 22:00:00,122.81507099470447
2024-04-19 23:00:00,122.81507099314248
2024-04-20 00:00:00,122.8150709915918
2024-04-20 01:00:00,122.81507099005233
2024-04-20 02:00:00,122.81507098852401
2024-04-20 03:00:00,122.81507098700675
2024-04-20 04:00:00,122.81507098550047
2024-04-20 05:00:00,122.81507098400509
2024-04-20 06:00:00,122.81507098252054
2024-04-20 07:00:00,122.81507098104673
2024-04-20 08:00:00,122.81507097958358
2024-04-20 09:00:00,122.81507097813102
2024-04-20 10:00:00,122.81507097668897
2024-04-20 11:00:00,122.81507097525736
2024-04-20 12:00:00,122.8150709738361
2024-04-20 13:00:00,122.81507097242513
2024-04-20 14:00:00,122.81507097102438
2024-04-20 15:00:00,122.81507096963377
2024-04-20 16:00:00,122.81507096825321
2024-04-20 17:00:00,122.81507096688264
2024-04-20 18:00:00,122.815070965522
2024-04-20 19:00:00,122.8150709641712
2024-04-20 20:00:00,122.81507096283018
2024-04-20 21:00:00,122.81507096149886
2024-04-20 22:00:00,122.81507096017718
2024-04-20 23:00:00,122.81507095886506
2024-04-21 00:00:00,122.81507095756244
2024-04-21 01:00:00,122.81507095626925
2024-04-21 02:00:00,122.81507095498542
2024-04-21 03:00:00,122.81507095371087
2024-04-21 04:00:00,122.81507095244555
2024-04-21 05:00:00,122.81507095118938
2024-04-21 06:00:00,122.81507094994231
2024-04-21 07:00:00,122.81507094870426
2024-04-21 08:00:00,122.81507094747518
2024-04-21 09:00:00,122.81507094625499
2024-04-21 10:00:00,122.81507094504363
2024-04-21 11:00:00,122.81507094384104
2024-04-21 12:00:00,122.81507094264714
2024-04-21 13:00:00,122.81507094146188
2024-04-21 14:00:00,122.81507094028521
2024-04-21 15:00:00,122.81507093911705
2024-04-21 16:00:00,122.81507093795734
2024-04-21 17:00:00,122.81507093680604
2024-04-21 18:00:00,122.81507093566306
2024-04-21 19:00:00,122.81507093452835
2024-04-21 20:00:00,122.81507093340186
2024-04-21 21:00:00,122.8150709322835
2024-04-21 22:00:00,122.81507093117325
2024-04-21 23:00:00,122.81507093007103
2024-04-22 00:00:00,122.8150709289768
2024-04-22 01:00:00,122.81507092789047
2024-04-22 02:00:00,122.81507092681201
2024-04-22 03:00:00,122.81507092574135
2024-04-22 04:00:00,122.81507092467845
2024-04-22 05:00:00,122.81507092362324
2024-04-22 06:00:00,122.81507092257566
2024-04-22 07:00:00,122.81507092153566
2024-04-22 08:00:00,122.81507092050319
2024-04-22 09:00:00,122.81507091947819
2024-04-22 10:00:00,122.8150709184606
2024-04-22 11:00:00,122.81507091745038
2024-04-22 12:00:00,122.81507091644748
2024-04-22 13:00:00,122.81507091545184
2024-04-22 14:00:00,122.8150709144634
2024-04-22 15:00:00,122.81507091348212
2024-04-22 16:00:00,122.81507091250793
2024-04-22 17:00:00,122.8150709115408
2024-04-22 18:00:00,122.81507091058066
2024-04-22 19:00:00,122.81507090962747
2024-04-22 20:00:00,122.81507090868118
2024-04-22 21:00:00,122.81507090774174
2024-04-22 22:00:00,122.8150709068091
2024-04-22 23:00:00,122.8150709058832
2024-04-23 00:00:00,122.815070904964
2024-04-23 01:00:00,122.81507090405147
2024-04-23 02:00:00,122.81507090314552
2024-04-23 03:00:00,122.81507090224615
2024-04-23 04:00:00,122.81507090135328
2024-04-23 05:00:00,122.81507090046686
2024-04-23 06:00:00,122.81507089958687
2024-04-23 07:00:00,122.81507089871324
2024-04-23 08:00:00,122.81507089784594
2024-04-23 09:00:00,122.8150708969849
2024-04-23 10:00:00,122.81507089613011
2024-04-23 11:00:00,122.8150708952815
2024-04-23 12:00:00,122.81507089443902
2024-04-23 13:00:00,122.81507089360264
2024-04-23 14:00:00,122.81507089277231
2024-04-23 15:00:00,122.815070891948
2024-04-23 16:00:00,122.81507089112965
2024-04-23 17:00:00,122.81507089031723
2024-04-23 18:00:00,122.81507088951068
2024-04-23 19:00:00,122.81507088870997
2024-04-23 20:00:00,122.81507088791506
2024-04-23 21:00:00,122.8150708871259
2024-04-23 22:00:00,122.81507088634245
2024-04-23 23:00:00,122.81507088556468
2024-04-24 00:00:00,122.81507088479253
2024-04-24 01:00:00,122.81507088402597
2024-04-24 02:00:00,122.81507088326495
2024-04-24 03:00:00,122.81507088250945
2024-04-24 04:00:00,122.81507088175941
2024-04-24 05:00:00,122.8150708810148
2024-04-24 06:00:00,122.81507088027558
2024-04-24 07:00:00,122.81507087954171
2024-04-24 08:00:00,122.81507087881315
2024-04-24 09:00:00,122.81507087808986
2024-04-24 10:00:00,122.8150708773718
2024-04-24 11:00:00,122.81507087665894
2024-04-24 12:00:00,122.81507087595124
2024-04-24 13:00:00,122.81507087524865
2024-04-24 14:00:00,122.81507087455115
2024-04-24 15:00:00,122.8150708738587
2024-04-24 16:00:00,122.81507087317127
2024-04-24 17:00:00,122.8150708724888
2024-04-24 18:00:00,122.81507087181129
2024-04-24 19:00:00,122.81507087113867
2024-04-24 20:00:00,122.81507087047092
2024-04-24 21:00:00,122.815070869808
2024-04-24 22:00:00,122.81507086914988
2024-04-24 23:00:00,122.81507086849652
2024-04-25 00:00:00,122.8150708678479
2024-04-25 01:00:00,122.81507086720396
2024-04-25 02:00:00,122.81507086656468
2024-04-25 03:00:00,122.81507086593004
2024-04-25 04:00:00,122.81507086529999
2024-04-25 05:00:00,122.8150708646745
2024-04-25 06:00:00,122.81507086405352
2024-04-25 07:00:00,122.81507086343704
2024-04-25 08:00:00,122.81507086282502
2024-04-25 09:00:00,122.81507086221744
2024-04-25 10:00:00,122.81507086161425
2024-04-25 11:00:00,122.81507086101543
2024-04-25 12:00:00,122.81507086042095
2024-04-25 13:00:00,122.81507085983075
2024-04-25 14:00:00,122.81507085924484
2024-04-25 15:00:00,122.81507085866316
2024-04-25 16:00:00,122.81507085808569
2024-04-25 17:00:00,122.8150708575124
2024-04-25 18:00:00,122.81507085694325
2024-04-25 19:00:00,122.81507085637823
2024-04-25 20:00:00,122.8150708558173
2024-04-25 21:00:00,122.81507085526043
2024-04-25 22:00:00,122.81507085470759
2024-04-25 23:00:00,122.81507085415875
2024-04-26 00:00:00,122.81507085361388
2024-04-26 01:00:00,122.81507085307295
2024-04-26 02:00:00,122.81507085253594
2024-04-26 03:00:00,122.81507085200282
2024-04-26 04:00:00,122.81507085147355
2024-04-26 05:00:00,122.81507085094812
2024-04-26 06:00:00,122.81507085042648
2024-04-26 07:00:00,122.81507084990862
2024-04-26 08:00:00,122.81507084939452
2024-04-26 09:00:00,122.81507084888413
2024-04-26 10:00:00,122.81507084837743
2024-04-26 11:00:00,122.8150708478744
2024-04-26 12:00:00,122.81507084737501
2024-04-26 13:00:00,122.81507084687924
2024-04-26 14:00:00,122.81507084638704
2024-04-26 15:00:00,122.81507084589842
2024-04-26 16:00:00,122.81507084541333
2024-04-26 17:00:00,122.81507084493175
2024-04-26 18:00:00,122.81507084445366
2024-04-26 19:00:00,122.81507084397903
2024-04-26 20:00:00,122.81507084350783
2024-04-26 21:00:00,122.81507084304003
2024-04-26 22:00:00,122.81507084257564
2024-04-26 23:00:00,122.8150708421146
2024-04-27 00:00:00,122.81507084165689
2024-04-27 01:00:00,122.8150708412025
2024-04-27 02:00:00,122.81507084075139
2024-04-27 03:00:00,122.81507084030355
2024-04-27 04:00:00,122.81507083985895
2024-04-27 05:00:00,122.81507083941757
2024-04-27 06:00:00,122.81507083897938
2024-04-27 07:00:00,122.81507083854436
2024-04-27 08:00:00,122.81507083811249
2024-04-27 09:00:00,122.81507083768375
2024-04-27 10:00:00,122.8150708372581
2024-04-27 11:00:00,122.81507083683555
2024-04-27 12:00:00,122.81507083641604
2024-04-27 13:00:00,122.81507083599958
2024-04-27 14:00:00,122.81507083558613
2024-04-27 15:00:00,122.81507083517566
2024-04-27 16:00:00,122.81507083476818
2024-04-27 17:00:00,122.81507083436364
2024-04-27 18:00:00,122.81507083396203
2024-04-27 19:00:00,122.81507083356333
2024-04-27 20:00:00,122.81507083316751
2024-04-27 21:00:00,122.81507083277455
2024-04-27 22:00:00,122.81507083238444
2024-04-27 23:00:00,122.81507083199715
2024-04-28 00:00:00,122.81507083161266
2024-04-28 01:00:00,122.81507083123095
2024-04-28 02:00:00,122.81507083085201
2024-04-28 03:00:00,122.8150708304758
2024-04-28 04:00:00,122.81507083010233
2024-04-28 05:00:00,122.81507082973155
2024-04-28 06:00:00,122.81507082936346
2024-04-28 07:00:00,122.81507082899803
2024-04-28 08:00:00,122.81507082863524
2024-04-28 09:00:00,122.81507082827508
2024-04-28 10:00:00,122.81507082791754
2024-04-28 11:00:00,122.81507082756258
2024-04-28 12:00:00,122.81507082721018
2024-04-28 13:00:00,122.81507082686034
2024-04-28 14:00:00,122.81507082651302
2024-04-28 15:00:00,122.81507082616822
2024-04-28 16:00:00,122.81507082582593
2024-04-28 17:00:00,122.8150708254861
2024-04-28 18:00:00,122.81507082514874
2024-04-28 19:00:00,122.81507082481382
2024-04-28 20:00:00,122.81507082448131
2024-04-28 21:00:00,122.81507082415122
2024-04-28 22:00:00,122.81507082382352
2024-04-28 23:00:00,122.81507082349819
2024-04-29 00:00:00,122.8150708231752
2024-04-29 01:00:00,122.81507082285457
2024-04-29 02:00:00,122.81507082253624
2024-04-29 03:00:00,122.81507082222022
2024-04-29 04:00:00,122.81507082190649
2024-04-29 05:00:00,122.81507082159503
2024-04-29 06:00:00,122.81507082128581
2024-04-29 07:00:00,122.81507082097885
2024-04-29 08:00:00,122.8150708206741
2024-04-29 09:00:00,122.81507082037155
2024-04-29 10:00:00,122.8150708200712
2024-04-29 11:00:00,122.81507081977301
2024-04-29 12:00:00,122.81507081947699
2024-04-29 13:00:00,122.8150708191831
2024-04-29 14:00:00,122.81507081889136
2024-04-29 15:00:00,122.81507081860171
2024-04-29 16:00:00,122.81507081831417
2024-04-29 17:00:00,122.8150708180287
2024-04-29 18:00:00,122.81507081774531
2024-04-29 19:00:00,122.81507081746396
2024-04-29 20:00:00,122.81507081718465
2024-04-29 21:00:00,122.81507081690737
2024-04-29 22:00:00,122.81507081663209
2024-04-29 23:00:00,122.8150708163588
2024-04-30 00:00:00,122.81507081608748
2024-04-30 01:00:00,122.81507081581813
2024-04-30 02:00:00,122.81507081555073
2024-04-30 03:00:00,122.81507081528527
2024-04-30 04:00:00,122.81507081502173
2024-04-30 05:00:00,122.81507081476009
2024-04-30 06:00:00,122.81507081450034
2024-04-30 07:00:00,122.81507081424247
2024-04-30 08:00:00,122.81507081398648
2024-04-30 09:00:00,122.81507081373233
2024-04-30 10:00:00,122.81507081348003
2024-04-30 11:00:00,122.81507081322955
2024-04-30 12:00:00,122.81507081298089
2024-04-30 13:00:00,122.81507081273402
2024-04-30 14:00:00,122.81507081248894
2024-04-30 15:00:00,122.81507081224564
2024-04-30 16:00:00,122.8150708120041
2024-04-30 17:00:00,122.8150708117643
2024-04-30 18:00:00,122.81507081152624
2024-04-30 19:00:00,122.8150708112899
2024-04-30 20:00:00,122.81507081105526
2024-04-30 21:00:00,122.81507081082233
2024-04-30 22:00:00,122.8150708105911
2024-04-30 23:00:00,122.81507081036152
2024-05-01 00:00:00,122.8150708101336
2024-05-01 01:00:00,122.81507080990734
2024-05-01 02:00:00,122.81507080968271
2024-05-01 03:00:00,122.81507080945971
2024-05-01 04:00:00,122.81507080923832
2024-05-01 05:00:00,122.81507080901854
2024-05-01 06:00:00,122.81507080880034
2024-05-01 07:00:00,122.81507080858373
2024-05-01 08:00:00,122.81507080836869
2024-05-01 09:00:00,122.8150708081552
2024-05-01 10:00:00,122.81507080794326
2024-05-01 11:00:00,122.81507080773285
2024-05-01 12:00:00,122.81507080752397
2024-05-01 13:00:00,122.81507080731659
2024-05-01 14:00:00,122.81507080711071
2024-05-01 15:00:00,122.81507080690633
2024-05-01 16:00:00,122.81507080670343
2024-05-01 17:00:00,122.81507080650199
2024-05-01 18:00:00,122.81507080630202
2024-05-01 19:00:00,122.81507080610349
2024-05-01 20:00:00,122.8150708059064
2024-05-01 21:00:00,122.81507080571073
2024-05-01 22:00:00,122.81507080551648
2024-05-01 23:00:00,122.81507080532364
2024-05-02 00:00:00,122.8150708051322
2024-05-02 01:00:00,122.81507080494212
2024-05-02 02:00:00,122.81507080475343
2024-05-02 03:00:00,122.8150708045661
2024-05-02 04:00:00,122.81507080438014
2024-05-02 05:00:00,122.81507080419551
2024-05-02 06:00:00,122.81507080401222
2024-05-02 07:00:00,122.81507080383027
2024-05-02 08:00:00,122.81507080364962
2024-05-02 09:00:00,122.81507080347028
2024-05-02 10:00:00,122.81507080329224
2024-05-02 11:00:00,122.81507080311549
2024-05-02 12:00:00,122.81507080294001
2024-05-02 13:00:00,122.81507080276582
2024-05-02 14:00:00,122.81507080259287
2024-05-02 15:00:00,122.81507080242118
2024-05-02 16:00:00,122.81507080225073
2024-05-02 17:00:00,122.81507080208152
2024-05-02 18:00:00,122.81507080191354
2024-05-02 19:00:00,122.81507080174676
2024-05-02 20:00:00,122.81507080158119
2024-05-02 21:00:00,122.81507080141682
2024-05-02 22:00:00,122.81507080125364
2024-05-02 23:00:00,122.81507080109164
2024-05-03 00:00:00,122.81507080093081
2024-05-03 01:00:00,122.81507080077115
2024-05-03 02:00:00,122.81507080061265
2024-05-03 03:00:00,122.81507080045529
2024-05-03 04:00:00,122.81507080029907
2024-05-03 05:00:00,122.81507080014399
2024-05-03 06:00:00,122.81507079999001
2024-05-03 07:00:00,122.81507079983716
2024-05-03 08:00:00,122.81507079968542
2024-05-03 09:00:00,122.81507079953477
2024-05-03 10:00:00,122.81507079938521
2024-05-03 11:00:00,122.81507079923674
2024-05-03 12:00:00,122.81507079908934
2024-05-03 13:00:00,122.81507079894301
2024-05-03 14:00:00,122.81507079879773
2024-05-03 15:00:00,122.81507079865351
2024-05-03 16:00:00,122.81507079851033
2024-05-03 17:00:00,122.81507079836818
2024-05-03 18:00:00,122.81507079822707
2024-05-03 19:00:00,122.81507079808698
2024-05-03 20:00:00,122.8150707979479
2024-05-03 21:00:00,122.81507079780982
2024-05-03 22:00:00,122.81507079767275
2024-05-03 23:00:00,122.81507079753666
2024-05-04 00:00:00,122.81507079740156
2024-05-04 01:00:00,122.81507079726744
2024-05-04 02:00:00,122.81507079713428
2024-05-04 03:00:00,122.8150707970021
2024-05-04 04:00:00,122.81507079687087
2024-05-04 05:00:00,122.81507079674059
2024-05-04 06:00:00,122.81507079661125
2024-05-04 07:00:00,122.81507079648286
2024-05-04 08:00:00,122.81507079635539
2024-05-04 09:00:00,122.81507079622884
2024-05-04 10:00:00,122.8150707961032
2024-05-04 11:00:00,122.81507079597847
2024-05-04 12:00:00,122.81507079585465
2024-05-04 13:00:00,122.81507079573173
2024-05-04 14:00:00,122.81507079560969
2024-05-04 15:00:00,122.81507079548854
2024-05-04 16:00:00,122.81507079536826
2024-05-04 17:00:00,122.81507079524886
2024-05-04 18:00:00,122.81507079513031
2024-05-04 19:00:00,122.81507079501263
2024-05-04 20:00:00,122.8150707948958
2024-05-04 21:00:00,122.81507079477981
2024-05-04 22:00:00,122.81507079466466
2024-05-04 23:00:00,122.81507079455035
2024-05-05 00:00:00,122.81507079443686
2024-05-05 01:00:00,122.8150707943242
2024-05-05 02:00:00,122.81507079421235
2024-05-05 03:00:00,122.8150707941013
2024-05-05 04:00:00,122.81507079399107
2024-05-05 05:00:00,122.81507079388163
2024-05-05 06:00:00,122.81507079377299
2024-05-05 07:00:00,122.81507079366513
2024-05-05 08:00:00,122.81507079355805
2024-05-05 09:00:00,122.81507079345174
2024-05-05 10:00:00,122.81507079334621
2024-05-05 11:00:00,122.81507079324143
2024-05-05 12:00:00,122.81507079313742
2024-05-05 13:00:00,122.81507079303417
2024-05-05 14:00:00,122.81507079293165
2024-05-05 15:00:00,122.81507079282987
2024-05-05 16:00:00,122.81507079272883
2024-05-05 17:00:00,122.81507079262853
2024-05-05 18:00:00,122.81507079252896
2024-05-05 19:00:00,122.81507079243009
2024-05-05 20:00:00,122.81507079233195
2024-05-05 21:00:00,122.81507079223452
2024-05-05 22:00:00,122.81507079213779
2024-05-05 23:00:00,122.81507079204177
2024-05-06 00:00:00,122.81507079194644
2024-05-06 01:00:00,122.8150707918518
2024-05-06 02:00:00,122.81507079175783
2024-05-06 03:00:00,122.81507079166455
2024-05-06 04:00:00,122.81507079157196
2024-05-06 05:00:00,122.81507079148003
2024-05-06 06:00:00,122.81507079138876
2024-05-06 07:00:00,122.81507079129815
2024-05-06 08:00:00,122.8150707912082
2024-05-06 09:00:00,122.8150707911189
2024-05-06 10:00:00,122.81507079103025
2024-05-06 11:00:00,122.81507079094224
2024-05-06 12:00:00,122.81507079085488
2024-05-06 13:00:00,122.81507079076813
2024-05-06 14:00:00,122.81507079068201
2024-05-06 15:00:00,122.81507079059652
2024-05-06 16:00:00,122.81507079051165
2024-05-06 17:00:00,122.8150707904274
2024-05-06 18:00:00,122.81507079034375
2024-05-06 19:00:00,122.8150707902607
2024-05-06 20:00:00,122.81507079017827
2024-05-06 21:00:00,122.81507079009643
2024-05-06 22:00:00,122.81507079001517
2024-05-06 23:00:00,122.81507078993451
2024-05-07 00:00:00,122.81507078985443
2024-05-07 01:00:00,122.81507078977492
2024-05-07 02:00:00,122.815070789696
2024-05-07 03:00:00,122.81507078961764
2024-05-07 04:00:00,122.81507078953985
2024-05-07 05:00:00,122.81507078946262
2024-05-07 06:00:00,122.81507078938596
2024-05-07 07:00:00,122.81507078930984
2024-05-07 08:00:00,122.81507078923428
2024-05-07 09:00:00,122.81507078915926
2024-05-07 10:00:00,122.8150707890848
2024-05-07 11:00:00,122.81507078901086
2024-05-07 12:00:00,122.81507078893746
2024-05-07 13:00:00,122.81507078886459
2024-05-07 14:00:00,122.81507078879226
2024-05-07 15:00:00,122.81507078872043
2024-05-07 16:00:00,122.81507078864914
2024-05-07 17:00:00,122.81507078857835
2024-05-07 18:00:00,122.81507078850808
2024-05-07 19:00:00,122.81507078843832
2024-05-07 20:00:00,122.81507078836907
2024-05-07 21:00:00,122.81507078830032
2024-05-07 22:00:00,122.81507078823206
2024-05-07 23:00:00,122.8150707881643
2024-05-08 00:00:00,122.81507078809703
2024-05-08 01:00:00,122.81507078803024
2024-05-08 02:00:00,122.81507078796393
2024-05-08 03:00:00,122.81507078789811
2024-05-08 04:00:00,122.81507078783277
2024-05-08 05:00:00,122.8150707877679
2024-05-08 06:00:00,122.81507078770349
2024-05-08 07:00:00,122.81507078763956
2024-05-08 08:00:00,122.81507078757608
2024-05-08 09:00:00,122.81507078751306
2024-05-08 10:00:00,122.81507078745051
2024-05-08 11:00:00,122.81507078738841
2024-05-08 12:00:00,122.81507078732675
2024-05-08 13:00:00,122.81507078726554
2024-05-08 14:00:00,122.81507078720477
2024-05-08 15:00:00,122.81507078714445
2024-05-08 16:00:00,122.81507078708457
2024-05-08 17:00:00,122.8150707870251
2024-05-08 18:00:00,122.81507078696607
2024-05-08 19:00:00,122.81507078690747
2024-05-08 20:00:00,122.81507078684929
2024-05-08 21:00:00,122.81507078679154
2024-05-08 22:00:00,122.8150707867342
2024-05-08 23:00:00,122.81507078667727
2024-05-09 00:00:00,122.81507078662075
2024-05-09 01:00:00,122.81507078656465
2024-05-09 02:00:00,122.81507078650895
2024-05-09 03:00:00,122.81507078645366
2024-05-09 04:00:00,122.81507078639876
2024-05-09 05:00:00,122.81507078634426
2024-05-09 06:00:00,122.81507078629016
2024-05-09 07:00:00,122.81507078623646
2024-05-09 08:00:00,122.81507078618314
2024-05-09 09:00:00,122.8150707861302
2024-05-09 10:00:00,122.81507078607765
2024-05-09 11:00:00,122.81507078602549
2024-05-09 12:00:00,122.81507078597369
2024-05-09 13:00:00,122.81507078592227
2024-05-09 14:00:00,122.81507078587123
2024-05-09 15:00:00,122.81507078582055
2024-05-09 16:00:00,122.81507078577025
2024-05-09 17:00:00,122.8150707857203
2024-05-09 18:00:00,122.81507078567071
2024-05-09 19:00:00,122.81507078562149
2024-05-09 20:00:00,122.81507078557262
2024-05-09 21:00:00,122.8150707855241
2024-05-09 22:00:00,122.81507078547594
2024-05-09 23:00:00,122.81507078542812
2024-05-10 00:00:00,122.81507078538066
2024-05-10 01:00:00,122.81507078533353
2024-05-10 02:00:00,122.81507078528675
2024-05-10 03:00:00,122.81507078524031
2024-05-10 04:00:00,122.8150707851942
2024-05-10 05:00:00,122.81507078514842
2024-05-10 06:00:00,122.81507078510298
2024-05-10 07:00:00,122.81507078505786
2024-05-10 08:00:00,122.81507078501306
2024-05-10 09:00:00,122.8150707849686
2024-05-10 10:00:00,122.81507078492446
2024-05-10 11:00:00,122.81507078488063
2024-05-10 12:00:00,122.81507078483712
2024-05-10 13:00:00,122.81507078479393
2024-05-10 14:00:00,122.81507078475106
2024-05-10 15:00:00,122.81507078470848
2024-05-10 16:00:00,122.81507078466622
2024-05-10 17:00:00,122.81507078462427
2024-05-10 18:00:00,122.81507078458262
2024-05-10 19:00:00,122.81507078454126
2024-05-10 20:00:00,122.81507078450021
2024-05-10 21:00:00,122.81507078445945
2024-05-10 22:00:00,122.81507078441899
2024-05-10 23:00:00,122.81507078437883
2024-05-11 00:00:00,122.81507078433896
2024-05-11 01:00:00,122.81507078429937
2024-05-11 02:00:00,122.81507078426006
2024-05-11 03:00:00,122.81507078422104
2024-05-11 04:00:00,122.8150707841823
2024-05-11 05:00:00,122.81507078414384
2024-05-11 06:00:00,122.81507078410567
2024-05-11 07:00:00,122.81507078406777
2024-05-11 08:00:00,122.81507078403014
2024-05-11 09:00:00,122.8150707839928
2024-05-11 10:00:00,122.81507078395572
2024-05-11 11:00:00,122.8150707839189
2024-05-11 12:00:00,122.81507078388235
2024-05-11 13:00:00,122.81507078384607
2024-05-11 14:00:00,122.81507078381004
2024-05-11 15:00:00,122.81507078377429
2024-05-11 16:00:00,122.81507078373879
2024-05-11 17:00:00,122.81507078370355
2024-05-11 18:00:00,122.81507078366856
2024-05-11 19:00:00,122.81507078363383
2024-05-11 20:00:00,122.81507078359934
2024-05-11 21:00:00,122.8150707835651
2024-05-11 22:00:00,122.81507078353111
2024-05-11 23:00:00,122.81507078349738
2024-05-12 00:00:00,122.81507078346388
2024-05-12 01:00:00,122.81507078343063
2024-05-12 02:00:00,122.81507078339762
2024-05-12 03:00:00,122.81507078336485
2024-05-12 04:00:00,122.8150707833323
2024-05-12 05:00:00,122.8150707833
2024-05-12 06:00:00,122.81507078326793
2024-05-12 07:00:00,122.8150707832361
2024-05-12 08:00:00,122.81507078320449
2024-05-12 09:00:00,122.81507078317311
2024-05-12 10:00:00,122.81507078314196
2024-05-12 11:00:00,122.81507078311104
2024-05-12 12:00:00,122.81507078308034
2024-05-12 13:00:00,122.81507078304986
2024-05-12 14:00:00,122.8150707830196
2024-05-12 15:00:00,122.81507078298957
2024-05-12 16:00:00,122.81507078295974
2024-05-12 17:00:00,122.81507078293014
2024-05-12 18:00:00,122.81507078290075
2024-05-12 19:00:00,122.81507078287157
2024-05-12 20:00:00,122.81507078284261
2024-05-12 21:00:00,122.81507078281385
2024-05-12 22:00:00,122.8150707827853
2024-05-12 23:00:00,122.81507078275695
2024-05-13 00:00:00,122.81507078272881
2024-05-13 01:00:00,122.81507078270087
2024-05-13 02:00:00,122.81507078267313
2024-05-13 03:00:00,122.8150707826456
2024-05-13 04:00:00,122.81507078261828
2024-05-13 05:00:00,122.81507078259115
2024-05-13 06:00:00,122.8150707825642
2024-05-13 07:00:00,122.81507078253746
2024-05-13 08:00:00,122.81507078251092
2024-05-13 09:00:00,122.81507078248455
2024-05-13 10:00:00,122.81507078245839
2024-05-13 11:00:00,122.81507078243241
2024-05-13 12:00:00,122.81507078240662
2024-05-13 13:00:00,122.81507078238101
2024-05-13 14:00:00,122.81507078235559
2024-05-13 15:00:00,122.81507078233035
2024-05-13 16:00:00,122.8150707823053
2024-05-13 17:00:00,122.81507078228043
2024-05-13 18:00:00,122.81507078225575
2024-05-13 19:00:00,122.81507078223123
2024-05-13 20:00:00,122.8150707822069
2024-05-13 21:00:00,122.81507078218274
2024-05-13 22:00:00,122.81507078215876
2024-05-13 23:00:00,122.81507078213495
2024-05-14 00:00:00,122.81507078211132
2024-05-14 01:00:00,122.81507078208786
2024-05-14 02:00:00,122.81507078206457
2024-05-14 03:00:00,122.81507078204145
2024-05-14 04:00:00,122.81507078201848
2024-05-14 05:00:00,122.81507078199569
2024-05-14 06:00:00,122.81507078197306
2024-05-14 07:00:00,122.8150707819506
2024-05-14 08:00:00,122.8150707819283
2024-05-14 09:00:00,122.81507078190616
2024-05-14 10:00:00,122.81507078188417
2024-05-14 11:00:00,122.81507078186235
2024-05-14 12:00:00,122.81507078184067
2024-05-14 13:00:00,122.81507078181917
2024-05-14 14:00:00,122.81507078179781
2024-05-14 15:00:00,122.81507078177661
2024-05-14 16:00:00,122.81507078175557
2024-05-14 17:00:00,122.81507078173468
2024-05-14 18:00:00,122.81507078171394
2024-05-14 19:00:00,122.81507078169335
2024-05-14 20:00:00,122.81507078167292
2024-05-14 21:00:00,122.81507078165262
2024-05-14 22:00:00,122.81507078163247
2024-05-14 23:00:00,122.81507078161248
2024-05-15 00:00:00,122.81507078159262
2024-05-15 01:00:00,122.81507078157291
2024-05-15 02:00:00,122.81507078155335
2024-05-15 03:00:00,122.81507078153392
2024-05-15 04:00:00,122.81507078151463
2024-05-15 05:00:00,122.81507078149549
2024-05-15 06:00:00,122.81507078147648
2024-05-15 07:00:00,122.8150707814576
2024-05-15 08:00:00,122.81507078143888
2024-05-15 09:00:00,122.81507078142027
2024-05-15 10:00:00,122.81507078140181
2024-05-15 11:00:00,122.81507078138348
2024-05-15 12:00:00,122.81507078136528
2024-05-15 13:00:00,122.81507078134722
2024-05-15 14:00:00,122.81507078132928
2024-05-15 15:00:00,122.81507078131148
2024-05-15 16:00:00,122.8150707812938
2024-05-15 17:00:00,122.81507078127625
2024-05-15 18:00:00,122.81507078125883
2024-05-15 19:00:00,122.81507078124153
2024-05-15 20:00:00,122.81507078122436
2024-05-15 21:00:00,122.81507078120731
2024-05-15 22:00:00,122.81507078119039
2024-05-15 23:00:00,122.81507078117359
2024-05-16 00:00:00,122.8150707811569
2024-05-16 01:00:00,122.81507078114035
2024-05-16 02:00:00,122.81507078112391
2024-05-16 03:00:00,122.8150707811076
2024-05-16 04:00:00,122.81507078109139
2024-05-16 05:00:00,122.8150707810753
2024-05-16 06:00:00,122.81507078105933
2024-05-16 07:00:00,122.81507078104347
2024-05-16 08:00:00,122.81507078102774
2024-05-16 09:00:00,122.81507078101212
2024-05-16 10:00:00,122.8150707809966
2024-05-16 11:00:00,122.8150707809812
2024-05-16 12:00:00,122.81507078096591
2024-05-16 13:00:00,122.81507078095073
2024-05-16 14:00:00,122.81507078093567
2024-05-16 15:00:00,122.8150707809207
2024-05-16 16:00:00,122.81507078090586
2024-05-16 17:00:00,122.81507078089112
2024-05-16 18:00:00,122.81507078087648
2024-05-16 19:00:00,122.81507078086196
2024-05-16 20:00:00,122.81507078084753
2024-05-16 21:00:00,122.81507078083321
2024-05-16 22:00:00,122.815070780819
2024-05-16 23:00:00,122.81507078080489
2024-05-17 00:00:00,122.81507078079088
2024-05-17 01:00:00,122.81507078077696
2024-05-17 02:00:00,122.81507078076315
2024-05-17 03:00:00,122.81507078074944
2024-05-17 04:00:00,122.81507078073582
2024-05-17 05:00:00,122.81507078072231
2024-05-17 06:00:00,122.8150707807089
2024-05-17 07:00:00,122.81507078069558
2024-05-17 08:00:00,122.81507078068236
2024-05-17 09:00:00,122.81507078066923
2024-05-17 10:00:00,122.8150707806562
2024-05-17 11:00:00,122.81507078064327
2024-05-17 12:00:00,122.81507078063042
2024-05-17 13:00:00,122.81507078061767
2024-05-17 14:00:00,122.81507078060501
2024-05-17 15:00:00,122.81507078059245
2024-05-17 16:00:00,122.81507078057997
2024-05-17 17:00:00,122.8150707805676
2024-05-17 18:00:00,122.8150707805553
2024-05-17 19:00:00,122.8150707805431
2024-05-17 20:00:00,122.81507078053097
2024-05-17 21:00:00,122.81507078051895
2024-05-17 22:00:00,122.81507078050701
2024-05-17 23:00:00,122.81507078049516
2024-05-18 00:00:00,122.8150707804834
2024-05-18 01:00:00,122.81507078047171
2024-05-18 02:00:00,122.81507078046012
2024-05-18 03:00:00,122.81507078044861
2024-05-18 04:00:00,122.81507078043717
2024-05-18 05:00:00,122.81507078042581
2024-05-18 06:00:00,122.81507078041454
2024-05-18 07:00:00,122.81507078040336
2024-05-18 08:00:00,122.81507078039225
2024-05-18 09:00:00,122.81507078038122
2024-05-18 10:00:00,122.81507078037028
2024-05-18 11:00:00,122.8150707803594
2024-05-18 12:00:00,122.81507078034862
2024-05-18 13:00:00,122.8150707803379
2024-05-18 14:00:00,122.81507078032728
2024-05-18 15:00:00,122.81507078031672
2024-05-18 16:00:00,122.81507078030624
2024-05-18 17:00:00,122.81507078029584
2024-05-18 18:00:00,122.81507078028551
2024-05-18 19:00:00,122.81507078027526
2024-05-18 20:00:00,122.81507078026509
2024-05-18 21:00:00,122.81507078025498
2024-05-18 22:00:00,122.81507078024495
2024-05-18 23:00:00,122.81507078023499
2024-05-19 00:00:00,122.8150707802251
2024-05-19 01:00:00,122.81507078021528
2024-05-19 02:00:00,122.81507078020553
2024-05-19 03:00:00,122.81507078019585
2024-05-19 04:00:00,122.81507078018625
2024-05-19 05:00:00,122.81507078017671
2024-05-19 06:00:00,122.81507078016725
2024-05-19 07:00:00,122.81507078015785
2024-05-19 08:00:00,122.81507078014853
2024-05-19 09:00:00,122.81507078013927
2024-05-19 10:00:00,122.81507078013007
2024-05-19 11:00:00,122.81507078012095
2024-05-19 12:00:00,122.81507078011188
2024-05-19 13:00:00,122.81507078010289
2024-05-19 14:00:00,122.81507078009396
2024-05-19 15:00:00,122.8150707800851
2024-05-19 16:00:00,122.8150707800763
2024-05-19 17:00:00,122.81507078006756
2024-05-19 18:00:00,122.81507078005887
2024-05-19 19:00:00,122.81507078005026
2024-05-19 20:00:00,122.81507078004171
2024-05-19 21:00:00,122.81507078003322
2024-05-19 22:00:00,122.8150707800248
2024-05-19 23:00:00,122.81507078001643
2024-05-20 00:00:00,122.81507078000813
2024-05-20 01:00:00,122.81507077999989
2024-05-20 02:00:00,122.8150707799917
2024-05-20 03:00:00,122.81507077998357
2024-05-20 04:00:00,122.8150707799755
2024-05-20 05:00:00,122.81507077996748
2024-05-20 06:00:00,122.81507077995953
2024-05-20 07:00:00,122.81507077995164
2024-05-20 08:00:00,122.81507077994381
2024-05-20 09:00:00,122.81507077993604
2024-05-20 10:00:00,122.8150707799283
2024-05-20 11:00:00,122.81507077992063
2024-05-20 12:00:00,122.81507077991301
2024-05-20 13:00:00,122.81507077990545
2024-05-20 14:00:00,122.81507077989795
2024-05-20 15:00:00,122.8150707798905
2024-05-20 16:00:00,122.81507077988311
2024-05-20 17:00:00,122.81507077987577
2024-05-20 18:00:00,122.81507077986848
2024-05-20 19:00:00,122.81507077986124
2024-05-20 20:00:00,122.81507077985407
2024-05-20 21:00:00,122.81507077984693
2024-05-20 22:00:00,122.81507077983986
2024-05-20 23:00:00,122.81507077983282
2024-05-21 00:00:00,122.81507077982585
2024-05-21 01:00:00,122.81507077981892
2024-05-21 02:00:00,122.81507077981205
2024-05-21 03:00:00,122.81507077980523
2024-05-21 04:00:00,122.81507077979845
2024-05-21 05:00:00,122.81507077979172
2024-05-21 06:00:00,122.81507077978505
2024-05-21 07:00:00,122.81507077977841
2024-05-21 08:00:00,122.81507077977183
2024-05-21 09:00:00,122.81507077976529
2024-05-21 10:00:00,122.8150707797588
2024-05-21 11:00:00,122.81507077975236
2024-05-21 12:00:00,122.81507077974597
2024-05-21 13:00:00,122.81507077973961
2024-05-21 14:00:00,122.81507077973332
2024-05-21 15:00:00,122.81507077972707
2024-05-21 16:00:00,122.81507077972086
2024-05-21 17:00:00,122.81507077971469
2024-05-21 18:00:00,122.81507077970856
2024-05-21 19:00:00,122.81507077970248
2024-05-21 20:00:00,122.81507077969644
2024-05-21 21:00:00,122.81507077969044
2024-05-21 22:00:00,122.8150707796845
2024-05-21 23:00:00,122.8150707796786
2024-05-22 00:00:00,122.81507077967275
2024-05-22 01:00:00,122.81507077966694
2024-05-22 02:00:00,122.81507077966117
2024-05-22 03:00:00,122.81507077965543
2024-05-22 04:00:00,122.81507077964973
2024-05-22 05:00:00,122.81507077964407
2024-05-22 06:00:00,122.81507077963846
2024-05-22 07:00:00,122.81507077963289
2024-05-22 08:00:00,122.81507077962736
2024-05-22 09:00:00,122.81507077962188
2024-05-22 10:00:00,122.81507077961642
2024-05-22 11:00:00,122.815070779611
2024-05-22 12:00:00,122.81507077960563
2024-05-22 13:00:00,122.8150707796003
2024-05-22 14:00:00,122.815070779595
2024-05-22 15:00:00,122.81507077958975
2024-05-22 16:00:00,122.81507077958453
2024-05-22 17:00:00,122.81507077957934
2024-05-22 18:00:00,122.8150707795742
2024-05-22 19:00:00,122.8150707795691
2024-05-22 20:00:00,122.81507077956402
2024-05-22 21:00:00,122.815070779559
2024-05-22 22:00:00,122.81507077955399
2024-05-22 23:00:00,122.81507077954903
2024-05-23 00:00:00,122.81507077954411
2024-05-23 01:00:00,122.81507077953923
2024-05-23 02:00:00,122.81507077953438
2024-05-23 03:00:00,122.81507077952956
2024-05-23 04:00:00,122.81507077952477
2024-05-23 05:00:00,122.81507077952003
2024-05-23 06:00:00,122.81507077951531
2024-05-23 07:00:00,122.81507077951063
2024-05-23 08:00:00,122.81507077950599
2024-05-23 09:00:00,122.81507077950137
2024-05-23 10:00:00,122.81507077949679
2024-05-23 11:00:00,122.81507077949225
2024-05-23 12:00:00,122.81507077948773
2024-05-23 13:00:00,122.81507077948325
2024-05-23 14:00:00,122.8150707794788
2024-05-23 15:00:00,122.81507077947438
2024-05-23 16:00:00,122.81507077947
2024-05-23 17:00:00,122.81507077946566
2024-05-23 18:00:00,122.81507077946134
2024-05-23 19:00:00,122.81507077945705
2024-05-23 20:00:00,122.81507077945278
2024-05-23 21:00:00,122.81507077944856
2024-05-23 22:00:00,122.81507077944437
2024-05-23 23:00:00,122.8150707794402
2024-05-24 00:00:00,122.81507077943607
2024-05-24 01:00:00,122.81507077943196
2024-05-24 02:00:00,122.81507077942788
2024-05-24 03:00:00,122.81507077942383
2024-05-24 04:00:00,122.81507077941981
2024-05-24 05:00:00,122.81507077941582
2024-05-24 06:00:00,122.81507077941185
2024-05-24 07:00:00,122.81507077940792
2024-05-24 08:00:00,122.81507077940401
2024-05-24 09:00:00,122.81507077940013
2024-05-24 10:00:00,122.81507077939628
2024-05-24 11:00:00,122.81507077939246
2024-05-24 12:00:00,122.81507077938866
2024-05-24 13:00:00,122.8150707793849
2024-05-24 14:00:00,122.81507077938116
2024-05-24 15:00:00,122.81507077937745
2024-05-24 16:00:00,122.81507077937377
2024-05-24 17:00:00,122.81507077937012
2024-05-24 18:00:00,122.8150707793665
2024-05-24 19:00:00,122.8150707793629
2024-05-24 20:00:00,122.81507077935932
2024-05-24 21:00:00,122.81507077935576
2024-05-24 22:00:00,122.81507077935224
2024-05-24 23:00:00,122.81507077934874
2024-05-25 00:00:00,122.81507077934528
2024-05-25 01:00:00,122.81507077934182
2024-05-25 02:00:00,122.8150707793384
2024-05-25 03:00:00,122.815070779335
2024-05-25 04:00:00,122.81507077933163
2024-05-25 05:00:00,122.81507077932828
2024-05-25 06:00:00,122.81507077932496
2024-05-25 07:00:00,122.81507077932166
2024-05-25 08:00:00,122.81507077931838
2024-05-25 09:00:00,122.81507077931512
2024-05-25 10:00:00,122.8150707793119
2024-05-25 11:00:00,122.81507077930868
2024-05-25 12:00:00,122.8150707793055
2024-05-25 13:00:00,122.81507077930235
2024-05-25 14:00:00,122.8150707792992
2024-05-25 15:00:00,122.8150707792961
2024-05-25 16:00:00,122.815070779293
2024-05-25 17:00:00,122.81507077928993
2024-05-25 18:00:00,122.81507077928688
2024-05-25 19:00:00,122.81507077928386
2024-05-25 20:00:00,122.81507077928086
2024-05-25 21:00:00,122.81507077927787
2024-05-25 22:00:00,122.81507077927492
2024-05-25 23:00:00,122.81507077927198
2024-05-26 00:00:00,122.81507077926906
2024-05-26 01:00:00,122.81507077926616
2024-05-26 02:00:00,122.8150707792633
2024-05-26 03:00:00,122.81507077926044
2024-05-26 04:00:00,122.81507077925761
2024-05-26 05:00:00,122.8150707792548
2024-05-26 06:00:00,122.815070779252
2024-05-26 07:00:00,122.81507077924923
2024-05-26 08:00:00,122.81507077924647
2024-05-26 09:00:00,122.81507077924374
2024-05-26 10:00:00,122.81507077924103
2024-05-26 11:00:00,122.81507077923833
2024-05-26 12:00:00,122.81507077923565
2024-05-26 13:00:00,122.815070779233
2024-05-26 14:00:00,122.81507077923037
2024-05-26 15:00:00,122.81507077922775
2024-05-26 16:00:00,122.81507077922515
2024-05-26 17:00:00,122.81507077922258
2024-05-26 18:00:00,122.81507077922002
2024-05-26 19:00:00,122.81507077921748
2024-05-26 20:00:00,122.81507077921495
2024-05-26 21:00:00,122.81507077921245
2024-05-26 22:00:00,122.81507077920996
2024-05-26 23:00:00,122.81507077920749
2024-05-27 00:00:00,122.81507077920503
2024-05-27 01:00:00,122.8150707792026
2024-05-27 02:00:00,122.81507077920018
2024-05-27 03:00:00,122.81507077919778
2024-05-27 04:00:00,122.8150707791954
2024-05-27 05:00:00,122.81507077919304
2024-05-27 06:00:00,122.81507077919069
2024-05-27 07:00:00,122.81507077918836
2024-05-27 08:00:00,122.81507077918604
2024-05-27 09:00:00,122.81507077918374
2024-05-27 10:00:00,122.81507077918147
2024-05-27 11:00:00,122.81507077917921
2024-05-27 12:00:00,122.81507077917696
2024-05-27 13:00:00,122.81507077917473
2024-05-27 14:00:00,122.81507077917252
2024-05-27 15:00:00,122.81507077917031
2024-05-27 16:00:00,122.81507077916812
2024-05-27 17:00:00,122.81507077916596
2024-05-27 18:00:00,122.81507077916382
2024-05-27 19:00:00,122.81507077916169
2024-05-27 20:00:00,122.81507077915957
2024-05-27 21:00:00,122.81507077915747
2024-05-27 22:00:00,122.81507077915538
2024-05-27 23:00:00,122.8150707791533
2024-05-28 00:00:00,122.81507077915124
2024-05-28 01:00:00,122.8150707791492
2024-05-28 02:00:00,122.81507077914716
2024-05-28 03:00:00,122.81507077914515
2024-05-28 04:00:00,122.81507077914314
2024-05-28 05:00:00,122.81507077914115
2024-05-28 06:00:00,122.81507077913918
2024-05-28 07:00:00,122.81507077913722
2024-05-28 08:00:00,122.81507077913527
2024-05-28 09:00:00,122.81507077913334
2024-05-28 10:00:00,122.81507077913142
2024-05-28 11:00:00,122.81507077912951
2024-05-28 12:00:00,122.81507077912762
2024-05-28 13:00:00,122.81507077912575
2024-05-28 14:00:00,122.81507077912389
2024-05-28 15:00:00,122.81507077912204
2024-05-28 16:00:00,122.8150707791202
2024-05-28 17:00:00,122.81507077911839
2024-05-28 18:00:00,122.81507077911658
2024-05-28 19:00:00,122.81507077911479
2024-05-28 20:00:00,122.81507077911301
2024-05-28 21:00:00,122.81507077911125
2024-05-28 22:00:00,122.81507077910949
2024-05-28 23:00:00,122.81507077910774
2024-05-29 00:00:00,122.81507077910601
2024-05-29 01:00:00,122.81507077910429
2024-05-29 02:00:00,122.81507077910258
2024-05-29 03:00:00,122.81507077910089
2024-05-29 04:00:00,122.81507077909922
2024-05-29 05:00:00,122.81507077909755
2024-05-29 06:00:00,122.81507077909589
2024-05-29 07:00:00,122.81507077909424
2024-05-29 08:00:00,122.81507077909261
2024-05-29 09:00:00,122.81507077909099
2024-05-29 10:00:00,122.81507077908938
2024-05-29 11:00:00,122.81507077908779
2024-05-29 12:00:00,122.8150707790862
2024-05-29 13:00:00,122.81507077908462
2024-05-29 14:00:00,122.81507077908306
2024-05-29 15:00:00,122.81507077908151
2024-05-29 16:00:00,122.81507077907997
2024-05-29 17:00:00,122.81507077907844
2024-05-29 18:00:00,122.81507077907692
2024-05-29 19:00:00,122.81507077907541
2024-05-29 20:00:00,122.81507077907392
2024-05-29 21:00:00,122.81507077907244
2024-05-29 22:00:00,122.81507077907096
2024-05-29 23:00:00,122.8150707790695
2024-05-30 00:00:00,122.81507077906805
2024-05-30 01:00:00,122.8150707790666
2024-05-30 02:00:00,122.81507077906517
2024-05-30 03:00:00,122.81507077906375
2024-05-30 04:00:00,122.81507077906234
2024-05-30 05:00:00,122.81507077906093
2024-05-30 06:00:00,122.81507077905954
2024-05-30 07:00:00,122.81507077905816
2024-05-30 08:00:00,122.8150707790568
2024-05-30 09:00:00,122.81507077905543
2024-05-30 10:00:00,122.81507077905408
2024-05-30 11:00:00,122.81507077905275
2024-05-30 12:00:00,122.81507077905141
2024-05-30 13:00:00,122.81507077905009
2024-05-30 14:00:00,122.81507077904878
2024-05-30 15:00:00,122.81507077904747
2024-05-30 16:00:00,122.81507077904618
2024-05-30 17:00:00,122.8150707790449
2024-05-30 18:00:00,122.81507077904362
2024-05-30 19:00:00,122.81507077904236
2024-05-30 20:00:00,122.81507077904111
2024-05-30 21:00:00,122.81507077903986
2024-05-30 22:00:00,122.81507077903862
2024-05-30 23:00:00,122.81507077903738
2024-05-31 00:00:00,122.81507077903616
2024-05-31 01:00:00,122.81507077903495
2024-05-31 02:00:00,122.81507077903375
2024-05-31 03:00:00,122.81507077903255
2024-05-31 04:00:00,122.81507077903137
2024-05-31 05:00:00,122.8150707790302
2024-05-31 06:00:00,122.81507077902903
2024-05-31 07:00:00,122.81507077902786
2024-05-31 08:00:00,122.81507077902671
2024-05-31 09:00:00,122.81507077902558
2024-05-31 10:00:00,122.81507077902444
2024-05-31 11:00:00,122.81507077902332
2024-05-31 12:00:00,122.8150707790222
2024-05-31 13:00:00,122.81507077902108
2024-05-31 14:00:00,122.81507077901998
2024-05-31 15:00:00,122.81507077901888
2024-05-31 16:00:00,122.8150707790178
2024-05-31 17:00:00,122.81507077901672
2024-05-31 18:00:00,122.81507077901566
2024-05-31 19:00:00,122.81507077901459
2024-05-31 20:00:00,122.81507077901354
2024-05-31 21:00:00,122.81507077901249
2024-05-31 22:00:00,122.81507077901145
2024-05-31 23:00:00,122.81507077901041
2024-06-01 00:00:00,122.81507077900939
2024-06-01 01:00:00,122.81507077900837
2024-06-01 02:00:00,122.81507077900736
2024-06-01 03:00:00,122.81507077900635
2024-06-01 04:00:00,122.81507077900535
2024-06-01 05:00:00,122.81507077900436
2024-06-01 06:00:00,122.81507077900338
2024-06-01 07:00:00,122.8150707790024
2024-06-01 08:00:00,122.81507077900143
2024-06-01 09:00:00,122.81507077900046
2024-06-01 10:00:00,122.81507077899951
2024-06-01 11:00:00,122.81507077899856
2024-06-01 12:00:00,122.81507077899762
2024-06-01 13:00:00,122.81507077899668
2024-06-01 14:00:00,122.81507077899576
2024-06-01 15:00:00,122.81507077899484
2024-06-01 16:00:00,122.81507077899393
2024-06-01 17:00:00,122.81507077899302
2024-06-01 18:00:00,122.81507077899212
2024-06-01 19:00:00,122.81507077899123
2024-06-01 20:00:00,122.81507077899035
2024-06-01 21:00:00,122.81507077898947
2024-06-01 22:00:00,122.8150707789886
2024-06-01 23:00:00,122.81507077898773
2024-06-02 00:00:00,122.81507077898686
2024-06-02 01:00:00,122.81507077898601
2024-06-02 02:00:00,122.81507077898516
2024-06-02 03:00:00,122.81507077898432
2024-06-02 04:00:00,122.81507077898348
2024-06-02 05:00:00,122.81507077898266
2024-06-02 06:00:00,122.81507077898183
2024-06-02 07:00:00,122.81507077898101
2024-06-02 08:00:00,122.8150707789802
2024-06-02 09:00:00,122.81507077897939
2024-06-02 10:00:00,122.8150707789786
2024-06-02 11:00:00,122.8150707789778
2024-06-02 12:00:00,122.815070778977
2024-06-02 13:00:00,122.81507077897622
2024-06-02 14:00:00,122.81507077897544
2024-06-02 15:00:00,122.81507077897467
2024-06-02 16:00:00,122.8150707789739
2024-06-02 17:00:00,122.81507077897314
2024-06-02 18:00:00,122.81507077897238
2024-06-02 19:00:00,122.81507077897163
2024-06-02 20:00:00,122.81507077897089
2024-06-02 21:00:00,122.81507077897015
2024-06-02 22:00:00,122.81507077896941
2024-06-02 23:00:00,122.81507077896869
2024-06-03 00:00:00,122.81507077896796
2024-06-03 01:00:00,122.81507077896724
2024-06-03 02:00:00,122.81507077896653
2024-06-03 03:00:00,122.81507077896582
2024-06-03 04:00:00,122.81507077896512
2024-06-03 05:00:00,122.81507077896443
2024-06-03 06:00:00,122.81507077896373
2024-06-03 07:00:00,122.81507077896305
2024-06-03 08:00:00,122.81507077896237
2024-06-03 09:00:00,122.81507077896168
2024-06-03 10:00:00,122.81507077896102
2024-06-03 11:00:00,122.81507077896035
2024-06-03 12:00:00,122.81507077895968
2024-06-03 13:00:00,122.81507077895903
2024-06-03 14:00:00,122.81507077895837
2024-06-03 15:00:00,122.81507077895772
2024-06-03 16:00:00,122.81507077895708
2024-06-03 17:00:00,122.81507077895644
2024-06-03 18:00:00,122.8150707789558
2024-06-03 19:00:00,122.81507077895517
2024-06-03 20:00:00,122.81507077895455
2024-06-03 21:00:00,122.81507077895392
2024-06-03 22:00:00,122.81507077895331
2024-06-03 23:00:00,122.8150707789527
2024-06-04 00:00:00,122.81507077895209
2024-06-04 01:00:00,122.8150707789515
2024-06-04 02:00:00,122.8150707789509
2024-06-04 03:00:00,122.8150707789503
2024-06-04 04:00:00,122.8150707789497
2024-06-04 05:00:00,122.81507077894912
2024-06-04 06:00:00,122.81507077894854
2024-06-04 07:00:00,122.81507077894796
2024-06-04 08:00:00,122.81507077894739
2024-06-04 09:00:00,122.81507077894682
2024-06-04 10:00:00,122.81507077894625
2024-06-04 11:00:00,122.8150707789457
2024-06-04 12:00:00,122.81507077894514
2024-06-04 13:00:00,122.81507077894459
2024-06-04 14:00:00,122.81507077894403
2024-06-04 15:00:00,122.8150707789435
2024-06-04 16:00:00,122.81507077894295
2024-06-04 17:00:00,122.81507077894241
2024-06-04 18:00:00,122.81507077894187
2024-06-04 19:00:00,122.81507077894135
2024-06-04 20:00:00,122.81507077894082
2024-06-04 21:00:00,122.8150707789403
2024-06-04 22:00:00,122.81507077893978
2024-06-04 23:00:00,122.81507077893927
2024-06-05 00:00:00,122.81507077893876
2024-06-05 01:00:00,122.81507077893825
2024-06-05 02:00:00,122.81507077893775
2024-06-05 03:00:00,122.81507077893725
2024-06-05 04:00:00,122.81507077893676
2024-06-05 05:00:00,122.81507077893626
2024-06-05 06:00:00,122.81507077893578
2024-06-05 07:00:00,122.8150707789353
2024-06-05 08:00:00,122.81507077893481
2024-06-05 09:00:00,122.81507077893433
2024-06-05 10:00:00,122.81507077893386
2024-06-05 11:00:00,122.81507077893339
2024-06-05 12:00:00,122.81507077893292
2024-06-05 13:00:00,122.81507077893245
2024-06-05 14:00:00,122.815070778932
2024-06-05 15:00:00,122.81507077893154
2024-06-05 16:00:00,122.81507077893109
2024-06-05 17:00:00,122.81507077893063
2024-06-05 18:00:00,122.81507077893018
2024-06-05 19:00:00,122.81507077892974
2024-06-05 20:00:00,122.8150707789293
2024-06-05 21:00:00,122.81507077892886
2024-06-05 22:00:00,122.81507077892842
2024-06-05 23:00:00,122.81507077892799
2024-06-06 00:00:00,122.81507077892756
2024-06-06 01:00:00,122.81507077892714
2024-06-06 02:00:00,122.81507077892671
2024-06-06 03:00:00,122.81507077892628
2024-06-06 04:00:00,122.81507077892587
2024-06-06 05:00:00,122.81507077892546
2024-06-06 06:00:00,122.81507077892505
2024-06-06 07:00:00,122.81507077892464
2024-06-06 08:00:00,122.81507077892424
2024-06-06 09:00:00,122.81507077892384
2024-06-06 10:00:00,122.81507077892344
2024-06-06 11:00:00,122.81507077892304
2024-06-06 12:00:00,122.81507077892265
2024-06-06 13:00:00,122.81507077892226
2024-06-06 14:00:00,122.81507077892188
2024-06-06 15:00:00,122.8150707789215
2024-06-06 16:00:00,122.81507077892111
2024-06-06 17:00:00,122.81507077892073
2024-06-06 18:00:00,122.81507077892036
2024-06-06 19:00:00,122.81507077891999
2024-06-06 20:00:00,122.81507077891962
2024-06-06 21:00:00,122.81507077891925
2024-06-06 22:00:00,122.81507077891888
2024-06-06 23:00:00,122.81507077891851
2024-06-07 00:00:00,122.81507077891816
2024-06-07 01:00:00,122.8150707789178
2024-06-07 02:00:00,122.81507077891744
2024-06-07 03:00:00,122.81507077891709
2024-06-07 04:00:00,122.81507077891673
2024-06-07 05:00:00,122.8150707789164
2024-06-07 06:00:00,122.81507077891605
2024-06-07 07:00:00,122.81507077891571
2024-06-07 08:00:00,122.81507077891537
2024-06-07 09:00:00,122.81507077891503
2024-06-07 10:00:00,122.81507077891469
2024-06-07 11:00:00,122.81507077891436
2024-06-07 12:00:00,122.81507077891403
2024-06-07 13:00:00,122.81507077891371
2024-06-07 14:00:00,122.81507077891338
2024-06-07 15:00:00,122.81507077891305
2024-06-07 16:00:00,122.81507077891273
2024-06-07 17:00:00,122.81507077891241
2024-06-07 18:00:00,122.8150707789121
2024-06-07 19:00:00,122.81507077891179
2024-06-07 20:00:00,122.81507077891148
2024-06-07 21:00:00,122.81507077891116
2024-06-07 22:00:00,122.81507077891085
2024-06-07 23:00:00,122.81507077891055
2024-06-08 00:00:00,122.81507077891025
2024-06-08 01:00:00,122.81507077890996
2024-06-08 02:00:00,122.81507077890966
2024-06-08 03:00:00,122.81507077890936
2024-06-08 04:00:00,122.81507077890906
2024-06-08 05:00:00,122.81507077890876
2024-06-08 06:00:00,122.81507077890848
2024-06-08 07:00:00,122.8150707789082
2024-06-08 08:00:00,122.81507077890791
2024-06-08 09:00:00,122.81507077890763
2024-06-08 10:00:00,122.81507077890734
2024-06-08 11:00:00,122.81507077890706
2024-06-08 12:00:00,122.81507077890677
2024-06-08 13:00:00,122.8150707789065
2024-06-08 14:00:00,122.81507077890623
2024-06-08 15:00:00,122.81507077890596
2024-06-08 16:00:00,122.81507077890569
2024-06-08 17:00:00,122.81507077890542
2024-06-08 18:00:00,122.81507077890515
2024-06-08 19:00:00,122.81507077890488
2024-06-08 20:00:00,122.81507077890463
2024-06-08 21:00:00,122.81507077890437
2024-06-08 22:00:00,122.81507077890411
2024-06-08 23:00:00,122.81507077890386
2024-06-09 00:00:00,122.8150707789036
2024-06-09 01:00:00,122.81507077890335
2024-06-09 02:00:00,122.81507077890309
2024-06-09 03:00:00,122.81507077890285
2024-06-09 04:00:00,122.81507077890261
2024-06-09 05:00:00,122.81507077890237
2024-06-09 06:00:00,122.81507077890213
2024-06-09 07:00:00,122.81507077890188
2024-06-09 08:00:00,122.81507077890164
2024-06-09 09:00:00,122.8150707789014
2024-06-09 10:00:00,122.81507077890116
2024-06-09 11:00:00,122.81507077890092
2024-06-09 12:00:00,122.81507077890069
2024-06-09 13:00:00,122.81507077890046
2024-06-09 14:00:00,122.81507077890024
2024-06-09 15:00:00,122.81507077890001
2024-06-09 16:00:00,122.81507077889978
2024-06-09 17:00:00,122.81507077889955
2024-06-09 18:00:00,122.81507077889933
2024-06-09 19:00:00,122.8150707788991
2024-06-09 20:00:00,122.81507077889889
2024-06-09 21:00:00,122.81507077889867
2024-06-09 22:00:00,122.81507077889846
2024-06-09 23:00:00,122.81507077889825
2024-06-10 00:00:00,122.81507077889803
2024-06-10 01:00:00,122.81507077889782
2024-06-10 02:00:00,122.8150707788976
2024-06-10 03:00:00,122.8150707788974
2024-06-10 04:00:00,122.81507077889718
2024-06-10 05:00:00,122.81507077889698
2024-06-10 06:00:00,122.81507077889678
2024-06-10 07:00:00,122.81507077889658
2024-06-10 08:00:00,122.81507077889638
2024-06-10 09:00:00,122.81507077889619
2024-06-10 10:00:00,122.81507077889599
2024-06-10 11:00:00,122.81507077889579
2024-06-10 12:00:00,122.81507077889559
2024-06-10 13:00:00,122.81507077889539
2024-06-10 14:00:00,122.81507077889519
2024-06-10 15:00:00,122.815070778895
2024-06-10 16:00:00,122.81507077889482
2024-06-10 17:00:00,122.81507077889464
2024-06-10 18:00:00,122.81507077889445
2024-06-10 19:00:00,122.81507077889427
2024-06-10 20:00:00,122.81507077889408
2024-06-10 21:00:00,122.8150707788939
2024-06-10 22:00:00,122.81507077889371
2024-06-10 23:00:00,122.81507077889353
2024-06-11 00:00:00,122.81507077889334
2024-06-11 01:00:00,122.81507077889316
2024-06-11 02:00:00,122.81507077889299
2024-06-11 03:00:00,122.81507077889282
2024-06-11 04:00:00,122.81507077889265
2024-06-11 05:00:00,122.81507077889248
2024-06-11 06:00:00,122.8150707788923
2024-06-11 07:00:00,122.81507077889214
2024-06-11 08:00:00,122.81507077889196
2024-06-11 09:00:00,122.8150707788918
2024-06-11 10:00:00,122.81507077889162
2024-06-11 11:00:00,122.81507077889145
2024-06-11 12:00:00,122.81507077889128
2024-06-11 13:00:00,122.81507077889113
2024-06-11 14:00:00,122.81507077889097
2024-06-11 15:00:00,122.81507077889081
2024-06-11 16:00:00,122.81507077889066
2024-06-11 17:00:00,122.8150707788905
2024-06-11 18:00:00,122.81507077889034
2024-06-11 19:00:00,122.81507077889019
2024-06-11 20:00:00,122.81507077889003
2024-06-11 21:00:00,122.81507077888988
2024-06-11 22:00:00,122.81507077888972
2024-06-11 23:00:00,122.81507077888956
2024-06-12 00:00:00,122.8150707788894
2024-06-12 01:00:00,122.81507077888925
2024-06-12 02:00:00,122.81507077888911
2024-06-12 03:00:00,122.81507077888897
2024-06-12 04:00:00,122.81507077888882
2024-06-12 05:00:00,122.81507077888868
2024-06-12 06:00:00,122.81507077888854
2024-06-12 07:00:00,122.8150707788884
2024-06-12 08:00:00,122.81507077888826
2024-06-12 09:00:00,122.81507077888811
2024-06-12 10:00:00,122.81507077888797
2024-06-12 11:00:00,122.81507077888783
2024-06-12 12:00:00,122.81507077888769
2024-06-12 13:00:00,122.81507077888755
2024-06-12 14:00:00,122.8150707788874
2024-06-12 15:00:00,122.81507077888726
2024-06-12 16:00:00,122.81507077888713
2024-06-12 17:00:00,122.815070778887
2024-06-12 18:00:00,122.81507077888688
2024-06-12 19:00:00,122.81507077888675
2024-06-12 20:00:00,122.81507077888662
2024-06-12 21:00:00,122.8150707788865
2024-06-12 22:00:00,122.81507077888637
2024-06-12 23:00:00,122.81507077888624
2024-06-13 00:00:00,122.81507077888611
2024-06-13 01:00:00,122.81507077888598
2024-06-13 02:00:00,122.81507077888585
2024-06-13 03:00:00,122.81507077888573
2024-06-13 04:00:00,122.8150707788856
2024-06-13 05:00:00,122.81507077888547
2024-06-13 06:00:00,122.81507077888534
2024-06-13 07:00:00,122.81507077888523
2024-06-13 08:00:00,122.81507077888512
2024-06-13 09:00:00,122.815070778885
2024-06-13 10:00:00,122.81507077888489
2024-06-13 11:00:00,122.81507077888477
2024-06-13 12:00:00,122.81507077888466
2024-06-13 13:00:00,122.81507077888455
2024-06-13 14:00:00,122.81507077888443
2024-06-13 15:00:00,122.81507077888432
2024-06-13 16:00:00,122.8150707788842
2024-06-13 17:00:00,122.81507077888409
2024-06-13 18:00:00,122.81507077888398
2024-06-13 19:00:00,122.81507077888386
2024-06-13 20:00:00,122.81507077888375
2024-06-13 21:00:00,122.81507077888364
2024-06-13 22:00:00,122.81507077888352
2024-06-13 23:00:00,122.81507077888341
2024-06-14 00:00:00,122.81507077888331
2024-06-14 01:00:00,122.81507077888321
2024-06-14 02:00:00,122.81507077888311
2024-06-14 03:00:00,122.81507077888301
2024-06-14 04:00:00,122.81507077888291
2024-06-14 05:00:00,122.81507077888281
2024-06-14 06:00:00,122.81507077888271
2024-06-14 07:00:00,122.81507077888261
2024-06-14 08:00:00,122.81507077888251
2024-06-14 09:00:00,122.81507077888241
2024-06-14 10:00:00,122.81507077888232
2024-06-14 11:00:00,122.81507077888222
2024-06-14 12:00:00,122.81507077888212
2024-06-14 13:00:00,122.81507077888202
2024-06-14 14:00:00,122.81507077888192
2024-06-14 15:00:00,122.81507077888182
2024-06-14 16:00:00,122.81507077888172
2024-06-14 17:00:00,122.81507077888162
2024-06-14 18:00:00,122.81507077888152
2024-06-14 19:00:00,122.81507077888142
2024-06-14 20:00:00,122.81507077888133
2024-06-14 21:00:00,122.81507077888125
2024-06-14 22:00:00,122.81507077888116
2024-06-14 23:00:00,122.81507077888108
2024-06-15 00:00:00,122.815070778881
2024-06-15 01:00:00,122.81507077888091
2024-06-15 02:00:00,122.81507077888082
2024-06-15 03:00:00,122.81507077888074
2024-06-15 04:00:00,122.81507077888065
2024-06-15 05:00:00,122.81507077888057
2024-06-15 06:00:00,122.81507077888048
2024-06-15 07:00:00,122.8150707788804
2024-06-15 08:00:00,122.81507077888031
2024-06-15 09:00:00,122.81507077888023
2024-06-15 10:00:00,122.81507077888014
2024-06-15 11:00:00,122.81507077888006
2024-06-15 12:00:00,122.81507077887997
2024-06-15 13:00:00,122.81507077887989
2024-06-15 14:00:00,122.8150707788798
2024-06-15 15:00:00,122.81507077887971
2024-06-15 16:00:00,122.81507077887963
2024-06-15 17:00:00,122.81507077887954
2024-06-15 18:00:00,122.81507077887947
2024-06-15 19:00:00,122.8150707788794
2024-06-15 20:00:00,122.81507077887933
2024-06-15 21:00:00,122.81507077887926
2024-06-15 22:00:00,122.81507077887919
2024-06-15 23:00:00,122.81507077887912
2024-06-16 00:00:00,122.81507077887905
2024-06-16 01:00:00,122.81507077887898
2024-06-16 02:00:00,122.8150707788789
2024-06-16 03:00:00,122.81507077887883
2024-06-16 04:00:00,122.81507077887876
2024-06-16 05:00:00,122.81507077887869
2024-06-16 06:00:00,122.81507077887862
2024-06-16 07:00:00,122.81507077887855
2024-06-16 08:00:00,122.81507077887848
2024-06-16 09:00:00,122.81507077887841
2024-06-16 10:00:00,122.81507077887834
2024-06-16 11:00:00,122.81507077887827
2024-06-16 12:00:00,122.8150707788782
2024-06-16 13:00:00,122.81507077887812
2024-06-16 14:00:00,122.81507077887805
2024-06-16 15:00:00,122.81507077887798
2024-06-16 16:00:00,122.81507077887791
2024-06-16 17:00:00,122.81507077887784
2024-06-16 18:00:00,122.81507077887777
2024-06-16 19:00:00,122.8150707788777
2024-06-16 20:00:00,122.81507077887763
2024-06-16 21:00:00,122.81507077887755
2024-06-16 22:00:00,122.8150707788775
2024-06-16 23:00:00,122.81507077887744
2024-06-17 00:00:00,122.81507077887738
2024-06-17 01:00:00,122.81507077887733
2024-06-17 02:00:00,122.81507077887727
2024-06-17 03:00:00,122.81507077887721
2024-06-17 04:00:00,122.81507077887716
2024-06-17 05:00:00,122.8150707788771
2024-06-17 06:00:00,122.81507077887704
2024-06-17 07:00:00,122.81507077887699
2024-06-17 08:00:00,122.81507077887693
2024-06-17 09:00:00,122.81507077887687
2024-06-17 10:00:00,122.81507077887682
2024-06-17 11:00:00,122.81507077887676
2024-06-17 12:00:00,122.8150707788767
2024-06-17 13:00:00,122.81507077887665
2024-06-17 14:00:00,122.81507077887659
2024-06-17 15:00:00,122.81507077887653
2024-06-17 16:00:00,122.81507077887647
2024-06-17 17:00:00,122.81507077887642
2024-06-17 18:00:00,122.81507077887636
2024-06-17 19:00:00,122.8150707788763
2024-06-17 20:00:00,122.81507077887625
2024-06-17 21:00:00,122.81507077887619
2024-06-17 22:00:00,122.81507077887613
2024-06-17 23:00:00,122.81507077887608
2024-06-18 00:00:00,122.81507077887602
2024-06-18 01:00:00,122.81507077887596
2024-06-18 02:00:00,122.8150707788759
2024-06-18 03:00:00,122.81507077887585
2024-06-18 04:00:00,122.81507077887579
2024-06-18 05:00:00,122.81507077887574
2024-06-18 06:00:00,122.81507077887568
2024-06-18 07:00:00,122.81507077887562
2024-06-18 08:00:00,122.81507077887558
2024-06-18 09:00:00,122.81507077887554
2024-06-18 10:00:00,122.8150707788755
2024-06-18 11:00:00,122.81507077887545
2024-06-18 12:00:00,122.81507077887541
2024-06-18 13:00:00,122.81507077887537
2024-06-18 14:00:00,122.81507077887532
2024-06-18 15:00:00,122.81507077887528
2024-06-18 16:00:00,122.81507077887524
2024-06-18 17:00:00,122.8150707788752
2024-06-18 18:00:00,122.81507077887515
2024-06-18 19:00:00,122.81507077887511
2024-06-18 20:00:00,122.81507077887507
2024-06-18 21:00:00,122.81507077887503
2024-06-18 22:00:00,122.81507077887498
2024-06-18 23:00:00,122.81507077887494
2024-06-19 00:00:00,122.8150707788749
2024-06-19 01:00:00,122.81507077887485
2024-06-19 02:00:00,122.81507077887481
2024-06-19 03:00:00,122.81507077887477
2024-06-19 04:00:00,122.81507077887473
2024-06-19 05:00:00,122.81507077887468
2024-06-19 06:00:00,122.81507077887464
2024-06-19 07:00:00,122.8150707788746
2024-06-19 08:00:00,122.81507077887456
2024-06-19 09:00:00,122.81507077887451
2024-06-19 10:00:00,122.81507077887447
2024-06-19 11:00:00,122.81507077887443
2024-06-19 12:00:00,122.81507077887439
2024-06-19 13:00:00,122.81507077887434
2024-06-19 14:00:00,122.8150707788743
2024-06-19 15:00:00,122.81507077887426
2024-06-19 16:00:00,122.81507077887422
2024-06-19 17:00:00,122.81507077887417
2024-06-19 18:00:00,122.81507077887413
2024-06-19 19:00:00,122.81507077887409
2024-06-19 20:00:00,122.81507077887404
2024-06-19 21:00:00,122.815070778874
2024-06-19 22:00:00,122.81507077887396
2024-06-19 23:00:00,122.81507077887392
2024-06-20 00:00:00,122.81507077887387
2024-06-20 01:00:00,122.81507077887383
2024-06-20 02:00:00,122.81507077887379
2024-06-20 03:00:00,122.81507077887375
2024-06-20 04:00:00,122.8150707788737
2024-06-20 05:00:00,122.81507077887366
2024-06-20 06:00:00,122.81507077887363
2024-06-20 07:00:00,122.8150707788736
2024-06-20 08:00:00,122.81507077887358
2024-06-20 09:00:00,122.81507077887355
2024-06-20 10:00:00,122.81507077887352
2024-06-20 11:00:00,122.81507077887349
2024-06-20 12:00:00,122.81507077887346
2024-06-20 13:00:00,122.81507077887343
2024-06-20 14:00:00,122.8150707788734
2024-06-20 15:00:00,122.81507077887338
2024-06-20 16:00:00,122.81507077887335
2024-06-20 17:00:00,122.81507077887332
2024-06-20 18:00:00,122.81507077887329
2024-06-20 19:00:00,122.81507077887326
2024-06-20 20:00:00,122.81507077887323
2024-06-20 21:00:00,122.8150707788732
2024-06-20 22:00:00,122.81507077887318
2024-06-20 23:00:00,122.81507077887315
2024-06-21 00:00:00,122.81507077887312
2024-06-21 01:00:00,122.81507077887309
2024-06-21 02:00:00,122.81507077887306
2024-06-21 03:00:00,122.81507077887304
2024-06-21 04:00:00,122.81507077887301
2024-06-21 05:00:00,122.81507077887298
2024-06-21 06:00:00,122.81507077887295
2024-06-21 07:00:00,122.81507077887292
2024-06-21 08:00:00,122.8150707788729
2024-06-21 09:00:00,122.81507077887287
2024-06-21 10:00:00,122.81507077887284
2024-06-21 11:00:00,122.81507077887281
2024-06-21 12:00:00,122.81507077887278
2024-06-21 13:00:00,122.81507077887275
2024-06-21 14:00:00,122.81507077887272
2024-06-21 15:00:00,122.8150707788727
2024-06-21 16:00:00,122.81507077887267
2024-06-21 17:00:00,122.81507077887264
2024-06-21 18:00:00,122.81507077887261
2024-06-21 19:00:00,122.81507077887258
2024-06-21 20:00:00,122.81507077887255
2024-06-21 21:00:00,122.81507077887252
2024-06-21 22:00:00,122.8150707788725
2024-06-21 23:00:00,122.81507077887247
2024-06-22 00:00:00,122.81507077887244
2024-06-22 01:00:00,122.81507077887241
2024-06-22 02:00:00,122.81507077887238
2024-06-22 03:00:00,122.81507077887235
2024-06-22 04:00:00,122.81507077887233
2024-06-22 05:00:00,122.8150707788723
2024-06-22 06:00:00,122.81507077887227
2024-06-22 07:00:00,122.81507077887224
2024-06-22 08:00:00,122.81507077887221
2024-06-22 09:00:00,122.81507077887218
2024-06-22 10:00:00,122.81507077887215
2024-06-22 11:00:00,122.81507077887213
2024-06-22 12:00:00,122.8150707788721
2024-06-22 13:00:00,122.81507077887207
2024-06-22 14:00:00,122.81507077887204
2024-06-22 15:00:00,122.81507077887201
2024-06-22 16:00:00,122.81507077887198
2024-06-22 17:00:00,122.81507077887196
2024-06-22 18:00:00,122.81507077887193
2024-06-22 19:00:00,122.8150707788719
2024-06-22 20:00:00,122.81507077887187
2024-06-22 21:00:00,122.81507077887184
2024-06-22 22:00:00,122.81507077887181
2024-06-22 23:00:00,122.81507077887179
2024-06-23 00:00:00,122.81507077887176
2024-06-23 01:00:00,122.81507077887173
2024-06-23 02:00:00,122.8150707788717
2024-06-23 03:00:00,122.81507077887169
2024-06-23 04:00:00,122.81507077887167
2024-06-23 05:00:00,122.81507077887166
2024-06-23 06:00:00,122.81507077887164
2024-06-23 07:00:00,122.81507077887163
2024-06-23 08:00:00,122.81507077887161
2024-06-23 09:00:00,122.8150707788716
2024-06-23 10:00:00,122.81507077887159
2024-06-23 11:00:00,122.81507077887157
2024-06-23 12:00:00,122.81507077887156
2024-06-23 13:00:00,122.81507077887154
2024-06-23 14:00:00,122.81507077887153
2024-06-23 15:00:00,122.81507077887152
2024-06-23 16:00:00,122.8150707788715
2024-06-23 17:00:00,122.81507077887149
2024-06-23 18:00:00,122.81507077887147
2024-06-23 19:00:00,122.81507077887146
2024-06-23 20:00:00,122.81507077887144
2024-06-23 21:00:00,122.81507077887143
2024-06-23 22:00:00,122.81507077887142
2024-06-23 23:00:00,122.8150707788714
2024-06-24 00:00:00,122.81507077887139
2024-06-24 01:00:00,122.81507077887137
2024-06-24 02:00:00,122.81507077887136
2024-06-24 03:00:00,122.81507077887134
2024-06-24 04:00:00,122.81507077887133
2024-06-24 05:00:00,122.81507077887132
2024-06-24 06:00:00,122.8150707788713
2024-06-24 07:00:00,122.81507077887129
2024-06-24 08:00:00,122.81507077887127
2024-06-24 09:00:00,122.81507077887126
2024-06-24 10:00:00,122.81507077887125
2024-06-24 11:00:00,122.81507077887123
2024-06-24 12:00:00,122.81507077887122
2024-06-24 13:00:00,122.8150707788712
2024-06-24 14:00:00,122.81507077887119
2024-06-24 15:00:00,122.81507077887117
2024-06-24 16:00:00,122.81507077887116
2024-06-24 17:00:00,122.81507077887115
2024-06-24 18:00:00,122.81507077887113
2024-06-24 19:00:00,122.81507077887112
2024-06-24 20:00:00,122.8150707788711
2024-06-24 21:00:00,122.81507077887109
2024-06-24 22:00:00,122.81507077887107
2024-06-24 23:00:00,122.81507077887106
2024-06-25 00:00:00,122.81507077887105
2024-06-25 01:00:00,122.81507077887103
2024-06-25 02:00:00,122.81507077887102
2024-06-25 03:00:00,122.815070778871
2024-06-25 04:00:00,122.81507077887099
2024-06-25 05:00:00,122.81507077887098
2024-06-25 06:00:00,122.81507077887096
2024-06-25 07:00:00,122.81507077887095
2024-06-25 08:00:00,122.81507077887093
2024-06-25 09:00:00,122.81507077887092
2024-06-25 10:00:00,122.8150707788709
2024-06-25 11:00:00,122.81507077887089
2024-06-25 12:00:00,122.81507077887088
2024-06-25 13:00:00,122.81507077887086
2024-06-25 14:00:00,122.81507077887085
2024-06-25 15:00:00,122.81507077887083
2024-06-25 16:00:00,122.81507077887082
2024-06-25 17:00:00,122.8150707788708
2024-06-25 18:00:00,122.81507077887079
2024-06-25 19:00:00,122.81507077887078
2024-06-25 20:00:00,122.81507077887076
2024-06-25 21:00:00,122.81507077887075
2024-06-25 22:00:00,122.81507077887073
2024-06-25 23:00:00,122.81507077887072
2024-06-26 00:00:00,122.8150707788707
2024-06-26 01:00:00,122.81507077887069
2024-06-26 02:00:00,122.81507077887068
2024-06-26 03:00:00,122.81507077887066
2024-06-26 04:00:00,122.81507077887065
2024-06-26 05:00:00,122.81507077887063
2024-06-26 06:00:00,122.81507077887062
2024-06-26 07:00:00,122.8150707788706
2024-06-26 08:00:00,122.81507077887059
2024-06-26 09:00:00,122.81507077887058
2024-06-26 10:00:00,122.81507077887056
2024-06-26 11:00:00,122.81507077887055
2024-06-26 12:00:00,122.81507077887053
2024-06-26 13:00:00,122.81507077887052
2024-06-26 14:00:00,122.8150707788705
2024-06-26 15:00:00,122.81507077887049
2024-06-26 16:00:00,122.81507077887048
2024-06-26 17:00:00,122.81507077887046
2024-06-26 18:00:00,122.81507077887045
2024-06-26 19:00:00,122.81507077887044
2024-06-26 20:00:00,122.81507077887042
2024-06-26 21:00:00,122.8150707788704
2024-06-26 22:00:00,122.81507077887039
2024-06-26 23:00:00,122.81507077887038
2024-06-27 00:00:00,122.81507077887036
2024-06-27 01:00:00,122.81507077887035
2024-06-27 02:00:00,122.81507077887034
2024-06-27 03:00:00,122.81507077887032
2024-06-27 04:00:00,122.81507077887031
2024-06-27 05:00:00,122.8150707788703
2024-06-27 06:00:00,122.81507077887028
2024-06-27 07:00:00,122.81507077887026
2024-06-27 08:00:00,122.81507077887025
2024-06-27 09:00:00,122.81507077887024
2024-06-27 10:00:00,122.81507077887022
2024-06-27 11:00:00,122.81507077887021
2024-06-27 12:00:00,122.8150707788702
2024-06-27 13:00:00,122.81507077887018
2024-06-27 14:00:00,122.81507077887017
2024-06-27 15:00:00,122.81507077887015
2024-06-27 16:00:00,122.81507077887014
2024-06-27 17:00:00,122.81507077887012
2024-06-27 18:00:00,122.81507077887011
2024-06-27 19:00:00,122.8150707788701
2024-06-27 20:00:00,122.81507077887008
2024-06-27 21:00:00,122.81507077887007
2024-06-27 22:00:00,122.81507077887005
2024-06-27 23:00:00,122.81507077887004
2024-06-28 00:00:00,122.81507077887002
2024-06-28 01:00:00,122.81507077887001
2024-06-28 02:00:00,122.81507077887
2024-06-28 03:00:00,122.81507077886998
2024-06-28 04:00:00,122.81507077886997
2024-06-28 05:00:00,122.81507077886995
2024-06-28 06:00:00,122.81507077886994
2024-06-28 07:00:00,122.81507077886992
2024-06-28 08:00:00,122.81507077886991
2024-06-28 09:00:00,122.8150707788699
2024-06-28 10:00:00,122.81507077886988
2024-06-28 11:00:00,122.81507077886987
2024-06-28 12:00:00,122.81507077886985
2024-06-28 13:00:00,122.81507077886984
2024-06-28 14:00:00,122.81507077886982
2024-06-28 15:00:00,122.81507077886981
2024-06-28 16:00:00,122.8150707788698
2024-06-28 17:00:00,122.81507077886978
2024-06-28 18:00:00,122.81507077886977
2024-06-28 19:00:00,122.81507077886975
2024-06-28 20:00:00,122.81507077886974
2024-06-28 21:00:00,122.81507077886974
2024-06-28 22:00:00,122.81507077886974
2024-06-28 23:00:00,122.81507077886974
2024-06-29 00:00:00,122.81507077886974
2024-06-29 01:00:00,122.81507077886974
2024-06-29 02:00:00,122.81507077886974
2024-06-29 03:00:00,122.81507077886974
2024-06-29 04:00:00,122.81507077886974
2024-06-29 05:00:00,122.81507077886974
2024-06-29 06:00:00,122.81507077886974
2024-06-29 07:00:00,122.81507077886974
2024-06-29 08:00:00,122.81507077886974
2024-06-29 09:00:00,122.81507077886974
2024-06-29 10:00:00,122.81507077886974
2024-06-29 11:00:00,122.81507077886974
2024-06-29 12:00:00,122.81507077886974
2024-06-29 13:00:00,122.81507077886974
2024-06-29 14:00:00,122.81507077886974
2024-06-29 15:00:00,122.81507077886974
2024-06-29 16:00:00,122.81507077886974
2024-06-29 17:00:00,122.81507077886974
2024-06-29 18:00:00,122.81507077886974
2024-06-29 19:00:00,122.81507077886974
2024-06-29 20:00:00,122.81507077886974
2024-06-29 21:00:00,122.81507077886974
2024-06-29 22:00:00,122.81507077886974
2024-06-29 23:00:00,122.81507077886974
2024-06-30 00:00:00,122.81507077886974
2024-06-30 01:00:00,122.81507077886974
2024-06-30 02:00:00,122.81507077886974
2024-06-30 03:00:00,122.81507077886974
2024-06-30 04:00:00,122.81507077886974
2024-06-30 05:00:00,122.81507077886974
2024-06-30 06:00:00,122.81507077886974
2024-06-30 07:00:00,122.81507077886974
2024-06-30 08:00:00,122.81507077886974
2024-06-30 09:00:00,122.81507077886974
2024-06-30 10:00:00,122.81507077886974
2024-06-30 11:00:00,122.81507077886974
2024-06-30 12:00:00,122.81507077886974
2024-06-30 13:00:00,122.81507077886974
2024-06-30 14:00:00,122.81507077886974
2024-06-30 15:00:00,122.81507077886974
2024-06-30 16:00:00,122.81507077886974
2024-06-30 17:00:00,122.81507077886974
2024-06-30 18:00:00,122.81507077886974
2024-06-30 19:00:00,122.81507077886974
2024-06-30 20:00:00,122.81507077886974
2024-06-30 21:00:00,122.81507077886974
2024-06-30 22:00:00,122.81507077886974
2024-06-30 23:00:00,122.81507077886974
2024-07-01 00:00:00,122.81507077886974
2024-07-01 01:00:00,122.81507077886974
2024-07-01 02:00:00,122.81507077886974
2024-07-01 03:00:00,122.81507077886974
2024-07-01 04:00:00,122.81507077886974
2024-07-01 05:00:00,122.81507077886974
2024-07-01 06:00:00,122.81507077886974
2024-07-01 07:00:00,122.81507077886974
2024-07-01 08:00:00,122.81507077886974
2024-07-01 09:00:00,122.81507077886974
2024-07-01 10:00:00,122.81507077886974
2024-07-01 11:00:00,122.81507077886974
2024-07-01 12:00:00,122.81507077886974
2024-07-01 13:00:00,122.81507077886974
2024-07-01 14:00:00,122.81507077886974
2024-07-01 15:00:00,122.81507077886974
2024-07-01 16:00:00,122.81507077886974
2024-07-01 17:00:00,122.81507077886974
2024-07-01 18:00:00,122.81507077886974
2024-07-01 19:00:00,122.81507077886974
2024-07-01 20:00:00,122.81507077886974
2024-07-01 21:00:00,122.81507077886974
2024-07-01 22:00:00,122.81507077886974
2024-07-01 23:00:00,122.81507077886974
2024-07-02 00:00:00,122.81507077886974
2024-07-02 01:00:00,122.81507077886974
2024-07-02 02:00:00,122.81507077886974
2024-07-02 03:00:00,122.81507077886974
2024-07-02 04:00:00,122.81507077886974
2024-07-02 05:00:00,122.81507077886974
2024-07-02 06:00:00,122.81507077886974
2024-07-02 07:00:00,122.81507077886974
2024-07-02 08:00:00,122.81507077886974
2024-07-02 09:00:00,122.81507077886974
2024-07-02 10:00:00,122.81507077886974
2024-07-02 11:00:00,122.81507077886974
2024-07-02 12:00:00,122.81507077886974
2024-07-02 13:00:00,122.81507077886974
2024-07-02 14:00:00,122.81507077886974
2024-07-02 15:00:00,122.81507077886974
2024-07-02 16:00:00,122.81507077886974
2024-07-02 17:00:00,122.81507077886974
2024-07-02 18:00:00,122.81507077886974
2024-07-02 19:00:00,122.81507077886974
2024-07-02 20:00:00,122.81507077886974
2024-07-02 21:00:00,122.81507077886974
2024-07-02 22:00:00,122.81507077886974
2024-07-02 23:00:00,122.81507077886974
2024-07-03 00:00:00,122.81507077886974
2024-07-03 01:00:00,122.81507077886974
2024-07-03 02:00:00,122.81507077886974
2024-07-03 03:00:00,122.81507077886974
2024-07-03 04:00:00,122.81507077886974
2024-07-03 05:00:00,122.81507077886974
2024-07-03 06:00:00,122.81507077886974
2024-07-03 07:00:00,122.81507077886974
2024-07-03 08:00:00,122.81507077886974
2024-07-03 09:00:00,122.81507077886974
2024-07-03 10:00:00,122.81507077886974
2024-07-03 11:00:00,122.81507077886974
2024-07-03 12:00:00,122.81507077886974
2024-07-03 13:00:00,122.81507077886974
2024-07-03 14:00:00,122.81507077886974
2024-07-03 15:00:00,122.81507077886974
2024-07-03 16:00:00,122.81507077886974
2024-07-03 17:00:00,122.81507077886974
2024-07-03 18:00:00,122.81507077886974
2024-07-03 19:00:00,122.81507077886974
2024-07-03 20:00:00,122.81507077886974
2024-07-03 21:00:00,122.81507077886974
2024-07-03 22:00:00,122.81507077886974
2024-07-03 23:00:00,122.81507077886974
2024-07-04 00:00:00,122.81507077886974
2024-07-04 01:00:00,122.81507077886974
2024-07-04 02:00:00,122.81507077886974
2024-07-04 03:00:00,122.81507077886974
2024-07-04 04:00:00,122.81507077886974
2024-07-04 05:00:00,122.81507077886974
2024-07-04 06:00:00,122.81507077886974
2024-07-04 07:00:00,122.81507077886974
2024-07-04 08:00:00,122.81507077886974
2024-07-04 09:00:00,122.81507077886974
2024-07-04 10:00:00,122.81507077886974
2024-07-04 11:00:00,122.81507077886974
2024-07-04 12:00:00,122.81507077886974
2024-07-04 13:00:00,122.81507077886974
2024-07-04 14:00:00,122.81507077886974
2024-07-04 15:00:00,122.81507077886974
2024-07-04 16:00:00,122.81507077886974
2024-07-04 17:00:00,122.81507077886974
2024-07-04 18:00:00,122.81507077886974
2024-07-04 19:00:00,122.81507077886974
2024-07-04 20:00:00,122.81507077886974
2024-07-04 21:00:00,122.81507077886974
2024-07-04 22:00:00,122.81507077886974
2024-07-04 23:00:00,122.81507077886974
2024-07-05 00:00:00,122.81507077886974
2024-07-05 01:00:00,122.81507077886974
2024-07-05 02:00:00,122.81507077886974
2024-07-05 03:00:00,122.81507077886974
2024-07-05 04:00:00,122.81507077886974
2024-07-05 05:00:00,122.81507077886974
2024-07-05 06:00:00,122.81507077886974
2024-07-05 07:00:00,122.81507077886974
2024-07-05 08:00:00,122.81507077886974
2024-07-05 09:00:00,122.81507077886974
2024-07-05 10:00:00,122.81507077886974
2024-07-05 11:00:00,122.81507077886974
2024-07-05 12:00:00,122.81507077886974
2024-07-05 13:00:00,122.81507077886974
2024-07-05 14:00:00,122.81507077886974
2024-07-05 15:00:00,122.81507077886974
2024-07-05 16:00:00,122.81507077886974
2024-07-05 17:00:00,122.81507077886974
2024-07-05 18:00:00,122.81507077886974
2024-07-05 19:00:00,122.81507077886974
2024-07-05 20:00:00,122.81507077886974
2024-07-05 21:00:00,122.81507077886974
2024-07-05 22:00:00,122.81507077886974
2024-07-05 23:00:00,122.81507077886974
2024-07-06 00:00:00,122.81507077886974
2024-07-06 01:00:00,122.81507077886974
2024-07-06 02:00:00,122.81507077886974
2024-07-06 03:00:00,122.81507077886974
2024-07-06 04:00:00,122.81507077886974
2024-07-06 05:00:00,122.81507077886974
2024-07-06 06:00:00,122.81507077886974
2024-07-06 07:00:00,122.81507077886974
2024-07-06 08:00:00,122.81507077886974
2024-07-06 09:00:00,122.81507077886974
2024-07-06 10:00:00,122.81507077886974
2024-07-06 11:00:00,122.81507077886974
2024-07-06 12:00:00,122.81507077886974
2024-07-06 13:00:00,122.81507077886974
2024-07-06 14:00:00,122.81507077886974
2024-07-06 15:00:00,122.81507077886974
2024-07-06 16:00:00,122.81507077886974
2024-07-06 17:00:00,122.81507077886974
2024-07-06 18:00:00,122.81507077886974
2024-07-06 19:00:00,122.81507077886974
2024-07-06 20:00:00,122.81507077886974
2024-07-06 21:00:00,122.81507077886974
2024-07-06 22:00:00,122.81507077886974
2024-07-06 23:00:00,122.81507077886974
2024-07-07 00:00:00,122.81507077886974
2024-07-07 01:00:00,122.81507077886974
2024-07-07 02:00:00,122.81507077886974
2024-07-07 03:00:00,122.81507077886974
2024-07-07 04:00:00,122.81507077886974
2024-07-07 05:00:00,122.81507077886974
2024-07-07 06:00:00,122.81507077886974
2024-07-07 07:00:00,122.81507077886974
2024-07-07 08:00:00,122.81507077886974
2024-07-07 09:00:00,122.81507077886974
2024-07-07 10:00:00,122.81507077886974
2024-07-07 11:00:00,122.81507077886974
2024-07-07 12:00:00,122.81507077886974
2024-07-07 13:00:00,122.81507077886974
2024-07-07 14:00:00,122.81507077886974
2024-07-07 15:00:00,122.81507077886974
2024-07-07 16:00:00,122.81507077886974
2024-07-07 17:00:00,122.81507077886974
2024-07-07 18:00:00,122.81507077886974
2024-07-07 19:00:00,122.81507077886974
2024-07-07 20:00:00,122.81507077886974
2024-07-07 21:00:00,122.81507077886974
2024-07-07 22:00:00,122.81507077886974
2024-07-07 23:00:00,122.81507077886974
2024-07-08 00:00:00,122.81507077886974
2024-07-08 01:00:00,122.81507077886974
2024-07-08 02:00:00,122.81507077886974
2024-07-08 03:00:00,122.81507077886974
2024-07-08 04:00:00,122.81507077886974
2024-07-08 05:00:00,122.81507077886974
2024-07-08 06:00:00,122.81507077886974
2024-07-08 07:00:00,122.81507077886974
2024-07-08 08:00:00,122.81507077886974
2024-07-08 09:00:00,122.81507077886974
2024-07-08 10:00:00,122.81507077886974
2024-07-08 11:00:00,122.81507077886974
2024-07-08 12:00:00,122.81507077886974
2024-07-08 13:00:00,122.81507077886974
2024-07-08 14:00:00,122.81507077886974
2024-07-08 15:00:00,122.81507077886974
2024-07-08 16:00:00,122.81507077886974
2024-07-08 17:00:00,122.81507077886974
2024-07-08 18:00:00,122.81507077886974
2024-07-08 19:00:00,122.81507077886974
2024-07-08 20:00:00,122.81507077886974
2024-07-08 21:00:00,122.81507077886974
2024-07-08 22:00:00,122.81507077886974
2024-07-08 23:00:00,122.81507077886974
2024-07-09 00:00:00,122.81507077886974
2024-07-09 01:00:00,122.81507077886974
2024-07-09 02:00:00,122.81507077886974
2024-07-09 03:00:00,122.81507077886974
2024-07-09 04:00:00,122.81507077886974
2024-07-09 05:00:00,122.81507077886974
2024-07-09 06:00:00,122.81507077886974
2024-07-09 07:00:00,122.81507077886974
2024-07-09 08:00:00,122.81507077886974
2024-07-09 09:00:00,122.81507077886974
2024-07-09 10:00:00,122.81507077886974
2024-07-09 11:00:00,122.81507077886974
2024-07-09 12:00:00,122.81507077886974
2024-07-09 13:00:00,122.81507077886974
2024-07-09 14:00:00,122.81507077886974
2024-07-09 15:00:00,122.81507077886974
2024-07-09 16:00:00,122.81507077886974
2024-07-09 17:00:00,122.81507077886974
2024-07-09 18:00:00,122.81507077886974
2024-07-09 19:00:00,122.81507077886974
2024-07-09 20:00:00,122.81507077886974
2024-07-09 21:00:00,122.81507077886974
2024-07-09 22:00:00,122.81507077886974
2024-07-09 23:00:00,122.81507077886974
2024-07-10 00:00:00,122.81507077886974
2024-07-10 01:00:00,122.81507077886974
2024-07-10 02:00:00,122.81507077886974
2024-07-10 03:00:00,122.81507077886974
2024-07-10 04:00:00,122.81507077886974
2024-07-10 05:00:00,122.81507077886974
2024-07-10 06:00:00,122.81507077886974
2024-07-10 07:00:00,122.81507077886974
2024-07-10 08:00:00,122.81507077886974
2024-07-10 09:00:00,122.81507077886974
2024-07-10 10:00:00,122.81507077886974
2024-07-10 11:00:00,122.81507077886974
2024-07-10 12:00:00,122.81507077886974
2024-07-10 13:00:00,122.81507077886974
2024-07-10 14:00:00,122.81507077886974
2024-07-10 15:00:00,122.81507077886974
2024-07-10 16:00:00,122.81507077886974
2024-07-10 17:00:00,122.81507077886974
2024-07-10 18:00:00,122.81507077886974
2024-07-10 19:00:00,122.81507077886974
2024-07-10 20:00:00,122.81507077886974
2024-07-10 21:00:00,122.81507077886974
2024-07-10 22:00:00,122.81507077886974
2024-07-10 23:00:00,122.81507077886974
2024-07-11 00:00:00,122.81507077886974
2024-07-11 01:00:00,122.81507077886974
2024-07-11 02:00:00,122.81507077886974
2024-07-11 03:00:00,122.81507077886974
2024-07-11 04:00:00,122.81507077886974
2024-07-11 05:00:00,122.81507077886974
2024-07-11 06:00:00,122.81507077886974
2024-07-11 07:00:00,122.81507077886974
2024-07-11 08:00:00,122.81507077886974
2024-07-11 09:00:00,122.81507077886974
2024-07-11 10:00:00,122.81507077886974
2024-07-11 11:00:00,122.81507077886974
2024-07-11 12:00:00,122.81507077886974
2024-07-11 13:00:00,122.81507077886974
2024-07-11 14:00:00,122.81507077886974
2024-07-11 15:00:00,122.81507077886974
2024-07-11 16:00:00,122.81507077886974
2024-07-11 17:00:00,122.81507077886974
2024-07-11 18:00:00,122.81507077886974
2024-07-11 19:00:00,122.81507077886974
2024-07-11 20:00:00,122.81507077886974
2024-07-11 21:00:00,122.81507077886974
2024-07-11 22:00:00,122.81507077886974
2024-07-11 23:00:00,122.81507077886974
2024-07-12 00:00:00,122.81507077886974
2024-07-12 01:00:00,122.81507077886974
2024-07-12 02:00:00,122.81507077886974
2024-07-12 03:00:00,122.81507077886974
2024-07-12 04:00:00,122.81507077886974
2024-07-12 05:00:00,122.81507077886974
2024-07-12 06:00:00,122.81507077886974
2024-07-12 07:00:00,122.81507077886974
2024-07-12 08:00:00,122.81507077886974
2024-07-12 09:00:00,122.81507077886974
2024-07-12 10:00:00,122.81507077886974
2024-07-12 11:00:00,122.81507077886974
2024-07-12 12:00:00,122.81507077886974
2024-07-12 13:00:00,122.81507077886974
2024-07-12 14:00:00,122.81507077886974
2024-07-12 15:00:00,122.81507077886974
2024-07-12 16:00:00,122.81507077886974
2024-07-12 17:00:00,122.81507077886974
2024-07-12 18:00:00,122.81507077886974
2024-07-12 19:00:00,122.81507077886974
2024-07-12 20:00:00,122.81507077886974
2024-07-12 21:00:00,122.81507077886974
2024-07-12 22:00:00,122.81507077886974
2024-07-12 23:00:00,122.81507077886974
2024-07-13 00:00:00,122.81507077886974
2024-07-13 01:00:00,122.81507077886974
2024-07-13 02:00:00,122.81507077886974
2024-07-13 03:00:00,122.81507077886974
2024-07-13 04:00:00,122.81507077886974
2024-07-13 05:00:00,122.81507077886974
2024-07-13 06:00:00,122.81507077886974
2024-07-13 07:00:00,122.81507077886974
2024-07-13 08:00:00,122.81507077886974
2024-07-13 09:00:00,122.81507077886974
2024-07-13 10:00:00,122.81507077886974
2024-07-13 11:00:00,122.81507077886974
2024-07-13 12:00:00,122.81507077886974
2024-07-13 13:00:00,122.81507077886974
2024-07-13 14:00:00,122.81507077886974
2024-07-13 15:00:00,122.81507077886974
2024-07-13 16:00:00,122.81507077886974
2024-07-13 17:00:00,122.81507077886974
2024-07-13 18:00:00,122.81507077886974
2024-07-13 19:00:00,122.81507077886974
2024-07-13 20:00:00,122.81507077886974
2024-07-13 21:00:00,122.81507077886974
2024-07-13 22:00:00,122.81507077886974
2024-07-13 23:00:00,122.81507077886974
2024-07-14 00:00:00,122.81507077886974
2024-07-14 01:00:00,122.81507077886974
2024-07-14 02:00:00,122.81507077886974
2024-07-14 03:00:00,122.81507077886974
2024-07-14 04:00:00,122.81507077886974
2024-07-14 05:00:00,122.81507077886974
2024-07-14 06:00:00,122.81507077886974
2024-07-14 07:00:00,122.81507077886974
2024-07-14 08:00:00,122.81507077886974
2024-07-14 09:00:00,122.81507077886974
2024-07-14 10:00:00,122.81507077886974
2024-07-14 11:00:00,122.81507077886974
2024-07-14 12:00:00,122.81507077886974
2024-07-14 13:00:00,122.81507077886974
2024-07-14 14:00:00,122.81507077886974
2024-07-14 15:00:00,122.81507077886974
2024-07-14 16:00:00,122.81507077886974
2024-07-14 17:00:00,122.81507077886974
2024-07-14 18:00:00,122.81507077886974
2024-07-14 19:00:00,122.81507077886974
2024-07-14 20:00:00,122.81507077886974
2024-07-14 21:00:00,122.81507077886974
2024-07-14 22:00:00,122.81507077886974
2024-07-14 23:00:00,122.81507077886974
2024-07-15 00:00:00,122.81507077886974
2024-07-15 01:00:00,122.81507077886974
2024-07-15 02:00:00,122.81507077886974
2024-07-15 03:00:00,122.81507077886974
2024-07-15 04:00:00,122.81507077886974
2024-07-15 05:00:00,122.81507077886974
2024-07-15 06:00:00,122.81507077886974
2024-07-15 07:00:00,122.81507077886974
2024-07-15 08:00:00,122.81507077886974
2024-07-15 09:00:00,122.81507077886974
2024-07-15 10:00:00,122.81507077886974
2024-07-15 11:00:00,122.81507077886974
2024-07-15 12:00:00,122.81507077886974
2024-07-15 13:00:00,122.81507077886974
2024-07-15 14:00:00,122.81507077886974
2024-07-15 15:00:00,122.81507077886974
2024-07-15 16:00:00,122.81507077886974
2024-07-15 17:00:00,122.81507077886974
2024-07-15 18:00:00,122.81507077886974
2024-07-15 19:00:00,122.81507077886974
2024-07-15 20:00:00,122.81507077886974
2024-07-15 21:00:00,122.81507077886974
2024-07-15 22:00:00,122.81507077886974
2024-07-15 23:00:00,122.81507077886974
2024-07-16 00:00:00,122.81507077886974
2024-07-16 01:00:00,122.81507077886974
2024-07-16 02:00:00,122.81507077886974
2024-07-16 03:00:00,122.81507077886974
2024-07-16 04:00:00,122.81507077886974
2024-07-16 05:00:00,122.81507077886974
2024-07-16 06:00:00,122.81507077886974
2024-07-16 07:00:00,122.81507077886974
2024-07-16 08:00:00,122.81507077886974
2024-07-16 09:00:00,122.81507077886974
2024-07-16 10:00:00,122.81507077886974
2024-07-16 11:00:00,122.81507077886974
2024-07-16 12:00:00,122.81507077886974
2024-07-16 13:00:00,122.81507077886974
2024-07-16 14:00:00,122.81507077886974
2024-07-16 15:00:00,122.81507077886974
2024-07-16 16:00:00,122.81507077886974
2024-07-16 17:00:00,122.81507077886974
2024-07-16 18:00:00,122.81507077886974
2024-07-16 19:00:00,122.81507077886974
2024-07-16 20:00:00,122.81507077886974
2024-07-16 21:00:00,122.81507077886974
2024-07-16 22:00:00,122.81507077886974
2024-07-16 23:00:00,122.81507077886974
2024-07-17 00:00:00,122.81507077886974
2024-07-17 01:00:00,122.81507077886974
2024-07-17 02:00:00,122.81507077886974
2024-07-17 03:00:00,122.81507077886974
2024-07-17 04:00:00,122.81507077886974
2024-07-17 05:00:00,122.81507077886974
2024-07-17 06:00:00,122.81507077886974
2024-07-17 07:00:00,122.81507077886974
2024-07-17 08:00:00,122.81507077886974
2024-07-17 09:00:00,122.81507077886974
2024-07-17 10:00:00,122.81507077886974
2024-07-17 11:00:00,122.81507077886974
2024-07-17 12:00:00,122.81507077886974
2024-07-17 13:00:00,122.81507077886974
2024-07-17 14:00:00,122.81507077886974
2024-07-17 15:00:00,122.81507077886974
2024-07-17 16:00:00,122.81507077886974
2024-07-17 17:00:00,122.81507077886974
2024-07-17 18:00:00,122.81507077886974
2024-07-17 19:00:00,122.81507077886974
2024-07-17 20:00:00,122.81507077886974
2024-07-17 21:00:00,122.81507077886974
2024-07-17 22:00:00,122.81507077886974
2024-07-17 23:00:00,122.81507077886974
2024-07-18 00:00:00,122.81507077886974
2024-07-18 01:00:00,122.81507077886974
2024-07-18 02:00:00,122.81507077886974
2024-07-18 03:00:00,122.81507077886974
2024-07-18 04:00:00,122.81507077886974
2024-07-18 05:00:00,122.81507077886974
2024-07-18 06:00:00,122.81507077886974
2024-07-18 07:00:00,122.81507077886974
2024-07-18 08:00:00,122.81507077886974
2024-07-18 09:00:00,122.81507077886974
2024-07-18 10:00:00,122.81507077886974
2024-07-18 11:00:00,122.81507077886974
2024-07-18 12:00:00,122.81507077886974
2024-07-18 13:00:00,122.81507077886974
2024-07-18 14:00:00,122.81507077886974
2024-07-18 15:00:00,122.81507077886974
2024-07-18 16:00:00,122.81507077886974
2024-07-18 17:00:00,122.81507077886974
2024-07-18 18:00:00,122.81507077886974
2024-07-18 19:00:00,122.81507077886974
2024-07-18 20:00:00,122.81507077886974
2024-07-18 21:00:00,122.81507077886974
2024-07-18 22:00:00,122.81507077886974
2024-07-18 23:00:00,122.81507077886974
2024-07-19 00:00:00,122.81507077886974
2024-07-19 01:00:00,122.81507077886974
2024-07-19 02:00:00,122.81507077886974
2024-07-19 03:00:00,122.81507077886974
2024-07-19 04:00:00,122.81507077886974
2024-07-19 05:00:00,122.81507077886974
2024-07-19 06:00:00,122.81507077886974
2024-07-19 07:00:00,122.81507077886974
2024-07-19 08:00:00,122.81507077886974
2024-07-19 09:00:00,122.81507077886974
2024-07-19 10:00:00,122.81507077886974
2024-07-19 11:00:00,122.81507077886974
2024-07-19 12:00:00,122.81507077886974
2024-07-19 13:00:00,122.81507077886974
2024-07-19 14:00:00,122.81507077886974
2024-07-19 15:00:00,122.81507077886974
2024-07-19 16:00:00,122.81507077886974
2024-07-19 17:00:00,122.81507077886974
2024-07-19 18:00:00,122.81507077886974
2024-07-19 19:00:00,122.81507077886974
2024-07-19 20:00:00,122.81507077886974
2024-07-19 21:00:00,122.81507077886974
2024-07-19 22:00:00,122.81507077886974
2024-07-19 23:00:00,122.81507077886974
2024-07-20 00:00:00,122.81507077886974
2024-07-20 01:00:00,122.81507077886974
2024-07-20 02:00:00,122.81507077886974
2024-07-20 03:00:00,122.81507077886974
2024-07-20 04:00:00,122.81507077886974
2024-07-20 05:00:00,122.81507077886974
2024-07-20 06:00:00,122.81507077886974
2024-07-20 07:00:00,122.81507077886974
2024-07-20 08:00:00,122.81507077886974
2024-07-20 09:00:00,122.81507077886974
2024-07-20 10:00:00,122.81507077886974
2024-07-20 11:00:00,122.81507077886974
2024-07-20 12:00:00,122.81507077886974
2024-07-20 13:00:00,122.81507077886974
2024-07-20 14:00:00,122.81507077886974
2024-07-20 15:00:00,122.81507077886974
2024-07-20 16:00:00,122.81507077886974
2024-07-20 17:00:00,122.81507077886974
2024-07-20 18:00:00,122.81507077886974
2024-07-20 19:00:00,122.81507077886974
2024-07-20 20:00:00,122.81507077886974
2024-07-20 21:00:00,122.81507077886974
2024-07-20 22:00:00,122.81507077886974
2024-07-20 23:00:00,122.81507077886974
2024-07-21 00:00:00,122.81507077886974
2024-07-21 01:00:00,122.81507077886974
2024-07-21 02:00:00,122.81507077886974
2024-07-21 03:00:00,122.81507077886974
2024-07-21 04:00:00,122.81507077886974
2024-07-21 05:00:00,122.81507077886974
2024-07-21 06:00:00,122.81507077886974
2024-07-21 07:00:00,122.81507077886974
2024-07-21 08:00:00,122.81507077886974
2024-07-21 09:00:00,122.81507077886974
2024-07-21 10:00:00,122.81507077886974
2024-07-21 11:00:00,122.81507077886974
2024-07-21 12:00:00,122.81507077886974
2024-07-21 13:00:00,122.81507077886974
2024-07-21 14:00:00,122.81507077886974
2024-07-21 15:00:00,122.81507077886974
2024-07-21 16:00:00,122.81507077886974
2024-07-21 17:00:00,122.81507077886974
2024-07-21 18:00:00,122.81507077886974
2024-07-21 19:00:00,122.81507077886974
2024-07-21 20:00:00,122.81507077886974
2024-07-21 21:00:00,122.81507077886974
2024-07-21 22:00:00,122.81507077886974
2024-07-21 23:00:00,122.81507077886974
2024-07-22 00:00:00,122.81507077886974
2024-07-22 01:00:00,122.81507077886974
2024-07-22 02:00:00,122.81507077886974
2024-07-22 03:00:00,122.81507077886974
2024-07-22 04:00:00,122.81507077886974
2024-07-22 05:00:00,122.81507077886974
2024-07-22 06:00:00,122.81507077886974
2024-07-22 07:00:00,122.81507077886974
2024-07-22 08:00:00,122.81507077886974
2024-07-22 09:00:00,122.81507077886974
2024-07-22 10:00:00,122.81507077886974
2024-07-22 11:00:00,122.81507077886974
2024-07-22 12:00:00,122.81507077886974
2024-07-22 13:00:00,122.81507077886974
2024-07-22 14:00:00,122.81507077886974
2024-07-22 15:00:00,122.81507077886974
2024-07-22 16:00:00,122.81507077886974
2024-07-22 17:00:00,122.81507077886974
2024-07-22 18:00:00,122.81507077886974
2024-07-22 19:00:00,122.81507077886974
2024-07-22 20:00:00,122.81507077886974
2024-07-22 21:00:00,122.81507077886974
2024-07-22 22:00:00,122.81507077886974
2024-07-22 23:00:00,122.81507077886974
2024-07-23 00:00:00,122.81507077886974
2024-07-23 01:00:00,122.81507077886974
2024-07-23 02:00:00,122.81507077886974
2024-07-23 03:00:00,122.81507077886974
2024-07-23 04:00:00,122.81507077886974
2024-07-23 05:00:00,122.81507077886974
2024-07-23 06:00:00,122.81507077886974
2024-07-23 07:00:00,122.81507077886974
2024-07-23 08:00:00,122.81507077886974
2024-07-23 09:00:00,122.81507077886974
2024-07-23 10:00:00,122.81507077886974
2024-07-23 11:00:00,122.81507077886974
2024-07-23 12:00:00,122.81507077886974
2024-07-23 13:00:00,122.81507077886974
2024-07-23 14:00:00,122.81507077886974
2024-07-23 15:00:00,122.81507077886974
2024-07-23 16:00:00,122.81507077886974
2024-07-23 17:00:00,122.81507077886974
2024-07-23 18:00:00,122.81507077886974
2024-07-23 19:00:00,122.81507077886974
2024-07-23 20:00:00,122.81507077886974
2024-07-23 21:00:00,122.81507077886974
2024-07-23 22:00:00,122.81507077886974
2024-07-23 23:00:00,122.81507077886974
2024-07-24 00:00:00,122.81507077886974
2024-07-24 01:00:00,122.81507077886974
2024-07-24 02:00:00,122.81507077886974
2024-07-24 03:00:00,122.81507077886974
2024-07-24 04:00:00,122.81507077886974
2024-07-24 05:00:00,122.81507077886974
2024-07-24 06:00:00,122.81507077886974
2024-07-24 07:00:00,122.81507077886974
2024-07-24 08:00:00,122.81507077886974
2024-07-24 09:00:00,122.81507077886974
2024-07-24 10:00:00,122.81507077886974
2024-07-24 11:00:00,122.81507077886974
2024-07-24 12:00:00,122.81507077886974
2024-07-24 13:00:00,122.81507077886974
2024-07-24 14:00:00,122.81507077886974
2024-07-24 15:00:00,122.81507077886974
2024-07-24 16:00:00,122.81507077886974
2024-07-24 17:00:00,122.81507077886974
2024-07-24 18:00:00,122.81507077886974
2024-07-24 19:00:00,122.81507077886974
2024-07-24 20:00:00,122.81507077886974
2024-07-24 21:00:00,122.81507077886974
2024-07-24 22:00:00,122.81507077886974
2024-07-24 23:00:00,122.81507077886974
2024-07-25 00:00:00,122.81507077886974
2024-07-25 01:00:00,122.81507077886974
2024-07-25 02:00:00,122.81507077886974
2024-07-25 03:00:00,122.81507077886974
2024-07-25 04:00:00,122.81507077886974
2024-07-25 05:00:00,122.81507077886974
2024-07-25 06:00:00,122.81507077886974
2024-07-25 07:00:00,122.81507077886974
2024-07-25 08:00:00,122.81507077886974
2024-07-25 09:00:00,122.81507077886974
2024-07-25 10:00:00,122.81507077886974
2024-07-25 11:00:00,122.81507077886974
2024-07-25 12:00:00,122.81507077886974
2024-07-25 13:00:00,122.81507077886974
2024-07-25 14:00:00,122.81507077886974
2024-07-25 15:00:00,122.81507077886974
2024-07-25 16:00:00,122.81507077886974
2024-07-25 17:00:00,122.81507077886974
2024-07-25 18:00:00,122.81507077886974
2024-07-25 19:00:00,122.81507077886974
2024-07-25 20:00:00,122.81507077886974
2024-07-25 21:00:00,122.81507077886974
2024-07-25 22:00:00,122.81507077886974
2024-07-25 23:00:00,122.81507077886974
2024-07-26 00:00:00,122.81507077886974
2024-07-26 01:00:00,122.81507077886974
2024-07-26 02:00:00,122.81507077886974
2024-07-26 03:00:00,122.81507077886974
2024-07-26 04:00:00,122.81507077886974
2024-07-26 05:00:00,122.81507077886974
2024-07-26 06:00:00,122.81507077886974
2024-07-26 07:00:00,122.81507077886974
2024-07-26 08:00:00,122.81507077886974
2024-07-26 09:00:00,122.81507077886974
2024-07-26 10:00:00,122.81507077886974
2024-07-26 11:00:00,122.81507077886974
2024-07-26 12:00:00,122.81507077886974
2024-07-26 13:00:00,122.81507077886974
2024-07-26 14:00:00,122.81507077886974
2024-07-26 15:00:00,122.81507077886974
2024-07-26 16:00:00,122.81507077886974
2024-07-26 17:00:00,122.81507077886974
2024-07-26 18:00:00,122.81507077886974
2024-07-26 19:00:00,122.81507077886974
2024-07-26 20:00:00,122.81507077886974
2024-07-26 21:00:00,122.81507077886974
2024-07-26 22:00:00,122.81507077886974
2024-07-26 23:00:00,122.81507077886974
2024-07-27 00:00:00,122.81507077886974
2024-07-27 01:00:00,122.81507077886974
2024-07-27 02:00:00,122.81507077886974
2024-07-27 03:00:00,122.81507077886974
2024-07-27 04:00:00,122.81507077886974
2024-07-27 05:00:00,122.81507077886974
2024-07-27 06:00:00,122.81507077886974
2024-07-27 07:00:00,122.81507077886974
2024-07-27 08:00:00,122.81507077886974
2024-07-27 09:00:00,122.81507077886974
2024-07-27 10:00:00,122.81507077886974
2024-07-27 11:00:00,122.81507077886974
2024-07-27 12:00:00,122.81507077886974
2024-07-27 13:00:00,122.81507077886974
2024-07-27 14:00:00,122.81507077886974
2024-07-27 15:00:00,122.81507077886974
2024-07-27 16:00:00,122.81507077886974
2024-07-27 17:00:00,122.81507077886974
2024-07-27 18:00:00,122.81507077886974
2024-07-27 19:00:00,122.81507077886974
2024-07-27 20:00:00,122.81507077886974
2024-07-27 21:00:00,122.81507077886974
2024-07-27 22:00:00,122.81507077886974
2024-07-27 23:00:00,122.81507077886974
2024-07-28 00:00:00,122.81507077886974
2024-07-28 01:00:00,122.81507077886974
2024-07-28 02:00:00,122.81507077886974
2024-07-28 03:00:00,122.81507077886974
2024-07-28 04:00:00,122.81507077886974
2024-07-28 05:00:00,122.81507077886974
2024-07-28 06:00:00,122.81507077886974
2024-07-28 07:00:00,122.81507077886974
2024-07-28 08:00:00,122.81507077886974
2024-07-28 09:00:00,122.81507077886974
2024-07-28 10:00:00,122.81507077886974
2024-07-28 11:00:00,122.81507077886974
2024-07-28 12:00:00,122.81507077886974
2024-07-28 13:00:00,122.81507077886974
2024-07-28 14:00:00,122.81507077886974
2024-07-28 15:00:00,122.81507077886974
2024-07-28 16:00:00,122.81507077886974
2024-07-28 17:00:00,122.81507077886974
2024-07-28 18:00:00,122.81507077886974
2024-07-28 19:00:00,122.81507077886974
2024-07-28 20:00:00,122.81507077886974
2024-07-28 21:00:00,122.81507077886974
2024-07-28 22:00:00,122.81507077886974
2024-07-28 23:00:00,122.81507077886974
2024-07-29 00:00:00,122.81507077886974
2024-07-29 01:00:00,122.81507077886974
2024-07-29 02:00:00,122.81507077886974
2024-07-29 03:00:00,122.81507077886974
2024-07-29 04:00:00,122.81507077886974
2024-07-29 05:00:00,122.81507077886974
2024-07-29 06:00:00,122.81507077886974
2024-07-29 07:00:00,122.81507077886974
2024-07-29 08:00:00,122.81507077886974
2024-07-29 09:00:00,122.81507077886974
2024-07-29 10:00:00,122.81507077886974
2024-07-29 11:00:00,122.81507077886974
2024-07-29 12:00:00,122.81507077886974
2024-07-29 13:00:00,122.81507077886974
2024-07-29 14:00:00,122.81507077886974
2024-07-29 15:00:00,122.81507077886974
2024-07-29 16:00:00,122.81507077886974
2024-07-29 17:00:00,122.81507077886974
2024-07-29 18:00:00,122.81507077886974
2024-07-29 19:00:00,122.81507077886974
2024-07-29 20:00:00,122.81507077886974
2024-07-29 21:00:00,122.81507077886974
2024-07-29 22:00:00,122.81507077886974
2024-07-29 23:00:00,122.81507077886974
2024-07-30 00:00:00,122.81507077886974
2024-07-30 01:00:00,122.81507077886974
2024-07-30 02:00:00,122.81507077886974
2024-07-30 03:00:00,122.81507077886974
2024-07-30 04:00:00,122.81507077886974
2024-07-30 05:00:00,122.81507077886974
2024-07-30 06:00:00,122.81507077886974
2024-07-30 07:00:00,122.81507077886974
2024-07-30 08:00:00,122.81507077886974
2024-07-30 09:00:00,122.81507077886974
2024-07-30 10:00:00,122.81507077886974
2024-07-30 11:00:00,122.81507077886974
2024-07-30 12:00:00,122.81507077886974
2024-07-30 13:00:00,122.81507077886974
2024-07-30 14:00:00,122.81507077886974
2024-07-30 15:00:00,122.81507077886974
2024-07-30 16:00:00,122.81507077886974
2024-07-30 17:00:00,122.81507077886974
2024-07-30 18:00:00,122.81507077886974
2024-07-30 19:00:00,122.81507077886974
2024-07-30 20:00:00,122.81507077886974
2024-07-30 21:00:00,122.81507077886974
2024-07-30 22:00:00,122.81507077886974
2024-07-30 23:00:00,122.81507077886974
2024-07-31 00:00:00,122.81507077886974
2024-07-31 01:00:00,122.81507077886974
2024-07-31 02:00:00,122.81507077886974
2024-07-31 03:00:00,122.81507077886974
2024-07-31 04:00:00,122.81507077886974
2024-07-31 05:00:00,122.81507077886974
2024-07-31 06:00:00,122.81507077886974
2024-07-31 07:00:00,122.81507077886974
2024-07-31 08:00:00,122.81507077886974
2024-07-31 09:00:00,122.81507077886974
2024-07-31 10:00:00,122.81507077886974
2024-07-31 11:00:00,122.81507077886974
2024-07-31 12:00:00,122.81507077886974
2024-07-31 13:00:00,122.81507077886974
2024-07-31 14:00:00,122.81507077886974
2024-07-31 15:00:00,122.81507077886974
2024-07-31 16:00:00,122.81507077886974
2024-07-31 17:00:00,122.81507077886974
2024-07-31 18:00:00,122.81507077886974
2024-07-31 19:00:00,122.81507077886974
2024-07-31 20:00:00,122.81507077886974
2024-07-31 21:00:00,122.81507077886974
2024-07-31 22:00:00,122.81507077886974
2024-07-31 23:00:00,122.81507077886974
2024-08-01 00:00:00,122.81507077886974
2024-08-01 01:00:00,122.81507077886974
2024-08-01 02:00:00,122.81507077886974
2024-08-01 03:00:00,122.81507077886974
2024-08-01 04:00:00,122.81507077886974
2024-08-01 05:00:00,122.81507077886974
2024-08-01 06:00:00,122.81507077886974
2024-08-01 07:00:00,122.81507077886974
2024-08-01 08:00:00,122.81507077886974
2024-08-01 09:00:00,122.81507077886974
2024-08-01 10:00:00,122.81507077886974
2024-08-01 11:00:00,122.81507077886974
2024-08-01 12:00:00,122.81507077886974
2024-08-01 13:00:00,122.81507077886974
2024-08-01 14:00:00,122.81507077886974
2024-08-01 15:00:00,122.81507077886974
2024-08-01 16:00:00,122.81507077886974
2024-08-01 17:00:00,122.81507077886974
2024-08-01 18:00:00,122.81507077886974
2024-08-01 19:00:00,122.81507077886974
2024-08-01 20:00:00,122.81507077886974
2024-08-01 21:00:00,122.81507077886974
2024-08-01 22:00:00,122.81507077886974
2024-08-01 23:00:00,122.81507077886974
2024-08-02 00:00:00,122.81507077886974
2024-08-02 01:00:00,122.81507077886974
2024-08-02 02:00:00,122.81507077886974
2024-08-02 03:00:00,122.81507077886974
2024-08-02 04:00:00,122.81507077886974
2024-08-02 05:00:00,122.81507077886974
2024-08-02 06:00:00,122.81507077886974
2024-08-02 07:00:00,122.81507077886974
2024-08-02 08:00:00,122.81507077886974
2024-08-02 09:00:00,122.81507077886974
2024-08-02 10:00:00,122.81507077886974
2024-08-02 11:00:00,122.81507077886974
2024-08-02 12:00:00,122.81507077886974
2024-08-02 13:00:00,122.81507077886974
2024-08-02 14:00:00,122.81507077886974
2024-08-02 15:00:00,122.81507077886974
2024-08-02 16:00:00,122.81507077886974
2024-08-02 17:00:00,122.81507077886974
2024-08-02 18:00:00,122.81507077886974
2024-08-02 19:00:00,122.81507077886974
2024-08-02 20:00:00,122.81507077886974
2024-08-02 21:00:00,122.81507077886974
2024-08-02 22:00:00,122.81507077886974
2024-08-02 23:00:00,122.81507077886974
2024-08-03 00:00:00,122.81507077886974
2024-08-03 01:00:00,122.81507077886974
2024-08-03 02:00:00,122.81507077886974
2024-08-03 03:00:00,122.81507077886974
2024-08-03 04:00:00,122.81507077886974
2024-08-03 05:00:00,122.81507077886974
2024-08-03 06:00:00,122.81507077886974
2024-08-03 07:00:00,122.81507077886974
2024-08-03 08:00:00,122.81507077886974
2024-08-03 09:00:00,122.81507077886974
2024-08-03 10:00:00,122.81507077886974
2024-08-03 11:00:00,122.81507077886974
2024-08-03 12:00:00,122.81507077886974
2024-08-03 13:00:00,122.81507077886974
2024-08-03 14:00:00,122.81507077886974
2024-08-03 15:00:00,122.81507077886974
2024-08-03 16:00:00,122.81507077886974
2024-08-03 17:00:00,122.81507077886974
2024-08-03 18:00:00,122.81507077886974
2024-08-03 19:00:00,122.81507077886974
2024-08-03 20:00:00,122.81507077886974
2024-08-03 21:00:00,122.81507077886974
2024-08-03 22:00:00,122.81507077886974
2024-08-03 23:00:00,122.81507077886974
2024-08-04 00:00:00,122.81507077886974
2024-08-04 01:00:00,122.81507077886974
2024-08-04 02:00:00,122.81507077886974
2024-08-04 03:00:00,122.81507077886974
2024-08-04 04:00:00,122.81507077886974
2024-08-04 05:00:00,122.81507077886974
2024-08-04 06:00:00,122.81507077886974
2024-08-04 07:00:00,122.81507077886974
2024-08-04 08:00:00,122.81507077886974
2024-08-04 09:00:00,122.81507077886974
2024-08-04 10:00:00,122.81507077886974
2024-08-04 11:00:00,122.81507077886974
2024-08-04 12:00:00,122.81507077886974
2024-08-04 13:00:00,122.81507077886974
2024-08-04 14:00:00,122.81507077886974
2024-08-04 15:00:00,122.81507077886974
2024-08-04 16:00:00,122.81507077886974
2024-08-04 17:00:00,122.81507077886974
2024-08-04 18:00:00,122.81507077886974
2024-08-04 19:00:00,122.81507077886974
2024-08-04 20:00:00,122.81507077886974
2024-08-04 21:00:00,122.81507077886974
2024-08-04 22:00:00,122.81507077886974
2024-08-04 23:00:00,122.81507077886974
2024-08-05 00:00:00,122.81507077886974
2024-08-05 01:00:00,122.81507077886974
2024-08-05 02:00:00,122.81507077886974
2024-08-05 03:00:00,122.81507077886974
2024-08-05 04:00:00,122.81507077886974
2024-08-05 05:00:00,122.81507077886974
2024-08-05 06:00:00,122.81507077886974
2024-08-05 07:00:00,122.81507077886974
2024-08-05 08:00:00,122.81507077886974
2024-08-05 09:00:00,122.81507077886974
2024-08-05 10:00:00,122.81507077886974
2024-08-05 11:00:00,122.81507077886974
2024-08-05 12:00:00,122.81507077886974
2024-08-05 13:00:00,122.81507077886974
2024-08-05 14:00:00,122.81507077886974
2024-08-05 15:00:00,122.81507077886974
2024-08-05 16:00:00,122.81507077886974
2024-08-05 17:00:00,122.81507077886974
2024-08-05 18:00:00,122.81507077886974
2024-08-05 19:00:00,122.81507077886974
2024-08-05 20:00:00,122.81507077886974
2024-08-05 21:00:00,122.81507077886974
2024-08-05 22:00:00,122.81507077886974
2024-08-05 23:00:00,122.81507077886974
2024-08-06 00:00:00,122.81507077886974
2024-08-06 01:00:00,122.81507077886974
2024-08-06 02:00:00,122.81507077886974
2024-08-06 03:00:00,122.81507077886974
2024-08-06 04:00:00,122.81507077886974
2024-08-06 05:00:00,122.81507077886974
2024-08-06 06:00:00,122.81507077886974
2024-08-06 07:00:00,122.81507077886974
2024-08-06 08:00:00,122.81507077886974
2024-08-06 09:00:00,122.81507077886974
2024-08-06 10:00:00,122.81507077886974
2024-08-06 11:00:00,122.81507077886974
2024-08-06 12:00:00,122.81507077886974
2024-08-06 13:00:00,122.81507077886974
2024-08-06 14:00:00,122.81507077886974
2024-08-06 15:00:00,122.81507077886974
2024-08-06 16:00:00,122.81507077886974
2024-08-06 17:00:00,122.81507077886974
2024-08-06 18:00:00,122.81507077886974
2024-08-06 19:00:00,122.81507077886974
2024-08-06 20:00:00,122.81507077886974
2024-08-06 21:00:00,122.81507077886974
2024-08-06 22:00:00,122.81507077886974
2024-08-06 23:00:00,122.81507077886974
2024-08-07 00:00:00,122.81507077886974
2024-08-07 01:00:00,122.81507077886974
2024-08-07 02:00:00,122.81507077886974
2024-08-07 03:00:00,122.81507077886974
2024-08-07 04:00:00,122.81507077886974
2024-08-07 05:00:00,122.81507077886974
2024-08-07 06:00:00,122.81507077886974
2024-08-07 07:00:00,122.81507077886974
2024-08-07 08:00:00,122.81507077886974
2024-08-07 09:00:00,122.81507077886974
2024-08-07 10:00:00,122.81507077886974
2024-08-07 11:00:00,122.81507077886974
2024-08-07 12:00:00,122.81507077886974
2024-08-07 13:00:00,122.81507077886974
2024-08-07 14:00:00,122.81507077886974
2024-08-07 15:00:00,122.81507077886974
2024-08-07 16:00:00,122.81507077886974
2024-08-07 17:00:00,122.81507077886974
2024-08-07 18:00:00,122.81507077886974
2024-08-07 19:00:00,122.81507077886974
2024-08-07 20:00:00,122.81507077886974
2024-08-07 21:00:00,122.81507077886974
2024-08-07 22:00:00,122.81507077886974
2024-08-07 23:00:00,122.81507077886974
2024-08-08 00:00:00,122.81507077886974
2024-08-08 01:00:00,122.81507077886974
2024-08-08 02:00:00,122.81507077886974
2024-08-08 03:00:00,122.81507077886974
2024-08-08 04:00:00,122.81507077886974
2024-08-08 05:00:00,122.81507077886974
2024-08-08 06:00:00,122.81507077886974
2024-08-08 07:00:00,122.81507077886974
2024-08-08 08:00:00,122.81507077886974
2024-08-08 09:00:00,122.81507077886974
2024-08-08 10:00:00,122.81507077886974
2024-08-08 11:00:00,122.81507077886974
2024-08-08 12:00:00,122.81507077886974
2024-08-08 13:00:00,122.81507077886974
2024-08-08 14:00:00,122.81507077886974
2024-08-08 15:00:00,122.81507077886974
2024-08-08 16:00:00,122.81507077886974
2024-08-08 17:00:00,122.81507077886974
2024-08-08 18:00:00,122.81507077886974
2024-08-08 19:00:00,122.81507077886974
2024-08-08 20:00:00,122.81507077886974
2024-08-08 21:00:00,122.81507077886974
2024-08-08 22:00:00,122.81507077886974
2024-08-08 23:00:00,122.81507077886974
2024-08-09 00:00:00,122.81507077886974
2024-08-09 01:00:00,122.81507077886974
2024-08-09 02:00:00,122.81507077886974
2024-08-09 03:00:00,122.81507077886974
2024-08-09 04:00:00,122.81507077886974
2024-08-09 05:00:00,122.81507077886974
2024-08-09 06:00:00,122.81507077886974
2024-08-09 07:00:00,122.81507077886974
2024-08-09 08:00:00,122.81507077886974
2024-08-09 09:00:00,122.81507077886974
2024-08-09 10:00:00,122.81507077886974
2024-08-09 11:00:00,122.81507077886974
2024-08-09 12:00:00,122.81507077886974
2024-08-09 13:00:00,122.81507077886974
2024-08-09 14:00:00,122.81507077886974
2024-08-09 15:00:00,122.81507077886974
2024-08-09 16:00:00,122.81507077886974
2024-08-09 17:00:00,122.81507077886974
2024-08-09 18:00:00,122.81507077886974
2024-08-09 19:00:00,122.81507077886974
2024-08-09 20:00:00,122.81507077886974
2024-08-09 21:00:00,122.81507077886974
2024-08-09 22:00:00,122.81507077886974
2024-08-09 23:00:00,122.81507077886974
2024-08-10 00:00:00,122.81507077886974
2024-08-10 01:00:00,122.81507077886974
2024-08-10 02:00:00,122.81507077886974
2024-08-10 03:00:00,122.81507077886974
2024-08-10 04:00:00,122.81507077886974
2024-08-10 05:00:00,122.81507077886974
2024-08-10 06:00:00,122.81507077886974
2024-08-10 07:00:00,122.81507077886974
2024-08-10 08:00:00,122.81507077886974
2024-08-10 09:00:00,122.81507077886974
2024-08-10 10:00:00,122.81507077886974
2024-08-10 11:00:00,122.81507077886974
2024-08-10 12:00:00,122.81507077886974
2024-08-10 13:00:00,122.81507077886974
2024-08-10 14:00:00,122.81507077886974
2024-08-10 15:00:00,122.81507077886974
2024-08-10 16:00:00,122.81507077886974
2024-08-10 17:00:00,122.81507077886974
2024-08-10 18:00:00,122.81507077886974
2024-08-10 19:00:00,122.81507077886974
2024-08-10 20:00:00,122.81507077886974
2024-08-10 21:00:00,122.81507077886974
2024-08-10 22:00:00,122.81507077886974
2024-08-10 23:00:00,122.81507077886974
2024-08-11 00:00:00,122.81507077886974
2024-08-11 01:00:00,122.81507077886974
2024-08-11 02:00:00,122.81507077886974
2024-08-11 03:00:00,122.81507077886974
2024-08-11 04:00:00,122.81507077886974
2024-08-11 05:00:00,122.81507077886974
2024-08-11 06:00:00,122.81507077886974
2024-08-11 07:00:00,122.81507077886974
2024-08-11 08:00:00,122.81507077886974
2024-08-11 09:00:00,122.81507077886974
2024-08-11 10:00:00,122.81507077886974
2024-08-11 11:00:00,122.81507077886974
2024-08-11 12:00:00,122.81507077886974
2024-08-11 13:00:00,122.81507077886974
2024-08-11 14:00:00,122.81507077886974
2024-08-11 15:00:00,122.81507077886974
2024-08-11 16:00:00,122.81507077886974
2024-08-11 17:00:00,122.81507077886974
2024-08-11 18:00:00,122.81507077886974
2024-08-11 19:00:00,122.81507077886974
2024-08-11 20:00:00,122.81507077886974
2024-08-11 21:00:00,122.81507077886974
2024-08-11 22:00:00,122.81507077886974
2024-08-11 23:00:00,122.81507077886974
2024-08-12 00:00:00,122.81507077886974
2024-08-12 01:00:00,122.81507077886974
2024-08-12 02:00:00,122.81507077886974
2024-08-12 03:00:00,122.81507077886974
2024-08-12 04:00:00,122.81507077886974
2024-08-12 05:00:00,122.81507077886974
2024-08-12 06:00:00,122.81507077886974
2024-08-12 07:00:00,122.81507077886974
2024-08-12 08:00:00,122.81507077886974
2024-08-12 09:00:00,122.81507077886974
2024-08-12 10:00:00,122.81507077886974
2024-08-12 11:00:00,122.81507077886974
2024-08-12 12:00:00,122.81507077886974
2024-08-12 13:00:00,122.81507077886974
2024-08-12 14:00:00,122.81507077886974
2024-08-12 15:00:00,122.81507077886974
2024-08-12 16:00:00,122.81507077886974
2024-08-12 17:00:00,122.81507077886974
2024-08-12 18:00:00,122.81507077886974
2024-08-12 19:00:00,122.81507077886974
2024-08-12 20:00:00,122.81507077886974
2024-08-12 21:00:00,122.81507077886974
2024-08-12 22:00:00,122.81507077886974
2024-08-12 23:00:00,122.81507077886974
2024-08-13 00:00:00,122.81507077886974
2024-08-13 01:00:00,122.81507077886974
2024-08-13 02:00:00,122.81507077886974
2024-08-13 03:00:00,122.81507077886974
2024-08-13 04:00:00,122.81507077886974
2024-08-13 05:00:00,122.81507077886974
2024-08-13 06:00:00,122.81507077886974
2024-08-13 07:00:00,122.81507077886974
2024-08-13 08:00:00,122.81507077886974
2024-08-13 09:00:00,122.81507077886974
2024-08-13 10:00:00,122.81507077886974
2024-08-13 11:00:00,122.81507077886974
2024-08-13 12:00:00,122.81507077886974
2024-08-13 13:00:00,122.81507077886974
2024-08-13 14:00:00,122.81507077886974
2024-08-13 15:00:00,122.81507077886974
2024-08-13 16:00:00,122.81507077886974
2024-08-13 17:00:00,122.81507077886974
2024-08-13 18:00:00,122.81507077886974
2024-08-13 19:00:00,122.81507077886974
2024-08-13 20:00:00,122.81507077886974
2024-08-13 21:00:00,122.81507077886974
2024-08-13 22:00:00,122.81507077886974
2024-08-13 23:00:00,122.81507077886974
2024-08-14 00:00:00,122.81507077886974
2024-08-14 01:00:00,122.81507077886974
2024-08-14 02:00:00,122.81507077886974
2024-08-14 03:00:00,122.81507077886974
2024-08-14 04:00:00,122.81507077886974
2024-08-14 05:00:00,122.81507077886974
2024-08-14 06:00:00,122.81507077886974
2024-08-14 07:00:00,122.81507077886974
2024-08-14 08:00:00,122.81507077886974
2024-08-14 09:00:00,122.81507077886974
2024-08-14 10:00:00,122.81507077886974
2024-08-14 11:00:00,122.81507077886974
2024-08-14 12:00:00,122.81507077886974
2024-08-14 13:00:00,122.81507077886974
2024-08-14 14:00:00,122.81507077886974
2024-08-14 15:00:00,122.81507077886974
2024-08-14 16:00:00,122.81507077886974
2024-08-14 17:00:00,122.81507077886974
2024-08-14 18:00:00,122.81507077886974
2024-08-14 19:00:00,122.81507077886974
2024-08-14 20:00:00,122.81507077886974
2024-08-14 21:00:00,122.81507077886974
2024-08-14 22:00:00,122.81507077886974
2024-08-14 23:00:00,122.81507077886974
2024-08-15 00:00:00,122.81507077886974
2024-08-15 01:00:00,122.81507077886974
2024-08-15 02:00:00,122.81507077886974
2024-08-15 03:00:00,122.81507077886974
2024-08-15 04:00:00,122.81507077886974
2024-08-15 05:00:00,122.81507077886974
2024-08-15 06:00:00,122.81507077886974
2024-08-15 07:00:00,122.81507077886974
2024-08-15 08:00:00,122.81507077886974
2024-08-15 09:00:00,122.81507077886974
2024-08-15 10:00:00,122.81507077886974
2024-08-15 11:00:00,122.81507077886974
2024-08-15 12:00:00,122.81507077886974
2024-08-15 13:00:00,122.81507077886974
2024-08-15 14:00:00,122.81507077886974
2024-08-15 15:00:00,122.81507077886974
2024-08-15 16:00:00,122.81507077886974
2024-08-15 17:00:00,122.81507077886974
2024-08-15 18:00:00,122.81507077886974
2024-08-15 19:00:00,122.81507077886974
2024-08-15 20:00:00,122.81507077886974
2024-08-15 21:00:00,122.81507077886974
2024-08-15 22:00:00,122.81507077886974
2024-08-15 23:00:00,122.81507077886974
2024-08-16 00:00:00,122.81507077886974
2024-08-16 01:00:00,122.81507077886974
2024-08-16 02:00:00,122.81507077886974
2024-08-16 03:00:00,122.81507077886974
2024-08-16 04:00:00,122.81507077886974
2024-08-16 05:00:00,122.81507077886974
2024-08-16 06:00:00,122.81507077886974
2024-08-16 07:00:00,122.81507077886974
2024-08-16 08:00:00,122.81507077886974
2024-08-16 09:00:00,122.81507077886974
2024-08-16 10:00:00,122.81507077886974
2024-08-16 11:00:00,122.81507077886974
2024-08-16 12:00:00,122.81507077886974
2024-08-16 13:00:00,122.81507077886974
2024-08-16 14:00:00,122.81507077886974
2024-08-16 15:00:00,122.81507077886974
2024-08-16 16:00:00,122.81507077886974
2024-08-16 17:00:00,122.81507077886974
2024-08-16 18:00:00,122.81507077886974
2024-08-16 19:00:00,122.81507077886974
2024-08-16 20:00:00,122.81507077886974
2024-08-16 21:00:00,122.81507077886974
2024-08-16 22:00:00,122.81507077886974
2024-08-16 23:00:00,122.81507077886974
2024-08-17 00:00:00,122.81507077886974
2024-08-17 01:00:00,122.81507077886974
2024-08-17 02:00:00,122.81507077886974
2024-08-17 03:00:00,122.81507077886974
2024-08-17 04:00:00,122.81507077886974
2024-08-17 05:00:00,122.81507077886974
2024-08-17 06:00:00,122.81507077886974
2024-08-17 07:00:00,122.81507077886974
2024-08-17 08:00:00,122.81507077886974
2024-08-17 09:00:00,122.81507077886974
2024-08-17 10:00:00,122.81507077886974
2024-08-17 11:00:00,122.81507077886974
2024-08-17 12:00:00,122.81507077886974
2024-08-17 13:00:00,122.81507077886974
2024-08-17 14:00:00,122.81507077886974
2024-08-17 15:00:00,122.81507077886974
2024-08-17 16:00:00,122.81507077886974
2024-08-17 17:00:00,122.81507077886974
2024-08-17 18:00:00,122.81507077886974
2024-08-17 19:00:00,122.81507077886974
2024-08-17 20:00:00,122.81507077886974
2024-08-17 21:00:00,122.81507077886974
2024-08-17 22:00:00,122.81507077886974
2024-08-17 23:00:00,122.81507077886974
2024-08-18 00:00:00,122.81507077886974
2024-08-18 01:00:00,122.81507077886974
2024-08-18 02:00:00,122.81507077886974
2024-08-18 03:00:00,122.81507077886974
2024-08-18 04:00:00,122.81507077886974
2024-08-18 05:00:00,122.81507077886974
2024-08-18 06:00:00,122.81507077886974
2024-08-18 07:00:00,122.81507077886974
2024-08-18 08:00:00,122.81507077886974
2024-08-18 09:00:00,122.81507077886974
2024-08-18 10:00:00,122.81507077886974
2024-08-18 11:00:00,122.81507077886974
2024-08-18 12:00:00,122.81507077886974
2024-08-18 13:00:00,122.81507077886974
2024-08-18 14:00:00,122.81507077886974
2024-08-18 15:00:00,122.81507077886974
2024-08-18 16:00:00,122.81507077886974
2024-08-18 17:00:00,122.81507077886974
2024-08-18 18:00:00,122.81507077886974
2024-08-18 19:00:00,122.81507077886974
2024-08-18 20:00:00,122.81507077886974
2024-08-18 21:00:00,122.81507077886974
2024-08-18 22:00:00,122.81507077886974
2024-08-18 23:00:00,122.81507077886974
2024-08-19 00:00:00,122.81507077886974
2024-08-19 01:00:00,122.81507077886974
2024-08-19 02:00:00,122.81507077886974
2024-08-19 03:00:00,122.81507077886974
2024-08-19 04:00:00,122.81507077886974
2024-08-19 05:00:00,122.81507077886974
2024-08-19 06:00:00,122.81507077886974
2024-08-19 07:00:00,122.81507077886974
2024-08-19 08:00:00,122.81507077886974
2024-08-19 09:00:00,122.81507077886974
2024-08-19 10:00:00,122.81507077886974
2024-08-19 11:00:00,122.81507077886974
2024-08-19 12:00:00,122.81507077886974
2024-08-19 13:00:00,122.81507077886974
2024-08-19 14:00:00,122.81507077886974
2024-08-19 15:00:00,122.81507077886974
2024-08-19 16:00:00,122.81507077886974
2024-08-19 17:00:00,122.81507077886974
2024-08-19 18:00:00,122.81507077886974
2024-08-19 19:00:00,122.81507077886974
2024-08-19 20:00:00,122.81507077886974
2024-08-19 21:00:00,122.81507077886974
2024-08-19 22:00:00,122.81507077886974
2024-08-19 23:00:00,122.81507077886974
2024-08-20 00:00:00,122.81507077886974
2024-08-20 01:00:00,122.81507077886974
2024-08-20 02:00:00,122.81507077886974
2024-08-20 03:00:00,122.81507077886974
2024-08-20 04:00:00,122.81507077886974
2024-08-20 05:00:00,122.81507077886974
2024-08-20 06:00:00,122.81507077886974
2024-08-20 07:00:00,122.81507077886974
2024-08-20 08:00:00,122.81507077886974
2024-08-20 09:00:00,122.81507077886974
2024-08-20 10:00:00,122.81507077886974
2024-08-20 11:00:00,122.81507077886974
2024-08-20 12:00:00,122.81507077886974
2024-08-20 13:00:00,122.81507077886974
2024-08-20 14:00:00,122.81507077886974
2024-08-20 15:00:00,122.81507077886974
2024-08-20 16:00:00,122.81507077886974
2024-08-20 17:00:00,122.81507077886974
2024-08-20 18:00:00,122.81507077886974
2024-08-20 19:00:00,122.81507077886974
2024-08-20 20:00:00,122.81507077886974
2024-08-20 21:00:00,122.81507077886974
2024-08-20 22:00:00,122.81507077886974
2024-08-20 23:00:00,122.81507077886974
2024-08-21 00:00:00,122.81507077886974
2024-08-21 01:00:00,122.81507077886974
2024-08-21 02:00:00,122.81507077886974
2024-08-21 03:00:00,122.81507077886974
2024-08-21 04:00:00,122.81507077886974
2024-08-21 05:00:00,122.81507077886974
2024-08-21 06:00:00,122.81507077886974
2024-08-21 07:00:00,122.81507077886974
2024-08-21 08:00:00,122.81507077886974
2024-08-21 09:00:00,122.81507077886974
2024-08-21 10:00:00,122.81507077886974
2024-08-21 11:00:00,122.81507077886974
2024-08-21 12:00:00,122.81507077886974
2024-08-21 13:00:00,122.81507077886974
2024-08-21 14:00:00,122.81507077886974
2024-08-21 15:00:00,122.81507077886974
2024-08-21 16:00:00,122.81507077886974
2024-08-21 17:00:00,122.81507077886974
2024-08-21 18:00:00,122.81507077886974
2024-08-21 19:00:00,122.81507077886974
2024-08-21 20:00:00,122.81507077886974
2024-08-21 21:00:00,122.81507077886974
2024-08-21 22:00:00,122.81507077886974
2024-08-21 23:00:00,122.81507077886974
2024-08-22 00:00:00,122.81507077886974
2024-08-22 01:00:00,122.81507077886974
2024-08-22 02:00:00,122.81507077886974
2024-08-22 03:00:00,122.81507077886974
2024-08-22 04:00:00,122.81507077886974
2024-08-22 05:00:00,122.81507077886974
2024-08-22 06:00:00,122.81507077886974
2024-08-22 07:00:00,122.81507077886974
2024-08-22 08:00:00,122.81507077886974
2024-08-22 09:00:00,122.81507077886974
2024-08-22 10:00:00,122.81507077886974
2024-08-22 11:00:00,122.81507077886974
2024-08-22 12:00:00,122.81507077886974
2024-08-22 13:00:00,122.81507077886974
2024-08-22 14:00:00,122.81507077886974
2024-08-22 15:00:00,122.81507077886974
2024-08-22 16:00:00,122.81507077886974
2024-08-22 17:00:00,122.81507077886974
2024-08-22 18:00:00,122.81507077886974
2024-08-22 19:00:00,122.81507077886974
2024-08-22 20:00:00,122.81507077886974
2024-08-22 21:00:00,122.81507077886974
2024-08-22 22:00:00,122.81507077886974
2024-08-22 23:00:00,122.81507077886974
2024-08-23 00:00:00,122.81507077886974
2024-08-23 01:00:00,122.81507077886974
2024-08-23 02:00:00,122.81507077886974
2024-08-23 03:00:00,122.81507077886974
2024-08-23 04:00:00,122.81507077886974
2024-08-23 05:00:00,122.81507077886974
2024-08-23 06:00:00,122.81507077886974
2024-08-23 07:00:00,122.81507077886974
2024-08-23 08:00:00,122.81507077886974
2024-08-23 09:00:00,122.81507077886974
2024-08-23 10:00:00,122.81507077886974
2024-08-23 11:00:00,122.81507077886974
2024-08-23 12:00:00,122.81507077886974
2024-08-23 13:00:00,122.81507077886974
2024-08-23 14:00:00,122.81507077886974
2024-08-23 15:00:00,122.81507077886974
2024-08-23 16:00:00,122.81507077886974
2024-08-23 17:00:00,122.81507077886974
2024-08-23 18:00:00,122.81507077886974
2024-08-23 19:00:00,122.81507077886974
2024-08-23 20:00:00,122.81507077886974
2024-08-23 21:00:00,122.81507077886974
2024-08-23 22:00:00,122.81507077886974
2024-08-23 23:00:00,122.81507077886974
2024-08-24 00:00:00,122.81507077886974
2024-08-24 01:00:00,122.81507077886974
2024-08-24 02:00:00,122.81507077886974
2024-08-24 03:00:00,122.81507077886974
2024-08-24 04:00:00,122.81507077886974
2024-08-24 05:00:00,122.81507077886974
2024-08-24 06:00:00,122.81507077886974
2024-08-24 07:00:00,122.81507077886974
2024-08-24 08:00:00,122.81507077886974
2024-08-24 09:00:00,122.81507077886974
2024-08-24 10:00:00,122.81507077886974
2024-08-24 11:00:00,122.81507077886974
2024-08-24 12:00:00,122.81507077886974
2024-08-24 13:00:00,122.81507077886974
2024-08-24 14:00:00,122.81507077886974
2024-08-24 15:00:00,122.81507077886974
2024-08-24 16:00:00,122.81507077886974
2024-08-24 17:00:00,122.81507077886974
2024-08-24 18:00:00,122.81507077886974
2024-08-24 19:00:00,122.81507077886974
2024-08-24 20:00:00,122.81507077886974
2024-08-24 21:00:00,122.81507077886974
2024-08-24 22:00:00,122.81507077886974
2024-08-24 23:00:00,122.81507077886974
2024-08-25 00:00:00,122.81507077886974
2024-08-25 01:00:00,122.81507077886974
2024-08-25 02:00:00,122.81507077886974
2024-08-25 03:00:00,122.81507077886974
2024-08-25 04:00:00,122.81507077886974
2024-08-25 05:00:00,122.81507077886974
2024-08-25 06:00:00,122.81507077886974
2024-08-25 07:00:00,122.81507077886974
2024-08-25 08:00:00,122.81507077886974
2024-08-25 09:00:00,122.81507077886974
2024-08-25 10:00:00,122.81507077886974
2024-08-25 11:00:00,122.81507077886974
2024-08-25 12:00:00,122.81507077886974
2024-08-25 13:00:00,122.81507077886974
2024-08-25 14:00:00,122.81507077886974
2024-08-25 15:00:00,122.81507077886974
2024-08-25 16:00:00,122.81507077886974
2024-08-25 17:00:00,122.81507077886974
2024-08-25 18:00:00,122.81507077886974
2024-08-25 19:00:00,122.81507077886974
2024-08-25 20:00:00,122.81507077886974
2024-08-25 21:00:00,122.81507077886974
2024-08-25 22:00:00,122.81507077886974
2024-08-25 23:00:00,122.81507077886974
2024-08-26 00:00:00,122.81507077886974
2024-08-26 01:00:00,122.81507077886974
2024-08-26 02:00:00,122.81507077886974
2024-08-26 03:00:00,122.81507077886974
2024-08-26 04:00:00,122.81507077886974
2024-08-26 05:00:00,122.81507077886974
2024-08-26 06:00:00,122.81507077886974
2024-08-26 07:00:00,122.81507077886974
2024-08-26 08:00:00,122.81507077886974
2024-08-26 09:00:00,122.81507077886974
2024-08-26 10:00:00,122.81507077886974
2024-08-26 11:00:00,122.81507077886974
2024-08-26 12:00:00,122.81507077886974
2024-08-26 13:00:00,122.81507077886974
2024-08-26 14:00:00,122.81507077886974
2024-08-26 15:00:00,122.81507077886974
2024-08-26 16:00:00,122.81507077886974
2024-08-26 17:00:00,122.81507077886974
2024-08-26 18:00:00,122.81507077886974
2024-08-26 19:00:00,122.81507077886974
2024-08-26 20:00:00,122.81507077886974
2024-08-26 21:00:00,122.81507077886974
2024-08-26 22:00:00,122.81507077886974
2024-08-26 23:00:00,122.81507077886974
2024-08-27 00:00:00,122.81507077886974
2024-08-27 01:00:00,122.81507077886974
2024-08-27 02:00:00,122.81507077886974
2024-08-27 03:00:00,122.81507077886974
2024-08-27 04:00:00,122.81507077886974
2024-08-27 05:00:00,122.81507077886974
2024-08-27 06:00:00,122.81507077886974
2024-08-27 07:00:00,122.81507077886974
2024-08-27 08:00:00,122.81507077886974
2024-08-27 09:00:00,122.81507077886974
2024-08-27 10:00:00,122.81507077886974
2024-08-27 11:00:00,122.81507077886974
2024-08-27 12:00:00,122.81507077886974
2024-08-27 13:00:00,122.81507077886974
2024-08-27 14:00:00,122.81507077886974
2024-08-27 15:00:00,122.81507077886974
2024-08-27 16:00:00,122.81507077886974
2024-08-27 17:00:00,122.81507077886974
2024-08-27 18:00:00,122.81507077886974
2024-08-27 19:00:00,122.81507077886974
2024-08-27 20:00:00,122.81507077886974
2024-08-27 21:00:00,122.81507077886974
2024-08-27 22:00:00,122.81507077886974
2024-08-27 23:00:00,122.81507077886974
2024-08-28 00:00:00,122.81507077886974
2024-08-28 01:00:00,122.81507077886974
2024-08-28 02:00:00,122.81507077886974
2024-08-28 03:00:00,122.81507077886974
2024-08-28 04:00:00,122.81507077886974
2024-08-28 05:00:00,122.81507077886974
2024-08-28 06:00:00,122.81507077886974
2024-08-28 07:00:00,122.81507077886974
2024-08-28 08:00:00,122.81507077886974
2024-08-28 09:00:00,122.81507077886974
2024-08-28 10:00:00,122.81507077886974
2024-08-28 11:00:00,122.81507077886974
2024-08-28 12:00:00,122.81507077886974
2024-08-28 13:00:00,122.81507077886974
2024-08-28 14:00:00,122.81507077886974
2024-08-28 15:00:00,122.81507077886974
2024-08-28 16:00:00,122.81507077886974
2024-08-28 17:00:00,122.81507077886974
2024-08-28 18:00:00,122.81507077886974
2024-08-28 19:00:00,122.81507077886974
2024-08-28 20:00:00,122.81507077886974
2024-08-28 21:00:00,122.81507077886974
2024-08-28 22:00:00,122.81507077886974
2024-08-28 23:00:00,122.81507077886974
2024-08-29 00:00:00,122.81507077886974
2024-08-29 01:00:00,122.81507077886974
2024-08-29 02:00:00,122.81507077886974
2024-08-29 03:00:00,122.81507077886974
2024-08-29 04:00:00,122.81507077886974
2024-08-29 05:00:00,122.81507077886974
2024-08-29 06:00:00,122.81507077886974
2024-08-29 07:00:00,122.81507077886974
2024-08-29 08:00:00,122.81507077886974
2024-08-29 09:00:00,122.81507077886974
2024-08-29 10:00:00,122.81507077886974
2024-08-29 11:00:00,122.81507077886974
2024-08-29 12:00:00,122.81507077886974
2024-08-29 13:00:00,122.81507077886974
2024-08-29 14:00:00,122.81507077886974
2024-08-29 15:00:00,122.81507077886974
2024-08-29 16:00:00,122.81507077886974
2024-08-29 17:00:00,122.81507077886974
2024-08-29 18:00:00,122.81507077886974
2024-08-29 19:00:00,122.81507077886974
2024-08-29 20:00:00,122.81507077886974
2024-08-29 21:00:00,122.81507077886974
2024-08-29 22:00:00,122.81507077886974
2024-08-29 23:00:00,122.81507077886974
2024-08-30 00:00:00,122.81507077886974
2024-08-30 01:00:00,122.81507077886974
2024-08-30 02:00:00,122.81507077886974
2024-08-30 03:00:00,122.81507077886974
2024-08-30 04:00:00,122.81507077886974
2024-08-30 05:00:00,122.81507077886974
2024-08-30 06:00:00,122.81507077886974
2024-08-30 07:00:00,122.81507077886974
2024-08-30 08:00:00,122.81507077886974
2024-08-30 09:00:00,122.81507077886974
2024-08-30 10:00:00,122.81507077886974
2024-08-30 11:00:00,122.81507077886974
2024-08-30 12:00:00,122.81507077886974
2024-08-30 13:00:00,122.81507077886974
2024-08-30 14:00:00,122.81507077886974
2024-08-30 15:00:00,122.81507077886974
2024-08-30 16:00:00,122.81507077886974
2024-08-30 17:00:00,122.81507077886974
2024-08-30 18:00:00,122.81507077886974
2024-08-30 19:00:00,122.81507077886974
2024-08-30 20:00:00,122.81507077886974
2024-08-30 21:00:00,122.81507077886974
2024-08-30 22:00:00,122.81507077886974
2024-08-30 23:00:00,122.81507077886974
2024-08-31 00:00:00,122.81507077886974
2024-08-31 01:00:00,122.81507077886974
2024-08-31 02:00:00,122.81507077886974
2024-08-31 03:00:00,122.81507077886974
2024-08-31 04:00:00,122.81507077886974
2024-08-31 05:00:00,122.81507077886974
2024-08-31 06:00:00,122.81507077886974
2024-08-31 07:00:00,122.81507077886974
2024-08-31 08:00:00,122.81507077886974
2024-08-31 09:00:00,122.81507077886974
2024-08-31 10:00:00,122.81507077886974
2024-08-31 11:00:00,122.81507077886974
2024-08-31 12:00:00,122.81507077886974
2024-08-31 13:00:00,122.81507077886974
2024-08-31 14:00:00,122.81507077886974
2024-08-31 15:00:00,122.81507077886974
2024-08-31 16:00:00,122.81507077886974
2024-08-31 17:00:00,122.81507077886974
2024-08-31 18:00:00,122.81507077886974
2024-08-31 19:00:00,122.81507077886974
2024-08-31 20:00:00,122.81507077886974
2024-08-31 21:00:00,122.81507077886974
2024-08-31 22:00:00,122.81507077886974
2024-08-31 23:00:00,122.81507077886974
2024-09-01 00:00:00,122.81507077886974
2024-09-01 01:00:00,122.81507077886974
2024-09-01 02:00:00,122.81507077886974
2024-09-01 03:00:00,122.81507077886974
2024-09-01 04:00:00,122.81507077886974
2024-09-01 05:00:00,122.81507077886974
2024-09-01 06:00:00,122.81507077886974
2024-09-01 07:00:00,122.81507077886974
2024-09-01 08:00:00,122.81507077886974
2024-09-01 09:00:00,122.81507077886974
2024-09-01 10:00:00,122.81507077886974
2024-09-01 11:00:00,122.81507077886974
2024-09-01 12:00:00,122.81507077886974
2024-09-01 13:00:00,122.81507077886974
2024-09-01 14:00:00,122.81507077886974
2024-09-01 15:00:00,122.81507077886974
2024-09-01 16:00:00,122.81507077886974
2024-09-01 17:00:00,122.81507077886974
2024-09-01 18:00:00,122.81507077886974
2024-09-01 19:00:00,122.81507077886974
2024-09-01 20:00:00,122.81507077886974
2024-09-01 21:00:00,122.81507077886974
2024-09-01 22:00:00,122.81507077886974
2024-09-01 23:00:00,122.81507077886974
2024-09-02 00:00:00,122.81507077886974
2024-09-02 01:00:00,122.81507077886974
2024-09-02 02:00:00,122.81507077886974
2024-09-02 03:00:00,122.81507077886974
2024-09-02 04:00:00,122.81507077886974
2024-09-02 05:00:00,122.81507077886974
2024-09-02 06:00:00,122.81507077886974
2024-09-02 07:00:00,122.81507077886974
2024-09-02 08:00:00,122.81507077886974
2024-09-02 09:00:00,122.81507077886974
2024-09-02 10:00:00,122.81507077886974
2024-09-02 11:00:00,122.81507077886974
2024-09-02 12:00:00,122.81507077886974
2024-09-02 13:00:00,122.81507077886974
2024-09-02 14:00:00,122.81507077886974
2024-09-02 15:00:00,122.81507077886974
2024-09-02 16:00:00,122.81507077886974
2024-09-02 17:00:00,122.81507077886974
2024-09-02 18:00:00,122.81507077886974
2024-09-02 19:00:00,122.81507077886974
2024-09-02 20:00:00,122.81507077886974
2024-09-02 21:00:00,122.81507077886974
2024-09-02 22:00:00,122.81507077886974
2024-09-02 23:00:00,122.81507077886974
2024-09-03 00:00:00,122.81507077886974
2024-09-03 01:00:00,122.81507077886974
2024-09-03 02:00:00,122.81507077886974
2024-09-03 03:00:00,122.81507077886974
2024-09-03 04:00:00,122.81507077886974
2024-09-03 05:00:00,122.81507077886974
2024-09-03 06:00:00,122.81507077886974
2024-09-03 07:00:00,122.81507077886974
2024-09-03 08:00:00,122.81507077886974
2024-09-03 09:00:00,122.81507077886974
2024-09-03 10:00:00,122.81507077886974
2024-09-03 11:00:00,122.81507077886974
2024-09-03 12:00:00,122.81507077886974
2024-09-03 13:00:00,122.81507077886974
2024-09-03 14:00:00,122.81507077886974
2024-09-03 15:00:00,122.81507077886974
2024-09-03 16:00:00,122.81507077886974
2024-09-03 17:00:00,122.81507077886974
2024-09-03 18:00:00,122.81507077886974
2024-09-03 19:00:00,122.81507077886974
2024-09-03 20:00:00,122.81507077886974
2024-09-03 21:00:00,122.81507077886974
2024-09-03 22:00:00,122.81507077886974
2024-09-03 23:00:00,122.81507077886974
2024-09-04 00:00:00,122.81507077886974
2024-09-04 01:00:00,122.81507077886974
2024-09-04 02:00:00,122.81507077886974
2024-09-04 03:00:00,122.81507077886974
2024-09-04 04:00:00,122.81507077886974
2024-09-04 05:00:00,122.81507077886974
2024-09-04 06:00:00,122.81507077886974
2024-09-04 07:00:00,122.81507077886974
2024-09-04 08:00:00,122.81507077886974
2024-09-04 09:00:00,122.81507077886974
2024-09-04 10:00:00,122.81507077886974
2024-09-04 11:00:00,122.81507077886974
2024-09-04 12:00:00,122.81507077886974
2024-09-04 13:00:00,122.81507077886974
2024-09-04 14:00:00,122.81507077886974
2024-09-04 15:00:00,122.81507077886974
2024-09-04 16:00:00,122.81507077886974
2024-09-04 17:00:00,122.81507077886974
2024-09-04 18:00:00,122.81507077886974
2024-09-04 19:00:00,122.81507077886974
2024-09-04 20:00:00,122.81507077886974
2024-09-04 21:00:00,122.81507077886974
2024-09-04 22:00:00,122.81507077886974
2024-09-04 23:00:00,122.81507077886974
2024-09-05 00:00:00,122.81507077886974
2024-09-05 01:00:00,122.81507077886974
2024-09-05 02:00:00,122.81507077886974
2024-09-05 03:00:00,122.81507077886974
2024-09-05 04:00:00,122.81507077886974
2024-09-05 05:00:00,122.81507077886974
2024-09-05 06:00:00,122.81507077886974
2024-09-05 07:00:00,122.81507077886974
2024-09-05 08:00:00,122.81507077886974
2024-09-05 09:00:00,122.81507077886974
2024-09-05 10:00:00,122.81507077886974
2024-09-05 11:00:00,122.81507077886974
2024-09-05 12:00:00,122.81507077886974
2024-09-05 13:00:00,122.81507077886974
2024-09-05 14:00:00,122.81507077886974
2024-09-05 15:00:00,122.81507077886974
2024-09-05 16:00:00,122.81507077886974
2024-09-05 17:00:00,122.81507077886974
2024-09-05 18:00:00,122.81507077886974
2024-09-05 19:00:00,122.81507077886974
2024-09-05 20:00:00,122.81507077886974
2024-09-05 21:00:00,122.81507077886974
2024-09-05 22:00:00,122.81507077886974
2024-09-05 23:00:00,122.81507077886974
2024-09-06 00:00:00,122.81507077886974
2024-09-06 01:00:00,122.81507077886974
2024-09-06 02:00:00,122.81507077886974
2024-09-06 03:00:00,122.81507077886974
2024-09-06 04:00:00,122.81507077886974
2024-09-06 05:00:00,122.81507077886974
2024-09-06 06:00:00,122.81507077886974
2024-09-06 07:00:00,122.81507077886974
2024-09-06 08:00:00,122.81507077886974
2024-09-06 09:00:00,122.81507077886974
2024-09-06 10:00:00,122.81507077886974
2024-09-06 11:00:00,122.81507077886974
2024-09-06 12:00:00,122.81507077886974
2024-09-06 13:00:00,122.81507077886974
2024-09-06 14:00:00,122.81507077886974
2024-09-06 15:00:00,122.81507077886974
2024-09-06 16:00:00,122.81507077886974
2024-09-06 17:00:00,122.81507077886974
2024-09-06 18:00:00,122.81507077886974
2024-09-06 19:00:00,122.81507077886974
2024-09-06 20:00:00,122.81507077886974
2024-09-06 21:00:00,122.81507077886974
2024-09-06 22:00:00,122.81507077886974
2024-09-06 23:00:00,122.81507077886974
2024-09-07 00:00:00,122.81507077886974
2024-09-07 01:00:00,122.81507077886974
2024-09-07 02:00:00,122.81507077886974
2024-09-07 03:00:00,122.81507077886974
2024-09-07 04:00:00,122.81507077886974
2024-09-07 05:00:00,122.81507077886974
2024-09-07 06:00:00,122.81507077886974
2024-09-07 07:00:00,122.81507077886974
2024-09-07 08:00:00,122.81507077886974
2024-09-07 09:00:00,122.81507077886974
2024-09-07 10:00:00,122.81507077886974
2024-09-07 11:00:00,122.81507077886974
2024-09-07 12:00:00,122.81507077886974
2024-09-07 13:00:00,122.81507077886974
2024-09-07 14:00:00,122.81507077886974
2024-09-07 15:00:00,122.81507077886974
2024-09-07 16:00:00,122.81507077886974
2024-09-07 17:00:00,122.81507077886974
2024-09-07 18:00:00,122.81507077886974
2024-09-07 19:00:00,122.81507077886974
2024-09-07 20:00:00,122.81507077886974
2024-09-07 21:00:00,122.81507077886974
2024-09-07 22:00:00,122.81507077886974
2024-09-07 23:00:00,122.81507077886974
2024-09-08 00:00:00,122.81507077886974
2024-09-08 01:00:00,122.81507077886974
2024-09-08 02:00:00,122.81507077886974
2024-09-08 03:00:00,122.81507077886974
2024-09-08 04:00:00,122.81507077886974
2024-09-08 05:00:00,122.81507077886974
2024-09-08 06:00:00,122.81507077886974
2024-09-08 07:00:00,122.81507077886974
2024-09-08 08:00:00,122.81507077886974
2024-09-08 09:00:00,122.81507077886974
2024-09-08 10:00:00,122.81507077886974
2024-09-08 11:00:00,122.81507077886974
2024-09-08 12:00:00,122.81507077886974
2024-09-08 13:00:00,122.81507077886974
2024-09-08 14:00:00,122.81507077886974
2024-09-08 15:00:00,122.81507077886974
2024-09-08 16:00:00,122.81507077886974
2024-09-08 17:00:00,122.81507077886974
2024-09-08 18:00:00,122.81507077886974
2024-09-08 19:00:00,122.81507077886974
2024-09-08 20:00:00,122.81507077886974
2024-09-08 21:00:00,122.81507077886974
2024-09-08 22:00:00,122.81507077886974
2024-09-08 23:00:00,122.81507077886974
2024-09-09 00:00:00,122.81507077886974
2024-09-09 01:00:00,122.81507077886974
2024-09-09 02:00:00,122.81507077886974
2024-09-09 03:00:00,122.81507077886974
2024-09-09 04:00:00,122.81507077886974
2024-09-09 05:00:00,122.81507077886974
2024-09-09 06:00:00,122.81507077886974
2024-09-09 07:00:00,122.81507077886974
2024-09-09 08:00:00,122.81507077886974
2024-09-09 09:00:00,122.81507077886974
2024-09-09 10:00:00,122.81507077886974
2024-09-09 11:00:00,122.81507077886974
2024-09-09 12:00:00,122.81507077886974
2024-09-09 13:00:00,122.81507077886974
2024-09-09 14:00:00,122.81507077886974
2024-09-09 15:00:00,122.81507077886974
2024-09-09 16:00:00,122.81507077886974
2024-09-09 17:00:00,122.81507077886974
2024-09-09 18:00:00,122.81507077886974
2024-09-09 19:00:00,122.81507077886974
2024-09-09 20:00:00,122.81507077886974
2024-09-09 21:00:00,122.81507077886974
2024-09-09 22:00:00,122.81507077886974
2024-09-09 23:00:00,122.81507077886974
2024-09-10 00:00:00,122.81507077886974
2024-09-10 01:00:00,122.81507077886974
2024-09-10 02:00:00,122.81507077886974
2024-09-10 03:00:00,122.81507077886974
2024-09-10 04:00:00,122.81507077886974
2024-09-10 05:00:00,122.81507077886974
2024-09-10 06:00:00,122.81507077886974
2024-09-10 07:00:00,122.81507077886974
2024-09-10 08:00:00,122.81507077886974
2024-09-10 09:00:00,122.81507077886974
2024-09-10 10:00:00,122.81507077886974
2024-09-10 11:00:00,122.81507077886974
2024-09-10 12:00:00,122.81507077886974
2024-09-10 13:00:00,122.81507077886974
2024-09-10 14:00:00,122.81507077886974
2024-09-10 15:00:00,122.81507077886974
2024-09-10 16:00:00,122.81507077886974
2024-09-10 17:00:00,122.81507077886974
2024-09-10 18:00:00,122.81507077886974
2024-09-10 19:00:00,122.81507077886974
2024-09-10 20:00:00,122.81507077886974
2024-09-10 21:00:00,122.81507077886974
2024-09-10 22:00:00,122.81507077886974
2024-09-10 23:00:00,122.81507077886974
2024-09-11 00:00:00,122.81507077886974
2024-09-11 01:00:00,122.81507077886974
2024-09-11 02:00:00,122.81507077886974
2024-09-11 03:00:00,122.81507077886974
2024-09-11 04:00:00,122.81507077886974
2024-09-11 05:00:00,122.81507077886974
2024-09-11 06:00:00,122.81507077886974
2024-09-11 07:00:00,122.81507077886974
2024-09-11 08:00:00,122.81507077886974
2024-09-11 09:00:00,122.81507077886974
2024-09-11 10:00:00,122.81507077886974
2024-09-11 11:00:00,122.81507077886974
2024-09-11 12:00:00,122.81507077886974
2024-09-11 13:00:00,122.81507077886974
2024-09-11 14:00:00,122.81507077886974
2024-09-11 15:00:00,122.81507077886974
2024-09-11 16:00:00,122.81507077886974
2024-09-11 17:00:00,122.81507077886974
2024-09-11 18:00:00,122.81507077886974
2024-09-11 19:00:00,122.81507077886974
2024-09-11 20:00:00,122.81507077886974
2024-09-11 21:00:00,122.81507077886974
2024-09-11 22:00:00,122.81507077886974
2024-09-11 23:00:00,122.81507077886974
2024-09-12 00:00:00,122.81507077886974
2024-09-12 01:00:00,122.81507077886974
2024-09-12 02:00:00,122.81507077886974
2024-09-12 03:00:00,122.81507077886974
2024-09-12 04:00:00,122.81507077886974
2024-09-12 05:00:00,122.81507077886974
2024-09-12 06:00:00,122.81507077886974
2024-09-12 07:00:00,122.81507077886974
2024-09-12 08:00:00,122.81507077886974
2024-09-12 09:00:00,122.81507077886974
2024-09-12 10:00:00,122.81507077886974
2024-09-12 11:00:00,122.81507077886974
2024-09-12 12:00:00,122.81507077886974
2024-09-12 13:00:00,122.81507077886974
2024-09-12 14:00:00,122.81507077886974
2024-09-12 15:00:00,122.81507077886974
2024-09-12 16:00:00,122.81507077886974
2024-09-12 17:00:00,122.81507077886974
2024-09-12 18:00:00,122.81507077886974
2024-09-12 19:00:00,122.81507077886974
2024-09-12 20:00:00,122.81507077886974
2024-09-12 21:00:00,122.81507077886974
2024-09-12 22:00:00,122.81507077886974
2024-09-12 23:00:00,122.81507077886974
2024-09-13 00:00:00,122.81507077886974
2024-09-13 01:00:00,122.81507077886974
2024-09-13 02:00:00,122.81507077886974
2024-09-13 03:00:00,122.81507077886974
2024-09-13 04:00:00,122.81507077886974
2024-09-13 05:00:00,122.81507077886974
2024-09-13 06:00:00,122.81507077886974
2024-09-13 07:00:00,122.81507077886974
2024-09-13 08:00:00,122.81507077886974
2024-09-13 09:00:00,122.81507077886974
2024-09-13 10:00:00,122.81507077886974
2024-09-13 11:00:00,122.81507077886974
2024-09-13 12:00:00,122.81507077886974
2024-09-13 13:00:00,122.81507077886974
2024-09-13 14:00:00,122.81507077886974
2024-09-13 15:00:00,122.81507077886974
2024-09-13 16:00:00,122.81507077886974
2024-09-13 17:00:00,122.81507077886974
2024-09-13 18:00:00,122.81507077886974
2024-09-13 19:00:00,122.81507077886974
2024-09-13 20:00:00,122.81507077886974
2024-09-13 21:00:00,122.81507077886974
2024-09-13 22:00:00,122.81507077886974
2024-09-13 23:00:00,122.81507077886974
2024-09-14 00:00:00,122.81507077886974
2024-09-14 01:00:00,122.81507077886974
2024-09-14 02:00:00,122.81507077886974
2024-09-14 03:00:00,122.81507077886974
2024-09-14 04:00:00,122.81507077886974
2024-09-14 05:00:00,122.81507077886974
2024-09-14 06:00:00,122.81507077886974
2024-09-14 07:00:00,122.81507077886974
2024-09-14 08:00:00,122.81507077886974
2024-09-14 09:00:00,122.81507077886974
2024-09-14 10:00:00,122.81507077886974
2024-09-14 11:00:00,122.81507077886974
2024-09-14 12:00:00,122.81507077886974
2024-09-14 13:00:00,122.81507077886974
2024-09-14 14:00:00,122.81507077886974
2024-09-14 15:00:00,122.81507077886974
2024-09-14 16:00:00,122.81507077886974
2024-09-14 17:00:00,122.81507077886974
2024-09-14 18:00:00,122.81507077886974
2024-09-14 19:00:00,122.81507077886974
2024-09-14 20:00:00,122.81507077886974
2024-09-14 21:00:00,122.81507077886974
2024-09-14 22:00:00,122.81507077886974
2024-09-14 23:00:00,122.81507077886974
2024-09-15 00:00:00,122.81507077886974
2024-09-15 01:00:00,122.81507077886974
2024-09-15 02:00:00,122.81507077886974
2024-09-15 03:00:00,122.81507077886974
2024-09-15 04:00:00,122.81507077886974
2024-09-15 05:00:00,122.81507077886974
2024-09-15 06:00:00,122.81507077886974
2024-09-15 07:00:00,122.81507077886974
2024-09-15 08:00:00,122.81507077886974
2024-09-15 09:00:00,122.81507077886974
2024-09-15 10:00:00,122.81507077886974
2024-09-15 11:00:00,122.81507077886974
2024-09-15 12:00:00,122.81507077886974
2024-09-15 13:00:00,122.81507077886974
2024-09-15 14:00:00,122.81507077886974
2024-09-15 15:00:00,122.81507077886974
2024-09-15 16:00:00,122.81507077886974
2024-09-15 17:00:00,122.81507077886974
2024-09-15 18:00:00,122.81507077886974
2024-09-15 19:00:00,122.81507077886974
2024-09-15 20:00:00,122.81507077886974
2024-09-15 21:00:00,122.81507077886974
2024-09-15 22:00:00,122.81507077886974
2024-09-15 23:00:00,122.81507077886974
2024-09-16 00:00:00,122.81507077886974
2024-09-16 01:00:00,122.81507077886974
2024-09-16 02:00:00,122.81507077886974
2024-09-16 03:00:00,122.81507077886974
2024-09-16 04:00:00,122.81507077886974
2024-09-16 05:00:00,122.81507077886974
2024-09-16 06:00:00,122.81507077886974
2024-09-16 07:00:00,122.81507077886974
2024-09-16 08:00:00,122.81507077886974
2024-09-16 09:00:00,122.81507077886974
2024-09-16 10:00:00,122.81507077886974
2024-09-16 11:00:00,122.81507077886974
2024-09-16 12:00:00,122.81507077886974
2024-09-16 13:00:00,122.81507077886974
2024-09-16 14:00:00,122.81507077886974
2024-09-16 15:00:00,122.81507077886974
2024-09-16 16:00:00,122.81507077886974
2024-09-16 17:00:00,122.81507077886974
2024-09-16 18:00:00,122.81507077886974
2024-09-16 19:00:00,122.81507077886974
2024-09-16 20:00:00,122.81507077886974
2024-09-16 21:00:00,122.81507077886974
2024-09-16 22:00:00,122.81507077886974
2024-09-16 23:00:00,122.81507077886974
2024-09-17 00:00:00,122.81507077886974
2024-09-17 01:00:00,122.81507077886974
2024-09-17 02:00:00,122.81507077886974
2024-09-17 03:00:00,122.81507077886974
2024-09-17 04:00:00,122.81507077886974
2024-09-17 05:00:00,122.81507077886974
2024-09-17 06:00:00,122.81507077886974
2024-09-17 07:00:00,122.81507077886974
2024-09-17 08:00:00,122.81507077886974
2024-09-17 09:00:00,122.81507077886974
2024-09-17 10:00:00,122.81507077886974
2024-09-17 11:00:00,122.81507077886974
2024-09-17 12:00:00,122.81507077886974
2024-09-17 13:00:00,122.81507077886974
2024-09-17 14:00:00,122.81507077886974
2024-09-17 15:00:00,122.81507077886974
2024-09-17 16:00:00,122.81507077886974
2024-09-17 17:00:00,122.81507077886974
2024-09-17 18:00:00,122.81507077886974
2024-09-17 19:00:00,122.81507077886974
2024-09-17 20:00:00,122.81507077886974
2024-09-17 21:00:00,122.81507077886974
2024-09-17 22:00:00,122.81507077886974
2024-09-17 23:00:00,122.81507077886974
2024-09-18 00:00:00,122.81507077886974
2024-09-18 01:00:00,122.81507077886974
2024-09-18 02:00:00,122.81507077886974
2024-09-18 03:00:00,122.81507077886974
2024-09-18 04:00:00,122.81507077886974
2024-09-18 05:00:00,122.81507077886974
2024-09-18 06:00:00,122.81507077886974
2024-09-18 07:00:00,122.81507077886974
2024-09-18 08:00:00,122.81507077886974
2024-09-18 09:00:00,122.81507077886974
2024-09-18 10:00:00,122.81507077886974
2024-09-18 11:00:00,122.81507077886974
2024-09-18 12:00:00,122.81507077886974
2024-09-18 13:00:00,122.81507077886974
2024-09-18 14:00:00,122.81507077886974
2024-09-18 15:00:00,122.81507077886974
2024-09-18 16:00:00,122.81507077886974
2024-09-18 17:00:00,122.81507077886974
2024-09-18 18:00:00,122.81507077886974
2024-09-18 19:00:00,122.81507077886974
2024-09-18 20:00:00,122.81507077886974
2024-09-18 21:00:00,122.81507077886974
2024-09-18 22:00:00,122.81507077886974
2024-09-18 23:00:00,122.81507077886974
2024-09-19 00:00:00,122.81507077886974
2024-09-19 01:00:00,122.81507077886974
2024-09-19 02:00:00,122.81507077886974
2024-09-19 03:00:00,122.81507077886974
2024-09-19 04:00:00,122.81507077886974
2024-09-19 05:00:00,122.81507077886974
2024-09-19 06:00:00,122.81507077886974
2024-09-19 07:00:00,122.81507077886974
2024-09-19 08:00:00,122.81507077886974
2024-09-19 09:00:00,122.81507077886974
2024-09-19 10:00:00,122.81507077886974
2024-09-19 11:00:00,122.81507077886974
2024-09-19 12:00:00,122.81507077886974
2024-09-19 13:00:00,122.81507077886974
2024-09-19 14:00:00,122.81507077886974
2024-09-19 15:00:00,122.81507077886974
2024-09-19 16:00:00,122.81507077886974
2024-09-19 17:00:00,122.81507077886974
2024-09-19 18:00:00,122.81507077886974
2024-09-19 19:00:00,122.81507077886974
2024-09-19 20:00:00,122.81507077886974
2024-09-19 21:00:00,122.81507077886974
2024-09-19 22:00:00,122.81507077886974
2024-09-19 23:00:00,122.81507077886974
2024-09-20 00:00:00,122.81507077886974
2024-09-20 01:00:00,122.81507077886974
2024-09-20 02:00:00,122.81507077886974
2024-09-20 03:00:00,122.81507077886974
2024-09-20 04:00:00,122.81507077886974
2024-09-20 05:00:00,122.81507077886974
2024-09-20 06:00:00,122.81507077886974
2024-09-20 07:00:00,122.81507077886974
2024-09-20 08:00:00,122.81507077886974
2024-09-20 09:00:00,122.81507077886974
2024-09-20 10:00:00,122.81507077886974
2024-09-20 11:00:00,122.81507077886974
2024-09-20 12:00:00,122.81507077886974
2024-09-20 13:00:00,122.81507077886974
2024-09-20 14:00:00,122.81507077886974
2024-09-20 15:00:00,122.81507077886974
2024-09-20 16:00:00,122.81507077886974
2024-09-20 17:00:00,122.81507077886974
2024-09-20 18:00:00,122.81507077886974
2024-09-20 19:00:00,122.81507077886974
2024-09-20 20:00:00,122.81507077886974
2024-09-20 21:00:00,122.81507077886974
2024-09-20 22:00:00,122.81507077886974
2024-09-20 23:00:00,122.81507077886974
2024-09-21 00:00:00,122.81507077886974
2024-09-21 01:00:00,122.81507077886974
2024-09-21 02:00:00,122.81507077886974
2024-09-21 03:00:00,122.81507077886974
2024-09-21 04:00:00,122.81507077886974
2024-09-21 05:00:00,122.81507077886974
2024-09-21 06:00:00,122.81507077886974
2024-09-21 07:00:00,122.81507077886974
2024-09-21 08:00:00,122.81507077886974
2024-09-21 09:00:00,122.81507077886974
2024-09-21 10:00:00,122.81507077886974
2024-09-21 11:00:00,122.81507077886974
2024-09-21 12:00:00,122.81507077886974
2024-09-21 13:00:00,122.81507077886974
2024-09-21 14:00:00,122.81507077886974
2024-09-21 15:00:00,122.81507077886974
2024-09-21 16:00:00,122.81507077886974
2024-09-21 17:00:00,122.81507077886974
2024-09-21 18:00:00,122.81507077886974
2024-09-21 19:00:00,122.81507077886974
2024-09-21 20:00:00,122.81507077886974
2024-09-21 21:00:00,122.81507077886974
2024-09-21 22:00:00,122.81507077886974
2024-09-21 23:00:00,122.81507077886974
2024-09-22 00:00:00,122.81507077886974
2024-09-22 01:00:00,122.81507077886974
2024-09-22 02:00:00,122.81507077886974
2024-09-22 03:00:00,122.81507077886974
2024-09-22 04:00:00,122.81507077886974
2024-09-22 05:00:00,122.81507077886974
2024-09-22 06:00:00,122.81507077886974
2024-09-22 07:00:00,122.81507077886974
2024-09-22 08:00:00,122.81507077886974
2024-09-22 09:00:00,122.81507077886974
2024-09-22 10:00:00,122.81507077886974
2024-09-22 11:00:00,122.81507077886974
2024-09-22 12:00:00,122.81507077886974
2024-09-22 13:00:00,122.81507077886974
2024-09-22 14:00:00,122.81507077886974
2024-09-22 15:00:00,122.81507077886974
2024-09-22 16:00:00,122.81507077886974
2024-09-22 17:00:00,122.81507077886974
2024-09-22 18:00:00,122.81507077886974
2024-09-22 19:00:00,122.81507077886974
2024-09-22 20:00:00,122.81507077886974
2024-09-22 21:00:00,122.81507077886974
2024-09-22 22:00:00,122.81507077886974
2024-09-22 23:00:00,122.81507077886974
2024-09-23 00:00:00,122.81507077886974
2024-09-23 01:00:00,122.81507077886974
2024-09-23 02:00:00,122.81507077886974
2024-09-23 03:00:00,122.81507077886974
2024-09-23 04:00:00,122.81507077886974
2024-09-23 05:00:00,122.81507077886974
2024-09-23 06:00:00,122.81507077886974
2024-09-23 07:00:00,122.81507077886974
2024-09-23 08:00:00,122.81507077886974
2024-09-23 09:00:00,122.81507077886974
2024-09-23 10:00:00,122.81507077886974
2024-09-23 11:00:00,122.81507077886974
2024-09-23 12:00:00,122.81507077886974
2024-09-23 13:00:00,122.81507077886974
2024-09-23 14:00:00,122.81507077886974
2024-09-23 15:00:00,122.81507077886974
2024-09-23 16:00:00,122.81507077886974
2024-09-23 17:00:00,122.81507077886974
2024-09-23 18:00:00,122.81507077886974
2024-09-23 19:00:00,122.81507077886974
2024-09-23 20:00:00,122.81507077886974
2024-09-23 21:00:00,122.81507077886974
2024-09-23 22:00:00,122.81507077886974
2024-09-23 23:00:00,122.81507077886974
2024-09-24 00:00:00,122.81507077886974
2024-09-24 01:00:00,122.81507077886974
2024-09-24 02:00:00,122.81507077886974
2024-09-24 03:00:00,122.81507077886974
2024-09-24 04:00:00,122.81507077886974
2024-09-24 05:00:00,122.81507077886974
2024-09-24 06:00:00,122.81507077886974
2024-09-24 07:00:00,122.81507077886974
2024-09-24 08:00:00,122.81507077886974
2024-09-24 09:00:00,122.81507077886974
2024-09-24 10:00:00,122.81507077886974
2024-09-24 11:00:00,122.81507077886974
2024-09-24 12:00:00,122.81507077886974
2024-09-24 13:00:00,122.81507077886974
2024-09-24 14:00:00,122.81507077886974
2024-09-24 15:00:00,122.81507077886974
2024-09-24 16:00:00,122.81507077886974
2024-09-24 17:00:00,122.81507077886974
2024-09-24 18:00:00,122.81507077886974
2024-09-24 19:00:00,122.81507077886974
2024-09-24 20:00:00,122.81507077886974
2024-09-24 21:00:00,122.81507077886974
2024-09-24 22:00:00,122.81507077886974
2024-09-24 23:00:00,122.81507077886974
2024-09-25 00:00:00,122.81507077886974
2024-09-25 01:00:00,122.81507077886974
2024-09-25 02:00:00,122.81507077886974
2024-09-25 03:00:00,122.81507077886974
2024-09-25 04:00:00,122.81507077886974
2024-09-25 05:00:00,122.81507077886974
2024-09-25 06:00:00,122.81507077886974
2024-09-25 07:00:00,122.81507077886974
2024-09-25 08:00:00,122.81507077886974
2024-09-25 09:00:00,122.81507077886974
2024-09-25 10:00:00,122.81507077886974
2024-09-25 11:00:00,122.81507077886974
2024-09-25 12:00:00,122.81507077886974
2024-09-25 13:00:00,122.81507077886974
2024-09-25 14:00:00,122.81507077886974
2024-09-25 15:00:00,122.81507077886974
2024-09-25 16:00:00,122.81507077886974
2024-09-25 17:00:00,122.81507077886974
2024-09-25 18:00:00,122.81507077886974
2024-09-25 19:00:00,122.81507077886974
2024-09-25 20:00:00,122.81507077886974
2024-09-25 21:00:00,122.81507077886974
2024-09-25 22:00:00,122.81507077886974
2024-09-25 23:00:00,122.81507077886974
2024-09-26 00:00:00,122.81507077886974
2024-09-26 01:00:00,122.81507077886974
2024-09-26 02:00:00,122.81507077886974
2024-09-26 03:00:00,122.81507077886974
2024-09-26 04:00:00,122.81507077886974
2024-09-26 05:00:00,122.81507077886974
2024-09-26 06:00:00,122.81507077886974
2024-09-26 07:00:00,122.81507077886974
2024-09-26 08:00:00,122.81507077886974
2024-09-26 09:00:00,122.81507077886974
2024-09-26 10:00:00,122.81507077886974
2024-09-26 11:00:00,122.81507077886974
2024-09-26 12:00:00,122.81507077886974
2024-09-26 13:00:00,122.81507077886974
2024-09-26 14:00:00,122.81507077886974
2024-09-26 15:00:00,122.81507077886974
2024-09-26 16:00:00,122.81507077886974
2024-09-26 17:00:00,122.81507077886974
2024-09-26 18:00:00,122.81507077886974
2024-09-26 19:00:00,122.81507077886974
2024-09-26 20:00:00,122.81507077886974
2024-09-26 21:00:00,122.81507077886974
2024-09-26 22:00:00,122.81507077886974
2024-09-26 23:00:00,122.81507077886974
2024-09-27 00:00:00,122.81507077886974
2024-09-27 01:00:00,122.81507077886974
2024-09-27 02:00:00,122.81507077886974
2024-09-27 03:00:00,122.81507077886974
2024-09-27 04:00:00,122.81507077886974
2024-09-27 05:00:00,122.81507077886974
2024-09-27 06:00:00,122.81507077886974
2024-09-27 07:00:00,122.81507077886974
2024-09-27 08:00:00,122.81507077886974
2024-09-27 09:00:00,122.81507077886974
2024-09-27 10:00:00,122.81507077886974
2024-09-27 11:00:00,122.81507077886974
2024-09-27 12:00:00,122.81507077886974
2024-09-27 13:00:00,122.81507077886974
2024-09-27 14:00:00,122.81507077886974
2024-09-27 15:00:00,122.81507077886974
2024-09-27 16:00:00,122.81507077886974
2024-09-27 17:00:00,122.81507077886974
2024-09-27 18:00:00,122.81507077886974
2024-09-27 19:00:00,122.81507077886974
2024-09-27 20:00:00,122.81507077886974
2024-09-27 21:00:00,122.81507077886974
2024-09-27 22:00:00,122.81507077886974
2024-09-27 23:00:00,122.81507077886974
2024-09-28 00:00:00,122.81507077886974
2024-09-28 01:00:00,122.81507077886974
2024-09-28 02:00:00,122.81507077886974
2024-09-28 03:00:00,122.81507077886974
2024-09-28 04:00:00,122.81507077886974
2024-09-28 05:00:00,122.81507077886974
2024-09-28 06:00:00,122.81507077886974
2024-09-28 07:00:00,122.81507077886974
2024-09-28 08:00:00,122.81507077886974
2024-09-28 09:00:00,122.81507077886974
2024-09-28 10:00:00,122.81507077886974
2024-09-28 11:00:00,122.81507077886974
2024-09-28 12:00:00,122.81507077886974
2024-09-28 13:00:00,122.81507077886974
2024-09-28 14:00:00,122.81507077886974
2024-09-28 15:00:00,122.81507077886974
2024-09-28 16:00:00,122.81507077886974
2024-09-28 17:00:00,122.81507077886974
2024-09-28 18:00:00,122.81507077886974
2024-09-28 19:00:00,122.81507077886974
2024-09-28 20:00:00,122.81507077886974
2024-09-28 21:00:00,122.81507077886974
2024-09-28 22:00:00,122.81507077886974
2024-09-28 23:00:00,122.81507077886974
2024-09-29 00:00:00,122.81507077886974
2024-09-29 01:00:00,122.81507077886974
2024-09-29 02:00:00,122.81507077886974
2024-09-29 03:00:00,122.81507077886974
2024-09-29 04:00:00,122.81507077886974
2024-09-29 05:00:00,122.81507077886974
2024-09-29 06:00:00,122.81507077886974
2024-09-29 07:00:00,122.81507077886974
2024-09-29 08:00:00,122.81507077886974
2024-09-29 09:00:00,122.81507077886974
2024-09-29 10:00:00,122.81507077886974
2024-09-29 11:00:00,122.81507077886974
2024-09-29 12:00:00,122.81507077886974
2024-09-29 13:00:00,122.81507077886974
2024-09-29 14:00:00,122.81507077886974
2024-09-29 15:00:00,122.81507077886974
2024-09-29 16:00:00,122.81507077886974
2024-09-29 17:00:00,122.81507077886974
2024-09-29 18:00:00,122.81507077886974
2024-09-29 19:00:00,122.81507077886974
2024-09-29 20:00:00,122.81507077886974
2024-09-29 21:00:00,122.81507077886974
2024-09-29 22:00:00,122.81507077886974
2024-09-29 23:00:00,122.81507077886974
2024-09-30 00:00:00,122.81507077886974
2024-09-30 01:00:00,122.81507077886974
2024-09-30 02:00:00,122.81507077886974
2024-09-30 03:00:00,122.81507077886974
2024-09-30 04:00:00,122.81507077886974
2024-09-30 05:00:00,122.81507077886974
2024-09-30 06:00:00,122.81507077886974
2024-09-30 07:00:00,122.81507077886974
2024-09-30 08:00:00,122.81507077886974
2024-09-30 09:00:00,122.81507077886974
2024-09-30 10:00:00,122.81507077886974
2024-09-30 11:00:00,122.81507077886974
2024-09-30 12:00:00,122.81507077886974
2024-09-30 13:00:00,122.81507077886974
2024-09-30 14:00:00,122.81507077886974
2024-09-30 15:00:00,122.81507077886974
2024-09-30 16:00:00,122.81507077886974
2024-09-30 17:00:00,122.81507077886974
2024-09-30 18:00:00,122.81507077886974
2024-09-30 19:00:00,122.81507077886974
2024-09-30 20:00:00,122.81507077886974
2024-09-30 21:00:00,122.81507077886974
2024-09-30 22:00:00,122.81507077886974
2024-09-30 23:00:00,122.81507077886974
2024-10-01 00:00:00,122.81507077886974
2024-10-01 01:00:00,122.81507077886974
2024-10-01 02:00:00,122.81507077886974
2024-10-01 03:00:00,122.81507077886974
2024-10-01 04:00:00,122.81507077886974
2024-10-01 05:00:00,122.81507077886974
2024-10-01 06:00:00,122.81507077886974
2024-10-01 07:00:00,122.81507077886974
2024-10-01 08:00:00,122.81507077886974
2024-10-01 09:00:00,122.81507077886974
2024-10-01 10:00:00,122.81507077886974
2024-10-01 11:00:00,122.81507077886974
2024-10-01 12:00:00,122.81507077886974
2024-10-01 13:00:00,122.81507077886974
2024-10-01 14:00:00,122.81507077886974
2024-10-01 15:00:00,122.81507077886974
2024-10-01 16:00:00,122.81507077886974
2024-10-01 17:00:00,122.81507077886974
2024-10-01 18:00:00,122.81507077886974
2024-10-01 19:00:00,122.81507077886974
2024-10-01 20:00:00,122.81507077886974
2024-10-01 21:00:00,122.81507077886974
2024-10-01 22:00:00,122.81507077886974
2024-10-01 23:00:00,122.81507077886974
2024-10-02 00:00:00,122.81507077886974
2024-10-02 01:00:00,122.81507077886974
2024-10-02 02:00:00,122.81507077886974
2024-10-02 03:00:00,122.81507077886974
2024-10-02 04:00:00,122.81507077886974
2024-10-02 05:00:00,122.81507077886974
2024-10-02 06:00:00,122.81507077886974
2024-10-02 07:00:00,122.81507077886974
2024-10-02 08:00:00,122.81507077886974
2024-10-02 09:00:00,122.81507077886974
2024-10-02 10:00:00,122.81507077886974
2024-10-02 11:00:00,122.81507077886974
2024-10-02 12:00:00,122.81507077886974
2024-10-02 13:00:00,122.81507077886974
2024-10-02 14:00:00,122.81507077886974
2024-10-02 15:00:00,122.81507077886974
2024-10-02 16:00:00,122.81507077886974
2024-10-02 17:00:00,122.81507077886974
2024-10-02 18:00:00,122.81507077886974
2024-10-02 19:00:00,122.81507077886974
2024-10-02 20:00:00,122.81507077886974
2024-10-02 21:00:00,122.81507077886974
2024-10-02 22:00:00,122.81507077886974
2024-10-02 23:00:00,122.81507077886974
2024-10-03 00:00:00,122.81507077886974
2024-10-03 01:00:00,122.81507077886974
2024-10-03 02:00:00,122.81507077886974
2024-10-03 03:00:00,122.81507077886974
2024-10-03 04:00:00,122.81507077886974
2024-10-03 05:00:00,122.81507077886974
2024-10-03 06:00:00,122.81507077886974
2024-10-03 07:00:00,122.81507077886974
2024-10-03 08:00:00,122.81507077886974
2024-10-03 09:00:00,122.81507077886974
2024-10-03 10:00:00,122.81507077886974
2024-10-03 11:00:00,122.81507077886974
2024-10-03 12:00:00,122.81507077886974
2024-10-03 13:00:00,122.81507077886974
2024-10-03 14:00:00,122.81507077886974
2024-10-03 15:00:00,122.81507077886974
2024-10-03 16:00:00,122.81507077886974
2024-10-03 17:00:00,122.81507077886974
2024-10-03 18:00:00,122.81507077886974
2024-10-03 19:00:00,122.81507077886974
2024-10-03 20:00:00,122.81507077886974
2024-10-03 21:00:00,122.81507077886974
2024-10-03 22:00:00,122.81507077886974
2024-10-03 23:00:00,122.81507077886974
2024-10-04 00:00:00,122.81507077886974
2024-10-04 01:00:00,122.81507077886974
2024-10-04 02:00:00,122.81507077886974
2024-10-04 03:00:00,122.81507077886974
2024-10-04 04:00:00,122.81507077886974
2024-10-04 05:00:00,122.81507077886974
2024-10-04 06:00:00,122.81507077886974
2024-10-04 07:00:00,122.81507077886974
2024-10-04 08:00:00,122.81507077886974
2024-10-04 09:00:00,122.81507077886974
2024-10-04 10:00:00,122.81507077886974
2024-10-04 11:00:00,122.81507077886974
2024-10-04 12:00:00,122.81507077886974
2024-10-04 13:00:00,122.81507077886974
2024-10-04 14:00:00,122.81507077886974
2024-10-04 15:00:00,122.81507077886974
2024-10-04 16:00:00,122.81507077886974
2024-10-04 17:00:00,122.81507077886974
2024-10-04 18:00:00,122.81507077886974
2024-10-04 19:00:00,122.81507077886974
2024-10-04 20:00:00,122.81507077886974
2024-10-04 21:00:00,122.81507077886974
2024-10-04 22:00:00,122.81507077886974
2024-10-04 23:00:00,122.81507077886974
2024-10-05 00:00:00,122.81507077886974
2024-10-05 01:00:00,122.81507077886974
2024-10-05 02:00:00,122.81507077886974
2024-10-05 03:00:00,122.81507077886974
2024-10-05 04:00:00,122.81507077886974
2024-10-05 05:00:00,122.81507077886974
2024-10-05 06:00:00,122.81507077886974
2024-10-05 07:00:00,122.81507077886974
2024-10-05 08:00:00,122.81507077886974
2024-10-05 09:00:00,122.81507077886974
2024-10-05 10:00:00,122.81507077886974
2024-10-05 11:00:00,122.81507077886974
2024-10-05 12:00:00,122.81507077886974
2024-10-05 13:00:00,122.81507077886974
2024-10-05 14:00:00,122.81507077886974
2024-10-05 15:00:00,122.81507077886974
2024-10-05 16:00:00,122.81507077886974
2024-10-05 17:00:00,122.81507077886974
2024-10-05 18:00:00,122.81507077886974
2024-10-05 19:00:00,122.81507077886974
2024-10-05 20:00:00,122.81507077886974
2024-10-05 21:00:00,122.81507077886974
2024-10-05 22:00:00,122.81507077886974
2024-10-05 23:00:00,122.81507077886974
2024-10-06 00:00:00,122.81507077886974
2024-10-06 01:00:00,122.81507077886974
2024-10-06 02:00:00,122.81507077886974
2024-10-06 03:00:00,122.81507077886974
2024-10-06 04:00:00,122.81507077886974
2024-10-06 05:00:00,122.81507077886974
2024-10-06 06:00:00,122.81507077886974
2024-10-06 07:00:00,122.81507077886974
2024-10-06 08:00:00,122.81507077886974
2024-10-06 09:00:00,122.81507077886974
2024-10-06 10:00:00,122.81507077886974
2024-10-06 11:00:00,122.81507077886974
2024-10-06 12:00:00,122.81507077886974
2024-10-06 13:00:00,122.81507077886974
2024-10-06 14:00:00,122.81507077886974
2024-10-06 15:00:00,122.81507077886974
2024-10-06 16:00:00,122.81507077886974
2024-10-06 17:00:00,122.81507077886974
2024-10-06 18:00:00,122.81507077886974
2024-10-06 19:00:00,122.81507077886974
2024-10-06 20:00:00,122.81507077886974
2024-10-06 21:00:00,122.81507077886974
2024-10-06 22:00:00,122.81507077886974
2024-10-06 23:00:00,122.81507077886974
2024-10-07 00:00:00,122.81507077886974
2024-10-07 01:00:00,122.81507077886974
2024-10-07 02:00:00,122.81507077886974
2024-10-07 03:00:00,122.81507077886974
2024-10-07 04:00:00,122.81507077886974
2024-10-07 05:00:00,122.81507077886974
2024-10-07 06:00:00,122.81507077886974
2024-10-07 07:00:00,122.81507077886974
2024-10-07 08:00:00,122.81507077886974
2024-10-07 09:00:00,122.81507077886974
2024-10-07 10:00:00,122.81507077886974
2024-10-07 11:00:00,122.81507077886974
2024-10-07 12:00:00,122.81507077886974
2024-10-07 13:00:00,122.81507077886974
2024-10-07 14:00:00,122.81507077886974
2024-10-07 15:00:00,122.81507077886974
2024-10-07 16:00:00,122.81507077886974
2024-10-07 17:00:00,122.81507077886974
2024-10-07 18:00:00,122.81507077886974
2024-10-07 19:00:00,122.81507077886974
2024-10-07 20:00:00,122.81507077886974
2024-10-07 21:00:00,122.81507077886974
2024-10-07 22:00:00,122.81507077886974
2024-10-07 23:00:00,122.81507077886974
2024-10-08 00:00:00,122.81507077886974
2024-10-08 01:00:00,122.81507077886974
2024-10-08 02:00:00,122.81507077886974
2024-10-08 03:00:00,122.81507077886974
2024-10-08 04:00:00,122.81507077886974
2024-10-08 05:00:00,122.81507077886974
2024-10-08 06:00:00,122.81507077886974
2024-10-08 07:00:00,122.81507077886974
2024-10-08 08:00:00,122.81507077886974
2024-10-08 09:00:00,122.81507077886974
2024-10-08 10:00:00,122.81507077886974
2024-10-08 11:00:00,122.81507077886974
2024-10-08 12:00:00,122.81507077886974
2024-10-08 13:00:00,122.81507077886974
2024-10-08 14:00:00,122.81507077886974
2024-10-08 15:00:00,122.81507077886974
2024-10-08 16:00:00,122.81507077886974
2024-10-08 17:00:00,122.81507077886974
2024-10-08 18:00:00,122.81507077886974
2024-10-08 19:00:00,122.81507077886974
2024-10-08 20:00:00,122.81507077886974
2024-10-08 21:00:00,122.81507077886974
2024-10-08 22:00:00,122.81507077886974
2024-10-08 23:00:00,122.81507077886974
2024-10-09 00:00:00,122.81507077886974
2024-10-09 01:00:00,122.81507077886974
2024-10-09 02:00:00,122.81507077886974
2024-10-09 03:00:00,122.81507077886974
2024-10-09 04:00:00,122.81507077886974
2024-10-09 05:00:00,122.81507077886974
2024-10-09 06:00:00,122.81507077886974
2024-10-09 07:00:00,122.81507077886974
2024-10-09 08:00:00,122.81507077886974
2024-10-09 09:00:00,122.81507077886974
2024-10-09 10:00:00,122.81507077886974
2024-10-09 11:00:00,122.81507077886974
2024-10-09 12:00:00,122.81507077886974
2024-10-09 13:00:00,122.81507077886974
2024-10-09 14:00:00,122.81507077886974
2024-10-09 15:00:00,122.81507077886974
2024-10-09 16:00:00,122.81507077886974
2024-10-09 17:00:00,122.81507077886974
2024-10-09 18:00:00,122.81507077886974
2024-10-09 19:00:00,122.81507077886974
2024-10-09 20:00:00,122.81507077886974
2024-10-09 21:00:00,122.81507077886974
2024-10-09 22:00:00,122.81507077886974
2024-10-09 23:00:00,122.81507077886974
2024-10-10 00:00:00,122.81507077886974
2024-10-10 01:00:00,122.81507077886974
2024-10-10 02:00:00,122.81507077886974
2024-10-10 03:00:00,122.81507077886974
2024-10-10 04:00:00,122.81507077886974
2024-10-10 05:00:00,122.81507077886974
2024-10-10 06:00:00,122.81507077886974
2024-10-10 07:00:00,122.81507077886974
2024-10-10 08:00:00,122.81507077886974
2024-10-10 09:00:00,122.81507077886974
2024-10-10 10:00:00,122.81507077886974
2024-10-10 11:00:00,122.81507077886974
2024-10-10 12:00:00,122.81507077886974
2024-10-10 13:00:00,122.81507077886974
2024-10-10 14:00:00,122.81507077886974
2024-10-10 15:00:00,122.81507077886974
2024-10-10 16:00:00,122.81507077886974
2024-10-10 17:00:00,122.81507077886974
2024-10-10 18:00:00,122.81507077886974
2024-10-10 19:00:00,122.81507077886974
2024-10-10 20:00:00,122.81507077886974
2024-10-10 21:00:00,122.81507077886974
2024-10-10 22:00:00,122.81507077886974
2024-10-10 23:00:00,122.81507077886974
2024-10-11 00:00:00,122.81507077886974
2024-10-11 01:00:00,122.81507077886974
2024-10-11 02:00:00,122.81507077886974
2024-10-11 03:00:00,122.81507077886974
2024-10-11 04:00:00,122.81507077886974
2024-10-11 05:00:00,122.81507077886974
2024-10-11 06:00:00,122.81507077886974
2024-10-11 07:00:00,122.81507077886974
2024-10-11 08:00:00,122.81507077886974
2024-10-11 09:00:00,122.81507077886974
2024-10-11 10:00:00,122.81507077886974
2024-10-11 11:00:00,122.81507077886974
2024-10-11 12:00:00,122.81507077886974
2024-10-11 13:00:00,122.81507077886974
2024-10-11 14:00:00,122.81507077886974
2024-10-11 15:00:00,122.81507077886974
2024-10-11 16:00:00,122.81507077886974
2024-10-11 17:00:00,122.81507077886974
2024-10-11 18:00:00,122.81507077886974
2024-10-11 19:00:00,122.81507077886974
2024-10-11 20:00:00,122.81507077886974
2024-10-11 21:00:00,122.81507077886974
2024-10-11 22:00:00,122.81507077886974
2024-10-11 23:00:00,122.81507077886974
2024-10-12 00:00:00,122.81507077886974
2024-10-12 01:00:00,122.81507077886974
2024-10-12 02:00:00,122.81507077886974
2024-10-12 03:00:00,122.81507077886974
2024-10-12 04:00:00,122.81507077886974
2024-10-12 05:00:00,122.81507077886974
2024-10-12 06:00:00,122.81507077886974
2024-10-12 07:00:00,122.81507077886974
2024-10-12 08:00:00,122.81507077886974
2024-10-12 09:00:00,122.81507077886974
2024-10-12 10:00:00,122.81507077886974
2024-10-12 11:00:00,122.81507077886974
2024-10-12 12:00:00,122.81507077886974
2024-10-12 13:00:00,122.81507077886974
2024-10-12 14:00:00,122.81507077886974
2024-10-12 15:00:00,122.81507077886974
2024-10-12 16:00:00,122.81507077886974
2024-10-12 17:00:00,122.81507077886974
2024-10-12 18:00:00,122.81507077886974
2024-10-12 19:00:00,122.81507077886974
2024-10-12 20:00:00,122.81507077886974
2024-10-12 21:00:00,122.81507077886974
2024-10-12 22:00:00,122.81507077886974
2024-10-12 23:00:00,122.81507077886974
2024-10-13 00:00:00,122.81507077886974
2024-10-13 01:00:00,122.81507077886974
2024-10-13 02:00:00,122.81507077886974
2024-10-13 03:00:00,122.81507077886974
2024-10-13 04:00:00,122.81507077886974
2024-10-13 05:00:00,122.81507077886974
2024-10-13 06:00:00,122.81507077886974
2024-10-13 07:00:00,122.81507077886974
2024-10-13 08:00:00,122.81507077886974
2024-10-13 09:00:00,122.81507077886974
2024-10-13 10:00:00,122.81507077886974
2024-10-13 11:00:00,122.81507077886974
2024-10-13 12:00:00,122.81507077886974
2024-10-13 13:00:00,122.81507077886974
2024-10-13 14:00:00,122.81507077886974
2024-10-13 15:00:00,122.81507077886974
2024-10-13 16:00:00,122.81507077886974
2024-10-13 17:00:00,122.81507077886974
2024-10-13 18:00:00,122.81507077886974
2024-10-13 19:00:00,122.81507077886974
2024-10-13 20:00:00,122.81507077886974
2024-10-13 21:00:00,122.81507077886974
2024-10-13 22:00:00,122.81507077886974
2024-10-13 23:00:00,122.81507077886974
2024-10-14 00:00:00,122.81507077886974
2024-10-14 01:00:00,122.81507077886974
2024-10-14 02:00:00,122.81507077886974
2024-10-14 03:00:00,122.81507077886974
2024-10-14 04:00:00,122.81507077886974
2024-10-14 05:00:00,122.81507077886974
2024-10-14 06:00:00,122.81507077886974
2024-10-14 07:00:00,122.81507077886974
2024-10-14 08:00:00,122.81507077886974
2024-10-14 09:00:00,122.81507077886974
2024-10-14 10:00:00,122.81507077886974
2024-10-14 11:00:00,122.81507077886974
2024-10-14 12:00:00,122.81507077886974
2024-10-14 13:00:00,122.81507077886974
2024-10-14 14:00:00,122.81507077886974
2024-10-14 15:00:00,122.81507077886974
2024-10-14 16:00:00,122.81507077886974
2024-10-14 17:00:00,122.81507077886974
2024-10-14 18:00:00,122.81507077886974
2024-10-14 19:00:00,122.81507077886974
2024-10-14 20:00:00,122.81507077886974
2024-10-14 21:00:00,122.81507077886974
2024-10-14 22:00:00,122.81507077886974
2024-10-14 23:00:00,122.81507077886974
2024-10-15 00:00:00,122.81507077886974
2024-10-15 01:00:00,122.81507077886974
2024-10-15 02:00:00,122.81507077886974
2024-10-15 03:00:00,122.81507077886974
2024-10-15 04:00:00,122.81507077886974
2024-10-15 05:00:00,122.81507077886974
2024-10-15 06:00:00,122.81507077886974
2024-10-15 07:00:00,122.81507077886974
2024-10-15 08:00:00,122.81507077886974
2024-10-15 09:00:00,122.81507077886974
2024-10-15 10:00:00,122.81507077886974
2024-10-15 11:00:00,122.81507077886974
2024-10-15 12:00:00,122.81507077886974
2024-10-15 13:00:00,122.81507077886974
2024-10-15 14:00:00,122.81507077886974
2024-10-15 15:00:00,122.81507077886974
2024-10-15 16:00:00,122.81507077886974
2024-10-15 17:00:00,122.81507077886974
2024-10-15 18:00:00,122.81507077886974
2024-10-15 19:00:00,122.81507077886974
2024-10-15 20:00:00,122.81507077886974
2024-10-15 21:00:00,122.81507077886974
2024-10-15 22:00:00,122.81507077886974
2024-10-15 23:00:00,122.81507077886974
2024-10-16 00:00:00,122.81507077886974
2024-10-16 01:00:00,122.81507077886974
2024-10-16 02:00:00,122.81507077886974
2024-10-16 03:00:00,122.81507077886974
2024-10-16 04:00:00,122.81507077886974
2024-10-16 05:00:00,122.81507077886974
2024-10-16 06:00:00,122.81507077886974
2024-10-16 07:00:00,122.81507077886974
2024-10-16 08:00:00,122.81507077886974
2024-10-16 09:00:00,122.81507077886974
2024-10-16 10:00:00,122.81507077886974
2024-10-16 11:00:00,122.81507077886974
2024-10-16 12:00:00,122.81507077886974
2024-10-16 13:00:00,122.81507077886974
2024-10-16 14:00:00,122.81507077886974
2024-10-16 15:00:00,122.81507077886974
2024-10-16 16:00:00,122.81507077886974
2024-10-16 17:00:00,122.81507077886974
2024-10-16 18:00:00,122.81507077886974
2024-10-16 19:00:00,122.81507077886974
2024-10-16 20:00:00,122.81507077886974
2024-10-16 21:00:00,122.81507077886974
2024-10-16 22:00:00,122.81507077886974
2024-10-16 23:00:00,122.81507077886974
2024-10-17 00:00:00,122.81507077886974
2024-10-17 01:00:00,122.81507077886974
2024-10-17 02:00:00,122.81507077886974
2024-10-17 03:00:00,122.81507077886974
2024-10-17 04:00:00,122.81507077886974
2024-10-17 05:00:00,122.81507077886974
2024-10-17 06:00:00,122.81507077886974
2024-10-17 07:00:00,122.81507077886974
2024-10-17 08:00:00,122.81507077886974
2024-10-17 09:00:00,122.81507077886974
2024-10-17 10:00:00,122.81507077886974
2024-10-17 11:00:00,122.81507077886974
2024-10-17 12:00:00,122.81507077886974
2024-10-17 13:00:00,122.81507077886974
2024-10-17 14:00:00,122.81507077886974
2024-10-17 15:00:00,122.81507077886974
2024-10-17 16:00:00,122.81507077886974
2024-10-17 17:00:00,122.81507077886974
2024-10-17 18:00:00,122.81507077886974
2024-10-17 19:00:00,122.81507077886974
2024-10-17 20:00:00,122.81507077886974
2024-10-17 21:00:00,122.81507077886974
2024-10-17 22:00:00,122.81507077886974
2024-10-17 23:00:00,122.81507077886974
2024-10-18 00:00:00,122.81507077886974
2024-10-18 01:00:00,122.81507077886974
2024-10-18 02:00:00,122.81507077886974
2024-10-18 03:00:00,122.81507077886974
2024-10-18 04:00:00,122.81507077886974
2024-10-18 05:00:00,122.81507077886974
2024-10-18 06:00:00,122.81507077886974
2024-10-18 07:00:00,122.81507077886974
2024-10-18 08:00:00,122.81507077886974
2024-10-18 09:00:00,122.81507077886974
2024-10-18 10:00:00,122.81507077886974
2024-10-18 11:00:00,122.81507077886974
2024-10-18 12:00:00,122.81507077886974
2024-10-18 13:00:00,122.81507077886974
2024-10-18 14:00:00,122.81507077886974
2024-10-18 15:00:00,122.81507077886974
2024-10-18 16:00:00,122.81507077886974
2024-10-18 17:00:00,122.81507077886974
2024-10-18 18:00:00,122.81507077886974
2024-10-18 19:00:00,122.81507077886974
2024-10-18 20:00:00,122.81507077886974
2024-10-18 21:00:00,122.81507077886974
2024-10-18 22:00:00,122.81507077886974
2024-10-18 23:00:00,122.81507077886974
2024-10-19 00:00:00,122.81507077886974
2024-10-19 01:00:00,122.81507077886974
2024-10-19 02:00:00,122.81507077886974
2024-10-19 03:00:00,122.81507077886974
2024-10-19 04:00:00,122.81507077886974
2024-10-19 05:00:00,122.81507077886974
2024-10-19 06:00:00,122.81507077886974
2024-10-19 07:00:00,122.81507077886974
2024-10-19 08:00:00,122.81507077886974
2024-10-19 09:00:00,122.81507077886974
2024-10-19 10:00:00,122.81507077886974
2024-10-19 11:00:00,122.81507077886974
2024-10-19 12:00:00,122.81507077886974
2024-10-19 13:00:00,122.81507077886974
2024-10-19 14:00:00,122.81507077886974
2024-10-19 15:00:00,122.81507077886974
2024-10-19 16:00:00,122.81507077886974
2024-10-19 17:00:00,122.81507077886974
2024-10-19 18:00:00,122.81507077886974
2024-10-19 19:00:00,122.81507077886974
2024-10-19 20:00:00,122.81507077886974
2024-10-19 21:00:00,122.81507077886974
2024-10-19 22:00:00,122.81507077886974
2024-10-19 23:00:00,122.81507077886974
2024-10-20 00:00:00,122.81507077886974
2024-10-20 01:00:00,122.81507077886974
2024-10-20 02:00:00,122.81507077886974
2024-10-20 03:00:00,122.81507077886974
2024-10-20 04:00:00,122.81507077886974
2024-10-20 05:00:00,122.81507077886974
2024-10-20 06:00:00,122.81507077886974
2024-10-20 07:00:00,122.81507077886974
2024-10-20 08:00:00,122.81507077886974
2024-10-20 09:00:00,122.81507077886974
2024-10-20 10:00:00,122.81507077886974
2024-10-20 11:00:00,122.81507077886974
2024-10-20 12:00:00,122.81507077886974
2024-10-20 13:00:00,122.81507077886974
2024-10-20 14:00:00,122.81507077886974
2024-10-20 15:00:00,122.81507077886974
2024-10-20 16:00:00,122.81507077886974
2024-10-20 17:00:00,122.81507077886974
2024-10-20 18:00:00,122.81507077886974
2024-10-20 19:00:00,122.81507077886974
2024-10-20 20:00:00,122.81507077886974
2024-10-20 21:00:00,122.81507077886974
2024-10-20 22:00:00,122.81507077886974
2024-10-20 23:00:00,122.81507077886974
2024-10-21 00:00:00,122.81507077886974
2024-10-21 01:00:00,122.81507077886974
2024-10-21 02:00:00,122.81507077886974
2024-10-21 03:00:00,122.81507077886974
2024-10-21 04:00:00,122.81507077886974
2024-10-21 05:00:00,122.81507077886974
2024-10-21 06:00:00,122.81507077886974
2024-10-21 07:00:00,122.81507077886974
2024-10-21 08:00:00,122.81507077886974
2024-10-21 09:00:00,122.81507077886974
2024-10-21 10:00:00,122.81507077886974
2024-10-21 11:00:00,122.81507077886974
2024-10-21 12:00:00,122.81507077886974
2024-10-21 13:00:00,122.81507077886974
2024-10-21 14:00:00,122.81507077886974
2024-10-21 15:00:00,122.81507077886974
2024-10-21 16:00:00,122.81507077886974
2024-10-21 17:00:00,122.81507077886974
2024-10-21 18:00:00,122.81507077886974
2024-10-21 19:00:00,122.81507077886974
2024-10-21 20:00:00,122.81507077886974
2024-10-21 21:00:00,122.81507077886974
2024-10-21 22:00:00,122.81507077886974
2024-10-21 23:00:00,122.81507077886974
2024-10-22 00:00:00,122.81507077886974
2024-10-22 01:00:00,122.81507077886974
2024-10-22 02:00:00,122.81507077886974
2024-10-22 03:00:00,122.81507077886974
2024-10-22 04:00:00,122.81507077886974
2024-10-22 05:00:00,122.81507077886974
2024-10-22 06:00:00,122.81507077886974
2024-10-22 07:00:00,122.81507077886974
2024-10-22 08:00:00,122.81507077886974
2024-10-22 09:00:00,122.81507077886974
2024-10-22 10:00:00,122.81507077886974
2024-10-22 11:00:00,122.81507077886974
2024-10-22 12:00:00,122.81507077886974
2024-10-22 13:00:00,122.81507077886974
2024-10-22 14:00:00,122.81507077886974
2024-10-22 15:00:00,122.81507077886974
2024-10-22 16:00:00,122.81507077886974
2024-10-22 17:00:00,122.81507077886974
2024-10-22 18:00:00,122.81507077886974
2024-10-22 19:00:00,122.81507077886974
2024-10-22 20:00:00,122.81507077886974
2024-10-22 21:00:00,122.81507077886974
2024-10-22 22:00:00,122.81507077886974
2024-10-22 23:00:00,122.81507077886974
2024-10-23 00:00:00,122.81507077886974
2024-10-23 01:00:00,122.81507077886974
2024-10-23 02:00:00,122.81507077886974
2024-10-23 03:00:00,122.81507077886974
2024-10-23 04:00:00,122.81507077886974
2024-10-23 05:00:00,122.81507077886974
2024-10-23 06:00:00,122.81507077886974
2024-10-23 07:00:00,122.81507077886974
2024-10-23 08:00:00,122.81507077886974
2024-10-23 09:00:00,122.81507077886974
2024-10-23 10:00:00,122.81507077886974
2024-10-23 11:00:00,122.81507077886974
2024-10-23 12:00:00,122.81507077886974
2024-10-23 13:00:00,122.81507077886974
2024-10-23 14:00:00,122.81507077886974
2024-10-23 15:00:00,122.81507077886974
2024-10-23 16:00:00,122.81507077886974
2024-10-23 17:00:00,122.81507077886974
2024-10-23 18:00:00,122.81507077886974
2024-10-23 19:00:00,122.81507077886974
2024-10-23 20:00:00,122.81507077886974
2024-10-23 21:00:00,122.81507077886974
2024-10-23 22:00:00,122.81507077886974
2024-10-23 23:00:00,122.81507077886974
2024-10-24 00:00:00,122.81507077886974
2024-10-24 01:00:00,122.81507077886974
2024-10-24 02:00:00,122.81507077886974
2024-10-24 03:00:00,122.81507077886974
2024-10-24 04:00:00,122.81507077886974
2024-10-24 05:00:00,122.81507077886974
2024-10-24 06:00:00,122.81507077886974
2024-10-24 07:00:00,122.81507077886974
2024-10-24 08:00:00,122.81507077886974
2024-10-24 09:00:00,122.81507077886974
2024-10-24 10:00:00,122.81507077886974
2024-10-24 11:00:00,122.81507077886974
2024-10-24 12:00:00,122.81507077886974
2024-10-24 13:00:00,122.81507077886974
2024-10-24 14:00:00,122.81507077886974
2024-10-24 15:00:00,122.81507077886974
2024-10-24 16:00:00,122.81507077886974
2024-10-24 17:00:00,122.81507077886974
2024-10-24 18:00:00,122.81507077886974
2024-10-24 19:00:00,122.81507077886974
2024-10-24 20:00:00,122.81507077886974
2024-10-24 21:00:00,122.81507077886974
2024-10-24 22:00:00,122.81507077886974
2024-10-24 23:00:00,122.81507077886974
2024-10-25 00:00:00,122.81507077886974
2024-10-25 01:00:00,122.81507077886974
2024-10-25 02:00:00,122.81507077886974
2024-10-25 03:00:00,122.81507077886974
2024-10-25 04:00:00,122.81507077886974
2024-10-25 05:00:00,122.81507077886974
2024-10-25 06:00:00,122.81507077886974
2024-10-25 07:00:00,122.81507077886974
2024-10-25 08:00:00,122.81507077886974
2024-10-25 09:00:00,122.81507077886974
2024-10-25 10:00:00,122.81507077886974
2024-10-25 11:00:00,122.81507077886974
2024-10-25 12:00:00,122.81507077886974
2024-10-25 13:00:00,122.81507077886974
2024-10-25 14:00:00,122.81507077886974
2024-10-25 15:00:00,122.81507077886974
2024-10-25 16:00:00,122.81507077886974
2024-10-25 17:00:00,122.81507077886974
2024-10-25 18:00:00,122.81507077886974
2024-10-25 19:00:00,122.81507077886974
2024-10-25 20:00:00,122.81507077886974
2024-10-25 21:00:00,122.81507077886974
2024-10-25 22:00:00,122.81507077886974
2024-10-25 23:00:00,122.81507077886974
2024-10-26 00:00:00,122.81507077886974
2024-10-26 01:00:00,122.81507077886974
2024-10-26 02:00:00,122.81507077886974
2024-10-26 03:00:00,122.81507077886974
2024-10-26 04:00:00,122.81507077886974
2024-10-26 05:00:00,122.81507077886974
2024-10-26 06:00:00,122.81507077886974
2024-10-26 07:00:00,122.81507077886974
2024-10-26 08:00:00,122.81507077886974
2024-10-26 09:00:00,122.81507077886974
2024-10-26 10:00:00,122.81507077886974
2024-10-26 11:00:00,122.81507077886974
2024-10-26 12:00:00,122.81507077886974
2024-10-26 13:00:00,122.81507077886974
2024-10-26 14:00:00,122.81507077886974
2024-10-26 15:00:00,122.81507077886974
2024-10-26 16:00:00,122.81507077886974
2024-10-26 17:00:00,122.81507077886974
2024-10-26 18:00:00,122.81507077886974
2024-10-26 19:00:00,122.81507077886974
2024-10-26 20:00:00,122.81507077886974
2024-10-26 21:00:00,122.81507077886974
2024-10-26 22:00:00,122.81507077886974
2024-10-26 23:00:00,122.81507077886974
2024-10-27 00:00:00,122.81507077886974
2024-10-27 01:00:00,122.81507077886974
2024-10-27 02:00:00,122.81507077886974
2024-10-27 03:00:00,122.81507077886974
2024-10-27 04:00:00,122.81507077886974
2024-10-27 05:00:00,122.81507077886974
2024-10-27 06:00:00,122.81507077886974
2024-10-27 07:00:00,122.81507077886974
2024-10-27 08:00:00,122.81507077886974
2024-10-27 09:00:00,122.81507077886974
2024-10-27 10:00:00,122.81507077886974
2024-10-27 11:00:00,122.81507077886974
2024-10-27 12:00:00,122.81507077886974
2024-10-27 13:00:00,122.81507077886974
2024-10-27 14:00:00,122.81507077886974
2024-10-27 15:00:00,122.81507077886974
2024-10-27 16:00:00,122.81507077886974
2024-10-27 17:00:00,122.81507077886974
2024-10-27 18:00:00,122.81507077886974
2024-10-27 19:00:00,122.81507077886974
2024-10-27 20:00:00,122.81507077886974
2024-10-27 21:00:00,122.81507077886974
2024-10-27 22:00:00,122.81507077886974
2024-10-27 23:00:00,122.81507077886974
2024-10-28 00:00:00,122.81507077886974
2024-10-28 01:00:00,122.81507077886974
2024-10-28 02:00:00,122.81507077886974
2024-10-28 03:00:00,122.81507077886974
2024-10-28 04:00:00,122.81507077886974
2024-10-28 05:00:00,122.81507077886974
2024-10-28 06:00:00,122.81507077886974
2024-10-28 07:00:00,122.81507077886974
2024-10-28 08:00:00,122.81507077886974
2024-10-28 09:00:00,122.81507077886974
2024-10-28 10:00:00,122.81507077886974
2024-10-28 11:00:00,122.81507077886974
2024-10-28 12:00:00,122.81507077886974
2024-10-28 13:00:00,122.81507077886974
2024-10-28 14:00:00,122.81507077886974
2024-10-28 15:00:00,122.81507077886974
2024-10-28 16:00:00,122.81507077886974
2024-10-28 17:00:00,122.81507077886974
2024-10-28 18:00:00,122.81507077886974
2024-10-28 19:00:00,122.81507077886974
2024-10-28 20:00:00,122.81507077886974
2024-10-28 21:00:00,122.81507077886974
2024-10-28 22:00:00,122.81507077886974
2024-10-28 23:00:00,122.81507077886974
2024-10-29 00:00:00,122.81507077886974
2024-10-29 01:00:00,122.81507077886974
2024-10-29 02:00:00,122.81507077886974
2024-10-29 03:00:00,122.81507077886974
2024-10-29 04:00:00,122.81507077886974
2024-10-29 05:00:00,122.81507077886974
2024-10-29 06:00:00,122.81507077886974
2024-10-29 07:00:00,122.81507077886974
2024-10-29 08:00:00,122.81507077886974
2024-10-29 09:00:00,122.81507077886974
2024-10-29 10:00:00,122.81507077886974
2024-10-29 11:00:00,122.81507077886974
2024-10-29 12:00:00,122.81507077886974
2024-10-29 13:00:00,122.81507077886974
2024-10-29 14:00:00,122.81507077886974
2024-10-29 15:00:00,122.81507077886974
2024-10-29 16:00:00,122.81507077886974
2024-10-29 17:00:00,122.81507077886974
2024-10-29 18:00:00,122.81507077886974
2024-10-29 19:00:00,122.81507077886974
2024-10-29 20:00:00,122.81507077886974
2024-10-29 21:00:00,122.81507077886974
2024-10-29 22:00:00,122.81507077886974
2024-10-29 23:00:00,122.81507077886974
2024-10-30 00:00:00,122.81507077886974
2024-10-30 01:00:00,122.81507077886974
2024-10-30 02:00:00,122.81507077886974
2024-10-30 03:00:00,122.81507077886974
2024-10-30 04:00:00,122.81507077886974
2024-10-30 05:00:00,122.81507077886974
2024-10-30 06:00:00,122.81507077886974
2024-10-30 07:00:00,122.81507077886974
2024-10-30 08:00:00,122.81507077886974
2024-10-30 09:00:00,122.81507077886974
2024-10-30 10:00:00,122.81507077886974
2024-10-30 11:00:00,122.81507077886974
2024-10-30 12:00:00,122.81507077886974
2024-10-30 13:00:00,122.81507077886974
2024-10-30 14:00:00,122.81507077886974
2024-10-30 15:00:00,122.81507077886974
2024-10-30 16:00:00,122.81507077886974
2024-10-30 17:00:00,122.81507077886974
2024-10-30 18:00:00,122.81507077886974
2024-10-30 19:00:00,122.81507077886974
2024-10-30 20:00:00,122.81507077886974
2024-10-30 21:00:00,122.81507077886974
2024-10-30 22:00:00,122.81507077886974
2024-10-30 23:00:00,122.81507077886974
2024-10-31 00:00:00,122.81507077886974
2024-10-31 01:00:00,122.81507077886974
2024-10-31 02:00:00,122.81507077886974
2024-10-31 03:00:00,122.81507077886974
2024-10-31 04:00:00,122.81507077886974
2024-10-31 05:00:00,122.81507077886974
2024-10-31 06:00:00,122.81507077886974
2024-10-31 07:00:00,122.81507077886974
2024-10-31 08:00:00,122.81507077886974
2024-10-31 09:00:00,122.81507077886974
2024-10-31 10:00:00,122.81507077886974
2024-10-31 11:00:00,122.81507077886974
2024-10-31 12:00:00,122.81507077886974
2024-10-31 13:00:00,122.81507077886974
2024-10-31 14:00:00,122.81507077886974
2024-10-31 15:00:00,122.81507077886974
2024-10-31 16:00:00,122.81507077886974
2024-10-31 17:00:00,122.81507077886974
2024-10-31 18:00:00,122.81507077886974
2024-10-31 19:00:00,122.81507077886974
2024-10-31 20:00:00,122.81507077886974
2024-10-31 21:00:00,122.81507077886974
2024-10-31 22:00:00,122.81507077886974
2024-10-31 23:00:00,122.81507077886974
2024-11-01 00:00:00,122.81507077886974
2024-11-01 01:00:00,122.81507077886974
2024-11-01 02:00:00,122.81507077886974
2024-11-01 03:00:00,122.81507077886974
2024-11-01 04:00:00,122.81507077886974
2024-11-01 05:00:00,122.81507077886974
2024-11-01 06:00:00,122.81507077886974
2024-11-01 07:00:00,122.81507077886974
2024-11-01 08:00:00,122.81507077886974
2024-11-01 09:00:00,122.81507077886974
2024-11-01 10:00:00,122.81507077886974
2024-11-01 11:00:00,122.81507077886974
2024-11-01 12:00:00,122.81507077886974
2024-11-01 13:00:00,122.81507077886974
2024-11-01 14:00:00,122.81507077886974
2024-11-01 15:00:00,122.81507077886974
2024-11-01 16:00:00,122.81507077886974
2024-11-01 17:00:00,122.81507077886974
2024-11-01 18:00:00,122.81507077886974
2024-11-01 19:00:00,122.81507077886974
2024-11-01 20:00:00,122.81507077886974
2024-11-01 21:00:00,122.81507077886974
2024-11-01 22:00:00,122.81507077886974
2024-11-01 23:00:00,122.81507077886974
2024-11-02 00:00:00,122.81507077886974
2024-11-02 01:00:00,122.81507077886974
2024-11-02 02:00:00,122.81507077886974
2024-11-02 03:00:00,122.81507077886974
2024-11-02 04:00:00,122.81507077886974
2024-11-02 05:00:00,122.81507077886974
2024-11-02 06:00:00,122.81507077886974
2024-11-02 07:00:00,122.81507077886974
2024-11-02 08:00:00,122.81507077886974
2024-11-02 09:00:00,122.81507077886974
2024-11-02 10:00:00,122.81507077886974
2024-11-02 11:00:00,122.81507077886974
2024-11-02 12:00:00,122.81507077886974
2024-11-02 13:00:00,122.81507077886974
2024-11-02 14:00:00,122.81507077886974
2024-11-02 15:00:00,122.81507077886974
2024-11-02 16:00:00,122.81507077886974
2024-11-02 17:00:00,122.81507077886974
2024-11-02 18:00:00,122.81507077886974
2024-11-02 19:00:00,122.81507077886974
2024-11-02 20:00:00,122.81507077886974
2024-11-02 21:00:00,122.81507077886974
2024-11-02 22:00:00,122.81507077886974
2024-11-02 23:00:00,122.81507077886974
2024-11-03 00:00:00,122.81507077886974
2024-11-03 01:00:00,122.81507077886974
2024-11-03 02:00:00,122.81507077886974
2024-11-03 03:00:00,122.81507077886974
2024-11-03 04:00:00,122.81507077886974
2024-11-03 05:00:00,122.81507077886974
2024-11-03 06:00:00,122.81507077886974
2024-11-03 07:00:00,122.81507077886974
2024-11-03 08:00:00,122.81507077886974
2024-11-03 09:00:00,122.81507077886974
2024-11-03 10:00:00,122.81507077886974
2024-11-03 11:00:00,122.81507077886974
2024-11-03 12:00:00,122.81507077886974
2024-11-03 13:00:00,122.81507077886974
2024-11-03 14:00:00,122.81507077886974
2024-11-03 15:00:00,122.81507077886974
2024-11-03 16:00:00,122.81507077886974
2024-11-03 17:00:00,122.81507077886974
2024-11-03 18:00:00,122.81507077886974
2024-11-03 19:00:00,122.81507077886974
2024-11-03 20:00:00,122.81507077886974
2024-11-03 21:00:00,122.81507077886974
2024-11-03 22:00:00,122.81507077886974
2024-11-03 23:00:00,122.81507077886974
2024-11-04 00:00:00,122.81507077886974
2024-11-04 01:00:00,122.81507077886974
2024-11-04 02:00:00,122.81507077886974
2024-11-04 03:00:00,122.81507077886974
2024-11-04 04:00:00,122.81507077886974
2024-11-04 05:00:00,122.81507077886974
2024-11-04 06:00:00,122.81507077886974
2024-11-04 07:00:00,122.81507077886974
2024-11-04 08:00:00,122.81507077886974
2024-11-04 09:00:00,122.81507077886974
2024-11-04 10:00:00,122.81507077886974
2024-11-04 11:00:00,122.81507077886974
2024-11-04 12:00:00,122.81507077886974
2024-11-04 13:00:00,122.81507077886974
2024-11-04 14:00:00,122.81507077886974
2024-11-04 15:00:00,122.81507077886974
2024-11-04 16:00:00,122.81507077886974
2024-11-04 17:00:00,122.81507077886974
2024-11-04 18:00:00,122.81507077886974
2024-11-04 19:00:00,122.81507077886974
2024-11-04 20:00:00,122.81507077886974
2024-11-04 21:00:00,122.81507077886974
2024-11-04 22:00:00,122.81507077886974
2024-11-04 23:00:00,122.81507077886974
2024-11-05 00:00:00,122.81507077886974
2024-11-05 01:00:00,122.81507077886974
2024-11-05 02:00:00,122.81507077886974
2024-11-05 03:00:00,122.81507077886974
2024-11-05 04:00:00,122.81507077886974
2024-11-05 05:00:00,122.81507077886974
2024-11-05 06:00:00,122.81507077886974
2024-11-05 07:00:00,122.81507077886974
2024-11-05 08:00:00,122.81507077886974
2024-11-05 09:00:00,122.81507077886974
2024-11-05 10:00:00,122.81507077886974
2024-11-05 11:00:00,122.81507077886974
2024-11-05 12:00:00,122.81507077886974
2024-11-05 13:00:00,122.81507077886974
2024-11-05 14:00:00,122.81507077886974
2024-11-05 15:00:00,122.81507077886974
2024-11-05 16:00:00,122.81507077886974
2024-11-05 17:00:00,122.81507077886974
2024-11-05 18:00:00,122.81507077886974
2024-11-05 19:00:00,122.81507077886974
2024-11-05 20:00:00,122.81507077886974
2024-11-05 21:00:00,122.81507077886974
2024-11-05 22:00:00,122.81507077886974
2024-11-05 23:00:00,122.81507077886974
2024-11-06 00:00:00,122.81507077886974
2024-11-06 01:00:00,122.81507077886974
2024-11-06 02:00:00,122.81507077886974
2024-11-06 03:00:00,122.81507077886974
2024-11-06 04:00:00,122.81507077886974
2024-11-06 05:00:00,122.81507077886974
2024-11-06 06:00:00,122.81507077886974
2024-11-06 07:00:00,122.81507077886974
2024-11-06 08:00:00,122.81507077886974
2024-11-06 09:00:00,122.81507077886974
2024-11-06 10:00:00,122.81507077886974
2024-11-06 11:00:00,122.81507077886974
2024-11-06 12:00:00,122.81507077886974
2024-11-06 13:00:00,122.81507077886974
2024-11-06 14:00:00,122.81507077886974
2024-11-06 15:00:00,122.81507077886974
2024-11-06 16:00:00,122.81507077886974
2024-11-06 17:00:00,122.81507077886974
2024-11-06 18:00:00,122.81507077886974
2024-11-06 19:00:00,122.81507077886974
2024-11-06 20:00:00,122.81507077886974
2024-11-06 21:00:00,122.81507077886974
2024-11-06 22:00:00,122.81507077886974
2024-11-06 23:00:00,122.81507077886974
2024-11-07 00:00:00,122.81507077886974
2024-11-07 01:00:00,122.81507077886974
2024-11-07 02:00:00,122.81507077886974
2024-11-07 03:00:00,122.81507077886974
2024-11-07 04:00:00,122.81507077886974
2024-11-07 05:00:00,122.81507077886974
2024-11-07 06:00:00,122.81507077886974
2024-11-07 07:00:00,122.81507077886974
2024-11-07 08:00:00,122.81507077886974
2024-11-07 09:00:00,122.81507077886974
2024-11-07 10:00:00,122.81507077886974
2024-11-07 11:00:00,122.81507077886974
2024-11-07 12:00:00,122.81507077886974
2024-11-07 13:00:00,122.81507077886974
2024-11-07 14:00:00,122.81507077886974
2024-11-07 15:00:00,122.81507077886974
2024-11-07 16:00:00,122.81507077886974
2024-11-07 17:00:00,122.81507077886974
2024-11-07 18:00:00,122.81507077886974
2024-11-07 19:00:00,122.81507077886974
2024-11-07 20:00:00,122.81507077886974
2024-11-07 21:00:00,122.81507077886974
2024-11-07 22:00:00,122.81507077886974
2024-11-07 23:00:00,122.81507077886974
2024-11-08 00:00:00,122.81507077886974
2024-11-08 01:00:00,122.81507077886974
2024-11-08 02:00:00,122.81507077886974
2024-11-08 03:00:00,122.81507077886974
2024-11-08 04:00:00,122.81507077886974
2024-11-08 05:00:00,122.81507077886974
2024-11-08 06:00:00,122.81507077886974
2024-11-08 07:00:00,122.81507077886974
2024-11-08 08:00:00,122.81507077886974
2024-11-08 09:00:00,122.81507077886974
2024-11-08 10:00:00,122.81507077886974
2024-11-08 11:00:00,122.81507077886974
2024-11-08 12:00:00,122.81507077886974
2024-11-08 13:00:00,122.81507077886974
2024-11-08 14:00:00,122.81507077886974
2024-11-08 15:00:00,122.81507077886974
2024-11-08 16:00:00,122.81507077886974
2024-11-08 17:00:00,122.81507077886974
2024-11-08 18:00:00,122.81507077886974
2024-11-08 19:00:00,122.81507077886974
2024-11-08 20:00:00,122.81507077886974
2024-11-08 21:00:00,122.81507077886974
2024-11-08 22:00:00,122.81507077886974
2024-11-08 23:00:00,122.81507077886974
2024-11-09 00:00:00,122.81507077886974
2024-11-09 01:00:00,122.81507077886974
2024-11-09 02:00:00,122.81507077886974
2024-11-09 03:00:00,122.81507077886974
2024-11-09 04:00:00,122.81507077886974
2024-11-09 05:00:00,122.81507077886974
2024-11-09 06:00:00,122.81507077886974
2024-11-09 07:00:00,122.81507077886974
2024-11-09 08:00:00,122.81507077886974
2024-11-09 09:00:00,122.81507077886974
2024-11-09 10:00:00,122.81507077886974
2024-11-09 11:00:00,122.81507077886974
2024-11-09 12:00:00,122.81507077886974
2024-11-09 13:00:00,122.81507077886974
2024-11-09 14:00:00,122.81507077886974
2024-11-09 15:00:00,122.81507077886974
2024-11-09 16:00:00,122.81507077886974
2024-11-09 17:00:00,122.81507077886974
2024-11-09 18:00:00,122.81507077886974
2024-11-09 19:00:00,122.81507077886974
2024-11-09 20:00:00,122.81507077886974
2024-11-09 21:00:00,122.81507077886974
2024-11-09 22:00:00,122.81507077886974
2024-11-09 23:00:00,122.81507077886974
2024-11-10 00:00:00,122.81507077886974
2024-11-10 01:00:00,122.81507077886974
2024-11-10 02:00:00,122.81507077886974
2024-11-10 03:00:00,122.81507077886974
2024-11-10 04:00:00,122.81507077886974
2024-11-10 05:00:00,122.81507077886974
2024-11-10 06:00:00,122.81507077886974
2024-11-10 07:00:00,122.81507077886974
2024-11-10 08:00:00,122.81507077886974
2024-11-10 09:00:00,122.81507077886974
2024-11-10 10:00:00,122.81507077886974
2024-11-10 11:00:00,122.81507077886974
2024-11-10 12:00:00,122.81507077886974
2024-11-10 13:00:00,122.81507077886974
2024-11-10 14:00:00,122.81507077886974
2024-11-10 15:00:00,122.81507077886974
2024-11-10 16:00:00,122.81507077886974
2024-11-10 17:00:00,122.81507077886974
2024-11-10 18:00:00,122.81507077886974
2024-11-10 19:00:00,122.81507077886974
2024-11-10 20:00:00,122.81507077886974
2024-11-10 21:00:00,122.81507077886974
2024-11-10 22:00:00,122.81507077886974
2024-11-10 23:00:00,122.81507077886974
2024-11-11 00:00:00,122.81507077886974
2024-11-11 01:00:00,122.81507077886974
2024-11-11 02:00:00,122.81507077886974
2024-11-11 03:00:00,122.81507077886974
2024-11-11 04:00:00,122.81507077886974
2024-11-11 05:00:00,122.81507077886974
2024-11-11 06:00:00,122.81507077886974
2024-11-11 07:00:00,122.81507077886974
2024-11-11 08:00:00,122.81507077886974
2024-11-11 09:00:00,122.81507077886974
2024-11-11 10:00:00,122.81507077886974
2024-11-11 11:00:00,122.81507077886974
2024-11-11 12:00:00,122.81507077886974
2024-11-11 13:00:00,122.81507077886974
2024-11-11 14:00:00,122.81507077886974
2024-11-11 15:00:00,122.81507077886974
2024-11-11 16:00:00,122.81507077886974
2024-11-11 17:00:00,122.81507077886974
2024-11-11 18:00:00,122.81507077886974
2024-11-11 19:00:00,122.81507077886974
2024-11-11 20:00:00,122.81507077886974
2024-11-11 21:00:00,122.81507077886974
2024-11-11 22:00:00,122.81507077886974
2024-11-11 23:00:00,122.81507077886974
2024-11-12 00:00:00,122.81507077886974
2024-11-12 01:00:00,122.81507077886974
2024-11-12 02:00:00,122.81507077886974
2024-11-12 03:00:00,122.81507077886974
2024-11-12 04:00:00,122.81507077886974
2024-11-12 05:00:00,122.81507077886974
2024-11-12 06:00:00,122.81507077886974
2024-11-12 07:00:00,122.81507077886974
2024-11-12 08:00:00,122.81507077886974
2024-11-12 09:00:00,122.81507077886974
2024-11-12 10:00:00,122.81507077886974
2024-11-12 11:00:00,122.81507077886974
2024-11-12 12:00:00,122.81507077886974
2024-11-12 13:00:00,122.81507077886974
2024-11-12 14:00:00,122.81507077886974
2024-11-12 15:00:00,122.81507077886974
2024-11-12 16:00:00,122.81507077886974
2024-11-12 17:00:00,122.81507077886974
2024-11-12 18:00:00,122.81507077886974
2024-11-12 19:00:00,122.81507077886974
2024-11-12 20:00:00,122.81507077886974
2024-11-12 21:00:00,122.81507077886974
2024-11-12 22:00:00,122.81507077886974
2024-11-12 23:00:00,122.81507077886974
2024-11-13 00:00:00,122.81507077886974
2024-11-13 01:00:00,122.81507077886974
2024-11-13 02:00:00,122.81507077886974
2024-11-13 03:00:00,122.81507077886974
2024-11-13 04:00:00,122.81507077886974
2024-11-13 05:00:00,122.81507077886974
2024-11-13 06:00:00,122.81507077886974
2024-11-13 07:00:00,122.81507077886974
2024-11-13 08:00:00,122.81507077886974
2024-11-13 09:00:00,122.81507077886974
2024-11-13 10:00:00,122.81507077886974
2024-11-13 11:00:00,122.81507077886974
2024-11-13 12:00:00,122.81507077886974
2024-11-13 13:00:00,122.81507077886974
2024-11-13 14:00:00,122.81507077886974
2024-11-13 15:00:00,122.81507077886974
2024-11-13 16:00:00,122.81507077886974
2024-11-13 17:00:00,122.81507077886974
2024-11-13 18:00:00,122.81507077886974
2024-11-13 19:00:00,122.81507077886974
2024-11-13 20:00:00,122.81507077886974
2024-11-13 21:00:00,122.81507077886974
2024-11-13 22:00:00,122.81507077886974
2024-11-13 23:00:00,122.81507077886974
2024-11-14 00:00:00,122.81507077886974
2024-11-14 01:00:00,122.81507077886974
2024-11-14 02:00:00,122.81507077886974
2024-11-14 03:00:00,122.81507077886974
2024-11-14 04:00:00,122.81507077886974
2024-11-14 05:00:00,122.81507077886974
2024-11-14 06:00:00,122.81507077886974
2024-11-14 07:00:00,122.81507077886974
2024-11-14 08:00:00,122.81507077886974
2024-11-14 09:00:00,122.81507077886974
2024-11-14 10:00:00,122.81507077886974
2024-11-14 11:00:00,122.81507077886974
2024-11-14 12:00:00,122.81507077886974
2024-11-14 13:00:00,122.81507077886974
2024-11-14 14:00:00,122.81507077886974
2024-11-14 15:00:00,122.81507077886974
2024-11-14 16:00:00,122.81507077886974
2024-11-14 17:00:00,122.81507077886974
2024-11-14 18:00:00,122.81507077886974
2024-11-14 19:00:00,122.81507077886974
2024-11-14 20:00:00,122.81507077886974
2024-11-14 21:00:00,122.81507077886974
2024-11-14 22:00:00,122.81507077886974
2024-11-14 23:00:00,122.81507077886974
2024-11-15 00:00:00,122.81507077886974
2024-11-15 01:00:00,122.81507077886974
2024-11-15 02:00:00,122.81507077886974
2024-11-15 03:00:00,122.81507077886974
2024-11-15 04:00:00,122.81507077886974
2024-11-15 05:00:00,122.81507077886974
2024-11-15 06:00:00,122.81507077886974
2024-11-15 07:00:00,122.81507077886974
2024-11-15 08:00:00,122.81507077886974
2024-11-15 09:00:00,122.81507077886974
2024-11-15 10:00:00,122.81507077886974
2024-11-15 11:00:00,122.81507077886974
2024-11-15 12:00:00,122.81507077886974
2024-11-15 13:00:00,122.81507077886974
2024-11-15 14:00:00,122.81507077886974
2024-11-15 15:00:00,122.81507077886974
2024-11-15 16:00:00,122.81507077886974
2024-11-15 17:00:00,122.81507077886974
2024-11-15 18:00:00,122.81507077886974
2024-11-15 19:00:00,122.81507077886974
2024-11-15 20:00:00,122.81507077886974
2024-11-15 21:00:00,122.81507077886974
2024-11-15 22:00:00,122.81507077886974
2024-11-15 23:00:00,122.81507077886974
2024-11-16 00:00:00,122.81507077886974
2024-11-16 01:00:00,122.81507077886974
2024-11-16 02:00:00,122.81507077886974
2024-11-16 03:00:00,122.81507077886974
2024-11-16 04:00:00,122.81507077886974
2024-11-16 05:00:00,122.81507077886974
2024-11-16 06:00:00,122.81507077886974
2024-11-16 07:00:00,122.81507077886974
2024-11-16 08:00:00,122.81507077886974
2024-11-16 09:00:00,122.81507077886974
2024-11-16 10:00:00,122.81507077886974
2024-11-16 11:00:00,122.81507077886974
2024-11-16 12:00:00,122.81507077886974
2024-11-16 13:00:00,122.81507077886974
2024-11-16 14:00:00,122.81507077886974
2024-11-16 15:00:00,122.81507077886974
2024-11-16 16:00:00,122.81507077886974
2024-11-16 17:00:00,122.81507077886974
2024-11-16 18:00:00,122.81507077886974
2024-11-16 19:00:00,122.81507077886974
2024-11-16 20:00:00,122.81507077886974
2024-11-16 21:00:00,122.81507077886974
2024-11-16 22:00:00,122.81507077886974
2024-11-16 23:00:00,122.81507077886974
2024-11-17 00:00:00,122.81507077886974
2024-11-17 01:00:00,122.81507077886974
2024-11-17 02:00:00,122.81507077886974
2024-11-17 03:00:00,122.81507077886974
2024-11-17 04:00:00,122.81507077886974
2024-11-17 05:00:00,122.81507077886974
2024-11-17 06:00:00,122.81507077886974
2024-11-17 07:00:00,122.81507077886974
2024-11-17 08:00:00,122.81507077886974
2024-11-17 09:00:00,122.81507077886974
2024-11-17 10:00:00,122.81507077886974
2024-11-17 11:00:00,122.81507077886974
2024-11-17 12:00:00,122.81507077886974
2024-11-17 13:00:00,122.81507077886974
2024-11-17 14:00:00,122.81507077886974
2024-11-17 15:00:00,122.81507077886974
2024-11-17 16:00:00,122.81507077886974
2024-11-17 17:00:00,122.81507077886974
2024-11-17 18:00:00,122.81507077886974
2024-11-17 19:00:00,122.81507077886974
2024-11-17 20:00:00,122.81507077886974
2024-11-17 21:00:00,122.81507077886974
2024-11-17 22:00:00,122.81507077886974
2024-11-17 23:00:00,122.81507077886974
2024-11-18 00:00:00,122.81507077886974
2024-11-18 01:00:00,122.81507077886974
2024-11-18 02:00:00,122.81507077886974
2024-11-18 03:00:00,122.81507077886974
2024-11-18 04:00:00,122.81507077886974
2024-11-18 05:00:00,122.81507077886974
2024-11-18 06:00:00,122.81507077886974
2024-11-18 07:00:00,122.81507077886974
2024-11-18 08:00:00,122.81507077886974
2024-11-18 09:00:00,122.81507077886974
2024-11-18 10:00:00,122.81507077886974
2024-11-18 11:00:00,122.81507077886974
2024-11-18 12:00:00,122.81507077886974
2024-11-18 13:00:00,122.81507077886974
2024-11-18 14:00:00,122.81507077886974
2024-11-18 15:00:00,122.81507077886974
2024-11-18 16:00:00,122.81507077886974
2024-11-18 17:00:00,122.81507077886974
2024-11-18 18:00:00,122.81507077886974
2024-11-18 19:00:00,122.81507077886974
2024-11-18 20:00:00,122.81507077886974
2024-11-18 21:00:00,122.81507077886974
2024-11-18 22:00:00,122.81507077886974
2024-11-18 23:00:00,122.81507077886974
2024-11-19 00:00:00,122.81507077886974
2024-11-19 01:00:00,122.81507077886974
2024-11-19 02:00:00,122.81507077886974
2024-11-19 03:00:00,122.81507077886974
2024-11-19 04:00:00,122.81507077886974
2024-11-19 05:00:00,122.81507077886974
2024-11-19 06:00:00,122.81507077886974
2024-11-19 07:00:00,122.81507077886974
2024-11-19 08:00:00,122.81507077886974
2024-11-19 09:00:00,122.81507077886974
2024-11-19 10:00:00,122.81507077886974
2024-11-19 11:00:00,122.81507077886974
2024-11-19 12:00:00,122.81507077886974
2024-11-19 13:00:00,122.81507077886974
2024-11-19 14:00:00,122.81507077886974
2024-11-19 15:00:00,122.81507077886974
2024-11-19 16:00:00,122.81507077886974
2024-11-19 17:00:00,122.81507077886974
2024-11-19 18:00:00,122.81507077886974
2024-11-19 19:00:00,122.81507077886974
2024-11-19 20:00:00,122.81507077886974
2024-11-19 21:00:00,122.81507077886974
2024-11-19 22:00:00,122.81507077886974
2024-11-19 23:00:00,122.81507077886974
2024-11-20 00:00:00,122.81507077886974
2024-11-20 01:00:00,122.81507077886974
2024-11-20 02:00:00,122.81507077886974
2024-11-20 03:00:00,122.81507077886974
2024-11-20 04:00:00,122.81507077886974
2024-11-20 05:00:00,122.81507077886974
2024-11-20 06:00:00,122.81507077886974
2024-11-20 07:00:00,122.81507077886974
2024-11-20 08:00:00,122.81507077886974
2024-11-20 09:00:00,122.81507077886974
2024-11-20 10:00:00,122.81507077886974
2024-11-20 11:00:00,122.81507077886974
2024-11-20 12:00:00,122.81507077886974
2024-11-20 13:00:00,122.81507077886974
2024-11-20 14:00:00,122.81507077886974
2024-11-20 15:00:00,122.81507077886974
2024-11-20 16:00:00,122.81507077886974
2024-11-20 17:00:00,122.81507077886974
2024-11-20 18:00:00,122.81507077886974
2024-11-20 19:00:00,122.81507077886974
2024-11-20 20:00:00,122.81507077886974
2024-11-20 21:00:00,122.81507077886974
2024-11-20 22:00:00,122.81507077886974
2024-11-20 23:00:00,122.81507077886974
2024-11-21 00:00:00,122.81507077886974
2024-11-21 01:00:00,122.81507077886974
2024-11-21 02:00:00,122.81507077886974
2024-11-21 03:00:00,122.81507077886974
2024-11-21 04:00:00,122.81507077886974
2024-11-21 05:00:00,122.81507077886974
2024-11-21 06:00:00,122.81507077886974
2024-11-21 07:00:00,122.81507077886974
2024-11-21 08:00:00,122.81507077886974
2024-11-21 09:00:00,122.81507077886974
2024-11-21 10:00:00,122.81507077886974
2024-11-21 11:00:00,122.81507077886974
2024-11-21 12:00:00,122.81507077886974
2024-11-21 13:00:00,122.81507077886974
2024-11-21 14:00:00,122.81507077886974
2024-11-21 15:00:00,122.81507077886974
2024-11-21 16:00:00,122.81507077886974
2024-11-21 17:00:00,122.81507077886974
2024-11-21 18:00:00,122.81507077886974
2024-11-21 19:00:00,122.81507077886974
2024-11-21 20:00:00,122.81507077886974
2024-11-21 21:00:00,122.81507077886974
2024-11-21 22:00:00,122.81507077886974
2024-11-21 23:00:00,122.81507077886974
2024-11-22 00:00:00,122.81507077886974
2024-11-22 01:00:00,122.81507077886974
2024-11-22 02:00:00,122.81507077886974
2024-11-22 03:00:00,122.81507077886974
2024-11-22 04:00:00,122.81507077886974
2024-11-22 05:00:00,122.81507077886974
2024-11-22 06:00:00,122.81507077886974
2024-11-22 07:00:00,122.81507077886974
2024-11-22 08:00:00,122.81507077886974
2024-11-22 09:00:00,122.81507077886974
2024-11-22 10:00:00,122.81507077886974
2024-11-22 11:00:00,122.81507077886974
2024-11-22 12:00:00,122.81507077886974
2024-11-22 13:00:00,122.81507077886974
2024-11-22 14:00:00,122.81507077886974
2024-11-22 15:00:00,122.81507077886974
2024-11-22 16:00:00,122.81507077886974
2024-11-22 17:00:00,122.81507077886974
2024-11-22 18:00:00,122.81507077886974
2024-11-22 19:00:00,122.81507077886974
2024-11-22 20:00:00,122.81507077886974
2024-11-22 21:00:00,122.81507077886974
2024-11-22 22:00:00,122.81507077886974
2024-11-22 23:00:00,122.81507077886974
2024-11-23 00:00:00,122.81507077886974
2024-11-23 01:00:00,122.81507077886974
2024-11-23 02:00:00,122.81507077886974
2024-11-23 03:00:00,122.81507077886974
2024-11-23 04:00:00,122.81507077886974
2024-11-23 05:00:00,122.81507077886974
2024-11-23 06:00:00,122.81507077886974
2024-11-23 07:00:00,122.81507077886974
2024-11-23 08:00:00,122.81507077886974
2024-11-23 09:00:00,122.81507077886974
2024-11-23 10:00:00,122.81507077886974
2024-11-23 11:00:00,122.81507077886974
2024-11-23 12:00:00,122.81507077886974
2024-11-23 13:00:00,122.81507077886974
2024-11-23 14:00:00,122.81507077886974
2024-11-23 15:00:00,122.81507077886974
2024-11-23 16:00:00,122.81507077886974
2024-11-23 17:00:00,122.81507077886974
2024-11-23 18:00:00,122.81507077886974
2024-11-23 19:00:00,122.81507077886974
2024-11-23 20:00:00,122.81507077886974
2024-11-23 21:00:00,122.81507077886974
2024-11-23 22:00:00,122.81507077886974
2024-11-23 23:00:00,122.81507077886974
2024-11-24 00:00:00,122.81507077886974
2024-11-24 01:00:00,122.81507077886974
2024-11-24 02:00:00,122.81507077886974
2024-11-24 03:00:00,122.81507077886974
2024-11-24 04:00:00,122.81507077886974
2024-11-24 05:00:00,122.81507077886974
2024-11-24 06:00:00,122.81507077886974
2024-11-24 07:00:00,122.81507077886974
2024-11-24 08:00:00,122.81507077886974
2024-11-24 09:00:00,122.81507077886974
2024-11-24 10:00:00,122.81507077886974
2024-11-24 11:00:00,122.81507077886974
2024-11-24 12:00:00,122.81507077886974
2024-11-24 13:00:00,122.81507077886974
2024-11-24 14:00:00,122.81507077886974
2024-11-24 15:00:00,122.81507077886974
2024-11-24 16:00:00,122.81507077886974
2024-11-24 17:00:00,122.81507077886974
2024-11-24 18:00:00,122.81507077886974
2024-11-24 19:00:00,122.81507077886974
2024-11-24 20:00:00,122.81507077886974
2024-11-24 21:00:00,122.81507077886974
2024-11-24 22:00:00,122.81507077886974
2024-11-24 23:00:00,122.81507077886974
2024-11-25 00:00:00,122.81507077886974
2024-11-25 01:00:00,122.81507077886974
2024-11-25 02:00:00,122.81507077886974
2024-11-25 03:00:00,122.81507077886974
2024-11-25 04:00:00,122.81507077886974
2024-11-25 05:00:00,122.81507077886974
2024-11-25 06:00:00,122.81507077886974
2024-11-25 07:00:00,122.81507077886974
2024-11-25 08:00:00,122.81507077886974
2024-11-25 09:00:00,122.81507077886974
2024-11-25 10:00:00,122.81507077886974
2024-11-25 11:00:00,122.81507077886974
2024-11-25 12:00:00,122.81507077886974
2024-11-25 13:00:00,122.81507077886974
2024-11-25 14:00:00,122.81507077886974
2024-11-25 15:00:00,122.81507077886974
2024-11-25 16:00:00,122.81507077886974
2024-11-25 17:00:00,122.81507077886974
2024-11-25 18:00:00,122.81507077886974
2024-11-25 19:00:00,122.81507077886974
2024-11-25 20:00:00,122.81507077886974
2024-11-25 21:00:00,122.81507077886974
2024-11-25 22:00:00,122.81507077886974
2024-11-25 23:00:00,122.81507077886974
2024-11-26 00:00:00,122.81507077886974
2024-11-26 01:00:00,122.81507077886974
2024-11-26 02:00:00,122.81507077886974
2024-11-26 03:00:00,122.81507077886974
2024-11-26 04:00:00,122.81507077886974
2024-11-26 05:00:00,122.81507077886974
2024-11-26 06:00:00,122.81507077886974
2024-11-26 07:00:00,122.81507077886974
2024-11-26 08:00:00,122.81507077886974
2024-11-26 09:00:00,122.81507077886974
2024-11-26 10:00:00,122.81507077886974
2024-11-26 11:00:00,122.81507077886974
2024-11-26 12:00:00,122.81507077886974
2024-11-26 13:00:00,122.81507077886974
2024-11-26 14:00:00,122.81507077886974
2024-11-26 15:00:00,122.81507077886974
2024-11-26 16:00:00,122.81507077886974
2024-11-26 17:00:00,122.81507077886974
2024-11-26 18:00:00,122.81507077886974
2024-11-26 19:00:00,122.81507077886974
2024-11-26 20:00:00,122.81507077886974
2024-11-26 21:00:00,122.81507077886974
2024-11-26 22:00:00,122.81507077886974
2024-11-26 23:00:00,122.81507077886974
2024-11-27 00:00:00,122.81507077886974
2024-11-27 01:00:00,122.81507077886974
2024-11-27 02:00:00,122.81507077886974
2024-11-27 03:00:00,122.81507077886974
2024-11-27 04:00:00,122.81507077886974
2024-11-27 05:00:00,122.81507077886974
2024-11-27 06:00:00,122.81507077886974
2024-11-27 07:00:00,122.81507077886974
2024-11-27 08:00:00,122.81507077886974
2024-11-27 09:00:00,122.81507077886974
2024-11-27 10:00:00,122.81507077886974
2024-11-27 11:00:00,122.81507077886974
2024-11-27 12:00:00,122.81507077886974
2024-11-27 13:00:00,122.81507077886974
2024-11-27 14:00:00,122.81507077886974
2024-11-27 15:00:00,122.81507077886974
2024-11-27 16:00:00,122.81507077886974
2024-11-27 17:00:00,122.81507077886974
2024-11-27 18:00:00,122.81507077886974
2024-11-27 19:00:00,122.81507077886974
2024-11-27 20:00:00,122.81507077886974
2024-11-27 21:00:00,122.81507077886974
2024-11-27 22:00:00,122.81507077886974
2024-11-27 23:00:00,122.81507077886974
2024-11-28 00:00:00,122.81507077886974
2024-11-28 01:00:00,122.81507077886974
2024-11-28 02:00:00,122.81507077886974
2024-11-28 03:00:00,122.81507077886974
2024-11-28 04:00:00,122.81507077886974
2024-11-28 05:00:00,122.81507077886974
2024-11-28 06:00:00,122.81507077886974
2024-11-28 07:00:00,122.81507077886974
2024-11-28 08:00:00,122.81507077886974
2024-11-28 09:00:00,122.81507077886974
2024-11-28 10:00:00,122.81507077886974
2024-11-28 11:00:00,122.81507077886974
2024-11-28 12:00:00,122.81507077886974
2024-11-28 13:00:00,122.81507077886974
2024-11-28 14:00:00,122.81507077886974
2024-11-28 15:00:00,122.81507077886974
2024-11-28 16:00:00,122.81507077886974
2024-11-28 17:00:00,122.81507077886974
2024-11-28 18:00:00,122.81507077886974
2024-11-28 19:00:00,122.81507077886974
2024-11-28 20:00:00,122.81507077886974
2024-11-28 21:00:00,122.81507077886974
2024-11-28 22:00:00,122.81507077886974
2024-11-28 23:00:00,122.81507077886974
2024-11-29 00:00:00,122.81507077886974
2024-11-29 01:00:00,122.81507077886974
2024-11-29 02:00:00,122.81507077886974
2024-11-29 03:00:00,122.81507077886974
2024-11-29 04:00:00,122.81507077886974
2024-11-29 05:00:00,122.81507077886974
2024-11-29 06:00:00,122.81507077886974
2024-11-29 07:00:00,122.81507077886974
2024-11-29 08:00:00,122.81507077886974
2024-11-29 09:00:00,122.81507077886974
2024-11-29 10:00:00,122.81507077886974
2024-11-29 11:00:00,122.81507077886974
2024-11-29 12:00:00,122.81507077886974
2024-11-29 13:00:00,122.81507077886974
2024-11-29 14:00:00,122.81507077886974
2024-11-29 15:00:00,122.81507077886974
2024-11-29 16:00:00,122.81507077886974
2024-11-29 17:00:00,122.81507077886974
2024-11-29 18:00:00,122.81507077886974
2024-11-29 19:00:00,122.81507077886974
2024-11-29 20:00:00,122.81507077886974
2024-11-29 21:00:00,122.81507077886974
2024-11-29 22:00:00,122.81507077886974
2024-11-29 23:00:00,122.81507077886974
2024-11-30 00:00:00,122.81507077886974
2024-11-30 01:00:00,122.81507077886974
2024-11-30 02:00:00,122.81507077886974
2024-11-30 03:00:00,122.81507077886974
2024-11-30 04:00:00,122.81507077886974
2024-11-30 05:00:00,122.81507077886974
2024-11-30 06:00:00,122.81507077886974
2024-11-30 07:00:00,122.81507077886974
2024-11-30 08:00:00,122.81507077886974
2024-11-30 09:00:00,122.81507077886974
2024-11-30 10:00:00,122.81507077886974
2024-11-30 11:00:00,122.81507077886974
2024-11-30 12:00:00,122.81507077886974
2024-11-30 13:00:00,122.81507077886974
2024-11-30 14:00:00,122.81507077886974
2024-11-30 15:00:00,122.81507077886974
2024-11-30 16:00:00,122.81507077886974
2024-11-30 17:00:00,122.81507077886974
2024-11-30 18:00:00,122.81507077886974
2024-11-30 19:00:00,122.81507077886974
2024-11-30 20:00:00,122.81507077886974
2024-11-30 21:00:00,122.81507077886974
2024-11-30 22:00:00,122.81507077886974
2024-11-30 23:00:00,122.81507077886974
2024-12-01 00:00:00,122.81507077886974
2024-12-01 01:00:00,122.81507077886974
2024-12-01 02:00:00,122.81507077886974
2024-12-01 03:00:00,122.81507077886974
2024-12-01 04:00:00,122.81507077886974
2024-12-01 05:00:00,122.81507077886974
2024-12-01 06:00:00,122.81507077886974
2024-12-01 07:00:00,122.81507077886974
2024-12-01 08:00:00,122.81507077886974
2024-12-01 09:00:00,122.81507077886974
2024-12-01 10:00:00,122.81507077886974
2024-12-01 11:00:00,122.81507077886974
2024-12-01 12:00:00,122.81507077886974
2024-12-01 13:00:00,122.81507077886974
2024-12-01 14:00:00,122.81507077886974
2024-12-01 15:00:00,122.81507077886974
2024-12-01 16:00:00,122.81507077886974
2024-12-01 17:00:00,122.81507077886974
2024-12-01 18:00:00,122.81507077886974
2024-12-01 19:00:00,122.81507077886974
2024-12-01 20:00:00,122.81507077886974
2024-12-01 21:00:00,122.81507077886974
2024-12-01 22:00:00,122.81507077886974
2024-12-01 23:00:00,122.81507077886974
2024-12-02 00:00:00,122.81507077886974
2024-12-02 01:00:00,122.81507077886974
2024-12-02 02:00:00,122.81507077886974
2024-12-02 03:00:00,122.81507077886974
2024-12-02 04:00:00,122.81507077886974
2024-12-02 05:00:00,122.81507077886974
2024-12-02 06:00:00,122.81507077886974
2024-12-02 07:00:00,122.81507077886974
2024-12-02 08:00:00,122.81507077886974
2024-12-02 09:00:00,122.81507077886974
2024-12-02 10:00:00,122.81507077886974
2024-12-02 11:00:00,122.81507077886974
2024-12-02 12:00:00,122.81507077886974
2024-12-02 13:00:00,122.81507077886974
2024-12-02 14:00:00,122.81507077886974
2024-12-02 15:00:00,122.81507077886974
2024-12-02 16:00:00,122.81507077886974
2024-12-02 17:00:00,122.81507077886974
2024-12-02 18:00:00,122.81507077886974
2024-12-02 19:00:00,122.81507077886974
2024-12-02 20:00:00,122.81507077886974
2024-12-02 21:00:00,122.81507077886974
2024-12-02 22:00:00,122.81507077886974
2024-12-02 23:00:00,122.81507077886974
2024-12-03 00:00:00,122.81507077886974
2024-12-03 01:00:00,122.81507077886974
2024-12-03 02:00:00,122.81507077886974
2024-12-03 03:00:00,122.81507077886974
2024-12-03 04:00:00,122.81507077886974
2024-12-03 05:00:00,122.81507077886974
2024-12-03 06:00:00,122.81507077886974
2024-12-03 07:00:00,122.81507077886974
2024-12-03 08:00:00,122.81507077886974
2024-12-03 09:00:00,122.81507077886974
2024-12-03 10:00:00,122.81507077886974
2024-12-03 11:00:00,122.81507077886974
2024-12-03 12:00:00,122.81507077886974
2024-12-03 13:00:00,122.81507077886974
2024-12-03 14:00:00,122.81507077886974
2024-12-03 15:00:00,122.81507077886974
2024-12-03 16:00:00,122.81507077886974
2024-12-03 17:00:00,122.81507077886974
2024-12-03 18:00:00,122.81507077886974
2024-12-03 19:00:00,122.81507077886974
2024-12-03 20:00:00,122.81507077886974
2024-12-03 21:00:00,122.81507077886974
2024-12-03 22:00:00,122.81507077886974
2024-12-03 23:00:00,122.81507077886974
2024-12-04 00:00:00,122.81507077886974
2024-12-04 01:00:00,122.81507077886974
2024-12-04 02:00:00,122.81507077886974
2024-12-04 03:00:00,122.81507077886974
2024-12-04 04:00:00,122.81507077886974
2024-12-04 05:00:00,122.81507077886974
2024-12-04 06:00:00,122.81507077886974
2024-12-04 07:00:00,122.81507077886974
2024-12-04 08:00:00,122.81507077886974
2024-12-04 09:00:00,122.81507077886974
2024-12-04 10:00:00,122.81507077886974
2024-12-04 11:00:00,122.81507077886974
2024-12-04 12:00:00,122.81507077886974
2024-12-04 13:00:00,122.81507077886974
2024-12-04 14:00:00,122.81507077886974
2024-12-04 15:00:00,122.81507077886974
2024-12-04 16:00:00,122.81507077886974
2024-12-04 17:00:00,122.81507077886974
2024-12-04 18:00:00,122.81507077886974
2024-12-04 19:00:00,122.81507077886974
2024-12-04 20:00:00,122.81507077886974
2024-12-04 21:00:00,122.81507077886974
2024-12-04 22:00:00,122.81507077886974
2024-12-04 23:00:00,122.81507077886974
2024-12-05 00:00:00,122.81507077886974
2024-12-05 01:00:00,122.81507077886974
2024-12-05 02:00:00,122.81507077886974
2024-12-05 03:00:00,122.81507077886974
2024-12-05 04:00:00,122.81507077886974
2024-12-05 05:00:00,122.81507077886974
2024-12-05 06:00:00,122.81507077886974
2024-12-05 07:00:00,122.81507077886974
2024-12-05 08:00:00,122.81507077886974
2024-12-05 09:00:00,122.81507077886974
2024-12-05 10:00:00,122.81507077886974
2024-12-05 11:00:00,122.81507077886974
2024-12-05 12:00:00,122.81507077886974
2024-12-05 13:00:00,122.81507077886974
2024-12-05 14:00:00,122.81507077886974
2024-12-05 15:00:00,122.81507077886974
2024-12-05 16:00:00,122.81507077886974
2024-12-05 17:00:00,122.81507077886974
2024-12-05 18:00:00,122.81507077886974
2024-12-05 19:00:00,122.81507077886974
2024-12-05 20:00:00,122.81507077886974
2024-12-05 21:00:00,122.81507077886974
2024-12-05 22:00:00,122.81507077886974
2024-12-05 23:00:00,122.81507077886974
2024-12-06 00:00:00,122.81507077886974
2024-12-06 01:00:00,122.81507077886974
2024-12-06 02:00:00,122.81507077886974
2024-12-06 03:00:00,122.81507077886974
2024-12-06 04:00:00,122.81507077886974
2024-12-06 05:00:00,122.81507077886974
2024-12-06 06:00:00,122.81507077886974
2024-12-06 07:00:00,122.81507077886974
2024-12-06 08:00:00,122.81507077886974
2024-12-06 09:00:00,122.81507077886974
2024-12-06 10:00:00,122.81507077886974
2024-12-06 11:00:00,122.81507077886974
2024-12-06 12:00:00,122.81507077886974
2024-12-06 13:00:00,122.81507077886974
2024-12-06 14:00:00,122.81507077886974
2024-12-06 15:00:00,122.81507077886974
2024-12-06 16:00:00,122.81507077886974
2024-12-06 17:00:00,122.81507077886974
2024-12-06 18:00:00,122.81507077886974
2024-12-06 19:00:00,122.81507077886974
2024-12-06 20:00:00,122.81507077886974
2024-12-06 21:00:00,122.81507077886974
2024-12-06 22:00:00,122.81507077886974
2024-12-06 23:00:00,122.81507077886974
2024-12-07 00:00:00,122.81507077886974
2024-12-07 01:00:00,122.81507077886974
2024-12-07 02:00:00,122.81507077886974
2024-12-07 03:00:00,122.81507077886974
2024-12-07 04:00:00,122.81507077886974
2024-12-07 05:00:00,122.81507077886974
2024-12-07 06:00:00,122.81507077886974
2024-12-07 07:00:00,122.81507077886974
2024-12-07 08:00:00,122.81507077886974
2024-12-07 09:00:00,122.81507077886974
2024-12-07 10:00:00,122.81507077886974
2024-12-07 11:00:00,122.81507077886974
2024-12-07 12:00:00,122.81507077886974
2024-12-07 13:00:00,122.81507077886974
2024-12-07 14:00:00,122.81507077886974
2024-12-07 15:00:00,122.81507077886974
2024-12-07 16:00:00,122.81507077886974
2024-12-07 17:00:00,122.81507077886974
2024-12-07 18:00:00,122.81507077886974
2024-12-07 19:00:00,122.81507077886974
2024-12-07 20:00:00,122.81507077886974
2024-12-07 21:00:00,122.81507077886974
2024-12-07 22:00:00,122.81507077886974
2024-12-07 23:00:00,122.81507077886974
2024-12-08 00:00:00,122.81507077886974
2024-12-08 01:00:00,122.81507077886974
2024-12-08 02:00:00,122.81507077886974
2024-12-08 03:00:00,122.81507077886974
2024-12-08 04:00:00,122.81507077886974
2024-12-08 05:00:00,122.81507077886974
2024-12-08 06:00:00,122.81507077886974
2024-12-08 07:00:00,122.81507077886974
2024-12-08 08:00:00,122.81507077886974
2024-12-08 09:00:00,122.81507077886974
2024-12-08 10:00:00,122.81507077886974
2024-12-08 11:00:00,122.81507077886974
2024-12-08 12:00:00,122.81507077886974
2024-12-08 13:00:00,122.81507077886974
2024-12-08 14:00:00,122.81507077886974
2024-12-08 15:00:00,122.81507077886974
2024-12-08 16:00:00,122.81507077886974
2024-12-08 17:00:00,122.81507077886974
2024-12-08 18:00:00,122.81507077886974
2024-12-08 19:00:00,122.81507077886974
2024-12-08 20:00:00,122.81507077886974
2024-12-08 21:00:00,122.81507077886974
2024-12-08 22:00:00,122.81507077886974
2024-12-08 23:00:00,122.81507077886974
2024-12-09 00:00:00,122.81507077886974
2024-12-09 01:00:00,122.81507077886974
2024-12-09 02:00:00,122.81507077886974
2024-12-09 03:00:00,122.81507077886974
2024-12-09 04:00:00,122.81507077886974
2024-12-09 05:00:00,122.81507077886974
2024-12-09 06:00:00,122.81507077886974
2024-12-09 07:00:00,122.81507077886974
2024-12-09 08:00:00,122.81507077886974
2024-12-09 09:00:00,122.81507077886974
2024-12-09 10:00:00,122.81507077886974
2024-12-09 11:00:00,122.81507077886974
2024-12-09 12:00:00,122.81507077886974
2024-12-09 13:00:00,122.81507077886974
2024-12-09 14:00:00,122.81507077886974
2024-12-09 15:00:00,122.81507077886974
2024-12-09 16:00:00,122.81507077886974
2024-12-09 17:00:00,122.81507077886974
2024-12-09 18:00:00,122.81507077886974
2024-12-09 19:00:00,122.81507077886974
2024-12-09 20:00:00,122.81507077886974
2024-12-09 21:00:00,122.81507077886974
2024-12-09 22:00:00,122.81507077886974
2024-12-09 23:00:00,122.81507077886974
2024-12-10 00:00:00,122.81507077886974
2024-12-10 01:00:00,122.81507077886974
2024-12-10 02:00:00,122.81507077886974
2024-12-10 03:00:00,122.81507077886974
2024-12-10 04:00:00,122.81507077886974
2024-12-10 05:00:00,122.81507077886974
2024-12-10 06:00:00,122.81507077886974
2024-12-10 07:00:00,122.81507077886974
2024-12-10 08:00:00,122.81507077886974
2024-12-10 09:00:00,122.81507077886974
2024-12-10 10:00:00,122.81507077886974
2024-12-10 11:00:00,122.81507077886974
2024-12-10 12:00:00,122.81507077886974
2024-12-10 13:00:00,122.81507077886974
2024-12-10 14:00:00,122.81507077886974
2024-12-10 15:00:00,122.81507077886974
2024-12-10 16:00:00,122.81507077886974
2024-12-10 17:00:00,122.81507077886974
2024-12-10 18:00:00,122.81507077886974
2024-12-10 19:00:00,122.81507077886974
2024-12-10 20:00:00,122.81507077886974
2024-12-10 21:00:00,122.81507077886974
2024-12-10 22:00:00,122.81507077886974
2024-12-10 23:00:00,122.81507077886974
2024-12-11 00:00:00,122.81507077886974
2024-12-11 01:00:00,122.81507077886974
2024-12-11 02:00:00,122.81507077886974
2024-12-11 03:00:00,122.81507077886974
2024-12-11 04:00:00,122.81507077886974
2024-12-11 05:00:00,122.81507077886974
2024-12-11 06:00:00,122.81507077886974
2024-12-11 07:00:00,122.81507077886974
2024-12-11 08:00:00,122.81507077886974
2024-12-11 09:00:00,122.81507077886974
2024-12-11 10:00:00,122.81507077886974
2024-12-11 11:00:00,122.81507077886974
2024-12-11 12:00:00,122.81507077886974
2024-12-11 13:00:00,122.81507077886974
2024-12-11 14:00:00,122.81507077886974
2024-12-11 15:00:00,122.81507077886974
2024-12-11 16:00:00,122.81507077886974
2024-12-11 17:00:00,122.81507077886974
2024-12-11 18:00:00,122.81507077886974
2024-12-11 19:00:00,122.81507077886974
2024-12-11 20:00:00,122.81507077886974
2024-12-11 21:00:00,122.81507077886974
2024-12-11 22:00:00,122.81507077886974
2024-12-11 23:00:00,122.81507077886974
2024-12-12 00:00:00,122.81507077886974
2024-12-12 01:00:00,122.81507077886974
2024-12-12 02:00:00,122.81507077886974
2024-12-12 03:00:00,122.81507077886974
2024-12-12 04:00:00,122.81507077886974
2024-12-12 05:00:00,122.81507077886974
2024-12-12 06:00:00,122.81507077886974
2024-12-12 07:00:00,122.81507077886974
2024-12-12 08:00:00,122.81507077886974
2024-12-12 09:00:00,122.81507077886974
2024-12-12 10:00:00,122.81507077886974
2024-12-12 11:00:00,122.81507077886974
2024-12-12 12:00:00,122.81507077886974
2024-12-12 13:00:00,122.81507077886974
2024-12-12 14:00:00,122.81507077886974
2024-12-12 15:00:00,122.81507077886974
2024-12-12 16:00:00,122.81507077886974
2024-12-12 17:00:00,122.81507077886974
2024-12-12 18:00:00,122.81507077886974
2024-12-12 19:00:00,122.81507077886974
2024-12-12 20:00:00,122.81507077886974
2024-12-12 21:00:00,122.81507077886974
2024-12-12 22:00:00,122.81507077886974
2024-12-12 23:00:00,122.81507077886974
2024-12-13 00:00:00,122.81507077886974
2024-12-13 01:00:00,122.81507077886974
2024-12-13 02:00:00,122.81507077886974
2024-12-13 03:00:00,122.81507077886974
2024-12-13 04:00:00,122.81507077886974
2024-12-13 05:00:00,122.81507077886974
2024-12-13 06:00:00,122.81507077886974
2024-12-13 07:00:00,122.81507077886974
2024-12-13 08:00:00,122.81507077886974
2024-12-13 09:00:00,122.81507077886974
2024-12-13 10:00:00,122.81507077886974
2024-12-13 11:00:00,122.81507077886974
2024-12-13 12:00:00,122.81507077886974
2024-12-13 13:00:00,122.81507077886974
2024-12-13 14:00:00,122.81507077886974
2024-12-13 15:00:00,122.81507077886974
2024-12-13 16:00:00,122.81507077886974
2024-12-13 17:00:00,122.81507077886974
2024-12-13 18:00:00,122.81507077886974
2024-12-13 19:00:00,122.81507077886974
2024-12-13 20:00:00,122.81507077886974
2024-12-13 21:00:00,122.81507077886974
2024-12-13 22:00:00,122.81507077886974
2024-12-13 23:00:00,122.81507077886974
2024-12-14 00:00:00,122.81507077886974
2024-12-14 01:00:00,122.81507077886974
2024-12-14 02:00:00,122.81507077886974
2024-12-14 03:00:00,122.81507077886974
2024-12-14 04:00:00,122.81507077886974
2024-12-14 05:00:00,122.81507077886974
2024-12-14 06:00:00,122.81507077886974
2024-12-14 07:00:00,122.81507077886974
2024-12-14 08:00:00,122.81507077886974
2024-12-14 09:00:00,122.81507077886974
2024-12-14 10:00:00,122.81507077886974
2024-12-14 11:00:00,122.81507077886974
2024-12-14 12:00:00,122.81507077886974
2024-12-14 13:00:00,122.81507077886974
2024-12-14 14:00:00,122.81507077886974
2024-12-14 15:00:00,122.81507077886974
2024-12-14 16:00:00,122.81507077886974
2024-12-14 17:00:00,122.81507077886974
2024-12-14 18:00:00,122.81507077886974
2024-12-14 19:00:00,122.81507077886974
2024-12-14 20:00:00,122.81507077886974
2024-12-14 21:00:00,122.81507077886974
2024-12-14 22:00:00,122.81507077886974
2024-12-14 23:00:00,122.81507077886974
2024-12-15 00:00:00,122.81507077886974
2024-12-15 01:00:00,122.81507077886974
2024-12-15 02:00:00,122.81507077886974
2024-12-15 03:00:00,122.81507077886974
2024-12-15 04:00:00,122.81507077886974
2024-12-15 05:00:00,122.81507077886974
2024-12-15 06:00:00,122.81507077886974
2024-12-15 07:00:00,122.81507077886974
2024-12-15 08:00:00,122.81507077886974
2024-12-15 09:00:00,122.81507077886974
2024-12-15 10:00:00,122.81507077886974
2024-12-15 11:00:00,122.81507077886974
2024-12-15 12:00:00,122.81507077886974
2024-12-15 13:00:00,122.81507077886974
2024-12-15 14:00:00,122.81507077886974
2024-12-15 15:00:00,122.81507077886974
2024-12-15 16:00:00,122.81507077886974
2024-12-15 17:00:00,122.81507077886974
2024-12-15 18:00:00,122.81507077886974
2024-12-15 19:00:00,122.81507077886974
2024-12-15 20:00:00,122.81507077886974
2024-12-15 21:00:00,122.81507077886974
2024-12-15 22:00:00,122.81507077886974
2024-12-15 23:00:00,122.81507077886974
2024-12-16 00:00:00,122.81507077886974
2024-12-16 01:00:00,122.81507077886974
2024-12-16 02:00:00,122.81507077886974
2024-12-16 03:00:00,122.81507077886974
2024-12-16 04:00:00,122.81507077886974
2024-12-16 05:00:00,122.81507077886974
2024-12-16 06:00:00,122.81507077886974
2024-12-16 07:00:00,122.81507077886974
2024-12-16 08:00:00,122.81507077886974
2024-12-16 09:00:00,122.81507077886974
2024-12-16 10:00:00,122.81507077886974
2024-12-16 11:00:00,122.81507077886974
2024-12-16 12:00:00,122.81507077886974
2024-12-16 13:00:00,122.81507077886974
2024-12-16 14:00:00,122.81507077886974
2024-12-16 15:00:00,122.81507077886974
2024-12-16 16:00:00,122.81507077886974
2024-12-16 17:00:00,122.81507077886974
2024-12-16 18:00:00,122.81507077886974
2024-12-16 19:00:00,122.81507077886974
2024-12-16 20:00:00,122.81507077886974
2024-12-16 21:00:00,122.81507077886974
2024-12-16 22:00:00,122.81507077886974
2024-12-16 23:00:00,122.81507077886974
2024-12-17 00:00:00,122.81507077886974
2024-12-17 01:00:00,122.81507077886974
2024-12-17 02:00:00,122.81507077886974
2024-12-17 03:00:00,122.81507077886974
2024-12-17 04:00:00,122.81507077886974
2024-12-17 05:00:00,122.81507077886974
2024-12-17 06:00:00,122.81507077886974
2024-12-17 07:00:00,122.81507077886974
2024-12-17 08:00:00,122.81507077886974
2024-12-17 09:00:00,122.81507077886974
2024-12-17 10:00:00,122.81507077886974
2024-12-17 11:00:00,122.81507077886974
2024-12-17 12:00:00,122.81507077886974
2024-12-17 13:00:00,122.81507077886974
2024-12-17 14:00:00,122.81507077886974
2024-12-17 15:00:00,122.81507077886974
2024-12-17 16:00:00,122.81507077886974
2024-12-17 17:00:00,122.81507077886974
2024-12-17 18:00:00,122.81507077886974
2024-12-17 19:00:00,122.81507077886974
2024-12-17 20:00:00,122.81507077886974
2024-12-17 21:00:00,122.81507077886974
2024-12-17 22:00:00,122.81507077886974
2024-12-17 23:00:00,122.81507077886974
2024-12-18 00:00:00,122.81507077886974
2024-12-18 01:00:00,122.81507077886974
2024-12-18 02:00:00,122.81507077886974
2024-12-18 03:00:00,122.81507077886974
2024-12-18 04:00:00,122.81507077886974
2024-12-18 05:00:00,122.81507077886974
2024-12-18 06:00:00,122.81507077886974
2024-12-18 07:00:00,122.81507077886974
2024-12-18 08:00:00,122.81507077886974
2024-12-18 09:00:00,122.81507077886974
2024-12-18 10:00:00,122.81507077886974
2024-12-18 11:00:00,122.81507077886974
2024-12-18 12:00:00,122.81507077886974
2024-12-18 13:00:00,122.81507077886974
2024-12-18 14:00:00,122.81507077886974
2024-12-18 15:00:00,122.81507077886974
2024-12-18 16:00:00,122.81507077886974
2024-12-18 17:00:00,122.81507077886974
2024-12-18 18:00:00,122.81507077886974
2024-12-18 19:00:00,122.81507077886974
2024-12-18 20:00:00,122.81507077886974
2024-12-18 21:00:00,122.81507077886974
2024-12-18 22:00:00,122.81507077886974
2024-12-18 23:00:00,122.81507077886974
2024-12-19 00:00:00,122.81507077886974
2024-12-19 01:00:00,122.81507077886974
2024-12-19 02:00:00,122.81507077886974
2024-12-19 03:00:00,122.81507077886974
2024-12-19 04:00:00,122.81507077886974
2024-12-19 05:00:00,122.81507077886974
2024-12-19 06:00:00,122.81507077886974
2024-12-19 07:00:00,122.81507077886974
2024-12-19 08:00:00,122.81507077886974
2024-12-19 09:00:00,122.81507077886974
2024-12-19 10:00:00,122.81507077886974
2024-12-19 11:00:00,122.81507077886974
2024-12-19 12:00:00,122.81507077886974
2024-12-19 13:00:00,122.81507077886974
2024-12-19 14:00:00,122.81507077886974
2024-12-19 15:00:00,122.81507077886974
2024-12-19 16:00:00,122.81507077886974
2024-12-19 17:00:00,122.81507077886974
2024-12-19 18:00:00,122.81507077886974
2024-12-19 19:00:00,122.81507077886974
2024-12-19 20:00:00,122.81507077886974
2024-12-19 21:00:00,122.81507077886974
2024-12-19 22:00:00,122.81507077886974
2024-12-19 23:00:00,122.81507077886974
2024-12-20 00:00:00,122.81507077886974
2024-12-20 01:00:00,122.81507077886974
2024-12-20 02:00:00,122.81507077886974
2024-12-20 03:00:00,122.81507077886974
2024-12-20 04:00:00,122.81507077886974
2024-12-20 05:00:00,122.81507077886974
2024-12-20 06:00:00,122.81507077886974
2024-12-20 07:00:00,122.81507077886974
2024-12-20 08:00:00,122.81507077886974
2024-12-20 09:00:00,122.81507077886974
2024-12-20 10:00:00,122.81507077886974
2024-12-20 11:00:00,122.81507077886974
2024-12-20 12:00:00,122.81507077886974
2024-12-20 13:00:00,122.81507077886974
2024-12-20 14:00:00,122.81507077886974
2024-12-20 15:00:00,122.81507077886974
2024-12-20 16:00:00,122.81507077886974
2024-12-20 17:00:00,122.81507077886974
2024-12-20 18:00:00,122.81507077886974
2024-12-20 19:00:00,122.81507077886974
2024-12-20 20:00:00,122.81507077886974
2024-12-20 21:00:00,122.81507077886974
2024-12-20 22:00:00,122.81507077886974
2024-12-20 23:00:00,122.81507077886974
2024-12-21 00:00:00,122.81507077886974
2024-12-21 01:00:00,122.81507077886974
2024-12-21 02:00:00,122.81507077886974
2024-12-21 03:00:00,122.81507077886974
2024-12-21 04:00:00,122.81507077886974
2024-12-21 05:00:00,122.81507077886974
2024-12-21 06:00:00,122.81507077886974
2024-12-21 07:00:00,122.81507077886974
2024-12-21 08:00:00,122.81507077886974
2024-12-21 09:00:00,122.81507077886974
2024-12-21 10:00:00,122.81507077886974
2024-12-21 11:00:00,122.81507077886974
2024-12-21 12:00:00,122.81507077886974
2024-12-21 13:00:00,122.81507077886974
2024-12-21 14:00:00,122.81507077886974
2024-12-21 15:00:00,122.81507077886974
2024-12-21 16:00:00,122.81507077886974
2024-12-21 17:00:00,122.81507077886974
2024-12-21 18:00:00,122.81507077886974
2024-12-21 19:00:00,122.81507077886974
2024-12-21 20:00:00,122.81507077886974
2024-12-21 21:00:00,122.81507077886974
2024-12-21 22:00:00,122.81507077886974
2024-12-21 23:00:00,122.81507077886974
2024-12-22 00:00:00,122.81507077886974
2024-12-22 01:00:00,122.81507077886974
2024-12-22 02:00:00,122.81507077886974
2024-12-22 03:00:00,122.81507077886974
2024-12-22 04:00:00,122.81507077886974
2024-12-22 05:00:00,122.81507077886974
2024-12-22 06:00:00,122.81507077886974
2024-12-22 07:00:00,122.81507077886974
2024-12-22 08:00:00,122.81507077886974
2024-12-22 09:00:00,122.81507077886974
2024-12-22 10:00:00,122.81507077886974
2024-12-22 11:00:00,122.81507077886974
2024-12-22 12:00:00,122.81507077886974
2024-12-22 13:00:00,122.81507077886974
2024-12-22 14:00:00,122.81507077886974
2024-12-22 15:00:00,122.81507077886974
2024-12-22 16:00:00,122.81507077886974
2024-12-22 17:00:00,122.81507077886974
2024-12-22 18:00:00,122.81507077886974
2024-12-22 19:00:00,122.81507077886974
2024-12-22 20:00:00,122.81507077886974
2024-12-22 21:00:00,122.81507077886974
2024-12-22 22:00:00,122.81507077886974
2024-12-22 23:00:00,122.81507077886974
2024-12-23 00:00:00,122.81507077886974
2024-12-23 01:00:00,122.81507077886974
2024-12-23 02:00:00,122.81507077886974
2024-12-23 03:00:00,122.81507077886974
2024-12-23 04:00:00,122.81507077886974
2024-12-23 05:00:00,122.81507077886974
2024-12-23 06:00:00,122.81507077886974
2024-12-23 07:00:00,122.81507077886974
2024-12-23 08:00:00,122.81507077886974
2024-12-23 09:00:00,122.81507077886974
2024-12-23 10:00:00,122.81507077886974
2024-12-23 11:00:00,122.81507077886974
2024-12-23 12:00:00,122.81507077886974
2024-12-23 13:00:00,122.81507077886974
2024-12-23 14:00:00,122.81507077886974
2024-12-23 15:00:00,122.81507077886974
2024-12-23 16:00:00,122.81507077886974
2024-12-23 17:00:00,122.81507077886974
2024-12-23 18:00:00,122.81507077886974
2024-12-23 19:00:00,122.81507077886974
2024-12-23 20:00:00,122.81507077886974
2024-12-23 21:00:00,122.81507077886974
2024-12-23 22:00:00,122.81507077886974
2024-12-23 23:00:00,122.81507077886974
2024-12-24 00:00:00,122.81507077886974
2024-12-24 01:00:00,122.81507077886974
2024-12-24 02:00:00,122.81507077886974
2024-12-24 03:00:00,122.81507077886974
2024-12-24 04:00:00,122.81507077886974
2024-12-24 05:00:00,122.81507077886974
2024-12-24 06:00:00,122.81507077886974
2024-12-24 07:00:00,122.81507077886974
2024-12-24 08:00:00,122.81507077886974
2024-12-24 09:00:00,122.81507077886974
2024-12-24 10:00:00,122.81507077886974
2024-12-24 11:00:00,122.81507077886974
2024-12-24 12:00:00,122.81507077886974
2024-12-24 13:00:00,122.81507077886974
2024-12-24 14:00:00,122.81507077886974
2024-12-24 15:00:00,122.81507077886974
2024-12-24 16:00:00,122.81507077886974
2024-12-24 17:00:00,122.81507077886974
2024-12-24 18:00:00,122.81507077886974
2024-12-24 19:00:00,122.81507077886974
2024-12-24 20:00:00,122.81507077886974
2024-12-24 21:00:00,122.81507077886974
2024-12-24 22:00:00,122.81507077886974
2024-12-24 23:00:00,122.81507077886974
2024-12-25 00:00:00,122.81507077886974
2024-12-25 01:00:00,122.81507077886974
2024-12-25 02:00:00,122.81507077886974
2024-12-25 03:00:00,122.81507077886974
2024-12-25 04:00:00,122.81507077886974
2024-12-25 05:00:00,122.81507077886974
2024-12-25 06:00:00,122.81507077886974
2024-12-25 07:00:00,122.81507077886974
2024-12-25 08:00:00,122.81507077886974
2024-12-25 09:00:00,122.81507077886974
2024-12-25 10:00:00,122.81507077886974
2024-12-25 11:00:00,122.81507077886974
2024-12-25 12:00:00,122.81507077886974
2024-12-25 13:00:00,122.81507077886974
2024-12-25 14:00:00,122.81507077886974
2024-12-25 15:00:00,122.81507077886974
2024-12-25 16:00:00,122.81507077886974
2024-12-25 17:00:00,122.81507077886974
2024-12-25 18:00:00,122.81507077886974
2024-12-25 19:00:00,122.81507077886974
2024-12-25 20:00:00,122.81507077886974
2024-12-25 21:00:00,122.81507077886974
2024-12-25 22:00:00,122.81507077886974
2024-12-25 23:00:00,122.81507077886974
2024-12-26 00:00:00,122.81507077886974
2024-12-26 01:00:00,122.81507077886974
2024-12-26 02:00:00,122.81507077886974
2024-12-26 03:00:00,122.81507077886974
2024-12-26 04:00:00,122.81507077886974
2024-12-26 05:00:00,122.81507077886974
2024-12-26 06:00:00,122.81507077886974
2024-12-26 07:00:00,122.81507077886974
2024-12-26 08:00:00,122.81507077886974
2024-12-26 09:00:00,122.81507077886974
2024-12-26 10:00:00,122.81507077886974
2024-12-26 11:00:00,122.81507077886974
2024-12-26 12:00:00,122.81507077886974
2024-12-26 13:00:00,122.81507077886974
2024-12-26 14:00:00,122.81507077886974
2024-12-26 15:00:00,122.81507077886974
2024-12-26 16:00:00,122.81507077886974
2024-12-26 17:00:00,122.81507077886974
2024-12-26 18:00:00,122.81507077886974
2024-12-26 19:00:00,122.81507077886974
2024-12-26 20:00:00,122.81507077886974
2024-12-26 21:00:00,122.81507077886974
2024-12-26 22:00:00,122.81507077886974
2024-12-26 23:00:00,122.81507077886974
2024-12-27 00:00:00,122.81507077886974
2024-12-27 01:00:00,122.81507077886974
2024-12-27 02:00:00,122.81507077886974
2024-12-27 03:00:00,122.81507077886974
2024-12-27 04:00:00,122.81507077886974
2024-12-27 05:00:00,122.81507077886974
2024-12-27 06:00:00,122.81507077886974
2024-12-27 07:00:00,122.81507077886974
2024-12-27 08:00:00,122.81507077886974
2024-12-27 09:00:00,122.81507077886974
2024-12-27 10:00:00,122.81507077886974
2024-12-27 11:00:00,122.81507077886974
2024-12-27 12:00:00,122.81507077886974
2024-12-27 13:00:00,122.81507077886974
2024-12-27 14:00:00,122.81507077886974
2024-12-27 15:00:00,122.81507077886974
2024-12-27 16:00:00,122.81507077886974
2024-12-27 17:00:00,122.81507077886974
2024-12-27 18:00:00,122.81507077886974
2024-12-27 19:00:00,122.81507077886974
2024-12-27 20:00:00,122.81507077886974
2024-12-27 21:00:00,122.81507077886974
2024-12-27 22:00:00,122.81507077886974
2024-12-27 23:00:00,122.81507077886974
2024-12-28 00:00:00,122.81507077886974
2024-12-28 01:00:00,122.81507077886974
2024-12-28 02:00:00,122.81507077886974
2024-12-28 03:00:00,122.81507077886974
2024-12-28 04:00:00,122.81507077886974
2024-12-28 05:00:00,122.81507077886974
2024-12-28 06:00:00,122.81507077886974
2024-12-28 07:00:00,122.81507077886974
2024-12-28 08:00:00,122.81507077886974
2024-12-28 09:00:00,122.81507077886974
2024-12-28 10:00:00,122.81507077886974
2024-12-28 11:00:00,122.81507077886974
2024-12-28 12:00:00,122.81507077886974
2024-12-28 13:00:00,122.81507077886974
2024-12-28 14:00:00,122.81507077886974
2024-12-28 15:00:00,122.81507077886974
2024-12-28 16:00:00,122.81507077886974
2024-12-28 17:00:00,122.81507077886974
2024-12-28 18:00:00,122.81507077886974
2024-12-28 19:00:00,122.81507077886974
2024-12-28 20:00:00,122.81507077886974
2024-12-28 21:00:00,122.81507077886974
2024-12-28 22:00:00,122.81507077886974
2024-12-28 23:00:00,122.81507077886974
2024-12-29 00:00:00,122.81507077886974
2024-12-29 01:00:00,122.81507077886974
2024-12-29 02:00:00,122.81507077886974
2024-12-29 03:00:00,122.81507077886974
2024-12-29 04:00:00,122.81507077886974
2024-12-29 05:00:00,122.81507077886974
2024-12-29 06:00:00,122.81507077886974
2024-12-29 07:00:00,122.81507077886974
2024-12-29 08:00:00,122.81507077886974
2024-12-29 09:00:00,122.81507077886974
2024-12-29 10:00:00,122.81507077886974
2024-12-29 11:00:00,122.81507077886974
2024-12-29 12:00:00,122.81507077886974
2024-12-29 13:00:00,122.81507077886974
2024-12-29 14:00:00,122.81507077886974
2024-12-29 15:00:00,122.81507077886974
2024-12-29 16:00:00,122.81507077886974
2024-12-29 17:00:00,122.81507077886974
2024-12-29 18:00:00,122.81507077886974
2024-12-29 19:00:00,122.81507077886974
2024-12-29 20:00:00,122.81507077886974
2024-12-29 21:00:00,122.81507077886974
2024-12-29 22:00:00,122.81507077886974
2024-12-29 23:00:00,122.81507077886974
2024-12-30 00:00:00,122.81507077886974
2024-12-30 01:00:00,122.81507077886974
2024-12-30 02:00:00,122.81507077886974
2024-12-30 03:00:00,122.81507077886974
2024-12-30 04:00:00,122.81507077886974
2024-12-30 05:00:00,122.81507077886974
2024-12-30 06:00:00,122.81507077886974
2024-12-30 07:00:00,122.81507077886974
2024-12-30 08:00:00,122.81507077886974
2024-12-30 09:00:00,122.81507077886974
2024-12-30 10:00:00,122.81507077886974
2024-12-30 11:00:00,122.81507077886974
2024-12-30 12:00:00,122.81507077886974
2024-12-30 13:00:00,122.81507077886974
2024-12-30 14:00:00,122.81507077886974
2024-12-30 15:00:00,122.81507077886974
2024-12-30 16:00:00,122.81507077886974
2024-12-30 17:00:00,122.81507077886974
2024-12-30 18:00:00,122.81507077886974
2024-12-30 19:00:00,122.81507077886974
2024-12-30 20:00:00,122.81507077886974
2024-12-30 21:00:00,122.81507077886974
2024-12-30 22:00:00,122.81507077886974
2024-12-30 23:00:00,122.81507077886974
2024-12-31 00:00:00,122.81507077886974
