Date,Température (K)
2020-01-01 00:00:00,283.0
2020-01-01 01:00:00,278.48228424033226
2020-01-01 02:00:00,274.6850079428688
2020-01-01 03:00:00,271.4838992679928
2020-01-01 04:00:00,268.7788850859676
2020-01-01 05:00:00,266.4885728382091
2020-01-01 06:00:00,264.54622017227206
2020-01-01 07:00:00,262.89672735939564
2020-01-01 08:00:00,261.4943508904456
2020-01-01 09:00:00,260.84488735700677
2020-01-01 10:00:00,262.1911780525722
2020-01-01 11:00:00,264.76672357785344
2020-01-01 12:00:00,267.8187722465649
2020-01-01 13:00:00,270.6452840184982
2020-01-01 14:00:00,272.63362192973034
2020-01-01 15:00:00,273.29469406207966
2020-01-01 16:00:00,272.2876761269084
2020-01-01 17:00:00,269.45864459033385
2020-01-01 18:00:00,267.0645030150926
2020-01-01 19:00:00,265.0349213334288
2020-01-01 20:00:00,263.3119355451878
2020-01-01 21:00:00,261.8474914763267
2020-01-01 22:00:00,260.6015549592037
2020-01-01 23:00:00,259.54063659426106
2020-01-02 00:00:00,258.6366255835416
2020-01-02 01:00:00,265.0026128640703
2020-01-02 02:00:00,268.5564582809001
2020-01-02 03:00:00,270.5310067402621
2020-01-02 04:00:00,271.62508368576886
2020-01-02 05:00:00,272.2303625463808
2020-01-02 06:00:00,272.5649324951975
2020-01-02 07:00:00,272.7497780883451
2020-01-02 08:00:00,272.8518756252943
2020-01-02 09:00:00,273.4710780602672
2020-01-02 10:00:00,275.713447154166
2020-01-02 11:00:00,278.37979976764944
2020-01-02 12:00:00,280.70833673867867
2020-01-02 13:00:00,282.22119588299716
2020-01-02 14:00:00,282.6424636278883
2020-01-02 15:00:00,281.85131627573315
2020-01-02 16:00:00,279.85212119206125
2020-01-02 17:00:00,276.75980162585137
2020-01-02 18:00:00,275.06193841329303
2020-01-02 19:00:00,274.1273217301944
2020-01-02 20:00:00,273.6121332304948
2020-01-02 21:00:00,273.3279310860614
2020-01-02 22:00:00,273.1710867525024
2020-01-02 23:00:00,273.0845083586929
2020-01-03 00:00:00,273.03671089068644
2020-01-03 01:00:00,272.6715369789767
2020-01-03 02:00:00,272.45746077012365
2020-01-03 03:00:00,272.3319274132302
2020-01-03 04:00:00,272.2583030904916
2020-01-03 05:00:00,272.21511884601944
2020-01-03 06:00:00,272.18978775684883
2020-01-03 07:00:00,272.17492851055346
2020-01-03 08:00:00,272.16621189018224
2020-01-03 09:00:00,272.74435088212294
2020-01-03 10:00:00,274.98524499362446
2020-01-03 11:00:00,277.72890086803693
2020-01-03 12:00:00,280.19493199409527
2020-01-03 13:00:00,281.86805341297463
2020-01-03 14:00:00,282.4340626980296
2020-01-03 15:00:00,281.74067068380504
2020-01-03 16:00:00,279.7701984053281
2020-01-03 17:00:00,276.6176070549463
2020-01-03 18:00:00,274.76670734422925
2020-01-03 19:00:00,273.6846771463924
2020-01-03 20:00:00,273.0512074398652
2020-01-03 21:00:00,272.68003373493866
2020-01-03 22:00:00,272.4624426932332
2020-01-03 23:00:00,272.33484908721664
2020-01-04 00:00:00,272.260016730882
2020-01-04 01:00:00,269.4216287130807
2020-01-04 02:00:00,267.01591525412385
2020-01-04 03:00:00,264.97341398406337
2020-01-04 04:00:00,263.23680727233926
2020-01-04 05:00:00,261.7585189010949
2020-01-04 06:00:00,260.49886370706776
2020-01-04 07:00:00,259.4246022192823
2020-01-04 08:00:00,258.50779738317624
2020-01-04 09:00:00,258.330143132787
2020-01-04 10:00:00,260.08162405424173
2020-01-04 11:00:00,263.00939143403326
2020-01-04 12:00:00,266.3694122065058
2020-01-04 13:00:00,269.46498553809994
2020-01-04 14:00:00,271.6866083275197
2020-01-04 15:00:00,272.5470512722057
2020-01-04 16:00:00,271.7068056666695
2020-01-04 17:00:00,268.9872104379237
2020-01-04 18:00:00,266.64732113438123
2020-01-04 19:00:00,264.6601895118028
2020-01-04 20:00:00,262.97029372295106
2020-01-04 21:00:00,261.5315069110868
2020-01-04 22:00:00,260.30532412939834
2020-01-04 23:00:00,259.2594742281965
2020-01-05 00:00:00,258.3668197192826
2020-01-05 01:00:00,256.90075977778446
2020-01-05 02:00:00,255.6059524712086
2020-01-05 03:00:00,254.46149061274085
2020-01-05 04:00:00,253.4492189867956
2020-01-05 05:00:00,252.55332810509842
2020-01-05 06:00:00,251.76001748825126
2020-01-05 07:00:00,251.057214555722
2020-01-05 08:00:00,250.43433841085835
2020-01-05 09:00:00,250.51087957932924
2020-01-05 10:00:00,252.48347626945457
2020-01-05 11:00:00,255.66509533038945
2020-01-05 12:00:00,259.3452060516671
2020-01-05 13:00:00,262.83226254907845
2020-01-05 14:00:00,265.49837094751155
2020-01-05 15:00:00,266.8203216147535
2020-01-05 16:00:00,266.411803905437
2020-01-05 17:00:00,264.04332178060935
2020-01-05 18:00:00,261.9037147952938
2020-01-05 19:00:00,260.01996217544337
2020-01-05 20:00:00,258.3594788400121
2020-01-05 21:00:00,256.89427912152456
2020-01-05 22:00:00,255.60022641159978
2020-01-05 23:00:00,254.45642756222264
2020-01-06 00:00:00,253.44473929433028
2020-01-06 01:00:00,252.68250119125995
2020-01-06 02:00:00,252.01099693518964
2020-01-06 03:00:00,251.41919071970045
2020-01-06 04:00:00,250.8974418438499
2020-01-06 05:00:00,250.43731648604626
2020-01-06 06:00:00,250.03142751204248
2020-01-06 07:00:00,249.67329756770317
2020-01-06 08:00:00,249.35724163230492
2020-01-06 09:00:00,249.73211698147514
2020-01-06 10:00:00,251.96931044900205
2020-01-06 11:00:00,255.37723111443484
2020-01-06 12:00:00,259.24364971880703
2020-01-06 13:00:00,262.87842262852104
2020-01-06 14:00:00,265.6580700306949
2020-01-06 15:00:00,267.0663875950428
2020-01-06 16:00:00,266.7259611965609
2020-01-06 17:00:00,264.417214828505
2020-01-06 18:00:00,262.316358844131
2020-01-06 19:00:00,260.4766249217339
2020-01-06 20:00:00,258.86364783216266
2020-01-06 21:00:00,257.4480323359037
2020-01-06 22:00:00,256.2045299832534
2020-01-06 23:00:00,255.11137619933794
2020-01-07 00:00:00,254.1497510994536
2020-01-07 01:00:00,253.62214026519536
2020-01-07 02:00:00,253.16337765309066
2020-01-07 03:00:00,252.76436785572676
2020-01-07 04:00:00,252.41724427551
2020-01-07 05:00:00,252.11519645263095
2020-01-07 06:00:00,251.8523232751063
2020-01-07 07:00:00,251.62350780402016
2020-01-07 08:00:00,251.42431024054503
2020-01-07 09:00:00,251.9313222757644
2020-01-07 10:00:00,254.2806922923945
2020-01-07 11:00:00,257.76027587217897
2020-01-07 12:00:00,261.64805272893864
2020-01-07 13:00:00,265.2540840549858
2020-01-07 14:00:00,267.96378828070357
2020-01-07 15:00:00,269.2766322816399
2020-01-07 16:00:00,268.8352487040372
2020-01-07 17:00:00,266.4419278510721
2020-01-07 18:00:00,264.2701514895341
2020-01-07 19:00:00,262.39462091365607
2020-01-07 20:00:00,260.7728966066163
2020-01-07 21:00:00,259.3691374790685
2020-01-07 22:00:00,258.1529428642954
2020-01-07 23:00:00,257.0984307871701
2020-01-08 00:00:00,256.1834962679849
2020-01-08 01:00:00,255.33111076264782
2020-01-08 02:00:00,254.58889931093086
2020-01-08 03:00:00,253.94232625540786
2020-01-08 04:00:00,253.37884532051592
2020-01-08 05:00:00,252.88760997125516
2020-01-08 06:00:00,252.45923011611288
2020-01-08 07:00:00,252.0855667575721
2020-01-08 08:00:00,251.75955793751012
2020-01-08 09:00:00,252.18362278320762
2020-01-08 10:00:00,254.46339036884595
2020-01-08 11:00:00,257.88844198461567
2020-01-08 12:00:00,261.7368094660172
2020-01-08 13:00:00,265.31702960106134
2020-01-08 14:00:00,268.01165483342015
2020-01-08 15:00:00,269.3163020215009
2020-01-08 16:00:00,268.8692049345962
2020-01-08 17:00:00,266.46815329690503
2020-01-08 18:00:00,264.256967776559
2020-01-08 19:00:00,262.3426210305923
2020-01-08 20:00:00,260.6831528713906
2020-01-08 21:00:00,259.24306603517635
2020-01-08 22:00:00,257.9921973672576
2020-01-08 23:00:00,256.90481901977586
2020-01-09 00:00:00,255.9589149274276
2020-01-09 01:00:00,254.65947602979122
2020-01-09 02:00:00,253.50482441275182
2020-01-09 03:00:00,252.4781242253022
2020-01-09 04:00:00,251.56464591757305
2020-01-09 05:00:00,250.75147136693892
2020-01-09 06:00:00,250.02724680354842
2020-01-09 07:00:00,249.3819744686407
2020-01-09 08:00:00,248.8068359198947
2020-01-09 09:00:00,249.03219751941296
2020-01-09 10:00:00,251.14470763928546
2020-01-09 11:00:00,254.46580833513144
2020-01-09 12:00:00,258.2885384514345
2020-01-09 13:00:00,261.9207165425697
2020-01-09 14:00:00,264.7304542458438
2020-01-09 15:00:00,266.1882043440627
2020-01-09 16:00:00,265.9000841536738
2020-01-09 17:00:00,263.62885314471356
2020-01-09 18:00:00,261.4572779623727
2020-01-09 19:00:00,259.53572510679476
2020-01-09 20:00:00,257.83335041799
2020-01-09 21:00:00,256.32356322136144
2020-01-09 22:00:00,254.98334243882175
2020-01-09 23:00:00,253.79268339491765
2020-01-10 00:00:00,252.73414600776792
2020-01-10 01:00:00,251.80559982543056
2020-01-10 02:00:00,250.97952658456055
2020-01-10 03:00:00,250.24426586977458
2020-01-10 04:00:00,249.5895577210106
2020-01-10 05:00:00,249.0063590397841
2020-01-10 06:00:00,248.4866872451086
2020-01-10 07:00:00,248.02348649411823
2020-01-10 08:00:00,247.61051271276048
2020-01-10 09:00:00,248.0114788070316
2020-01-10 10:00:00,250.28252517521474
2020-01-10 11:00:00,253.7463788097381
2020-01-10 12:00:00,257.6968354194157
2020-01-10 13:00:00,261.4422640623858
2020-01-10 14:00:00,264.3513589401319
2020-01-10 15:00:00,265.89535525960446
2020-01-10 16:00:00,265.6814476328329
2020-01-10 17:00:00,263.47378715418034
2020-01-10 18:00:00,261.328610695309
2020-01-10 19:00:00,259.4311864503103
2020-01-10 20:00:00,257.7508956962684
2020-01-10 21:00:00,256.2613419255958
2020-01-10 22:00:00,254.9396732170169
2020-01-10 23:00:00,253.76603375072216
2020-01-11 00:00:00,252.72311558389592
2020-01-11 01:00:00,252.34357386170234
2020-01-11 02:00:00,252.01283334136832
2020-01-11 03:00:00,251.7245619688416
2020-01-11 04:00:00,251.4732630829129
2020-01-11 05:00:00,251.25416187616904
2020-01-11 06:00:00,251.0631080851704
2020-01-11 07:00:00,250.89649240080806
2020-01-11 08:00:00,250.75117452148083
2020-01-11 09:00:00,251.4262237543275
2020-01-11 10:00:00,253.93041857073334
2020-01-11 11:00:00,257.5539748513763
2020-01-11 12:00:00,261.5752135046031
2020-01-11 13:00:00,265.30313674784543
2020-01-11 14:00:00,268.1213005015103
2020-01-11 15:00:00,269.52706337012097
2020-01-11 16:00:00,269.1611724283793
2020-01-11 17:00:00,266.82458399938787
2020-01-11 18:00:00,264.58016344328144
2020-01-11 19:00:00,262.63951680196095
2020-01-11 20:00:00,260.95935285929363
2020-01-11 21:00:00,259.5031020654667
2020-01-11 22:00:00,258.2397333045255
2020-01-11 23:00:00,257.1428135939882
2020-01-12 00:00:00,256.1897524835111
2020-01-12 01:00:00,254.90676105007992
2020-01-12 02:00:00,253.76889951978538
2020-01-12 03:00:00,252.75906608831673
2020-01-12 04:00:00,251.86232103248807
2020-01-12 05:00:00,251.06558194439967
2020-01-12 06:00:00,250.35736855355452
2020-01-12 07:00:00,249.72758770856714
2020-01-12 08:00:00,249.16735115540467
2020-01-12 09:00:00,249.50463618026237
2020-01-12 10:00:00,251.72233027867023
2020-01-12 11:00:00,255.13761122907644
2020-01-12 12:00:00,259.0404299036638
2020-01-12 13:00:00,262.73692014947176
2020-01-12 14:00:00,265.59503672792823
2020-01-12 15:00:00,267.08657756349226
2020-01-12 16:00:00,266.82031196505585
2020-01-12 17:00:00,264.5626184108849
2020-01-12 18:00:00,262.3118261625764
2020-01-12 19:00:00,260.32478944367057
2020-01-12 20:00:00,258.5683825381146
2020-01-12 21:00:00,257.01413136588303
2020-01-12 22:00:00,255.637451879237
2020-01-12 23:00:00,254.41703662975974
2020-01-13 00:00:00,253.334355694799
2020-01-13 01:00:00,251.88836470573887
2020-01-13 02:00:00,250.58020988954144
2020-01-13 03:00:00,249.39587752477388
2020-01-13 04:00:00,248.32293801234474
2020-01-13 05:00:00,247.35033783496482
2020-01-13 06:00:00,246.4682240201473
2020-01-13 07:00:00,245.667795118656
2020-01-13 08:00:00,244.94117397542715
2020-01-13 09:00:00,245.15256710170343
2020-01-13 10:00:00,247.26425144435095
2020-01-13 11:00:00,250.6257784858089
2020-01-13 12:00:00,254.54406240345153
2020-01-13 13:00:00,258.32733562665607
2020-01-13 14:00:00,261.33218399930877
2020-01-13 15:00:00,263.0080094649255
2020-01-13 16:00:00,262.93350431471225
2020-01-13 17:00:00,260.8410984766859
2020-01-13 18:00:00,258.66277792508976
2020-01-13 19:00:00,256.6999128568159
2020-01-13 20:00:00,254.92911118427256
2020-01-13 21:00:00,253.3299123669126
2020-01-13 22:00:00,251.88434649563746
2020-01-13 23:00:00,250.57657328767567
2020-01-14 00:00:00,249.3925839930168
2020-01-14 01:00:00,248.03047705171892
2020-01-14 02:00:00,246.7839241647516
2020-01-14 03:00:00,245.64235682980387
2020-01-14 04:00:00,244.59629778080964
2020-01-14 05:00:00,243.63722804927562
2020-01-14 06:00:00,242.75747346701434
2020-01-14 07:00:00,241.95010725214556
2020-01-14 08:00:00,241.20886598474942
2020-01-14 09:00:00,241.43622135414427
2020-01-14 10:00:00,243.5669590710299
2020-01-14 11:00:00,246.9694087079623
2020-01-14 12:00:00,250.96094259352043
2020-01-14 13:00:00,254.8520916254343
2020-01-14 14:00:00,257.9941846102668
2020-01-14 15:00:00,259.8250048766765
2020-01-14 16:00:00,259.90701349623004
2020-01-14 17:00:00,257.9538811666572
2020-01-14 18:00:00,255.84487268591695
2020-01-14 19:00:00,253.92322660132115
2020-01-14 20:00:00,252.17035742183648
2020-01-14 21:00:00,250.5698522323112
2020-01-14 22:00:00,249.1071610604702
2020-01-14 23:00:00,247.76934070791197
2020-01-15 00:00:00,246.54484121784407
2020-01-15 01:00:00,245.96006314968685
2020-01-15 02:00:00,245.43283043291964
2020-01-15 03:00:00,244.95734459171666
2020-01-15 04:00:00,244.52841689146703
2020-01-15 05:00:00,244.1413994446383
2020-01-15 06:00:00,243.79212498837614
2020-01-15 07:00:00,243.47685408123664
2020-01-15 08:00:00,243.19222867562786
2020-01-15 09:00:00,243.8816583134786
2020-01-15 10:00:00,246.42828312748006
2020-01-15 11:00:00,250.17367819937567
2020-01-15 12:00:00,254.4202114479343
2020-01-15 13:00:00,258.4756554591187
2020-01-15 14:00:00,261.70044840082977
2020-01-15 15:00:00,263.55190488375916
2020-01-15 16:00:00,263.61997526408925
2020-01-15 17:00:00,261.65062199045434
2020-01-15 18:00:00,259.52204397732567
2020-01-15 19:00:00,257.61792619291805
2020-01-15 20:00:00,255.9126196007345
2020-01-15 21:00:00,254.3838026216107
2020-01-15 22:00:00,253.0119703022731
2020-01-15 23:00:00,251.7800174400764
2020-01-16 00:00:00,250.6728953665592
2020-01-16 01:00:00,249.5326702612256
2020-01-16 02:00:00,248.50161625456022
2020-01-16 03:00:00,247.56874734089862
2020-01-16 04:00:00,246.7242806607749
2020-01-16 05:00:00,245.9594869004162
2020-01-16 06:00:00,245.266562502833
2020-01-16 07:00:00,244.63851994676577
2020-01-16 08:00:00,244.06909309043283
2020-01-16 09:00:00,244.53875411274694
2020-01-16 10:00:00,246.89124663960922
2020-01-16 11:00:00,250.4732005166853
2020-01-16 12:00:00,254.58898183976018
2020-01-16 13:00:00,258.545156345194
2020-01-16 14:00:00,261.69790243707143
2020-01-16 15:00:00,263.4976835594414
2020-01-16 16:00:00,263.5257296846919
2020-01-16 17:00:00,261.5182871832651
2020-01-16 18:00:00,259.3076067327132
2020-01-16 19:00:00,257.31995308872735
2020-01-16 20:00:00,255.53067827098585
2020-01-16 21:00:00,253.91827036323497
2020-01-16 22:00:00,252.463875705279
2020-01-16 23:00:00,251.15090872015028
2020-01-17 00:00:00,249.96473051283766
2020-01-17 01:00:00,250.117630522086
2020-01-17 02:00:00,250.25022470025291
2020-01-17 03:00:00,250.365200697482
2020-01-17 04:00:00,250.46489267489767
2020-01-17 05:00:00,250.5513272405879
2020-01-17 06:00:00,250.62626355421094
2020-01-17 07:00:00,250.69122830605275
2020-01-17 08:00:00,250.74754619964938
2020-01-17 09:00:00,251.82350872053433
2020-01-17 10:00:00,254.68486802410243
2020-01-17 11:00:00,258.6134285180818
2020-01-17 12:00:00,262.8829601210579
2020-01-17 13:00:00,266.80224788719966
2020-01-17 14:00:00,269.75901120176457
2020-01-17 15:00:00,271.258710574954
2020-01-17 16:00:00,270.9532353584083
2020-01-17 17:00:00,268.65651947163605
2020-01-17 18:00:00,266.2399975860996
2020-01-17 19:00:00,264.16595716100585
2020-01-17 20:00:00,262.3833324089299
2020-01-17 21:00:00,260.84934098770475
2020-01-17 22:00:00,259.5279638034522
2020-01-17 23:00:00,258.388749505609
2020-01-18 00:00:00,257.40586283580626
2020-01-18 01:00:00,256.319697570861
2020-01-18 02:00:00,255.371337769609
2020-01-18 03:00:00,254.54281449212164
2020-01-18 04:00:00,253.81861759183894
2020-01-18 05:00:00,253.18533167271661
2020-01-18 06:00:00,252.6313324483767
2020-01-18 07:00:00,252.14653198759757
2020-01-18 08:00:00,251.72216385728896
2020-01-18 09:00:00,252.42013960740553
2020-01-18 10:00:00,254.9626171912679
2020-01-18 11:00:00,258.6400568231583
2020-01-18 12:00:00,262.7276133798306
2020-01-18 13:00:00,266.5284601220078
2020-01-18 14:00:00,269.4185996851543
2020-01-18 15:00:00,270.8871437809419
2020-01-18 16:00:00,270.5668753138048
2020-01-18 17:00:00,268.25184937717404
2020-01-18 18:00:00,265.75597760201026
2020-01-18 19:00:00,263.5900552082736
2020-01-18 20:00:00,261.7077333198285
2020-01-18 21:00:00,260.06985122405234
2020-01-18 22:00:00,258.643154214516
2020-01-18 23:00:00,257.39928067716176
2020-01-19 00:00:00,256.31395230894134
2020-01-19 01:00:00,254.55586941538743
2020-01-19 02:00:00,252.96618821273097
2020-01-19 03:00:00,251.52745822847461
2020-01-19 04:00:00,250.22427860286285
2020-01-19 05:00:00,249.04301334122357
2020-01-19 06:00:00,247.9715540264757
2020-01-19 07:00:00,246.99912067673299
2020-01-19 08:00:00,246.1160935198591
2020-01-19 09:00:00,246.42713900718806
2020-01-19 10:00:00,248.64368351304356
2020-01-19 11:00:00,252.11179827832322
2020-01-19 12:00:00,256.13401416171513
2020-01-19 13:00:00,260.0137837881272
2020-01-19 14:00:00,263.1030914781891
2020-01-19 15:00:00,264.84746387754217
2020-01-19 16:00:00,264.8228586509683
2020-01-19 17:00:00,262.760314442078
2020-01-19 18:00:00,260.37129829394735
2020-01-19 19:00:00,258.21860851362766
2020-01-19 20:00:00,256.2763301914059
2020-01-19 21:00:00,254.52186720294685
2020-01-19 22:00:00,252.93542780153277
2020-01-19 23:00:00,251.49960647905186
2020-01-20 00:00:00,250.19904099148744
2020-01-20 01:00:00,249.49670958372562
2020-01-20 02:00:00,248.86994045040638
2020-01-20 03:00:00,248.31040560949077
2020-01-20 04:00:00,247.81073546076053
2020-01-20 05:00:00,247.3644002232545
2020-01-20 06:00:00,246.96560771232618
2020-01-20 07:00:00,246.60921487440058
2020-01-20 08:00:00,246.29065096842234
2020-01-20 09:00:00,247.16416482500054
2020-01-20 10:00:00,249.881478880555
2020-01-20 11:00:00,253.76550162586395
2020-01-20 12:00:00,258.1068399663007
2020-01-20 13:00:00,262.2086946495939
2020-01-20 14:00:00,265.43397817207256
2020-01-20 15:00:00,267.2487774209539
2020-01-20 16:00:00,267.2567433588221
2020-01-20 17:00:00,265.22065064528897
2020-01-20 18:00:00,262.8434259642559
2020-01-20 19:00:00,260.7389988560548
2020-01-20 20:00:00,258.8735702753649
2020-01-20 21:00:00,257.2180702030324
2020-01-20 22:00:00,255.74737895628547
2020-01-20 23:00:00,254.43970154897855
2020-01-21 00:00:00,253.27605982978287
2020-01-21 01:00:00,253.35534556694842
2020-01-21 02:00:00,253.422992585237
2020-01-21 03:00:00,253.48070694532316
2020-01-21 04:00:00,253.52994528878872
2020-01-21 05:00:00,253.57195112169168
2020-01-21 06:00:00,253.60778586899585
2020-01-21 07:00:00,253.63835544008236
2020-01-21 08:00:00,253.6644329444542
2020-01-21 09:00:00,254.8913323025677
2020-01-21 10:00:00,257.8766636731964
2020-01-21 11:00:00,261.87853291641113
2020-01-21 12:00:00,266.15979191637365
2020-01-21 13:00:00,270.0299746171417
2020-01-21 14:00:00,272.8875050607241
2020-01-21 15:00:00,274.2561059468507
2020-01-21 16:00:00,273.8105918019859
2020-01-21 17:00:00,271.38949147640363
2020-01-21 18:00:00,268.7257566215268
2020-01-21 19:00:00,266.47641952593915
2020-01-21 20:00:00,264.57395628634856
2020-01-21 21:00:00,262.96272749445365
2020-01-21 22:00:00,261.59663308627
2020-01-21 23:00:00,260.4373014513096
2020-01-22 00:00:00,259.4526715373742
2020-01-22 01:00:00,258.74438608489095
2020-01-22 02:00:00,258.1459959313699
2020-01-22 03:00:00,257.6402497720398
2020-01-22 04:00:00,257.2126618897332
2020-01-22 05:00:00,256.85105230780283
2020-01-22 06:00:00,256.54516810852084
2020-01-22 07:00:00,256.28637026835935
2020-01-22 08:00:00,256.0673737398978
2020-01-22 09:00:00,257.13429975695766
2020-01-22 10:00:00,259.9788244168379
2020-01-22 11:00:00,263.84412038139845
2020-01-22 12:00:00,267.9853275884263
2020-01-22 13:00:00,271.7102989556627
2020-01-22 14:00:00,274.42053667514807
2020-01-22 15:00:00,275.6461801308489
2020-01-22 16:00:00,275.0703127414541
2020-01-22 17:00:00,272.5402003201927
2020-01-22 18:00:00,269.7533049697133
2020-01-22 19:00:00,267.41687860502634
2020-01-22 20:00:00,265.4547724193227
2020-01-22 21:00:00,263.8047069651257
2020-01-22 22:00:00,262.4154493775918
2020-01-22 23:00:00,261.2446517803207
2020-01-23 00:00:00,260.257171469626
2020-01-23 01:00:00,259.209433695092
2020-01-23 02:00:00,258.3147288077194
2020-01-23 03:00:00,257.5502579197581
2020-01-23 04:00:00,256.8967401925135
2020-01-23 05:00:00,256.3378369892974
2020-01-23 06:00:00,255.85967916275666
2020-01-23 07:00:00,255.45047666723778
2020-01-23 08:00:00,255.1001944797041
2020-01-23 09:00:00,256.10141919674436
2020-01-23 10:00:00,258.9030004653727
2020-01-23 11:00:00,262.76194879383667
2020-01-23 12:00:00,266.9375732732578
2020-01-23 13:00:00,270.7335792480583
2020-01-23 14:00:00,273.5407452651741
2020-01-23 15:00:00,274.8740222569251
2020-01-23 16:00:00,274.3991175748851
2020-01-23 17:00:00,271.9458729222516
2020-01-23 18:00:00,269.1512431602436
2020-01-23 19:00:00,266.78105935876073
2020-01-23 20:00:00,264.76746107681197
2020-01-23 21:00:00,263.0543958913795
2020-01-23 22:00:00,261.5952954419482
2020-01-23 23:00:00,260.3512830576081
2020-01-24 00:00:00,259.28977154115614
2020-01-24 01:00:00,258.33373910698157
2020-01-24 02:00:00,257.5148914240499
2020-01-24 03:00:00,256.8131721701147
2020-01-24 04:00:00,256.21155647521874
2020-01-24 05:00:00,255.69556621919645
2020-01-24 06:00:00,255.2528698505993
2020-01-24 07:00:00,254.87295016683822
2020-01-24 08:00:00,254.54682719621857
2020-01-24 09:00:00,255.61806346115986
2020-01-24 10:00:00,258.4848446390521
2020-01-24 11:00:00,262.4082657180704
2020-01-24 12:00:00,266.6491530641926
2020-01-24 13:00:00,270.51065852349905
2020-01-24 14:00:00,273.3814756404726
2020-01-24 15:00:00,274.77351981438505
2020-01-24 16:00:00,274.3490856514173
2020-01-24 17:00:00,271.9347221537316
2020-01-24 18:00:00,269.1186407003735
2020-01-24 19:00:00,266.72433621152874
2020-01-24 20:00:00,264.685177363658
2020-01-24 21:00:00,262.946023116436
2020-01-24 22:00:00,261.4609739037383
2020-01-24 23:00:00,260.1916356381024
2020-01-25 00:00:00,259.1057604077759
2020-01-25 01:00:00,257.57888219724686
2020-01-25 02:00:00,256.2325677572955
2020-01-25 03:00:00,255.04448197541058
2020-01-25 04:00:00,253.99527211306795
2020-01-25 05:00:00,253.06812058367723
2020-01-25 06:00:00,252.24837555181512
2020-01-25 07:00:00,251.52324351433828
2020-01-25 08:00:00,250.88153172924274
2020-01-25 09:00:00,251.71597970129062
2020-01-25 10:00:00,254.4046957619664
2020-01-25 11:00:00,258.2500904787889
2020-01-25 12:00:00,262.5296925588728
2020-01-25 13:00:00,266.5408997514239
2020-01-25 14:00:00,269.6476507589419
2020-01-25 15:00:00,271.32294148791544
2020-01-25 16:00:00,271.1817560153186
2020-01-25 17:00:00,269.0008357723753
2020-01-25 18:00:00,266.27414056068534
2020-01-25 19:00:00,263.8833107870655
2020-01-25 20:00:00,261.78365434387564
2020-01-25 21:00:00,259.93719655404783
2020-01-25 22:00:00,258.31149267966964
2020-01-25 23:00:00,256.87869059739717
2020-01-26 00:00:00,255.61478197715144
2020-01-26 01:00:00,254.66880832665206
2020-01-26 02:00:00,253.83904124293932
2020-01-26 03:00:00,253.11083985259282
2020-01-26 04:00:00,252.47149253210335
2020-01-26 05:00:00,251.90994311281378
2020-01-26 06:00:00,251.41656042182436
2020-01-26 07:00:00,250.9829432994734
2020-01-26 08:00:00,250.6017548749631
2020-01-26 09:00:00,251.72162958011108
2020-01-26 10:00:00,254.65896363964342
2020-01-26 11:00:00,258.70794999715804
2020-01-26 12:00:00,263.1427193453473
2020-01-26 13:00:00,267.262195551268
2020-01-26 14:00:00,270.4364388520121
2020-01-26 15:00:00,272.1483731808797
2020-01-26 16:00:00,272.0255472897358
2020-01-26 17:00:00,269.85853658408064
2020-01-26 18:00:00,267.1068333488166
2020-01-26 19:00:00,264.7124174145295
2020-01-26 20:00:00,262.6255318110196
2020-01-26 21:00:00,260.8041696505414
2020-01-26 22:00:00,259.212667846285
2020-01-26 23:00:00,257.82060335126465
2020-01-27 00:00:00,256.6019158217634
2020-01-27 01:00:00,255.11597320392397
2020-01-27 02:00:00,253.78955925862496
2020-01-27 03:00:00,252.60461808433095
2020-01-27 04:00:00,251.54532699209372
2020-01-27 05:00:00,250.59778169096018
2020-01-27 06:00:00,249.74973358497311
2020-01-27 07:00:00,248.99036904532167
2020-01-27 08:00:00,248.31012278590126
2020-01-27 09:00:00,249.2092335704325
2020-01-27 10:00:00,251.97061412648972
2020-01-27 11:00:00,255.91446817365832
2020-01-27 12:00:00,260.3262672846692
2020-01-27 13:00:00,264.50228996890394
2020-01-27 14:00:00,267.79759093283656
2020-01-27 15:00:00,269.67038853946775
2020-01-27 16:00:00,269.7172858432064
2020-01-27 17:00:00,267.6954241193527
2020-01-27 18:00:00,264.98246174423
2020-01-27 19:00:00,262.57559261905266
2020-01-27 20:00:00,260.4369689276387
2020-01-27 21:00:00,258.5341290984057
2020-01-27 22:00:00,256.839081336802
2020-01-27 23:00:00,255.32757436955558
2020-01-28 00:00:00,253.97851065915162
2020-01-28 01:00:00,252.87400305419635
2020-01-28 02:00:00,251.8905667912418
2020-01-28 03:00:00,251.0144281159155
2020-01-28 04:00:00,250.23348479728426
2020-01-28 05:00:00,249.53708155585707
2020-01-28 06:00:00,248.91582011616887
2020-01-28 07:00:00,248.36139765722737
2020-01-28 08:00:00,247.86646872643144
2020-01-28 09:00:00,248.98805028538166
2020-01-28 10:00:00,251.94794736968686
2020-01-28 11:00:00,256.0615974603358
2020-01-28 12:00:00,260.6120499799602
2020-01-28 13:00:00,264.89577136065304
2020-01-28 14:00:00,268.2706244023402
2020-01-28 15:00:00,270.1999795202625
2020-01-28 16:00:00,270.2873944980994
2020-01-28 17:00:00,268.2980470430173
2020-01-28 18:00:00,265.5674773284178
2020-01-28 19:00:00,263.1553284260928
2020-01-28 20:00:00,261.02111880537285
2020-01-28 21:00:00,259.1302507745035
2020-01-28 22:00:00,257.4529937769814
2020-01-28 23:00:00,255.96367810208451
2020-01-29 00:00:00,254.64004805845957
2020-01-29 01:00:00,253.6187821049157
2020-01-29 02:00:00,252.71543600231004
2020-01-29 03:00:00,251.9159662844529
2020-01-29 04:00:00,251.2080954583523
2020-01-29 05:00:00,250.58106953045439
2020-01-29 06:00:00,250.02545322381428
2020-01-29 07:00:00,249.53295610383685
2020-01-29 08:00:00,249.09628423843344
2020-01-29 09:00:00,250.32846595664302
2020-01-29 10:00:00,253.38246577617141
2020-01-29 11:00:00,257.563365056193
2020-01-29 12:00:00,262.1489357113919
2020-01-29 13:00:00,266.4353886787734
2020-01-29 14:00:00,269.78495392695817
2020-01-29 15:00:00,271.66918450941114
2020-01-29 16:00:00,271.7024758878239
2020-01-29 17:00:00,269.6621546896547
2020-01-29 18:00:00,266.8443675843766
2020-01-29 19:00:00,264.372714943075
2020-01-29 20:00:00,262.20111369155103
2020-01-29 21:00:00,260.2904404875471
2020-01-29 22:00:00,258.6072909345837
2020-01-29 23:00:00,257.12300280095974
2020-01-30 00:00:00,255.8128775501352
2020-01-30 01:00:00,254.48186127863613
2020-01-30 02:00:00,253.29669875700037
2020-01-30 03:00:00,252.24066817967915
2020-01-30 04:00:00,251.29911862037682
2020-01-30 05:00:00,250.4591816357889
2020-01-30 06:00:00,249.70952956290222
2020-01-30 07:00:00,249.04017164973513
2020-01-30 08:00:00,248.44228109493488
2020-01-30 09:00:00,249.58452611353243
2020-01-30 10:00:00,252.56936736389122
2020-01-30 11:00:00,256.7113996839229
2020-01-30 12:00:00,261.2921164495968
2020-01-30 13:00:00,265.6059317787495
2020-01-30 14:00:00,269.00843197304596
2020-01-30 15:00:00,270.96077130741736
2020-01-30 16:00:00,271.0645968570013
2020-01-30 17:00:00,269.0836439078596
2020-01-30 18:00:00,266.248369764046
2020-01-30 19:00:00,263.7423496978264
2020-01-30 20:00:00,261.52371538283876
2020-01-30 21:00:00,259.5567186555024
2020-01-30 22:00:00,257.81066331520725
2020-01-30 23:00:00,256.2590605351828
2020-01-31 00:00:00,254.8789531571977
2020-01-31 01:00:00,253.34559793236537
2020-01-31 02:00:00,251.96286349437463
2020-01-31 03:00:00,250.7149640329404
2020-01-31 04:00:00,249.5879538309935
2020-01-31 05:00:00,248.56947804598644
2020-01-31 06:00:00,247.64856363353624
2020-01-31 07:00:00,246.81544279416013
2020-01-31 08:00:00,246.0614029810554
2020-01-31 09:00:00,247.11323564464007
2020-01-31 10:00:00,250.0328244303786
2020-01-31 11:00:00,254.15395779572765
2020-01-31 12:00:00,258.7672070424053
2020-01-31 13:00:00,263.1662448421661
2020-01-31 14:00:00,266.69705874463443
2020-01-31 15:00:00,268.80407536434325
2020-01-31 16:00:00,269.06744631919355
2020-01-31 17:00:00,267.2272897791393
2020-01-31 18:00:00,264.43714531827027
2020-01-31 19:00:00,261.93798947258693
2020-01-31 20:00:00,259.69593597513466
2020-01-31 21:00:00,257.68174340238863
2020-01-31 22:00:00,255.87004112012644
2020-01-31 23:00:00,254.2387109052639
2020-02-01 00:00:00,252.7683876773325
2020-02-01 01:00:00,251.77867002949125
2020-02-01 02:00:00,250.89629924643742
2020-02-01 03:00:00,250.10923157019656
2020-02-01 04:00:00,249.40685701900023
2020-02-01 05:00:00,248.77981172135247
2020-02-01 06:00:00,248.21981826256572
2020-02-01 07:00:00,247.71954918028476
2020-02-01 08:00:00,247.27250972088405
2020-02-01 09:00:00,248.66666028864012
2020-02-01 10:00:00,251.8826860987726
2020-02-01 11:00:00,256.2357245136617
2020-02-01 12:00:00,261.00699562178266
2020-02-01 13:00:00,265.49035261094383
2020-02-01 14:00:00,269.04098328659927
2020-02-01 15:00:00,271.1201578750356
2020-02-01 16:00:00,271.3303694136972
2020-02-01 17:00:00,269.43698234291014
2020-02-01 18:00:00,266.5643909141225
2020-02-01 19:00:00,264.02676741353673
2020-02-01 20:00:00,261.78131684526676
2020-02-01 21:00:00,259.79153328785674
2020-02-01 22:00:00,258.02609585833767
2020-02-01 23:00:00,256.4579971334414
2020-02-02 00:00:00,255.06384681867323
2020-02-02 01:00:00,253.8315640631353
2020-02-02 02:00:00,252.7346173108207
2020-02-02 03:00:00,251.75751326304285
2020-02-02 04:00:00,250.8866636322247
2020-02-02 05:00:00,250.11012357104383
2020-02-02 06:00:00,249.41737162445034
2020-02-02 07:00:00,248.79912349378714
2020-02-02 08:00:00,248.24717355267953
2020-02-02 09:00:00,249.6081534402983
2020-02-02 10:00:00,252.79646207980798
2020-02-02 11:00:00,257.1246123116586
2020-02-02 12:00:00,261.87183968961364
2020-02-02 13:00:00,266.33066255560163
2020-02-02 14:00:00,269.85558838262193
2020-02-02 15:00:00,271.9078236921803
2020-02-02 16:00:00,272.0903165010194
2020-02-02 17:00:00,270.1692549855675
2020-02-02 18:00:00,267.2143365844402
2020-02-02 19:00:00,264.60598457937726
2020-02-02 20:00:00,262.2995850158383
2020-02-02 21:00:00,260.2571443921525
2020-02-02 22:00:00,258.4461142917229
2020-02-02 23:00:00,256.8384663627879
2020-02-03 00:00:00,255.40995535319243
2020-02-03 01:00:00,254.04351349642863
2020-02-03 02:00:00,252.8225757221297
2020-02-03 03:00:00,251.73086798393487
2020-02-03 04:00:00,250.75409440051854
2020-02-03 05:00:00,249.87966487666398
2020-02-03 06:00:00,249.09646657991314
2020-02-03 07:00:00,248.3946709806877
2020-02-03 08:00:00,247.7655699674236
2020-02-03 09:00:00,249.11649971966722
2020-02-03 10:00:00,252.30379321730746
2020-02-03 11:00:00,256.6451026496115
2020-02-03 12:00:00,261.4215326222379
2020-02-03 13:00:00,265.9244057252714
2020-02-03 14:00:00,269.50439190041527
2020-02-03 15:00:00,271.6168671866237
2020-02-03 16:00:00,271.85776445544417
2020-02-03 17:00:00,269.9859153794299
2020-02-03 18:00:00,267.0073523290442
2020-02-03 19:00:00,264.3674428053584
2020-02-03 20:00:00,262.02363439887944
2020-02-03 21:00:00,259.9395901162637
2020-02-03 22:00:00,258.0840951462481
2020-02-03 23:00:00,256.4301948380182
2020-02-04 00:00:00,254.9545067973453
2020-02-04 01:00:00,253.99722679685706
2020-02-04 02:00:00,253.15406954032213
2020-02-04 03:00:00,252.41105505957538
2020-02-04 04:00:00,251.75600027711815
2020-02-04 05:00:00,251.17826907807512
2020-02-04 06:00:00,250.66856136275203
2020-02-04 07:00:00,250.2187340854063
2020-02-04 08:00:00,249.82164873145985
2020-02-04 09:00:00,251.4482483430926
2020-02-04 10:00:00,254.86303039230336
2020-02-04 11:00:00,259.3623105967893
2020-02-04 12:00:00,264.217459270853
2020-02-04 13:00:00,268.7214995937425
2020-02-04 14:00:00,272.23721681206564
2020-02-04 15:00:00,274.24053495804736
2020-02-04 16:00:00,274.35359248124297
2020-02-04 17:00:00,272.3639426282546
2020-02-04 18:00:00,269.248198666668
2020-02-04 19:00:00,266.5307655682883
2020-02-04 20:00:00,264.1563237875672
2020-02-04 21:00:00,262.0782929679187
2020-02-04 22:00:00,260.2571993776135
2020-02-04 23:00:00,258.6594072340931
2020-02-05 00:00:00,257.2561192213407
2020-02-05 01:00:00,256.12338156297193
2020-02-05 02:00:00,255.13137262091655
2020-02-05 03:00:00,254.26207946795955
2020-02-05 04:00:00,253.49991861700863
2020-02-05 05:00:00,252.8313794143901
2020-02-05 06:00:00,252.24472646186555
2020-02-05 07:00:00,251.72974979311692
2020-02-05 08:00:00,251.27755401067506
2020-02-05 09:00:00,252.92067952539307
2020-02-05 10:00:00,256.3453947409282
2020-02-05 11:00:00,260.8397402209932
2020-02-05 12:00:00,265.6709034849113
2020-02-05 13:00:00,270.131623279897
2020-02-05 14:00:00,273.5878704500639
2020-02-05 15:00:00,275.52151141284355
2020-02-05 16:00:00,275.5624372840161
2020-02-05 17:00:00,273.5067249206441
2020-02-05 18:00:00,270.28068713095297
2020-02-05 19:00:00,267.4816687458539
2020-02-05 20:00:00,265.04842896875954
2020-02-05 21:00:00,262.9296798142527
2020-02-05 22:00:00,261.08218021929093
2020-02-05 23:00:00,259.46926471323445
2020-02-06 00:00:00,258.05969103784844
2020-02-06 01:00:00,257.3025808275684
2020-02-06 02:00:00,256.65435746758754
2020-02-06 03:00:00,256.0991301847132
2020-02-06 04:00:00,255.6233890702407
2020-02-06 05:00:00,255.21563182738063
2020-02-06 06:00:00,254.86605342944387
2020-02-06 07:00:00,254.56628693737918
2020-02-06 08:00:00,254.30918621072686
2020-02-06 09:00:00,256.19295898646345
2020-02-06 10:00:00,259.7930421786452
2020-02-06 11:00:00,264.36858908787525
2020-02-06 12:00:00,269.17654242858225
2020-02-06 13:00:00,273.5165581868
2020-02-06 14:00:00,276.7760596784097
2020-02-06 15:00:00,278.469094835559
2020-02-06 16:00:00,278.26387612826727
2020-02-06 17:00:00,275.99627205002156
2020-02-06 18:00:00,272.5702663966404
2020-02-06 19:00:00,269.66778845109843
2020-02-06 20:00:00,267.20361088148496
2020-02-06 21:00:00,265.1078635516555
2020-02-06 22:00:00,263.3228483125964
2020-02-06 23:00:00,261.8006296901851
2020-02-07 00:00:00,260.5011815577551
2020-02-07 01:00:00,259.66000415041117
2020-02-07 02:00:00,258.9508986374562
2020-02-07 03:00:00,258.3528449979236
2020-02-07 04:00:00,257.84825099213145
2020-02-07 05:00:00,257.4223693078792
2020-02-07 06:00:00,257.0628206959634
2020-02-07 07:00:00,256.7592018706999
2020-02-07 08:00:00,256.5027617373798
2020-02-07 09:00:00,258.45536222242436
2020-02-07 10:00:00,262.0918464813327
2020-02-07 11:00:00,266.65300632587173
2020-02-07 12:00:00,271.3899149263173
2020-02-07 13:00:00,275.60730953743644
2020-02-07 14:00:00,278.7065081603136
2020-02-07 15:00:00,280.2215448641795
2020-02-07 16:00:00,279.8436868277089
2020-02-07 17:00:00,277.43204227155644
2020-02-07 18:00:00,273.8511996603548
2020-02-07 19:00:00,270.8631829305257
2020-02-07 20:00:00,268.3642077959511
2020-02-07 21:00:00,266.27038101270625
2020-02-07 22:00:00,264.5133655442397
2020-02-07 23:00:00,263.03714558282684
2020-02-08 00:00:00,261.7955677127671
2020-02-08 01:00:00,260.6618398133113
2020-02-08 02:00:00,259.7020561040411
2020-02-08 03:00:00,258.88900641559707
2020-02-08 04:00:00,258.19988567848026
2020-02-08 05:00:00,257.6155385535305
2020-02-08 06:00:00,257.11984548001
2020-02-08 07:00:00,256.6992203888127
2020-02-08 08:00:00,256.3421974594045
2020-02-08 09:00:00,258.27410351766923
2020-02-08 10:00:00,261.9042681397888
2020-02-08 11:00:00,266.4778090916861
2020-02-08 12:00:00,271.24600283529344
2020-02-08 13:00:00,275.51032716787745
2020-02-08 14:00:00,278.6662328675431
2020-02-08 15:00:00,280.24028661984937
2020-02-08 16:00:00,279.91572792256153
2020-02-08 17:00:00,277.54399956534627
2020-02-08 18:00:00,273.92170329065937
2020-02-08 19:00:00,270.8841523538693
2020-02-08 20:00:00,268.3311367799097
2020-02-08 21:00:00,266.18135467168287
2020-02-08 22:00:00,264.36833030519057
2020-02-08 23:00:00,262.83736250898846
2020-02-09 00:00:00,261.5432013447092
2020-02-09 01:00:00,260.31529490406314
2020-02-09 02:00:00,259.26798176901445
2020-02-09 03:00:00,258.3740833565418
2020-02-09 04:00:00,257.6106804734866
2020-02-09 05:00:00,256.9583995650917
2020-02-09 06:00:00,256.40083107428376
2020-02-09 07:00:00,255.9240521551751
2020-02-09 08:00:00,255.51623265739624
2020-02-09 09:00:00,257.4689524934235
2020-02-09 10:00:00,261.1325800643927
2020-02-09 11:00:00,265.7608412640591
2020-02-09 12:00:00,270.6071014747266
2020-02-09 13:00:00,274.9693955423353
2020-02-09 14:00:00,278.2354676197433
2020-02-09 15:00:00,279.92142793328406
2020-02-09 16:00:00,279.69890176210725
2020-02-09 17:00:00,277.4080024942674
2020-02-09 18:00:00,273.7731479632012
2020-02-09 19:00:00,270.70224217341695
2020-02-09 20:00:00,268.10187579449683
2020-02-09 21:00:00,265.89581160107326
2020-02-09 22:00:00,264.02134186761384
2020-02-09 23:00:00,262.42655409430495
2020-02-10 00:00:00,261.06824170566995
2020-02-10 01:00:00,259.292701248097
2020-02-10 02:00:00,257.72760900756487
2020-02-10 03:00:00,256.34667592283176
2020-02-10 04:00:00,255.12719839183555
2020-02-10 05:00:00,254.04950190993247
2020-02-10 06:00:00,253.09648583318972
2020-02-10 07:00:00,252.25324772202353
2020-02-10 08:00:00,251.52138193175287
2020-02-10 09:00:00,253.22769971952889
2020-02-10 10:00:00,256.73501039426543
2020-02-10 11:00:00,261.3384059682955
2020-02-10 12:00:00,266.3050248006777
2020-02-10 13:00:00,270.92144940215917
2020-02-10 14:00:00,274.5428167400168
2020-02-10 15:00:00,276.63725605537
2020-02-10 16:00:00,276.8199011376487
2020-02-10 17:00:00,274.87274470569315
2020-02-10 18:00:00,271.4031874313695
2020-02-10 19:00:00,268.36933141271095
2020-02-10 20:00:00,265.7108964266336
2020-02-10 21:00:00,263.3772533048706
2020-02-10 22:00:00,261.32557196107416
2020-02-10 23:00:00,259.51939524320284
2020-02-11 00:00:00,257.9275245731003
2020-02-11 01:00:00,257.2316211655852
2020-02-11 02:00:00,256.6369366772854
2020-02-11 03:00:00,256.12855453497326
2020-02-11 04:00:00,255.6938089727581
2020-02-11 05:00:00,255.3219311907506
2020-02-11 06:00:00,255.00375495845128
2020-02-11 07:00:00,254.73147066656867
2020-02-11 08:00:00,254.5779077892981
2020-02-11 09:00:00,256.80430240382884
2020-02-11 10:00:00,260.70838159542734
2020-02-11 11:00:00,265.54695073680847
2020-02-11 12:00:00,270.57525120194293
2020-02-11 13:00:00,275.0926604308789
2020-02-11 14:00:00,278.4882436958398
2020-02-11 15:00:00,280.27975814522654
2020-02-11 16:00:00,280.140967452109
2020-02-11 17:00:00,277.9146059253544
2020-02-11 18:00:00,274.2010380317148
2020-02-11 19:00:00,271.0650062447514
2020-02-11 20:00:00,268.4105049211862
2020-02-11 21:00:00,266.15927062904376
2020-02-11 22:00:00,264.2469930411716
2020-02-11 23:00:00,262.6204777839805
2020-02-12 00:00:00,261.23548321893514
2020-02-12 01:00:00,259.13635925912183
2020-02-12 02:00:00,257.2567543070344
2020-02-12 03:00:00,255.5717896902125
2020-02-12 04:00:00,254.05978832277992
2020-02-12 05:00:00,252.7017870339994
2020-02-12 06:00:00,251.48113791379456
2020-02-12 07:00:00,250.38317958677547
2020-02-12 08:00:00,249.54012794815202
2020-02-12 09:00:00,251.14212813538379
2020-02-12 10:00:00,254.5866826733717
2020-02-12 11:00:00,259.19052745149446
2020-02-12 12:00:00,264.2293917321181
2020-02-12 13:00:00,268.9859928098863
2020-02-12 14:00:00,272.80066850943564
2020-02-12 15:00:00,275.11832292761454
2020-02-12 16:00:00,275.5256760363723
2020-02-12 17:00:00,273.7745688685374
2020-02-12 18:00:00,270.3149421785804
2020-02-12 19:00:00,267.2393479295305
2020-02-12 20:00:00,264.49953330162714
2020-02-12 21:00:00,262.05448281738654
2020-02-12 22:00:00,259.8690888819568
2020-02-12 23:00:00,257.9131167034975
2020-02-13 00:00:00,256.1603878332532
2020-02-13 01:00:00,255.23219021062212
2020-02-13 02:00:00,254.42121204954734
2020-02-13 03:00:00,253.7122984526725
2020-02-13 04:00:00,253.09233735243163
2020-02-13 05:00:00,252.54996432850885
2020-02-13 06:00:00,252.0753147340537
2020-02-13 07:00:00,251.65981448025875
2020-02-13 08:00:00,251.50761655504533
2020-02-13 09:00:00,253.73880887079233
2020-02-13 10:00:00,257.69663581464135
2020-02-13 11:00:00,262.6635084305602
2020-02-13 12:00:00,267.90176490705073
2020-02-13 13:00:00,272.70145073387425
2020-02-13 14:00:00,276.42900758192656
2020-02-13 15:00:00,278.5704166346396
2020-02-13 16:00:00,278.76317942441773
2020-02-13 17:00:00,276.8137505269034
2020-02-13 18:00:00,273.15955463357204
2020-02-13 19:00:00,270.0048317043123
2020-02-13 20:00:00,267.27517260900254
2020-02-13 21:00:00,264.9088205136103
2020-02-13 22:00:00,262.854122324302
2020-02-13 23:00:00,261.06759200579245
2020-02-14 00:00:00,259.51241475916703
2020-02-14 01:00:00,258.21263278537094
2020-02-14 02:00:00,257.0821443942946
2020-02-14 03:00:00,256.09819846052085
2020-02-14 04:00:00,255.24127284954076
2020-02-14 05:00:00,254.49457424667264
2020-02-14 06:00:00,253.84362556582954
2020-02-14 07:00:00,253.27592323153158
2020-02-14 08:00:00,253.05946614251104
2020-02-14 09:00:00,255.23832004515893
2020-02-14 10:00:00,259.1463337432241
2020-02-14 11:00:00,264.0596536748492
2020-02-14 12:00:00,269.23727648179255
2020-02-14 13:00:00,273.9686012993022
2020-02-14 14:00:00,277.6217589357389
2020-02-14 15:00:00,279.68622203165796
2020-02-14 16:00:00,279.8041158663077
2020-02-14 17:00:00,277.7869438748827
2020-02-14 18:00:00,274.01070237947204
2020-02-14 19:00:00,270.7615158655349
2020-02-14 20:00:00,267.95925779504114
2020-02-14 21:00:00,265.5376917818098
2020-02-14 22:00:00,263.44162224888515
2020-02-14 23:00:00,261.62474113859565
2020-02-15 00:00:00,260.04797285122135
2020-02-15 01:00:00,258.5110442942871
2020-02-15 02:00:00,257.1634343230753
2020-02-15 03:00:00,255.98082848847082
2020-02-15 04:00:00,254.9422660362438
2020-02-15 05:00:00,254.0296237942989
2020-02-15 06:00:00,253.2271917078316
2020-02-15 07:00:00,252.52132103622685
2020-02-15 08:00:00,252.24687590485783
2020-02-15 09:00:00,254.37624100056004
2020-02-15 10:00:00,258.2602056300614
2020-02-15 11:00:00,263.184636371571
2020-02-15 12:00:00,268.4112675035326
2020-02-15 13:00:00,273.2258251944988
2020-02-15 14:00:00,276.9874050517652
2020-02-15 15:00:00,279.17259395612905
2020-02-15 16:00:00,279.40857659205307
2020-02-15 17:00:00,277.49164923516054
2020-02-15 18:00:00,273.7168105777468
2020-02-15 19:00:00,270.4406954571805
2020-02-15 20:00:00,267.5907850453218
2020-02-15 21:00:00,265.1067426601043
2020-02-15 22:00:00,262.9379659673275
2020-02-15 23:00:00,261.04172744727816
2020-02-16 00:00:00,259.3817387106983
2020-02-16 01:00:00,257.93600153234223
2020-02-16 02:00:00,256.6684389662695
2020-02-16 03:00:00,255.55621681735622
2020-02-16 04:00:00,254.57963074241948
2020-02-16 05:00:00,253.72163004379755
2020-02-16 06:00:00,252.96742470621967
2020-02-16 07:00:00,252.3041587284192
2020-02-16 08:00:00,252.13601653947737
2020-02-16 09:00:00,254.36217707183312
2020-02-16 10:00:00,258.3332137671832
2020-02-16 11:00:00,263.3345761315416
2020-02-16 12:00:00,268.62763314490917
2020-02-16 13:00:00,273.4980030890699
2020-02-16 14:00:00,277.3050795116373
2020-02-16 15:00:00,279.5262250071133
2020-02-16 16:00:00,279.7898604333089
2020-02-16 17:00:00,277.89387891478265
2020-02-16 18:00:00,274.0673480997245
2020-02-16 19:00:00,270.7486628456116
2020-02-16 20:00:00,267.86360139599515
2020-02-16 21:00:00,265.35048149248604
2020-02-16 22:00:00,263.157625443287
2020-02-16 23:00:00,261.2414380737981
2020-02-17 00:00:00,259.56492527936445
2020-02-17 01:00:00,257.2905172109793
2020-02-17 02:00:00,255.2179173387111
2020-02-17 03:00:00,253.3269364921384
2020-02-17 04:00:00,251.59979122052877
2020-02-17 05:00:00,250.02075198119638
2020-02-17 06:00:00,248.57585370889856
2020-02-17 07:00:00,247.25265581800952
2020-02-17 08:00:00,246.52473739457176
2020-02-17 09:00:00,248.23454420110474
2020-02-17 10:00:00,251.8177266477806
2020-02-17 11:00:00,256.6149214744921
2020-02-17 12:00:00,261.9115067734038
2020-02-17 13:00:00,266.9862312080296
2020-02-17 14:00:00,271.1634979123735
2020-02-17 15:00:00,273.86306187737694
2020-02-17 16:00:00,274.64085441576253
2020-02-17 17:00:00,273.2161053321423
2020-02-17 18:00:00,269.67273796603774
2020-02-17 19:00:00,266.4685516298714
2020-02-17 20:00:00,263.56505915640184
2020-02-17 21:00:00,260.9292216883776
2020-02-17 22:00:00,258.5324831662541
2020-02-17 23:00:00,256.35001134584553
2020-02-18 00:00:00,254.3600942112663
2020-02-18 01:00:00,253.68608549485106
2020-02-18 02:00:00,253.0972757097596
2020-02-18 03:00:00,252.58271208156378
2020-02-18 04:00:00,252.13289336501285
2020-02-18 05:00:00,251.73956715295355
2020-02-18 06:00:00,251.39555792221162
2020-02-18 07:00:00,251.09462059292892
2020-02-18 08:00:00,251.38598452387345
2020-02-18 09:00:00,254.02122054747548
2020-02-18 10:00:00,258.3434919230444
2020-02-18 11:00:00,263.6337631895395
2020-02-18 12:00:00,269.1526753188914
2020-02-18 13:00:00,274.1892793660995
2020-02-18 14:00:00,278.11046625336377
2020-02-18 15:00:00,280.4045394329808
2020-02-18 16:00:00,280.7132392632409
2020-02-18 17:00:00,278.84884638147446
2020-02-18 18:00:00,274.91704945341746
2020-02-18 19:00:00,271.5307517803678
2020-02-18 20:00:00,268.60709619791874
2020-02-18 21:00:00,266.07766661131865
2020-02-18 22:00:00,263.8854948796988
2020-02-18 23:00:00,261.98280763267695
2020-02-19 00:00:00,260.329300398248
2020-02-19 01:00:00,258.7285625648981
2020-02-19 02:00:00,257.32315963487946
2020-02-19 03:00:00,256.08817286900194
2020-02-19 04:00:00,255.00211164127862
2020-02-19 05:00:00,254.04638456400735
2020-02-19 06:00:00,253.204865154199
2020-02-19 07:00:00,252.46353229446947
2020-02-19 08:00:00,252.43544683672903
2020-02-19 09:00:00,254.79400428017283
2020-02-19 10:00:00,258.89276831404806
2020-02-19 11:00:00,264.0179144020251
2020-02-19 12:00:00,269.4297450128298
2020-02-19 13:00:00,274.41156283321783
2020-02-19 14:00:00,278.31980212449815
2020-02-19 15:00:00,280.62882237230207
2020-02-19 16:00:00,280.9644957127627
2020-02-19 17:00:00,279.12293709625476
2020-02-19 18:00:00,275.1250283467126
2020-02-19 19:00:00,271.65374808333803
2020-02-19 20:00:00,268.6322083814581
2020-02-19 21:00:00,265.99659629535296
2020-02-19 22:00:00,263.6934991158822
2020-02-19 23:00:00,261.6778848277661
2020-02-20 00:00:00,259.91155140197674
2020-02-20 01:00:00,258.0698406648958
2020-02-20 02:00:00,256.42906245092377
2020-02-20 03:00:00,254.96583831120952
2020-02-20 04:00:00,253.6598115452483
2020-02-20 05:00:00,252.49319433170413
2020-02-20 06:00:00,251.45039537088974
2020-02-20 07:00:00,250.51771121360056
2020-02-20 08:00:00,250.3795618654795
2020-02-20 09:00:00,252.6421629970194
2020-02-20 10:00:00,256.68984079125664
2020-02-20 11:00:00,261.8275620552524
2020-02-20 12:00:00,267.3224025987178
2020-02-20 13:00:00,272.4529807980858
2020-02-20 14:00:00,276.56105503020206
2020-02-20 15:00:00,279.09873116409557
2020-02-20 16:00:00,279.6651422576571
2020-02-20 17:00:00,278.0284314063387
2020-02-20 18:00:00,274.1319657994249
2020-02-20 19:00:00,270.67786813530404
2020-02-20 20:00:00,267.6256516598012
2020-02-20 21:00:00,264.92298644187326
2020-02-20 22:00:00,262.52557535883005
2020-02-20 23:00:00,260.3956560539187
2020-02-21 00:00:00,258.5008390548502
2020-02-21 01:00:00,257.7476706984929
2020-02-21 02:00:00,257.10506791125607
2020-02-21 03:00:00,256.5565715980358
2020-02-21 04:00:00,256.0882350204758
2020-02-21 05:00:00,255.6882233400357
2020-02-21 06:00:00,255.34648158836714
2020-02-21 07:00:00,255.0544581481638
2020-02-21 08:00:00,255.573169778351
2020-02-21 09:00:00,258.4056187450573
2020-02-21 10:00:00,262.84982985032906
2020-02-21 11:00:00,268.1605523250228
2020-02-21 12:00:00,273.59056189142825
2020-02-21 13:00:00,278.4379963385007
2020-02-21 14:00:00,282.09312359748844
2020-02-21 15:00:00,284.0779759662985
2020-02-21 16:00:00,284.0736177228913
2020-02-21 17:00:00,281.9324613622479
2020-02-21 18:00:00,277.6762046210004
2020-02-21 19:00:00,274.0056724859236
2020-02-21 20:00:00,270.90946114243985
2020-02-21 21:00:00,268.29168194703715
2020-02-21 22:00:00,266.07420225194534
2020-02-21 23:00:00,264.19285468991296
2020-02-22 00:00:00,262.5945972271623
2020-02-22 01:00:00,266.6112435081034
2020-02-22 02:00:00,268.96642861112565
2020-02-22 03:00:00,270.34334211094966
2020-02-22 04:00:00,271.1469093558549
2020-02-22 05:00:00,271.61538233470367
2020-02-22 06:00:00,271.8883307025765
2020-02-22 07:00:00,272.04730266579236
2020-02-22 08:00:00,272.9805331264211
2020-02-22 09:00:00,275.91563488115224
2020-02-22 10:00:00,279.64892109207136
2020-02-22 11:00:00,283.33673081195184
2020-02-22 12:00:00,286.38413414343796
2020-02-22 13:00:00,288.38728168227163
2020-02-22 14:00:00,289.1013800938741
2020-02-22 15:00:00,288.41991275429524
2020-02-22 16:00:00,286.3579505605473
2020-02-22 17:00:00,283.0362759629967
2020-02-22 18:00:00,278.66494489198107
2020-02-22 19:00:00,275.9804465970804
2020-02-22 20:00:00,274.4255548014473
2020-02-22 21:00:00,273.5230180447485
2020-02-22 22:00:00,272.99850073118904
2020-02-22 23:00:00,272.6934583838554
2020-02-23 00:00:00,272.5159834138193
2020-02-23 01:00:00,269.58229777656163
2020-02-23 02:00:00,267.0804713095285
2020-02-23 03:00:00,264.9431466978028
2020-02-23 04:00:00,263.1145100092562
2020-02-23 05:00:00,261.5480293847346
2020-02-23 06:00:00,260.2047123561847
2020-02-23 07:00:00,259.0517432029208
2020-02-23 08:00:00,258.97496628394566
2020-02-23 09:00:00,261.30371154514285
2020-02-23 10:00:00,265.3340241059533
2020-02-23 11:00:00,270.3162763051509
2020-02-23 12:00:00,275.4956436402488
2020-02-23 13:00:00,280.1593467928379
2020-02-23 14:00:00,283.6839417796047
2020-02-23 15:00:00,285.57593862257374
2020-02-23 16:00:00,285.5002962928581
2020-02-23 17:00:00,283.2939559029439
2020-02-23 18:00:00,278.9647736643004
2020-02-23 19:00:00,275.0644427730722
2020-02-23 20:00:00,271.7516406540448
2020-02-23 21:00:00,268.93093845312643
2020-02-23 22:00:00,266.5243438043607
2020-02-23 23:00:00,264.46757749711793
2020-02-24 00:00:00,262.7072908992478
2020-02-24 01:00:00,261.1628477909855
2020-02-24 02:00:00,259.83535956110194
2020-02-24 03:00:00,258.69335431422405
2020-02-24 04:00:00,257.7101867817685
2020-02-24 05:00:00,256.8632296470503
2020-02-24 06:00:00,256.1332180550153
2020-02-24 07:00:00,255.50371384045263
2020-02-24 08:00:00,255.94764173885807
2020-02-24 09:00:00,258.72801506089354
2020-02-24 10:00:00,263.1573364968191
2020-02-24 11:00:00,268.4966628163874
2020-02-24 12:00:00,273.99751536536894
2020-02-24 13:00:00,278.9502726103994
2020-02-24 14:00:00,282.73250399066956
2020-02-24 15:00:00,284.85055530254317
2020-02-24 16:00:00,284.9688717650712
2020-02-24 17:00:00,282.9241354122839
2020-02-24 18:00:00,278.72453329214505
2020-02-24 19:00:00,274.85304443153
2020-02-24 20:00:00,271.55733944986315
2020-02-24 21:00:00,268.7449496264419
2020-02-24 22:00:00,266.3401450454607
2020-02-24 23:00:00,264.2803866024701
2020-02-25 00:00:00,262.513668821203
2020-02-25 01:00:00,261.02655554096503
2020-02-25 02:00:00,259.7503972558425
2020-02-25 03:00:00,258.6543492603354
2020-02-25 04:00:00,257.71232035625707
2020-02-25 05:00:00,256.9021758904838
2020-02-25 06:00:00,256.20509121870583
2020-02-25 07:00:00,255.60502293288076
2020-02-25 08:00:00,256.1491542768688
2020-02-25 09:00:00,259.0177345813551
2020-02-25 10:00:00,263.52071928254475
2020-02-25 11:00:00,268.91768323094925
2020-02-25 12:00:00,274.45989152446737
2020-02-25 13:00:00,279.4387459002799
2020-02-25 14:00:00,283.2340332642065
2020-02-25 15:00:00,285.3552773025057
2020-02-25 16:00:00,285.470709003664
2020-02-25 17:00:00,283.4209990828065
2020-02-25 18:00:00,279.2181480848538
2020-02-25 19:00:00,275.27816118954814
2020-02-25 20:00:00,271.9309901038271
2020-02-25 21:00:00,269.0803581106475
2020-02-25 22:00:00,266.64760183271204
2020-02-25 23:00:00,264.5679009408608
2020-02-26 00:00:00,262.7874632935826
2020-02-26 01:00:00,261.1599205225269
2020-02-26 02:00:00,259.7552573862752
2020-02-26 03:00:00,258.54184031761736
2020-02-26 04:00:00,257.4928106407806
2020-02-26 05:00:00,256.5852908814095
2020-02-26 06:00:00,255.79974140414893
2020-02-26 07:00:00,255.1194343957306
2020-02-26 08:00:00,255.6652693498104
2020-02-26 09:00:00,258.5407108212175
2020-02-26 10:00:00,263.06687082633164
2020-02-26 11:00:00,268.509156520753
2020-02-26 12:00:00,274.119709544261
2020-02-26 13:00:00,279.1864576816275
2020-02-26 14:00:00,283.08228538015646
2020-02-26 15:00:00,285.3075799015405
2020-02-26 16:00:00,285.52050930451963
2020-02-26 17:00:00,283.5519582062542
2020-02-26 18:00:00,279.4053348332929
2020-02-26 19:00:00,275.4189105993565
2020-02-26 20:00:00,272.0126629039594
2020-02-26 21:00:00,269.09483656046785
2020-02-26 22:00:00,266.590167726292
2020-02-26 23:00:00,264.43638823908054
2020-02-27 00:00:00,262.5816104184624
2020-02-27 01:00:00,261.09330853566564
2020-02-27 02:00:00,259.8168007124077
2020-02-27 03:00:00,258.7210265712109
2020-02-27 04:00:00,257.7797254556056
2020-02-27 05:00:00,256.9706298753455
2020-02-27 06:00:00,256.2748114677163
2020-02-27 07:00:00,255.67614630857688
2020-02-27 08:00:00,256.3709311844466
2020-02-27 09:00:00,259.37387192847757
2020-02-27 10:00:00,263.99496723635065
2020-02-27 11:00:00,269.4935615476753
2020-02-27 12:00:00,275.1207991533691
2020-02-27 13:00:00,280.1683772342321
2020-02-27 14:00:00,284.0169991278212
2020-02-27 15:00:00,286.1777958837899
2020-02-27 16:00:00,286.32121961707946
2020-02-27 17:00:00,284.29057751558713
2020-02-27 18:00:00,280.1006619792247
2020-02-27 19:00:00,276.02783451723957
2020-02-27 20:00:00,272.57146236571526
2020-02-27 21:00:00,269.6306437020812
2020-02-27 22:00:00,267.12312482776844
2020-02-27 23:00:00,264.98125987109574
2020-02-28 00:00:00,263.14900737711304
2020-02-28 01:00:00,260.82763993297834
2020-02-28 02:00:00,258.74886136465614
2020-02-28 03:00:00,256.8849385954034
2020-02-28 04:00:00,255.21178164494748
2020-02-28 05:00:00,253.70837164112518
2020-02-28 06:00:00,252.35629680781685
2020-02-28 07:00:00,251.13937252314284
2020-02-28 08:00:00,251.3286069825411
2020-02-28 09:00:00,253.9064036804471
2020-02-28 10:00:00,258.26839118505933
2020-02-28 11:00:00,263.7240003875797
2020-02-28 12:00:00,269.538771170658
2020-02-28 13:00:00,274.98498593358755
2020-02-28 14:00:00,279.394849859735
2020-02-28 15:00:00,282.20950018183527
2020-02-28 16:00:00,283.0174067578276
2020-02-28 17:00:00,281.5776772466963
2020-02-28 18:00:00,277.82700184352984
2020-02-28 19:00:00,273.9035518580493
2020-02-28 20:00:00,270.4202514544361
2020-02-28 21:00:00,267.32031030319314
2020-02-28 22:00:00,264.55582300656505
2020-02-28 23:00:00,262.0860535762016
2020-02-29 00:00:00,259.87611884330914
2020-02-29 01:00:00,258.7063377088828
2020-02-29 02:00:00,257.69815602187504
2020-02-29 03:00:00,256.82868720988887
2020-02-29 04:00:00,256.07843128450617
2020-02-29 05:00:00,255.43073624443767
2020-02-29 06:00:00,254.87135470095834
2020-02-29 07:00:00,254.3880765091801
2020-02-29 08:00:00,255.33131569937677
2020-02-29 09:00:00,258.5559469676829
2020-02-29 10:00:00,263.38223138995323
2020-02-29 11:00:00,269.07528322993
2020-02-29 12:00:00,274.8883254656469
2020-02-29 13:00:00,280.11225921061964
2020-02-29 14:00:00,284.12501671327175
2020-02-29 15:00:00,286.43392467015343
2020-02-29 16:00:00,286.70546697502965
2020-02-29 17:00:00,284.7794899431669
2020-02-29 18:00:00,280.66823336439097
2020-02-29 19:00:00,276.50209779900126
2020-02-29 20:00:00,272.9560034791809
2020-02-29 21:00:00,269.92965987075746
2020-02-29 22:00:00,267.3412109188179
2020-02-29 23:00:00,265.1232404814892
2020-03-01 00:00:00,263.2198055247042
2020-03-01 01:00:00,261.795834406897
2020-03-01 02:00:00,260.58619953531195
2020-03-01 03:00:00,259.5578033237023
2020-03-01 04:00:00,258.68289278550725
2020-03-01 05:00:00,257.93813123040724
2020-03-01 06:00:00,257.30384921462615
2020-03-01 07:00:00,256.7634352823715
2020-03-01 08:00:00,257.7397097869342
2020-03-01 09:00:00,260.9834506575538
2020-03-01 10:00:00,265.7893707377292
2020-03-01 11:00:00,271.4087492576869
2020-03-01 12:00:00,277.0919926281305
2020-03-01 13:00:00,282.13701230646706
2020-03-01 14:00:00,285.9366618874755
2020-03-01 15:00:00,288.01851441087683
2020-03-01 16:00:00,288.07170347395135
2020-03-01 17:00:00,285.95836479444455
2020-03-01 18:00:00,281.7105026220095
2020-03-01 19:00:00,277.40142093391177
2020-03-01 20:00:00,273.7822548797564
2020-03-01 21:00:00,270.73408318658824
2020-03-01 22:00:00,268.1609846980269
2020-03-01 23:00:00,265.9848564832657
2020-03-02 00:00:00,264.14160931979467
2020-03-02 01:00:00,262.10397339898907
2020-03-02 02:00:00,260.32245314698304
2020-03-02 03:00:00,258.76306752042416
2020-03-02 04:00:00,257.39676761732784
2020-03-02 05:00:00,256.1986208508978
2020-03-02 06:00:00,255.14715323526207
2020-03-02 07:00:00,254.22381391400805
2020-03-02 08:00:00,254.92572943286058
2020-03-02 09:00:00,257.95634929125623
2020-03-02 10:00:00,262.66338416837374
2020-03-02 11:00:00,268.3261345890692
2020-03-02 12:00:00,274.19890850374105
2020-03-02 13:00:00,279.5616257574324
2020-03-02 14:00:00,283.7712867046302
2020-03-02 15:00:00,286.3074268102203
2020-03-02 16:00:00,286.8055055885384
2020-03-02 17:00:00,285.0746270342531
2020-03-02 18:00:00,281.0993830096859
2020-03-02 19:00:00,276.8410182149744
2020-03-02 20:00:00,273.1558501997815
2020-03-02 21:00:00,269.9581294732286
2020-03-02 22:00:00,267.17709035020056
2020-03-02 23:00:00,264.75379660334124
2020-03-03 00:00:00,262.6387818955375
2020-03-03 01:00:00,260.5991006044977
2020-03-03 02:00:00,258.7950279605627
2020-03-03 03:00:00,257.1975456618126
2020-03-03 04:00:00,255.7816034336504
2020-03-03 05:00:00,254.52549058617188
2020-03-03 06:00:00,253.4103254658778
2020-03-03 07:00:00,252.4196368419772
2020-03-03 08:00:00,253.12885002664208
2020-03-03 09:00:00,256.1751655894604
2020-03-03 10:00:00,260.92899233202417
2020-03-03 11:00:00,266.68292793712254
2020-03-03 12:00:00,272.6953025354078
2020-03-03 13:00:00,278.2414002829313
2020-03-03 14:00:00,282.66625652850763
2020-03-03 15:00:00,285.4321491336547
2020-03-03 16:00:00,286.15447323136357
2020-03-03 17:00:00,284.62195585258604
2020-03-03 18:00:00,280.80055857742065
2020-03-03 19:00:00,276.5621223365658
2020-03-03 20:00:00,272.8536813762658
2020-03-03 21:00:00,269.6003284326126
2020-03-03 22:00:00,266.7397588906234
2020-03-03 23:00:00,264.2196836887822
2020-03-04 00:00:00,261.99587993031327
2020-03-04 01:00:00,260.04267342760545
2020-03-04 02:00:00,258.3155883042425
2020-03-04 03:00:00,256.78680147666284
2020-03-04 04:00:00,255.432273791487
2020-03-04 05:00:00,254.23115669436646
2020-03-04 06:00:00,253.16530881921597
2020-03-04 07:00:00,252.21889859609314
2020-03-04 08:00:00,253.044837619979
2020-03-04 09:00:00,256.19640572479386
2020-03-04 10:00:00,261.04356445387805
2020-03-04 11:00:00,266.87847907895446
2020-03-04 12:00:00,272.9593063324163
2020-03-04 13:00:00,278.56160489754916
2020-03-04 14:00:00,283.0312494265267
2020-03-04 15:00:00,285.83194453476654
2020-03-04 16:00:00,286.58101840845126
2020-03-04 17:00:00,285.06946854866237
2020-03-04 18:00:00,281.2656487998866
2020-03-04 19:00:00,276.96939031953684
2020-03-04 20:00:00,273.2139227576742
2020-03-04 21:00:00,269.9222889554778
2020-03-04 22:00:00,267.0305699784694
2020-03-04 23:00:00,264.48518999998726
2020-03-05 00:00:00,262.2408899808371
2020-03-05 01:00:00,260.5240095803128
2020-03-05 02:00:00,259.0281193358019
2020-03-05 03:00:00,257.7235257440323
2020-03-05 04:00:00,256.5848273242484
2020-03-05 05:00:00,255.590221246734
2020-03-05 06:00:00,254.72093932065718
2020-03-05 07:00:00,253.96078520162513
2020-03-05 08:00:00,255.0397125858581
2020-03-05 09:00:00,258.4030990633456
2020-03-05 10:00:00,263.3933298999432
2020-03-05 11:00:00,269.28654836159956
2020-03-05 12:00:00,275.3368091885557
2020-03-05 13:00:00,280.82709024297003
2020-03-05 14:00:00,285.12075076228984
2020-03-05 15:00:00,287.70651084113854
2020-03-05 16:00:00,288.23095624958836
2020-03-05 17:00:00,286.51513911387445
2020-03-05 18:00:00,282.5553023325609
2020-03-05 19:00:00,278.10021747228836
2020-03-05 20:00:00,274.2659797171393
2020-03-05 21:00:00,270.9566522736064
2020-03-05 22:00:00,268.0935631228903
2020-03-05 23:00:00,265.6115716104209
2020-03-06 00:00:00,263.4562998869501
2020-03-06 01:00:00,261.13868720606985
2020-03-06 02:00:00,259.0679263790656
2020-03-06 03:00:00,257.21535285258324
2020-03-06 04:00:00,255.5561100215418
2020-03-06 05:00:00,254.06854684507445
2020-03-06 06:00:00,252.73372986104283
2020-03-06 07:00:00,251.53504411516892
2020-03-06 08:00:00,252.2792661599241
2020-03-06 09:00:00,255.36938974737953
2020-03-06 10:00:00,260.1968864359796
2020-03-06 11:00:00,266.06661642390384
2020-03-06 12:00:00,272.2403841098943
2020-03-06 13:00:00,277.98870389886196
2020-03-06 14:00:00,282.6448634486732
2020-03-06 15:00:00,285.6543791587448
2020-03-06 16:00:00,286.613265351547
2020-03-06 17:00:00,285.2906348683061
2020-03-06 18:00:00,281.6345451282214
2020-03-06 19:00:00,277.27777986917664
2020-03-06 20:00:00,273.42704936899537
2020-03-06 21:00:00,270.01427136703603
2020-03-06 22:00:00,266.98253937636343
2020-03-06 23:00:00,264.2838542264796
2020-03-07 00:00:00,261.8774092092034
2020-03-07 01:00:00,260.2023583985807
2020-03-07 02:00:00,258.7422107763211
2020-03-07 03:00:00,257.46820870954565
2020-03-07 04:00:00,256.3557291095303
2020-03-07 05:00:00,255.38362007044535
2020-03-07 06:00:00,254.53366027721103
2020-03-07 07:00:00,253.7901146990543
2020-03-07 08:00:00,255.03842872413279
2020-03-07 09:00:00,258.5536521684094
2020-03-07 10:00:00,263.6800560109603
2020-03-07 11:00:00,269.69471224347996
2020-03-07 12:00:00,275.85204165340804
2020-03-07 13:00:00,281.43518513410754
2020-03-07 14:00:00,285.8077756213463
2020-03-07 15:00:00,288.4591462888905
2020-03-07 16:00:00,289.0369401484969
2020-03-07 17:00:00,287.3636801899697
2020-03-07 18:00:00,283.43735641433665
2020-03-07 19:00:00,278.8580307936698
2020-03-07 20:00:00,274.9180286793813
2020-03-07 21:00:00,271.5180931694191
2020-03-07 22:00:00,268.57697118647303
2020-03-07 23:00:00,266.0274813829181
2020-03-08 00:00:00,263.8136086003007
2020-03-08 01:00:00,262.0043484034063
2020-03-08 02:00:00,260.4399276522892
2020-03-08 03:00:00,259.0858264605477
2020-03-08 04:00:00,257.9127436538016
2020-03-08 05:00:00,256.8957188100993
2020-03-08 06:00:00,256.01342416491804
2020-03-08 07:00:00,255.24758815566454
2020-03-08 08:00:00,256.5594382793569
2020-03-08 09:00:00,260.1228527260023
2020-03-08 10:00:00,265.26829570419704
2020-03-08 11:00:00,271.2651228415567
2020-03-08 12:00:00,277.366090203272
2020-03-08 13:00:00,282.8583385890903
2020-03-08 14:00:00,287.1142844322859
2020-03-08 15:00:00,289.63545798895524
2020-03-08 16:00:00,290.08343496686985
2020-03-08 17:00:00,288.2947250411493
2020-03-08 18:00:00,284.27997604620043
2020-03-08 19:00:00,279.57387893875847
2020-03-08 20:00:00,275.5554900067821
2020-03-08 21:00:00,272.11381368137535
2020-03-08 22:00:00,269.1586128592684
2020-03-08 23:00:00,266.6157639103741
2020-03-09 00:00:00,264.4238510854242
2020-03-09 01:00:00,262.41703340259664
2020-03-09 02:00:00,260.6699551374466
2020-03-09 03:00:00,259.147269831257
2020-03-09 04:00:00,257.8188617994857
2020-03-09 05:00:00,256.65897000353846
2020-03-09 06:00:00,255.645482992935
2020-03-09 07:00:00,254.75936587893992
2020-03-09 08:00:00,256.03913007594537
2020-03-09 09:00:00,259.5842962735644
2020-03-09 10:00:00,264.7379240846886
2020-03-09 11:00:00,270.775959935146
2020-03-09 12:00:00,276.9519125185718
2020-03-09 13:00:00,282.5483706782126
2020-03-09 14:00:00,286.92889372242286
2020-03-09 15:00:00,289.5832633830924
2020-03-09 16:00:00,290.1600368176971
2020-03-09 17:00:00,288.48296920009136
2020-03-09 18:00:00,284.551404365811
2020-03-09 19:00:00,279.81479933444547
2020-03-09 20:00:00,275.7418824273683
2020-03-09 21:00:00,272.22889438123343
2020-03-09 22:00:00,269.1910965823193
2020-03-09 23:00:00,266.5585634784096
2020-03-10 00:00:00,264.2730876989767
2020-03-10 01:00:00,261.80082577158845
2020-03-10 02:00:00,259.5840110842207
2020-03-10 03:00:00,257.5935222752671
2020-03-10 04:00:00,255.80409262480717
2020-03-10 05:00:00,254.1936953849681
2020-03-10 06:00:00,252.74304723183613
2020-03-10 07:00:00,251.4352032535712
2020-03-10 08:00:00,252.38833196520122
2020-03-10 09:00:00,255.67540068179838
2020-03-10 10:00:00,260.6960397981798
2020-03-10 11:00:00,266.759407526678
2020-03-10 12:00:00,273.1280924969109
2020-03-10 13:00:00,279.07043149339466
2020-03-10 14:00:00,283.9153700424427
2020-03-10 15:00:00,287.1028903178312
2020-03-10 16:00:00,288.2232645435936
2020-03-10 17:00:00,287.04045853266183
2020-03-10 18:00:00,283.49846334366185
2020-03-10 19:00:00,278.9234907689639
2020-03-10 20:00:00,274.86836423592365
2020-03-10 21:00:00,271.26358618955044
2020-03-10 22:00:00,268.051153163082
2020-03-10 23:00:00,265.18219167850276
2020-03-11 00:00:00,262.6151782658929
2020-03-11 01:00:00,260.59563552410583
2020-03-11 02:00:00,258.81108462445934
2020-03-11 03:00:00,257.2324175572752
2020-03-11 04:00:00,255.83452030751266
2020-03-11 05:00:00,254.59563960669857
2020-03-11 06:00:00,253.4968684453915
2020-03-11 07:00:00,252.5217242076181
2020-03-11 08:00:00,253.86719767619755
2020-03-11 09:00:00,257.4900743040264
2020-03-11 10:00:00,262.7614547362873
2020-03-11 11:00:00,268.97310380142915
2020-03-11 12:00:00,275.38237269209753
2020-03-11 13:00:00,281.26465591591
2020-03-11 14:00:00,285.96717177331374
2020-03-11 15:00:00,288.9570052275857
2020-03-11 16:00:00,289.8569629407254
2020-03-11 17:00:00,288.4652010013928
2020-03-11 18:00:00,284.75815067155725
2020-03-11 19:00:00,280.0135591847013
2020-03-11 20:00:00,275.8768919313046
2020-03-11 21:00:00,272.25921993611666
2020-03-11 22:00:00,269.08725119851255
2020-03-11 23:00:00,266.299960754893
2020-03-12 00:00:00,263.84609176956724
2020-03-12 01:00:00,261.95084599026507
2020-03-12 02:00:00,260.30399368948275
2020-03-12 03:00:00,258.8714479293918
2020-03-12 04:00:00,257.6241767321419
2020-03-12 05:00:00,256.53736083597204
2020-03-12 06:00:00,255.58971414247267
2020-03-12 07:00:00,254.76293018464122
2020-03-12 08:00:00,256.3310112633373
2020-03-12 09:00:00,260.12880056864225
2020-03-12 10:00:00,265.49803232974915
2020-03-12 11:00:00,271.7140690385776
2020-03-12 12:00:00,278.0311535813985
2020-03-12 13:00:00,283.73430133112066
2020-03-12 14:00:00,288.1913043796292
2020-03-12 15:00:00,290.8977934072973
2020-03-12 16:00:00,291.50931568260535
2020-03-12 17:00:00,289.85709831703184
2020-03-12 18:00:00,285.9477476181699
2020-03-12 19:00:00,281.0072279553526
2020-03-12 20:00:00,276.7723180977442
2020-03-12 21:00:00,273.1304845120921
2020-03-12 22:00:00,269.9902519261812
2020-03-12 23:00:00,267.2764480654268
2020-03-13 00:00:00,264.9267312195458
2020-03-13 01:00:00,262.60190955467823
2020-03-13 02:00:00,260.5459213502072
2020-03-13 03:00:00,258.7253021215804
2020-03-13 04:00:00,257.1112729977015
2020-03-13 05:00:00,255.67897141199265
2020-03-13 06:00:00,254.40683230959687
2020-03-13 07:00:00,253.27608533411157
2020-03-13 08:00:00,254.638584639016
2020-03-13 09:00:00,258.28064005558736
2020-03-13 10:00:00,263.57610846622595
2020-03-13 11:00:00,269.8180163976714
2020-03-13 12:00:00,276.26355437980686
2020-03-13 13:00:00,282.18673444740347
2020-03-13 14:00:00,286.93249518824865
2020-03-13 15:00:00,289.9651470460145
2020-03-13 16:00:00,290.9046301263642
2020-03-13 17:00:00,289.5464642727967
2020-03-13 18:00:00,285.86486702148744
2020-03-13 19:00:00,280.98181689210026
2020-03-13 20:00:00,276.71843916396017
2020-03-13 21:00:00,272.9843009741814
2020-03-13 22:00:00,269.7049454314711
2020-03-13 23:00:00,266.81842042342646
2020-03-14 00:00:00,264.27271185724095
2020-03-14 01:00:00,262.14834040464285
2020-03-14 02:00:00,260.28312433432137
2020-03-14 03:00:00,258.6434913360558
2020-03-14 04:00:00,257.2006687737658
2020-03-14 05:00:00,255.92989416764482
2020-03-14 06:00:00,254.80977881092707
2020-03-14 07:00:00,253.82178970914322
2020-03-14 08:00:00,255.39657269437242
2020-03-14 09:00:00,259.2173035166155
2020-03-14 10:00:00,264.6451415899347
2020-03-14 11:00:00,270.96591203228076
2020-03-14 12:00:00,277.43553504514017
2020-03-14 13:00:00,283.33266142884924
2020-03-14 14:00:00,288.01214650615657
2020-03-14 15:00:00,290.95223634083686
2020-03-14 16:00:00,291.7891078579108
2020-03-14 17:00:00,290.3349710194933
2020-03-14 18:00:00,286.57957140787795
2020-03-14 19:00:00,281.58078175334026
2020-03-14 20:00:00,277.25161620946704
2020-03-14 21:00:00,273.49010576551075
2020-03-14 22:00:00,270.21285619874186
2020-03-14 23:00:00,267.3509150540446
2020-03-15 00:00:00,264.84673994845605
2020-03-15 01:00:00,263.127246275341
2020-03-15 02:00:00,261.66324805153505
2020-03-15 03:00:00,260.4155466435522
2020-03-15 04:00:00,259.3512988732261
2020-03-15 05:00:00,258.44289234864004
2020-03-15 06:00:00,257.66704546482373
2020-03-15 07:00:00,257.00408040689285
2020-03-15 08:00:00,258.9626102920526
2020-03-15 09:00:00,263.0681043071219
2020-03-15 10:00:00,268.6321435045141
2020-03-15 11:00:00,274.91575772434896
2020-03-15 12:00:00,281.17472068565894
2020-03-15 13:00:00,286.7103283228669
2020-03-15 14:00:00,290.91883815724515
2020-03-15 15:00:00,293.3326332085352
2020-03-15 16:00:00,293.64765221162406
2020-03-15 17:00:00,291.7346292383596
2020-03-15 18:00:00,287.63519979164283
2020-03-15 19:00:00,282.3716455632831
2020-03-15 20:00:00,277.9540138771383
2020-03-15 21:00:00,274.23328256380785
2020-03-15 22:00:00,271.0905481875516
2020-03-15 23:00:00,268.42980767003195
2020-03-16 00:00:00,266.1727925162318
2020-03-16 01:00:00,263.7988890959905
2020-03-16 02:00:00,261.7146168420267
2020-03-16 03:00:00,259.88216350314366
2020-03-16 04:00:00,258.26922290503046
2020-03-16 05:00:00,256.8480626673303
2020-03-16 06:00:00,255.59477910878107
2020-03-16 07:00:00,254.4886953010857
2020-03-16 08:00:00,256.11567991675986
2020-03-16 09:00:00,259.98479868194636
2020-03-16 10:00:00,265.4585770568702
2020-03-16 11:00:00,271.8234142131415
2020-03-16 12:00:00,278.3351543520302
2020-03-16 13:00:00,284.27191991329704
2020-03-16 14:00:00,288.98781877965735
2020-03-16 15:00:00,291.9603554065231
2020-03-16 16:00:00,292.8251371304958
2020-03-16 17:00:00,291.3940502509463
2020-03-16 18:00:00,287.6567439735169
2020-03-16 19:00:00,282.51596554145823
2020-03-16 20:00:00,278.0622427248562
2020-03-16 21:00:00,274.1906833068293
2020-03-16 22:00:00,270.8156435939406
2020-03-16 23:00:00,267.8664034708087
2020-03-17 00:00:00,265.2840050320279
2020-03-17 01:00:00,262.8677086721122
2020-03-17 02:00:00,260.7244183161524
2020-03-17 03:00:00,258.82070332026757
2020-03-17 04:00:00,257.1277794828042
2020-03-17 05:00:00,255.62074556022634
2020-03-17 06:00:00,254.27796984092322
2020-03-17 07:00:00,253.12584678148787
2020-03-17 08:00:00,254.734828593782
2020-03-17 09:00:00,258.6033905342889
2020-03-17 10:00:00,264.11283524977875
2020-03-17 11:00:00,270.56032132334514
2020-03-17 12:00:00,277.20430145570566
2020-03-17 13:00:00,283.3177622555056
2020-03-17 14:00:00,288.24307124251123
2020-03-17 15:00:00,291.4412464542999
2020-03-17 16:00:00,292.52897524618294
2020-03-17 17:00:00,291.2991129293048
2020-03-17 18:00:00,287.72405645626657
2020-03-17 19:00:00,282.6144864969007
2020-03-17 20:00:00,278.14446018250186
2020-03-17 21:00:00,274.22082487778795
2020-03-17 22:00:00,270.76703313083846
2020-03-17 23:00:00,267.7194845428609
2020-03-18 00:00:00,265.0248334724214
2020-03-18 01:00:00,262.5053541343624
2020-03-18 02:00:00,260.25153401838253
2020-03-18 03:00:00,258.2325236507866
2020-03-18 04:00:00,256.42162330969165
2020-03-18 05:00:00,254.79561184296807
2020-03-18 06:00:00,253.33420619542076
2020-03-18 07:00:00,252.14290187534883
2020-03-18 08:00:00,253.70800289875228
2020-03-18 09:00:00,257.55013354944043
2020-03-18 10:00:00,263.0667235045802
2020-03-18 11:00:00,269.56452708556856
2020-03-18 12:00:00,276.3047564808221
2020-03-18 13:00:00,282.5564898001281
2020-03-18 14:00:00,287.65233843430053
2020-03-18 15:00:00,291.03920147008887
2020-03-18 16:00:00,292.31722891368884
2020-03-18 17:00:00,291.26234682301606
2020-03-18 18:00:00,287.8313376924964
2020-03-18 19:00:00,282.743808665884
2020-03-18 20:00:00,278.2559047580756
2020-03-18 21:00:00,274.2837920048804
2020-03-18 22:00:00,270.75822533369893
2020-03-18 23:00:00,267.6213881983523
2020-03-19 00:00:00,264.8245526793704
2020-03-19 01:00:00,262.1470182236318
2020-03-19 02:00:00,259.7249980455052
2020-03-19 03:00:00,257.53085962536875
2020-03-19 04:00:00,255.54054696684338
2020-03-19 05:00:00,253.7330114771918
2020-03-19 06:00:00,252.08975247554002
2020-03-19 07:00:00,250.79580081370273
2020-03-19 08:00:00,252.2552308195682
2020-03-19 09:00:00,256.0179254331639
2020-03-19 10:00:00,261.50327453908756
2020-03-19 11:00:00,268.03174524876624
2020-03-19 12:00:00,274.8693303302675
2020-03-19 13:00:00,281.2808937031295
2020-03-19 14:00:00,286.5866665520891
2020-03-19 15:00:00,290.21479029750543
2020-03-19 16:00:00,291.7428037260826
2020-03-19 17:00:00,290.92293879846227
2020-03-19 18:00:00,287.6896486854282
2020-03-19 19:00:00,282.6653012146428
2020-03-19 20:00:00,278.1832230969654
2020-03-19 21:00:00,274.1718478437551
2020-03-19 22:00:00,270.57164522894533
2020-03-19 23:00:00,267.3325814141225
2020-03-20 00:00:00,264.412220759107
2020-03-20 01:00:00,261.9090331545828
2020-03-20 02:00:00,259.66243647653357
2020-03-20 03:00:00,257.6433267602754
2020-03-20 04:00:00,255.82644624014551
2020-03-20 05:00:00,254.18976943556265
2020-03-20 06:00:00,252.71400741220012
2020-03-20 07:00:00,251.66166928494806
2020-03-20 08:00:00,253.3493275058107
2020-03-20 09:00:00,257.3069896317166
2020-03-20 10:00:00,262.9387477635084
2020-03-20 11:00:00,269.55534669763585
2020-03-20 12:00:00,276.4194078322982
2020-03-20 13:00:00,282.79908163653175
2020-03-20 14:00:00,288.0241676213564
2020-03-20 15:00:00,291.5375069098148
2020-03-20 16:00:00,292.9346674308651
2020-03-20 17:00:00,291.9871286831401
2020-03-20 18:00:00,288.6478322710176
2020-03-20 19:00:00,283.47732852366653
2020-03-20 20:00:00,278.90520924625645
2020-03-20 21:00:00,274.8485101900406
2020-03-20 22:00:00,271.23869805788684
2020-03-20 23:00:00,268.0185375425339
2020-03-21 00:00:00,265.13977294666495
2020-03-21 01:00:00,262.5355534218226
2020-03-21 02:00:00,260.19545199687235
2020-03-21 03:00:00,258.08962929878413
2020-03-21 04:00:00,256.19220441128135
2020-03-21 05:00:00,254.48061719755836
2020-03-21 06:00:00,252.93511465632886
2020-03-21 07:00:00,251.89591266949043
2020-03-21 08:00:00,253.59410830808406
2020-03-21 09:00:00,257.5635993327218
2020-03-21 10:00:00,263.2113135038773
2020-03-21 11:00:00,269.8496874659051
2020-03-21 12:00:00,276.74185532482846
2020-03-21 13:00:00,283.1553618184299
2020-03-21 14:00:00,288.41845882445045
2020-03-21 15:00:00,291.9717774470051
2020-03-21 16:00:00,293.40834743373665
2020-03-21 17:00:00,292.4971011639839
2020-03-21 18:00:00,289.18866558455255
2020-03-21 19:00:00,283.9635464759175
2020-03-21 20:00:00,279.3372598844145
2020-03-21 21:00:00,275.2270971929594
2020-03-21 22:00:00,271.56474608340295
2020-03-21 23:00:00,268.2931587762724
2020-03-22 00:00:00,265.364235801286
2020-03-22 01:00:00,263.0188545303234
2020-03-22 02:00:00,260.949255266577
2020-03-22 03:00:00,259.12059041278866
2020-03-22 04:00:00,257.5029533025994
2020-03-22 05:00:00,256.07055868420866
2020-03-22 06:00:00,254.80108496009737
2020-03-22 07:00:00,254.1108173457673
2020-03-22 08:00:00,256.13624958887425
2020-03-22 09:00:00,260.3668468985747
2020-03-22 10:00:00,266.17694469052964
2020-03-22 11:00:00,272.8598685781008
2020-03-22 12:00:00,279.6742300344057
2020-03-22 13:00:00,285.89765079916924
2020-03-22 14:00:00,290.88155781976553
2020-03-22 15:00:00,294.0997647831889
2020-03-22 16:00:00,295.18422536646716
2020-03-22 17:00:00,293.94393180042925
2020-03-22 18:00:00,290.3667014331586
2020-03-22 19:00:00,284.8864806417372
2020-03-22 20:00:00,280.12552137491406
2020-03-22 21:00:00,275.974258929874
2020-03-22 22:00:00,272.34349230180794
2020-03-22 23:00:00,269.15971792565125
2020-03-23 00:00:00,266.36174286528535
2020-03-23 01:00:00,264.4076244828374
2020-03-23 02:00:00,262.7443650529534
2020-03-23 03:00:00,261.3270616940738
2020-03-23 04:00:00,260.11818969283945
2020-03-23 05:00:00,259.0862669303877
2020-03-23 06:00:00,258.20479360660613
2020-03-23 07:00:00,257.96513529627083
2020-03-23 08:00:00,260.3980383756082
2020-03-23 09:00:00,264.91043903650586
2020-03-23 10:00:00,270.8214528158403
2020-03-23 11:00:00,277.3977205080493
2020-03-23 12:00:00,283.8997847655408
2020-03-23 13:00:00,289.6337358567233
2020-03-23 14:00:00,294.00124596230614
2020-03-23 15:00:00,296.5409673158224
2020-03-23 16:00:00,296.95580503320787
2020-03-23 17:00:00,295.1236847309121
2020-03-23 18:00:00,291.09304120460496
2020-03-23 19:00:00,285.26825001871305
2020-03-23 20:00:00,280.3883453668511
2020-03-23 21:00:00,276.2837511259587
2020-03-23 22:00:00,272.82017589881127
2020-03-23 23:00:00,269.889844832549
2020-03-24 00:00:00,267.4053191530907
2020-03-24 01:00:00,265.0142621792915
2020-03-24 02:00:00,262.9371192308456
2020-03-24 03:00:00,261.1301820815363
2020-03-24 04:00:00,259.5564435232147
2020-03-24 05:00:00,258.18441894217256
2020-03-24 06:00:00,256.98721151937235
2020-03-24 07:00:00,256.53348974325843
2020-03-24 08:00:00,258.77458854091464
2020-03-24 09:00:00,263.16491869633563
2020-03-24 10:00:00,269.05453241875466
2020-03-24 11:00:00,275.72410757168046
2020-03-24 12:00:00,282.43165668240215
2020-03-24 13:00:00,288.4657580753169
2020-03-24 14:00:00,293.1986620607318
2020-03-24 15:00:00,296.1320148861083
2020-03-24 16:00:00,296.92900747891986
2020-03-24 17:00:00,295.4296310033048
2020-03-24 18:00:00,291.6494894114118
2020-03-24 19:00:00,285.8890175760908
2020-03-24 20:00:00,280.96144695458594
2020-03-24 21:00:00,276.72984991544627
2020-03-24 22:00:00,273.0842031042626
2020-03-24 23:00:00,269.93494509452916
2020-03-25 00:00:00,267.2083758105635
2020-03-25 01:00:00,264.7446883274786
2020-03-25 02:00:00,262.58875569374806
2020-03-25 03:00:00,260.69946186135144
2020-03-25 04:00:00,259.04181254157874
2020-03-25 05:00:00,257.58587649557904
2020-03-25 06:00:00,256.3059437404395
2020-03-25 07:00:00,255.84948399879684
2020-03-25 08:00:00,258.08474975060784
2020-03-25 09:00:00,262.4843209035539
2020-03-25 10:00:00,268.41068638681685
2020-03-25 11:00:00,275.15105975398603
2020-03-25 12:00:00,281.964124029622
2020-03-25 13:00:00,288.1337204951275
2020-03-25 14:00:00,293.0229417868936
2020-03-25 15:00:00,296.1213156050276
2020-03-25 16:00:00,297.078653831824
2020-03-25 17:00:00,295.72191544640174
2020-03-25 18:00:00,292.0552390207225
2020-03-25 19:00:00,286.2918375994967
2020-03-25 20:00:00,281.32726257773686
2020-03-25 21:00:00,277.0340630633353
2020-03-25 22:00:00,273.30939389936214
2020-03-25 23:00:00,270.06918706724156
2020-03-26 00:00:00,267.24397286893833
2020-03-26 01:00:00,264.89113087621587
2020-03-26 02:00:00,262.8495331966244
2020-03-26 03:00:00,261.07559702782294
2020-03-26 04:00:00,259.53244079688506
2020-03-26 05:00:00,258.18870577389146
2020-03-26 06:00:00,257.0176208197946
2020-03-26 07:00:00,256.7436855526477
2020-03-26 08:00:00,259.1411758661545
2020-03-26 09:00:00,263.6642244573014
2020-03-26 10:00:00,269.6628418688566
2020-03-26 11:00:00,276.4182793350272
2020-03-26 12:00:00,283.1900056372268
2020-03-26 13:00:00,289.2690744921725
2020-03-26 14:00:00,294.0312025538488
2020-03-26 15:00:00,296.9822858367326
2020-03-26 16:00:00,297.79019058735247
2020-03-26 17:00:00,296.2995766522584
2020-03-26 18:00:00,292.5303002937991
2020-03-26 19:00:00,286.66304248722184
2020-03-26 20:00:00,281.62084450548144
2020-03-26 21:00:00,277.2984571888866
2020-03-26 22:00:00,273.5808204367503
2020-03-26 23:00:00,270.3745177369307
2020-03-27 00:00:00,267.6028544845625
2020-03-27 01:00:00,265.4337509554332
2020-03-27 02:00:00,263.5847259901349
2020-03-27 03:00:00,262.0065439457933
2020-03-27 04:00:00,260.6580935890857
2020-03-27 05:00:00,259.5048965623106
2020-03-27 06:00:00,258.5179303435062
2020-03-27 07:00:00,258.49778904146285
2020-03-27 08:00:00,261.11635971322795
2020-03-27 09:00:00,265.78968827389144
2020-03-27 10:00:00,271.8432390051474
2020-03-27 11:00:00,278.547768008959
2020-03-27 12:00:00,285.16617660594324
2020-03-27 13:00:00,291.0056493761127
2020-03-27 14:00:00,295.46818556902684
2020-03-27 15:00:00,298.09243832896647
2020-03-27 16:00:00,298.58130081916386
2020-03-27 17:00:00,296.8128188322252
2020-03-27 18:00:00,292.8356710472373
2020-03-27 19:00:00,286.8531440487959
2020-03-27 20:00:00,281.72557115566553
2020-03-27 21:00:00,277.4075516373256
2020-03-27 22:00:00,273.75886369406703
2020-03-27 23:00:00,270.6671838945433
2020-03-28 00:00:00,268.0414969485057
2020-03-28 01:00:00,266.059995032399
2020-03-28 02:00:00,264.4049294066919
2020-03-28 03:00:00,263.02089120348916
2020-03-28 04:00:00,261.8623723309562
2020-03-28 05:00:00,260.89184603179757
2020-03-28 06:00:00,260.0782645258982
2020-03-28 07:00:00,260.29848150933765
2020-03-28 08:00:00,263.11824621830357
2020-03-28 09:00:00,267.91264187282263
2020-03-28 10:00:00,273.98269866173473
2020-03-28 11:00:00,280.5910756955924
2020-03-28 12:00:00,287.0080255249501
2020-03-28 13:00:00,292.5614638102245
2020-03-28 14:00:00,296.6841232802311
2020-03-28 15:00:00,298.95103313626714
2020-03-28 16:00:00,299.10249366205625
2020-03-28 17:00:00,297.0509883810019
2020-03-28 18:00:00,292.8738989141109
2020-03-28 19:00:00,286.7960918789418
2020-03-28 20:00:00,281.6135025917965
2020-03-28 21:00:00,277.3364134905781
2020-03-28 22:00:00,273.7943145790225
2020-03-28 23:00:00,270.85273883691576
2020-03-29 00:00:00,268.4043970198304
2020-03-29 01:00:00,265.85822688390704
2020-03-29 02:00:00,263.6435954465597
2020-03-29 03:00:00,261.7144797032498
2020-03-29 04:00:00,260.0319432454351
2020-03-29 05:00:00,258.5628751419574
2020-03-29 06:00:00,257.2789938140846
2020-03-29 07:00:00,257.1359954033691
2020-03-29 08:00:00,259.6449703710819
2020-03-29 09:00:00,264.2690938333855
2020-03-29 10:00:00,270.36470539417127
2020-03-29 11:00:00,277.2168522131733
2020-03-29 12:00:00,284.0864971788657
2020-03-29 13:00:00,290.2642508607159
2020-03-29 14:00:00,295.1239588689051
2020-03-29 15:00:00,298.1688134666585
2020-03-29 16:00:00,299.06371759565565
2020-03-29 17:00:00,297.6505490503646
2020-03-29 18:00:00,293.946810087563
2020-03-29 19:00:00,288.131321090994
2020-03-29 20:00:00,282.8901452121428
2020-03-29 21:00:00,278.3877392828413
2020-03-29 22:00:00,274.50651617076574
2020-03-29 23:00:00,271.1511120040566
2020-03-30 00:00:00,268.24328161327355
2020-03-30 01:00:00,265.43551616606317
2020-03-30 02:00:00,262.93912011313404
2020-03-30 03:00:00,260.71599228415596
2020-03-30 04:00:00,258.7334425199942
2020-03-30 05:00:00,256.96326703362126
2020-03-30 06:00:00,255.3810138366654
2020-03-30 07:00:00,255.02246948720773
2020-03-30 08:00:00,257.3345670840344
2020-03-30 09:00:00,261.8324580903176
2020-03-30 10:00:00,267.90882514367087
2020-03-30 11:00:00,274.86807276694947
2020-03-30 12:00:00,281.97291665678995
2020-03-30 13:00:00,288.49888879657294
2020-03-30 14:00:00,293.7904809242714
2020-03-30 15:00:00,297.3115052862031
2020-03-30 16:00:00,298.68273117785037
2020-03-30 17:00:00,297.7023782118319
2020-03-30 18:00:00,294.3489244517775
2020-03-30 19:00:00,288.7693401199335
2020-03-30 20:00:00,283.54757103496775
2020-03-30 21:00:00,278.9639223071298
2020-03-30 22:00:00,274.9265688472865
2020-03-30 23:00:00,271.36002589898465
2020-03-31 00:00:00,268.2015400582972
2020-03-31 01:00:00,265.5954147767759
2020-03-31 02:00:00,263.3130709171357
2020-03-31 03:00:00,261.3112691526116
2020-03-31 04:00:00,259.553249481561
2020-03-31 05:00:00,258.0075961667532
2020-03-31 06:00:00,256.6473389923595
2020-03-31 07:00:00,256.58321884024986
2020-03-31 08:00:00,259.158613568009
2020-03-31 09:00:00,263.8545156958594
2020-03-31 10:00:00,270.03958924743796
2020-03-31 11:00:00,277.00564159422777
2020-03-31 12:00:00,284.0149380351845
2020-03-31 13:00:00,290.35442481324634
2020-03-31 14:00:00,295.39028444588706
2020-03-31 15:00:00,298.615424536922
2020-03-31 16:00:00,299.68339929155337
2020-03-31 17:00:00,298.4251003204302
2020-03-31 18:00:00,294.8484428503349
2020-03-31 19:00:00,289.12460918800815
2020-03-31 20:00:00,283.7772763216375
2020-03-31 21:00:00,279.15556774867656
2020-03-31 22:00:00,275.146799303824
2020-03-31 23:00:00,271.65935260549185
2020-04-01 00:00:00,268.6178514726128
2020-04-01 01:00:00,266.2599270869579
2020-04-01 02:00:00,264.2448715664109
2020-04-01 03:00:00,262.52043611170296
2020-04-01 04:00:00,261.04298252531447
2020-04-01 05:00:00,259.77588895521285
2020-04-01 06:00:00,258.68829731602284
2020-04-01 07:00:00,258.96476516995705
2020-04-01 08:00:00,261.8329074644252
2020-04-01 09:00:00,266.72179157843954
2020-04-01 10:00:00,272.9661917141747
2020-04-01 11:00:00,279.8431042699116
2020-04-01 12:00:00,286.6191735114776
2020-04-01 13:00:00,292.60343344860667
2020-04-01 14:00:00,297.1984748417659
2020-04-01 15:00:00,299.94287994638756
2020-04-01 16:00:00,300.5392671405211
2020-04-01 17:00:00,298.8654584981224
2020-04-01 18:00:00,294.97001292046036
2020-04-01 19:00:00,289.0561204925008
2020-04-01 20:00:00,283.59175730532075
2020-04-01 21:00:00,278.98254873225306
2020-04-01 22:00:00,275.0803519039998
2020-04-01 23:00:00,271.76681181073184
2020-04-02 00:00:00,268.9461970680636
2020-04-02 01:00:00,266.63579654085
2020-04-02 02:00:00,264.6775017750807
2020-04-02 03:00:00,263.01537629825117
2020-04-02 04:00:00,261.6030141391324
2020-04-02 05:00:00,260.4017341924562
2020-04-02 06:00:00,259.37916712597297
2020-04-02 07:00:00,259.79517741593247
2020-04-02 08:00:00,262.7788213919006
2020-04-02 09:00:00,267.7438997564477
2020-04-02 10:00:00,274.01608773084274
2020-04-02 11:00:00,280.86962719011996
2020-04-02 12:00:00,287.57459296705105
2020-04-02 13:00:00,293.4489459830142
2020-04-02 14:00:00,297.90841718437497
2020-04-02 15:00:00,300.5071869772216
2020-04-02 16:00:00,300.9640047990555
2020-04-02 17:00:00,299.1716388175007
2020-04-02 18:00:00,295.1911894716522
2020-04-02 19:00:00,289.2353519656606
2020-04-02 20:00:00,283.70024410911105
2020-04-02 21:00:00,279.0694798844689
2020-04-02 22:00:00,275.18077921702394
2020-04-02 23:00:00,271.90534130842616
2020-04-03 00:00:00,269.1396446773863
2020-04-03 01:00:00,266.81694132511615
2020-04-03 02:00:00,264.85135867973054
2020-04-03 03:00:00,263.18569111292
2020-04-03 04:00:00,261.772552356645
2020-04-03 05:00:00,260.5725034175436
2020-04-03 06:00:00,259.5525896080471
2020-04-03 07:00:00,260.04832677915465
2020-04-03 08:00:00,263.0977099165107
2020-04-03 09:00:00,268.1130780120002
2020-04-03 10:00:00,274.41958305617504
2020-04-03 11:00:00,281.29201338078394
2020-04-03 12:00:00,288.00209248076044
2020-04-03 13:00:00,293.87043748340074
2020-04-03 14:00:00,298.31621017642595
2020-04-03 15:00:00,300.8974493675821
2020-04-03 16:00:00,301.3367917314421
2020-04-03 17:00:00,299.5305527154471
2020-04-03 18:00:00,295.5427684562974
2020-04-03 19:00:00,289.5883104546135
2020-04-03 20:00:00,283.98664896188126
2020-04-03 21:00:00,279.3083278359169
2020-04-03 22:00:00,275.38627979658196
2020-04-03 23:00:00,272.08816485478064
2020-04-04 00:00:00,269.3078066905196
2020-04-04 01:00:00,266.92203739683526
2020-04-04 02:00:00,264.8968010557952
2020-04-04 03:00:00,263.17517765397633
2020-04-04 04:00:00,261.7099182518453
2020-04-04 05:00:00,260.4616101136204
2020-04-04 06:00:00,259.397242699202
2020-04-04 07:00:00,259.9280049191067
2020-04-04 08:00:00,263.0070312542445
2020-04-04 09:00:00,268.05459904677093
2020-04-04 10:00:00,274.4010010074151
2020-04-04 11:00:00,281.32349495380765
2020-04-04 12:00:00,288.0938084436943
2020-04-04 13:00:00,294.03046437136106
2020-04-04 14:00:00,298.5489777477306
2020-04-04 15:00:00,301.2028564924853
2020-04-04 16:00:00,301.70999968936036
2020-04-04 17:00:00,299.96233946131184
2020-04-04 18:00:00,296.0202460528496
2020-04-04 19:00:00,290.09580235988705
2020-04-04 20:00:00,284.4287304406871
2020-04-04 21:00:00,279.68212403901055
2020-04-04 22:00:00,275.6911471655481
2020-04-04 23:00:00,272.3250547397093
2020-04-05 00:00:00,269.4787945924659
2020-04-05 01:00:00,266.9508077283793
2020-04-05 02:00:00,264.78324863479145
2020-04-05 03:00:00,262.92195225664454
2020-04-05 04:00:00,261.3216328289287
2020-04-05 05:00:00,259.9442322487077
2020-04-05 06:00:00,258.7576266614806
2020-04-05 07:00:00,259.24898507785764
2020-04-05 08:00:00,262.2970394893937
2020-04-05 09:00:00,267.3439150862029
2020-04-05 10:00:00,273.7336923395687
2020-04-05 11:00:00,280.74932026143733
2020-04-05 12:00:00,287.6604451849393
2020-04-05 13:00:00,293.7766733616476
2020-04-05 14:00:00,298.49939257620696
2020-04-05 15:00:00,301.3649251388743
2020-04-05 16:00:00,302.07323183694035
2020-04-05 17:00:00,300.49956360966934
2020-04-05 18:00:00,296.69024996990964
2020-04-05 19:00:00,290.8466506976389
2020-04-05 20:00:00,285.1235563201674
2020-04-05 21:00:00,280.2834377634983
2020-04-05 22:00:00,276.1741335225825
2020-04-05 23:00:00,272.6742258694273
2020-04-06 00:00:00,269.6855613839241
2020-04-06 01:00:00,267.1150411953685
2020-04-06 02:00:00,264.90878568639295
2020-04-06 03:00:00,263.0122963363197
2020-04-06 04:00:00,261.37999046777776
2020-04-06 05:00:00,259.9735417132304
2020-04-06 06:00:00,258.7605813233181
2020-04-06 07:00:00,259.3031473133949
2020-04-06 08:00:00,262.3940302496649
2020-04-06 09:00:00,267.4789673325911
2020-04-06 10:00:00,273.90461348600815
2020-04-06 11:00:00,280.95553562698575
2020-04-06 12:00:00,287.90213242815196
2020-04-06 13:00:00,294.05403041219046
2020-04-06 14:00:00,298.8120880961242
2020-04-06 15:00:00,301.71176136374294
2020-04-06 16:00:00,302.4520127027853
2020-04-06 17:00:00,300.9071229539845
2020-04-06 18:00:00,297.1225732102324
2020-04-06 19:00:00,291.2990274899595
2020-04-06 20:00:00,285.5132850224737
2020-04-06 21:00:00,280.6161282152896
2020-04-06 22:00:00,276.4547377268703
2020-04-06 23:00:00,272.90719393345483
2020-04-07 00:00:00,269.8749408263483
2020-04-07 01:00:00,266.9411089124175
2020-04-07 02:00:00,264.34785991792415
2020-04-07 03:00:00,262.0517458601784
2020-04-07 04:00:00,260.01571766854823
2020-04-07 05:00:00,258.20799626748675
2020-04-07 06:00:00,256.6011827401019
2020-04-07 07:00:00,256.83574075022113
2020-04-07 08:00:00,259.6650593899575
2020-04-07 09:00:00,264.59892761788063
2020-04-07 10:00:00,271.02688377929275
2020-04-07 11:00:00,278.2536161672365
2020-04-07 12:00:00,285.54644532459713
2020-04-07 13:00:00,292.19026073723666
2020-04-07 14:00:00,297.54345523417504
2020-04-07 15:00:00,301.0873373860262
2020-04-07 16:00:00,302.4621751854893
2020-04-07 17:00:00,301.4857637768278
2020-04-07 18:00:00,298.154397060071
2020-04-07 19:00:00,292.62970576591994
2020-04-07 20:00:00,286.8833142757918
2020-04-07 21:00:00,281.87717403735286
2020-04-07 22:00:00,277.4989485556611
2020-04-07 23:00:00,273.6573720543571
2020-04-08 00:00:00,270.2773522106302
2020-04-08 01:00:00,267.48658362611474
2020-04-08 02:00:00,265.0622302199066
2020-04-08 03:00:00,262.95271967708777
2020-04-08 04:00:00,261.1145918301654
2020-04-08 05:00:00,259.5110134302617
2020-04-08 06:00:00,258.1106150959126
2020-04-08 07:00:00,258.6250726748623
2020-04-08 08:00:00,261.693344355987
2020-04-08 09:00:00,266.78894392548244
2020-04-08 10:00:00,273.27693560668104
2020-04-08 11:00:00,280.45060141306254
2020-04-08 12:00:00,287.57948457932963
2020-04-08 13:00:00,293.9636885419701
2020-04-08 14:00:00,298.98769073993833
2020-04-08 15:00:00,302.1662623358546
2020-04-08 16:00:00,303.1762291956484
2020-04-08 17:00:00,301.8708560367621
2020-04-08 18:00:00,298.2775626740849
2020-04-08 19:00:00,292.58285159477373
2020-04-08 20:00:00,286.6993587698019
2020-04-08 21:00:00,281.6612779028911
2020-04-08 22:00:00,277.32979375090326
2020-04-08 23:00:00,273.59346784118776
2020-04-09 00:00:00,270.361641976191
2020-04-09 01:00:00,267.7520958065793
2020-04-09 02:00:00,265.5251407648137
2020-04-09 03:00:00,263.62172771796196
2020-04-09 04:00:00,261.9927289683686
2020-04-09 05:00:00,260.59705148190665
2020-04-09 06:00:00,259.40016758362924
2020-04-09 07:00:00,260.18534705567305
2020-04-09 08:00:00,263.47562104819605
2020-04-09 09:00:00,268.71017046062485
2020-04-09 10:00:00,275.232639699359
2020-04-09 11:00:00,282.3285825438639
2020-04-09 12:00:00,289.2735012227147
2020-04-09 13:00:00,295.3859115474845
2020-04-09 14:00:00,300.07851395010135
2020-04-09 15:00:00,302.90030203252866
2020-04-09 16:00:00,303.56401468014013
2020-04-09 17:00:00,301.95659031584125
2020-04-09 18:00:00,298.1340436580169
2020-04-09 19:00:00,292.3048998964112
2020-04-09 20:00:00,286.3202285301796
2020-04-09 21:00:00,281.285335476214
2020-04-09 22:00:00,277.0320504528976
2020-04-09 23:00:00,273.42705839041395
2020-04-10 00:00:00,270.36321522057574
2020-04-10 01:00:00,267.278061708014
2020-04-10 02:00:00,264.52876874827876
2020-04-10 03:00:00,262.0743861773065
2020-04-10 04:00:00,259.8798582819477
2020-04-10 05:00:00,257.9149909987906
2020-04-10 06:00:00,256.1536373002791
2020-04-10 07:00:00,256.4588804061432
2020-04-10 08:00:00,259.346963017937
2020-04-10 09:00:00,264.34913749557876
2020-04-10 10:00:00,270.87064802111223
2020-04-10 11:00:00,278.2256097977126
2020-04-10 12:00:00,285.6842279307202
2020-04-10 13:00:00,292.5279916517541
2020-04-10 14:00:00,298.10653664661885
2020-04-10 15:00:00,301.8886132203697
2020-04-10 16:00:00,303.5000483489127
2020-04-10 17:00:00,302.7441840126848
2020-04-10 18:00:00,299.60428767980903
2020-04-10 19:00:00,294.23120712683254
2020-04-10 20:00:00,288.358392296814
2020-04-10 21:00:00,283.2041828833603
2020-04-10 22:00:00,278.6625400393728
2020-04-10 23:00:00,274.6471310330004
2020-04-11 00:00:00,271.08676204350934
2020-04-11 01:00:00,267.87643180498173
2020-04-11 02:00:00,265.00446612731486
2020-04-11 03:00:00,262.43040273106845
2020-04-11 04:00:00,260.11957206799207
2020-04-11 05:00:00,258.0420791435094
2020-04-11 06:00:00,256.1720013952035
2020-04-11 07:00:00,256.44555729550973
2020-04-11 08:00:00,259.30387657470663
2020-04-11 09:00:00,264.28816625355944
2020-04-11 10:00:00,270.81105453563424
2020-04-11 11:00:00,278.19105933340677
2020-04-11 12:00:00,285.69954816472625
2020-04-11 13:00:00,292.61595313820186
2020-04-11 14:00:00,298.2850176928055
2020-04-11 15:00:00,302.1685066307544
2020-04-11 16:00:00,303.88414482111307
2020-04-11 17:00:00,303.22705675808197
2020-04-11 18:00:00,300.17298958274745
2020-04-11 19:00:00,294.8664681288117
2020-04-11 20:00:00,288.9600325567852
2020-04-11 21:00:00,283.7560640420573
2020-04-11 22:00:00,279.15251780011954
2020-04-11 23:00:00,275.06619185072503
2020-04-12 00:00:00,271.428376461493
2020-04-12 01:00:00,268.08962521357256
2020-04-12 02:00:00,265.0767227451571
2020-04-12 03:00:00,262.3526017324299
2020-04-12 04:00:00,259.8853791056085
2020-04-12 05:00:00,257.64745347625984
2020-04-12 06:00:00,255.61479244422057
2020-04-12 07:00:00,255.79765750149275
2020-04-12 08:00:00,258.57326242856857
2020-04-12 09:00:00,263.50383152760173
2020-04-12 10:00:00,270.01769973721684
2020-04-12 11:00:00,277.4428144794165
2020-04-12 12:00:00,285.053028388647
2020-04-12 13:00:00,292.12323237906486
2020-04-12 14:00:00,297.9873161663586
2020-04-12 15:00:00,302.09141401624845
2020-04-12 16:00:00,304.03496654664724
2020-04-12 17:00:00,303.59441826064295
2020-04-12 18:00:00,300.7283404571162
2020-04-12 19:00:00,295.5668103303084
2020-04-12 20:00:00,289.67555580718306
2020-04-12 21:00:00,284.44081098383106
2020-04-12 22:00:00,279.7706912294329
2020-04-12 23:00:00,275.5899595546558
2020-04-13 00:00:00,271.8362396766439
2020-04-13 01:00:00,268.65856260307726
2020-04-13 02:00:00,265.84917978423175
2020-04-13 03:00:00,263.36075737157796
2020-04-13 04:00:00,261.15305985060144
2020-04-13 05:00:00,259.1916652388285
2020-04-13 06:00:00,257.4469598924576
2020-04-13 07:00:00,257.99661225703557
2020-04-13 08:00:00,261.09290663935525
2020-04-13 09:00:00,266.25308781535756
2020-04-13 10:00:00,272.8730285701164
2020-04-13 11:00:00,280.26295360472744
2020-04-13 12:00:00,287.69518101855726
2020-04-13 13:00:00,294.4592896499369
2020-04-13 14:00:00,299.91823157405446
2020-04-13 15:00:00,303.5578152926203
2020-04-13 16:00:00,305.0226695064956
2020-04-13 17:00:00,304.134584234019
2020-04-13 18:00:00,300.89316843017593
2020-04-13 19:00:00,295.46237681365795
2020-04-13 20:00:00,289.3582348725606
2020-04-13 21:00:00,284.043557929344
2020-04-13 22:00:00,279.39676829491896
2020-04-13 23:00:00,275.319624300987
2020-04-14 00:00:00,271.7316573753861
2020-04-14 01:00:00,268.47264333648684
2020-04-14 02:00:00,265.56403059274663
2020-04-14 03:00:00,262.9631942135757
2020-04-14 04:00:00,260.63369791961884
2020-04-14 05:00:00,258.54419313732376
2020-04-14 06:00:00,256.6675543649398
2020-04-14 07:00:00,257.1549074733122
2020-04-14 08:00:00,260.1973077188802
2020-04-14 09:00:00,265.33370613225907
2020-04-14 10:00:00,271.97557861717144
2020-04-14 11:00:00,279.441826979449
2020-04-14 12:00:00,287.0060413287837
2020-04-14 13:00:00,293.951825767826
2020-04-14 14:00:00,299.6298950426516
2020-04-14 15:00:00,303.50934262911795
2020-04-14 16:00:00,305.21589481763067
2020-04-14 17:00:00,304.5525572237544
2020-04-14 18:00:00,301.5021081178339
2020-04-14 19:00:00,296.2147226556874
2020-04-14 20:00:00,290.1212826744883
2020-04-14 21:00:00,284.7683647237007
2020-04-14 22:00:00,280.0462118156689
2020-04-14 23:00:00,275.8657162589918
2020-04-15 00:00:00,272.15356661859784
2020-04-15 01:00:00,269.28912090649004
2020-04-15 02:00:00,266.8499413848309
2020-04-15 03:00:00,264.76929904029595
2020-04-15 04:00:00,262.9919281828764
2020-04-15 05:00:00,261.47178411878065
2020-04-15 06:00:00,260.1703130398184
2020-04-15 07:00:00,261.3007070912723
2020-04-15 08:00:00,264.87067495562604
2020-04-15 09:00:00,270.3254804471472
2020-04-15 10:00:00,277.01500318678313
2020-04-15 11:00:00,284.23173502144124
2020-04-15 12:00:00,291.2590952589897
2020-04-15 13:00:00,297.42449617224634
2020-04-15 14:00:00,302.15022710320886
2020-04-15 15:00:00,304.99502088953386
2020-04-15 16:00:00,305.6808120756759
2020-04-15 17:00:00,304.1024999621194
2020-04-15 18:00:00,300.32228380474885
2020-04-15 19:00:00,294.55278750996615
2020-04-15 20:00:00,288.1947031768642
2020-04-15 21:00:00,282.85998957395174
2020-04-15 22:00:00,278.36406241070694
2020-04-15 23:00:00,274.5614830059222
2020-04-16 00:00:00,271.3359560693394
2020-04-16 01:00:00,268.5508715403634
2020-04-16 02:00:00,266.16791279701977
2020-04-16 03:00:00,264.1256177234165
2020-04-16 04:00:00,262.3728342370006
2020-04-16 05:00:00,260.86674528504136
2020-04-16 06:00:00,259.5713366808895
2020-04-16 07:00:00,260.77212235586296
2020-04-16 08:00:00,264.40431865893896
2020-04-16 09:00:00,269.9239600252797
2020-04-16 10:00:00,276.68801835286075
2020-04-16 11:00:00,283.9924868986334
2020-04-16 12:00:00,291.1209060871484
2020-04-16 13:00:00,297.397880973923
2020-04-16 14:00:00,302.24069105208577
2020-04-16 15:00:00,305.201782222969
2020-04-16 16:00:00,305.9964867914202
2020-04-16 17:00:00,304.51359613172576
2020-04-16 18:00:00,300.81022399643706
2020-04-16 19:00:00,295.09515923882793
2020-04-16 20:00:00,288.69261596268575
2020-04-16 21:00:00,283.29944144982403
2020-04-16 22:00:00,278.7361768284461
2020-04-16 23:00:00,274.86113741538844
2020-04-17 00:00:00,271.56079143818306
2020-04-17 01:00:00,268.5272520374133
2020-04-17 02:00:00,265.87465445838126
2020-04-17 03:00:00,263.5509968805784
2020-04-17 04:00:00,261.51235911474294
2020-04-17 05:00:00,259.721415957624
2020-04-17 06:00:00,258.1462770848811
2020-04-17 07:00:00,259.14522814070995
2020-04-17 08:00:00,262.62040113096134
2020-04-17 09:00:00,268.07105527321914
2020-04-17 10:00:00,274.88191646624614
2020-04-17 11:00:00,282.3601942395767
2020-04-17 12:00:00,289.78400800962345
2020-04-17 13:00:00,296.4573310204642
2020-04-17 14:00:00,301.7647755409332
2020-04-17 15:00:00,305.21870590906536
2020-04-17 16:00:00,306.492186663884
2020-04-17 17:00:00,305.4342998053377
2020-04-17 18:00:00,302.06839107758015
2020-04-17 19:00:00,296.5771392586071
2020-04-17 20:00:00,290.1932456158214
2020-04-17 21:00:00,284.701584991622
2020-04-17 22:00:00,279.9564027365049
2020-04-17 23:00:00,275.841141820126
2020-04-18 00:00:00,272.2612314545273
2020-04-18 01:00:00,269.07057133097555
2020-04-18 02:00:00,266.26136273897623
2020-04-18 03:00:00,263.783329705649
2020-04-18 04:00:00,261.5938739623119
2020-04-18 05:00:00,259.6566673686326
2020-04-18 06:00:00,257.9405540450428
2020-04-18 07:00:00,258.87345589628484
2020-04-18 08:00:00,262.29355031742796
2020-04-18 09:00:00,267.71534731954245
2020-04-18 10:00:00,274.53411382433944
2020-04-18 11:00:00,282.0623438524758
2020-04-18 12:00:00,289.57794323395086
2020-04-18 13:00:00,296.3794376386553
2020-04-18 14:00:00,301.8416326155096
2020-04-18 15:00:00,305.4641488116748
2020-04-18 16:00:00,306.90608506848884
2020-04-18 17:00:00,306.00297477834283
2020-04-18 18:00:00,302.7662670028276
2020-04-18 19:00:00,297.3690775546979
2020-04-18 20:00:00,290.96417271529333
2020-04-18 21:00:00,285.4169301652456
2020-04-18 22:00:00,280.5909871556263
2020-04-18 23:00:00,276.3769271032054
2020-04-19 00:00:00,272.6856787397115
2020-04-19 01:00:00,269.6431357227395
2020-04-19 02:00:00,267.02397558612705
2020-04-19 03:00:00,264.7651540307769
2020-04-19 04:00:00,262.8140883533528
2020-04-19 05:00:00,261.12664366337094
2020-04-19 06:00:00,259.66557708467377
2020-04-19 07:00:00,260.92257277312035
2020-04-19 08:00:00,264.6015793464925
2020-04-19 09:00:00,270.1746399309813
2020-04-19 10:00:00,277.0097792988892
2020-04-19 11:00:00,284.40898098810703
2020-04-19 12:00:00,291.6568332383076
2020-04-19 13:00:00,298.0745600161007
2020-04-19 14:00:00,303.07258596893706
2020-04-19 15:00:00,306.1943203239446
2020-04-19 16:00:00,307.14526585676646
2020-04-19 17:00:00,305.8047935860943
2020-04-19 18:00:00,302.2218170070553
2020-04-19 19:00:00,296.5985225232811
2020-04-19 20:00:00,290.03549534120987
2020-04-19 21:00:00,284.47443621221953
2020-04-19 22:00:00,279.74062859483115
2020-04-19 23:00:00,275.69589574954523
2020-04-20 00:00:00,272.2292858878737
2020-04-20 01:00:00,269.1583150423079
2020-04-20 02:00:00,266.48756325745023
2020-04-20 03:00:00,264.16061864687265
2020-04-20 04:00:00,262.13006076791345
2020-04-20 05:00:00,260.3557746820673
2020-04-20 06:00:00,258.80364132608696
2020-04-20 07:00:00,260.03558821987446
2020-04-20 08:00:00,263.7008675133474
2020-04-20 09:00:00,269.29228709558646
2020-04-20 10:00:00,276.19144016813306
2020-04-20 11:00:00,283.70626936804166
2020-04-20 12:00:00,291.1197161706798
2020-04-20 13:00:00,297.7444344019782
2020-04-20 14:00:00,302.9768188629145
2020-04-20 15:00:00,306.3428924783334
2020-04-20 16:00:00,307.5297736360437
2020-04-20 17:00:00,306.39957050954257
2020-04-20 18:00:00,302.9865451904151
2020-04-20 19:00:00,297.4815771081265
2020-04-20 20:00:00,290.9056102654409
2020-04-20 21:00:00,285.28105845759404
2020-04-20 22:00:00,280.4480056044623
2020-04-20 23:00:00,276.27930520373053
2020-04-21 00:00:00,272.6723267034549
2020-04-21 01:00:00,269.60916085424174
2020-04-21 02:00:00,266.9655357821895
2020-04-21 03:00:00,264.67979045415996
2020-04-21 04:00:00,262.7004024031965
2020-04-21 05:00:00,260.9840465236468
2020-04-21 06:00:00,259.54524917192947
2020-04-21 07:00:00,260.9021402743079
2020-04-21 08:00:00,264.66440940147163
2020-04-21 09:00:00,270.31184476911596
2020-04-21 10:00:00,277.2182071962205
2020-04-21 11:00:00,284.6892552199191
2020-04-21 12:00:00,292.0114785890429
2020-04-21 13:00:00,298.5063299852281
2020-04-21 14:00:00,303.5831277608475
2020-04-21 15:00:00,306.7832811524409
2020-04-21 16:00:00,307.80986306093155
2020-04-21 17:00:00,306.5397763228924
2020-04-21 18:00:00,303.0196821302805
2020-04-21 19:00:00,297.44983888751835
2020-04-21 20:00:00,290.7862152295014
2020-04-21 21:00:00,285.1289298991911
2020-04-21 22:00:00,280.3034063583523
2020-04-21 23:00:00,276.1715917823311
2020-04-22 00:00:00,272.6226173181996
2020-04-22 01:00:00,269.48158272357017
2020-04-22 02:00:00,266.744954828001
2020-04-22 03:00:00,264.35619354611777
2020-04-22 04:00:00,262.2677444121853
2020-04-22 05:00:00,260.439350974334
2020-04-22 06:00:00,258.9576536667152
2020-04-22 07:00:00,260.26144681441673
2020-04-22 08:00:00,263.98537376675813
2020-04-22 09:00:00,269.6282314674195
2020-04-22 10:00:00,276.57624915301244
2020-04-22 11:00:00,284.14062074912397
2020-04-22 12:00:00,291.60615932493624
2020-04-22 13:00:00,298.2861079149472
2020-04-22 14:00:00,303.57637819840113
2020-04-22 15:00:00,307.0017385523655
2020-04-22 16:00:00,308.24761411340523
2020-04-22 17:00:00,307.17427295243203
2020-04-22 18:00:00,303.8141874904328
2020-04-22 19:00:00,298.3565887421539
2020-04-22 20:00:00,291.67910339759686
2020-04-22 21:00:00,285.95952495887514
2020-04-22 22:00:00,281.03731016942015
2020-04-22 23:00:00,276.78488225481817
2020-04-23 00:00:00,273.0992936386261
2020-04-23 01:00:00,269.84925666202093
2020-04-23 02:00:00,267.0029577734014
2020-04-23 03:00:00,264.50540391189537
2020-04-23 04:00:00,262.31022184273576
2020-04-23 05:00:00,260.37804514050185
2020-04-23 06:00:00,258.86527436782467
2020-04-23 07:00:00,260.1311876809979
2020-04-23 08:00:00,263.82465568821647
2020-04-23 09:00:00,269.45563163884174
2020-04-23 10:00:00,276.41799320410007
2020-04-23 11:00:00,284.0266973996339
2020-04-23 12:00:00,291.5662917871135
2020-04-23 13:00:00,298.3459600965423
2020-04-23 14:00:00,303.75444124991117
2020-04-23 15:00:00,307.3072833249315
2020-04-23 16:00:00,308.6798978218281
2020-04-23 17:00:00,307.72291714277463
2020-04-23 18:00:00,304.4604140150772
2020-04-23 19:00:00,299.0749074533827
2020-04-23 20:00:00,292.36913454576785
2020-04-23 21:00:00,286.5965485563296
2020-04-23 22:00:00,281.6036798921509
2020-04-23 23:00:00,277.26828998414067
2020-04-24 00:00:00,273.4915119955617
2020-04-24 01:00:00,270.17525547592396
2020-04-24 02:00:00,267.26567496944307
2020-04-24 03:00:00,264.7078360685357
2020-04-24 04:00:00,262.4553917175313
2020-04-24 05:00:00,260.4689726889975
2020-04-24 06:00:00,258.9733821103914
2020-04-24 07:00:00,260.24842758419334
2020-04-24 08:00:00,263.94878913075803
2020-04-24 09:00:00,269.5891352074191
2020-04-24 10:00:00,276.5668256442673
2020-04-24 11:00:00,284.1989312173312
2020-04-24 12:00:00,291.770681490247
2020-04-24 13:00:00,298.59057330841006
2020-04-24 14:00:00,304.04550466108384
2020-04-24 15:00:00,307.6483764898575
2020-04-24 16:00:00,309.0715615816505
2020-04-24 17:00:00,308.16265173803595
2020-04-24 18:00:00,304.9429637793988
2020-04-24 19:00:00,299.5926974665248
2020-04-24 20:00:00,292.8434306312753
2020-04-24 21:00:00,287.0235163842227
2020-04-24 22:00:00,281.980935807769
2020-04-24 23:00:00,277.59457072044194
2020-04-25 00:00:00,273.7664246194954
2020-04-25 01:00:00,270.2418840908552
2020-04-25 02:00:00,267.0833746213993
2020-04-25 03:00:00,264.2469806233175
2020-04-25 04:00:00,261.6952079103342
2020-04-25 05:00:00,259.3958205352964
2020-04-25 06:00:00,257.6471093516566
2020-04-25 07:00:00,258.6608645313158
2020-04-25 08:00:00,262.14670984627094
2020-04-25 09:00:00,267.6634219240883
2020-04-25 10:00:00,274.6392983801729
2020-04-25 11:00:00,282.40708040808335
2020-04-25 12:00:00,290.25122286453006
2020-04-25 13:00:00,297.463380916357
2020-04-25 14:00:00,303.39987326412677
2020-04-25 15:00:00,307.5334593286848
2020-04-25 16:00:00,309.49210123239783
2020-04-25 17:00:00,309.0799638634062
2020-04-25 18:00:00,306.2800223582004
2020-04-25 19:00:00,301.24158452247815
2020-04-25 20:00:00,294.60489415018475
2020-04-25 21:00:00,288.76442159945043
2020-04-25 22:00:00,283.60040321070096
2020-04-25 23:00:00,279.01633489773474
2020-04-26 00:00:00,274.933316940662
2020-04-26 01:00:00,271.3973093642904
2020-04-26 02:00:00,268.2796361293945
2020-04-26 03:00:00,265.52495437012936
2020-04-26 04:00:00,263.08654301456494
2020-04-26 05:00:00,260.92467249645483
2020-04-26 06:00:00,259.3985396997823
2020-04-26 07:00:00,260.63219705799054
2020-04-26 08:00:00,264.2950625940969
2020-04-26 09:00:00,269.9138343987452
2020-04-26 10:00:00,276.89464308396384
2020-04-26 11:00:00,284.5595762456326
2020-04-26 12:00:00,292.1948631835003
2020-04-26 13:00:00,299.1061016717693
2020-04-26 14:00:00,304.6739693817247
2020-04-26 15:00:00,308.402816050104
2020-04-26 16:00:00,309.9553488979762
2020-04-26 17:00:00,309.1695522226869
2020-04-26 18:00:00,306.0580806508268
2020-04-26 19:00:00,300.79390946589723
2020-04-26 20:00:00,293.96641216567593
2020-04-26 21:00:00,288.0496976560324
2020-04-26 22:00:00,282.8972884339717
2020-04-26 23:00:00,278.3923183982617
2020-04-27 00:00:00,274.4400917459225
2020-04-27 01:00:00,271.1412746625357
2020-04-27 02:00:00,268.30078030861347
2020-04-27 03:00:00,265.85002149648477
2020-04-27 04:00:00,263.731949432702
2020-04-27 05:00:00,261.89878388076227
2020-04-27 06:00:00,260.76974400021766
2020-04-27 07:00:00,262.3769818477522
2020-04-27 08:00:00,266.333569373855
2020-04-27 09:00:00,272.12334112928727
2020-04-27 10:00:00,279.12529356772984
2020-04-27 11:00:00,286.65188613753503
2020-04-27 12:00:00,293.9978057733602
2020-04-27 13:00:00,300.49396047283517
2020-04-27 14:00:00,305.5598674006668
2020-04-27 15:00:00,308.74714167428414
2020-04-27 16:00:00,309.7682417564641
2020-04-27 17:00:00,308.5078882329616
2020-04-27 18:00:00,305.01846660234884
2020-04-27 19:00:00,299.50361996398897
2020-04-27 20:00:00,292.50670023830844
2020-04-27 21:00:00,286.5825201006153
2020-04-27 22:00:00,281.5414945871661
2020-04-27 23:00:00,277.23456337050385
2020-04-28 00:00:00,273.54259507540263
2020-04-28 01:00:00,270.39366782899424
2020-04-28 02:00:00,267.68895204832995
2020-04-28 03:00:00,265.3613509449047
2020-04-28 04:00:00,263.3550701403908
2020-04-28 05:00:00,261.6234080024468
2020-04-28 06:00:00,260.65204156474294
2020-04-28 07:00:00,262.3948503254098
2020-04-28 08:00:00,266.4609454844885
2020-04-28 09:00:00,272.33149568556524
2020-04-28 10:00:00,279.38456287695715
2020-04-28 11:00:00,286.9336888071748
2020-04-28 12:00:00,294.27673409103625
2020-04-28 13:00:00,300.74968258621664
2020-04-28 14:00:00,305.77856415413004
2020-04-28 15:00:00,308.92226161948173
2020-04-28 16:00:00,309.9004909084586
2020-04-28 17:00:00,308.60453477875683
2020-04-28 18:00:00,305.0921674446066
2020-04-28 19:00:00,299.57101628983304
2020-04-28 20:00:00,292.52053243984534
2020-04-28 21:00:00,286.5695185692903
2020-04-28 22:00:00,281.5211290247187
2020-04-28 23:00:00,277.2209756810375
2020-04-29 00:00:00,273.54595052750295
2020-04-29 01:00:00,270.14873175664997
2020-04-29 02:00:00,267.14146925044747
2020-04-29 03:00:00,264.4740189496977
2020-04-29 04:00:00,262.1038471458403
2020-04-29 05:00:00,259.9946259147116
2020-04-29 06:00:00,258.7048551864992
2020-04-29 07:00:00,260.1336520836957
2020-04-29 08:00:00,263.9636470791625
2020-04-29 09:00:00,269.7323172024369
2020-04-29 10:00:00,276.8542019956478
2020-04-29 11:00:00,284.6573748328656
2020-04-29 12:00:00,292.43161162311833
2020-04-29 13:00:00,299.48375544096916
2020-04-29 14:00:00,305.19377852619607
2020-04-29 15:00:00,309.0639157639613
2020-04-29 16:00:00,310.75397950323065
2020-04-29 17:00:00,310.0988525587043
2020-04-29 18:00:00,307.10827876735476
2020-04-29 19:00:00,301.9526918822414
2020-04-29 20:00:00,295.0199705184902
2020-04-29 21:00:00,288.9980676209794
2020-04-29 22:00:00,283.7412910976365
2020-04-29 23:00:00,279.1334489673011
2020-04-30 00:00:00,275.08041118655154
2020-04-30 01:00:00,271.5973235547729
2020-04-30 02:00:00,268.5576510785042
2020-04-30 03:00:00,265.899343757926
2020-04-30 04:00:00,263.57037151954563
2020-04-30 05:00:00,261.5267892611462
2020-04-30 06:00:00,260.3848866323345
2020-04-30 07:00:00,261.9561716595477
2020-04-30 08:00:00,265.8898450129907
2020-04-30 09:00:00,271.69767319060446
2020-04-30 10:00:00,278.7774958754625
2020-04-30 11:00:00,286.4507777115347
2020-04-30 12:00:00,294.01121236249844
2020-04-30 13:00:00,300.7794907686261
2020-04-30 14:00:00,306.15753262453586
2020-04-30 15:00:00,309.67469531733434
2020-04-30 16:00:00,311.01960018440684
2020-04-30 17:00:00,310.05433111701507
2020-04-30 18:00:00,306.81179211089466
2020-04-30 19:00:00,301.48025828830856
2020-04-30 20:00:00,294.39498330549003
2020-04-30 21:00:00,288.3206136681028
2020-04-30 22:00:00,283.08635177882684
2020-04-30 23:00:00,278.55714696159646
2020-05-01 00:00:00,274.62444852076965
2020-05-01 01:00:00,271.11891912056444
2020-05-01 02:00:00,268.0248739620676
2020-05-01 03:00:00,265.28826488101294
2020-05-01 04:00:00,262.8634106949256
2020-05-01 05:00:00,260.7114240614343
2020-05-01 06:00:00,259.51572618431766
2020-05-01 07:00:00,261.0239199398832
2020-05-01 08:00:00,264.91370894503405
2020-05-01 09:00:00,270.71915460757856
2020-05-01 10:00:00,277.8532046711087
2020-05-01 11:00:00,285.6444002036759
2020-05-01 12:00:00,293.3851300280885
2020-05-01 13:00:00,300.3868552971056
2020-05-01 14:00:00,306.03575939943414
2020-05-01 15:00:00,309.84122092993886
2020-05-01 16:00:00,311.47033088148004
2020-05-01 17:00:00,310.7646198740011
2020-05-01 18:00:00,307.73927148363686
2020-05-01 19:00:00,302.56863996950824
2020-05-01 20:00:00,295.5634493744808
2020-05-01 21:00:00,289.44602882914336
2020-05-01 22:00:00,284.12016886086604
2020-05-01 23:00:00,279.463877073934
2020-05-02 00:00:00,275.3785990889137
2020-05-02 01:00:00,271.96037760055316
2020-05-02 02:00:00,269.0242234761175
2020-05-02 03:00:00,266.4968662535679
2020-05-02 04:00:00,264.31756285651204
2020-05-02 05:00:00,262.43559209069963
2020-05-02 06:00:00,261.58732031185326
2020-05-02 07:00:00,263.4213437714008
2020-05-02 08:00:00,267.5525707422399
2020-05-02 09:00:00,273.46764369057865
2020-05-02 10:00:00,280.54985301331493
2020-05-02 11:00:00,288.1176997791266
2020-05-02 12:00:00,295.47365559281343
2020-05-02 13:00:00,301.95785800888416
2020-05-02 14:00:00,306.99991076437965
2020-05-02 15:00:00,310.1615700709172
2020-05-02 16:00:00,311.16462353872885
2020-05-02 17:00:00,309.90155841790295
2020-05-02 18:00:00,306.4304656553586
2020-05-02 19:00:00,300.9584259541685
2020-05-02 20:00:00,293.81838023279334
2020-05-02 21:00:00,287.6783721747184
2020-05-02 22:00:00,282.4682267716896
2020-05-02 23:00:00,278.02835977186317
2020-05-03 00:00:00,274.23179029687105
2020-05-03 01:00:00,270.8847750272543
2020-05-03 02:00:00,267.972820947942
2020-05-03 03:00:00,265.4342551696571
2020-05-03 04:00:00,263.21739517907235
2020-05-03 05:00:00,261.27862845148775
2020-05-03 06:00:00,260.4212840576815
2020-05-03 07:00:00,262.2342527823993
2020-05-03 08:00:00,266.3635331741704
2020-05-03 09:00:00,272.319107688793
2020-05-03 10:00:00,279.4991409901661
2020-05-03 11:00:00,287.2279900121998
2020-05-03 12:00:00,294.8049696831075
2020-05-03 13:00:00,301.55891558497166
2020-05-03 14:00:00,306.90181415907847
2020-05-03 15:00:00,310.3740803793962
2020-05-03 16:00:00,311.67529708527513
2020-05-03 17:00:00,310.6774040752619
2020-05-03 18:00:00,307.4213206606308
2020-05-03 19:00:00,302.1011178837812
2020-05-03 20:00:00,295.0409453634779
2020-05-03 21:00:00,288.83819065383005
2020-05-03 22:00:00,283.5150318694731
2020-05-03 23:00:00,278.9271143334058
2020-05-04 00:00:00,274.95887909157545
2020-05-04 01:00:00,271.36487161768156
2020-05-04 02:00:00,268.17149355729697
2020-05-04 03:00:00,265.3279743635413
2020-05-04 04:00:00,262.79125770955164
2020-05-04 05:00:00,260.52456269290803
2020-05-04 06:00:00,259.3971019818685
2020-05-04 07:00:00,260.94778708871934
2020-05-04 08:00:00,264.8737034724045
2020-05-04 09:00:00,270.72490207502443
2020-05-04 10:00:00,277.92633101681633
2020-05-04 11:00:00,285.8139546072714
2020-05-04 12:00:00,293.68266214068126
2020-05-04 13:00:00,300.8415922951167
2020-05-04 14:00:00,306.670443990857
2020-05-04 15:00:00,310.6691304351045
2020-05-04 16:00:00,312.49377542930796
2020-05-04 17:00:00,311.9748815798748
2020-05-04 18:00:00,309.11763789649285
2020-05-04 19:00:00,304.0880372349723
2020-05-04 20:00:00,297.19023448328613
2020-05-04 21:00:00,290.9443632269847
2020-05-04 22:00:00,285.47515079660354
2020-05-04 23:00:00,280.6652360313701
2020-05-05 00:00:00,276.41970450293485
2020-05-05 01:00:00,272.6946485685022
2020-05-05 02:00:00,269.4070130942045
2020-05-05 03:00:00,266.4988678156444
2020-05-05 04:00:00,263.9214009120341
2020-05-05 05:00:00,261.63316717573764
2020-05-05 06:00:00,260.55914434077806
2020-05-05 07:00:00,262.16007481851915
2020-05-05 08:00:00,266.1179968246091
2020-05-05 09:00:00,271.97136722718676
2020-05-05 10:00:00,279.13760744665393
2020-05-05 11:00:00,286.94974923922473
2020-05-05 12:00:00,294.7045838674629
2020-05-05 13:00:00,301.7177540739604
2020-05-05 14:00:00,307.37925153739474
2020-05-05 15:00:00,311.20172625831384
2020-05-05 16:00:00,312.8548454896794
2020-05-05 17:00:00,312.18189037444535
2020-05-05 18:00:00,309.19888605070906
2020-05-05 19:00:00,304.0800927224991
2020-05-05 20:00:00,297.1352327545388
2020-05-05 21:00:00,290.82345771874424
2020-05-05 22:00:00,285.32870274991967
2020-05-05 23:00:00,280.52417956694023
2020-05-06 00:00:00,276.3077474626898
2020-05-06 01:00:00,272.6486352246787
2020-05-06 02:00:00,269.4478366226047
2020-05-06 03:00:00,266.6416956249396
2020-05-06 04:00:00,264.17686492524183
2020-05-06 05:00:00,262.00829447113966
2020-05-06 06:00:00,261.11673046959476
2020-05-06 07:00:00,262.8834814252954
2020-05-06 08:00:00,266.9706924529352
2020-05-06 09:00:00,272.9015479741378
2020-05-06 10:00:00,280.08384746898747
2020-05-06 11:00:00,287.84747264597974
2020-05-06 12:00:00,295.4928830788054
2020-05-06 13:00:00,302.3458391023233
2020-05-06 14:00:00,307.8116938041575
2020-05-06 15:00:00,311.42176510333724
2020-05-06 16:00:00,312.86538533653663
2020-05-06 17:00:00,312.00432255440387
2020-05-06 18:00:00,308.87031003801695
2020-05-06 19:00:00,303.6497022120869
2020-05-06 20:00:00,296.66053131317085
2020-05-06 21:00:00,290.30359261534255
2020-05-06 22:00:00,284.8174744029521
2020-05-06 23:00:00,280.0618957872368
2020-05-07 00:00:00,275.9244364236162
2020-05-07 01:00:00,272.26774517148425
2020-05-07 02:00:00,269.044511357344
2020-05-07 03:00:00,266.19705853603443
2020-05-07 04:00:00,263.6767852567994
2020-05-07 05:00:00,261.4424276701911
2020-05-07 06:00:00,260.53544496654655
2020-05-07 07:00:00,262.2786360292715
2020-05-07 08:00:00,266.35317329059274
2020-05-07 09:00:00,272.29719726169554
2020-05-07 10:00:00,279.5287271234217
2020-05-07 11:00:00,287.3825531705827
2020-05-07 12:00:00,295.15849035223596
2020-05-07 13:00:00,302.1763997231677
2020-05-07 14:00:00,307.83142217729005
2020-05-07 15:00:00,311.64185404561994
2020-05-07 16:00:00,313.2829790455883
2020-05-07 17:00:00,312.6031566375824
2020-05-07 18:00:00,309.62256507101085
2020-05-07 19:00:00,304.51847751252683
2020-05-07 20:00:00,297.6024332474432
2020-05-07 21:00:00,291.2090162565324
2020-05-07 22:00:00,285.6537985802955
2020-05-07 23:00:00,280.80531381978676
2020-05-08 00:00:00,276.5578797809263
2020-05-08 01:00:00,272.8768238053578
2020-05-08 02:00:00,269.6628630083681
2020-05-08 03:00:00,266.8504073833519
2020-05-08 04:00:00,264.3845792529122
2020-05-08 05:00:00,262.2191092324429
2020-05-08 06:00:00,261.44815995881345
2020-05-08 07:00:00,263.31494059474676
2020-05-08 08:00:00,267.4796317861527
2020-05-08 09:00:00,273.46442132554245
2020-05-08 10:00:00,280.67737085406384
2020-05-08 11:00:00,288.45006543148565
2020-05-08 12:00:00,296.0861431127888
2020-05-08 13:00:00,302.91586288400487
2020-05-08 14:00:00,308.3500379731772
2020-05-08 15:00:00,311.9258833508208
2020-05-08 16:00:00,313.3384712061999
2020-05-08 17:00:00,312.45461445763897
2020-05-08 18:00:00,309.31001811508645
2020-05-08 19:00:00,304.09375555507637
2020-05-08 20:00:00,297.12531358542765
2020-05-08 21:00:00,290.6824509626057
2020-05-08 22:00:00,285.13364453623564
2020-05-08 23:00:00,280.3332759229062
2020-05-09 00:00:00,276.164915294767
2020-05-09 01:00:00,272.4866351018763
2020-05-09 02:00:00,269.2487256081102
2020-05-09 03:00:00,266.39209727042953
2020-05-09 04:00:00,263.867019489453
2020-05-09 05:00:00,261.6313192081302
2020-05-09 06:00:00,260.8381452401684
2020-05-09 07:00:00,262.67581205806664
2020-05-09 08:00:00,266.8244888410748
2020-05-09 09:00:00,272.8219949117994
2020-05-09 10:00:00,280.0869548658419
2020-05-09 11:00:00,287.9558455326956
2020-05-09 12:00:00,295.73128794711977
2020-05-09 13:00:00,302.73696059424867
2020-05-09 14:00:00,308.37256366390244
2020-05-09 15:00:00,312.1612882454156
2020-05-09 16:00:00,313.78317648374303
2020-05-09 17:00:00,313.0907718725275
2020-05-09 18:00:00,310.1075442325859
2020-05-09 19:00:00,305.0130055660718
2020-05-09 20:00:00,298.11986059161825
2020-05-09 21:00:00,291.6415115921875
2020-05-09 22:00:00,286.0213544340613
2020-05-09 23:00:00,281.1235355686852
2020-05-10 00:00:00,276.8390660904104
2020-05-10 01:00:00,273.10934899048556
2020-05-10 02:00:00,269.84579296334437
2020-05-10 03:00:00,266.98361498626474
2020-05-10 04:00:00,264.46856167733125
2020-05-10 05:00:00,262.25484292618205
2020-05-10 06:00:00,261.54740477952333
2020-05-10 07:00:00,263.46107916423597
2020-05-10 08:00:00,267.66332949576844
2020-05-10 09:00:00,273.682437058268
2020-05-10 10:00:00,280.93124473549284
2020-05-10 11:00:00,288.74466201865107
2020-05-10 12:00:00,296.428110587154
2020-05-10 13:00:00,303.31213313343625
2020-05-10 14:00:00,308.80652394529085
2020-05-10 15:00:00,312.4465127231333
2020-05-10 16:00:00,313.92462799788507
2020-05-10 17:00:00,313.1049664513589
2020-05-10 18:00:00,310.02062852661135
2020-05-10 19:00:00,304.8583460075888
2020-05-10 20:00:00,297.93556868649176
2020-05-10 21:00:00,291.40899480714546
2020-05-10 22:00:00,285.77800900383886
2020-05-10 23:00:00,280.897431359777
2020-05-11 00:00:00,276.6512029599718
2020-05-11 01:00:00,272.84286206842233
2020-05-11 02:00:00,269.4486461928508
2020-05-11 03:00:00,266.41655369043673
2020-05-11 04:00:00,263.702533634607
2020-05-11 05:00:00,261.2689818765364
2020-05-11 06:00:00,260.3811046492323
2020-05-11 07:00:00,262.1170141294817
2020-05-11 08:00:00,266.18786916646906
2020-05-11 09:00:00,272.1565390169493
2020-05-11 10:00:00,279.45933192074
2020-05-11 11:00:00,287.4417863830557
2020-05-11 12:00:00,295.40627461993677
2020-05-11 13:00:00,302.6671583986221
2020-05-11 14:00:00,308.6071352553738
2020-05-11 15:00:00,312.727134338173
2020-05-11 16:00:00,314.68269509749155
2020-05-11 17:00:00,314.3025483268215
2020-05-11 18:00:00,311.5892608051236
2020-05-11 19:00:00,306.70555904614497
2020-05-11 20:00:00,299.95177851945147
2020-05-11 21:00:00,293.415888326056
2020-05-11 22:00:00,287.6803470585564
2020-05-11 23:00:00,282.62392494666744
2020-05-12 00:00:00,278.1489067798623
2020-05-12 01:00:00,274.2446806215033
2020-05-12 02:00:00,270.82405937752225
2020-05-12 03:00:00,267.8199230782178
2020-05-12 04:00:00,265.17614077162216
2020-05-12 05:00:00,262.8453862737936
2020-05-12 06:00:00,262.1376213161929
2020-05-12 07:00:00,264.04240822475475
2020-05-12 08:00:00,268.2322599917608
2020-05-12 09:00:00,274.2399362467381
2020-05-12 10:00:00,281.4819696285098
2020-05-12 11:00:00,289.29596072746165
2020-05-12 12:00:00,296.98887643776465
2020-05-12 13:00:00,303.89162040182265
2020-05-12 14:00:00,309.41325910904067
2020-05-12 15:00:00,313.08742575100314
2020-05-12 16:00:00,314.60448038630733
2020-05-12 17:00:00,313.82608111875334
2020-05-12 18:00:00,310.7828609107632
2020-05-12 19:00:00,305.65920339358905
2020-05-12 20:00:00,298.77039475629937
2020-05-12 21:00:00,292.1560519504594
2020-05-12 22:00:00,286.44072820951374
2020-05-12 23:00:00,281.479171601619
2020-05-13 00:00:00,277.15531467396494
2020-05-13 01:00:00,273.3840719369591
2020-05-13 02:00:00,270.0837760645591
2020-05-13 03:00:00,267.1889356956273
2020-05-13 04:00:00,264.64472948176615
2020-05-13 05:00:00,262.4049048606372
2020-05-13 06:00:00,261.83187151911613
2020-05-13 07:00:00,263.8527732170627
2020-05-13 08:00:00,268.1386390512927
2020-05-13 09:00:00,274.221251730678
2020-05-13 10:00:00,281.5170190825382
2020-05-13 11:00:00,289.36450870420674
2020-05-13 12:00:00,297.0728509743451
2020-05-13 13:00:00,303.9762478638385
2020-05-13 14:00:00,309.4879587811578
2020-05-13 15:00:00,313.1463141188017
2020-05-13 16:00:00,314.64641086961143
2020-05-13 17:00:00,313.85424688081036
2020-05-13 18:00:00,310.80407537300636
2020-05-13 19:00:00,305.683010240523
2020-05-13 20:00:00,298.80813981426456
2020-05-13 21:00:00,292.16406617335235
2020-05-13 22:00:00,286.43345859856436
2020-05-13 23:00:00,281.4675227343543
2020-05-14 00:00:00,277.14752189159015
2020-05-14 01:00:00,273.40796856136274
2020-05-14 02:00:00,270.15504335818474
2020-05-14 03:00:00,267.3189092160124
2020-05-14 04:00:00,264.8413370428195
2020-05-14 05:00:00,262.67339313804007
2020-05-14 06:00:00,262.22584080713636
2020-05-14 07:00:00,264.35619008718857
2020-05-14 08:00:00,268.7232374057046
2020-05-14 09:00:00,274.8497285880746
2020-05-14 10:00:00,282.1468861801104
2020-05-14 11:00:00,289.9524243819578
2020-05-14 12:00:00,297.57908509701167
2020-05-14 13:00:00,304.36878672137317
2020-05-14 14:00:00,309.74570218884816
2020-05-14 15:00:00,313.26091741329185
2020-05-14 16:00:00,314.62258577191943
2020-05-14 17:00:00,313.7086714747812
2020-05-14 18:00:00,310.5633329403974
2020-05-14 19:00:00,305.38106975206324
2020-05-14 20:00:00,298.4837977577797
2020-05-14 21:00:00,291.80376296498457
2020-05-14 22:00:00,286.0756630449665
2020-05-14 23:00:00,281.14063997958016
2020-05-15 00:00:00,276.8723836832051
2020-05-15 01:00:00,273.1255066095946
2020-05-15 02:00:00,269.83906478022396
2020-05-15 03:00:00,266.94987399077576
2020-05-15 04:00:00,264.40494147322846
2020-05-15 05:00:00,262.1594742742482
2020-05-15 06:00:00,261.67687697017277
2020-05-15 07:00:00,263.7692699687913
2020-05-15 08:00:00,268.1148621145717
2020-05-15 09:00:00,274.25142073660874
2020-05-15 10:00:00,281.6000670313682
2020-05-15 11:00:00,289.5027000679098
2020-05-15 12:00:00,297.270335207896
2020-05-15 13:00:00,304.2376582088816
2020-05-15 14:00:00,309.81719863646913
2020-05-15 15:00:00,313.5456587559492
2020-05-15 16:00:00,315.1159896890606
2020-05-15 17:00:00,314.3918834041152
2020-05-15 18:00:00,311.4053874852248
2020-05-15 19:00:00,306.3416439077115
2020-05-15 20:00:00,299.51603185181693
2020-05-15 21:00:00,292.8032109878661
2020-05-15 22:00:00,287.00400804023246
2020-05-15 23:00:00,281.97023115998536
2020-05-16 00:00:00,277.58363906366395
2020-05-16 01:00:00,273.72853178390017
2020-05-16 02:00:00,270.33446239056286
2020-05-16 03:00:00,267.33923446014285
2020-05-16 04:00:00,264.69062421541014
2020-05-16 05:00:00,262.34442946544266
2020-05-16 06:00:00,261.812735684555
2020-05-16 07:00:00,263.8561691702071
2020-05-16 08:00:00,268.16227527419403
2020-05-16 09:00:00,274.27634707332714
2020-05-16 10:00:00,281.62474913898245
2020-05-16 11:00:00,289.5519457852245
2020-05-16 12:00:00,297.3686399853197
2020-05-16 13:00:00,304.4064299995822
2020-05-16 14:00:00,310.0724395248106
2020-05-16 15:00:00,313.89641380873144
2020-05-16 16:00:00,315.5637235921231
2020-05-16 17:00:00,314.93073596862246
2020-05-16 18:00:00,312.0230777623308
2020-05-16 19:00:00,307.02071510361714
2020-05-16 20:00:00,300.2351720275274
2020-05-16 21:00:00,293.48600326541475
2020-05-16 22:00:00,287.6337799497448
2020-05-16 23:00:00,282.53495044200025
2020-05-17 00:00:00,278.07482206093897
2020-05-17 01:00:00,274.09032351918785
2020-05-17 02:00:00,270.5266758240216
2020-05-17 03:00:00,267.3316894754941
2020-05-17 04:00:00,264.4611753072342
2020-05-17 05:00:00,261.87741716500807
2020-05-17 06:00:00,261.1448499307668
2020-05-17 07:00:00,262.99569833428995
2020-05-17 08:00:00,267.15438283298903
2020-05-17 09:00:00,273.1958065483612
2020-05-17 10:00:00,280.5667145730171
2020-05-17 11:00:00,288.6210393981089
2020-05-17 12:00:00,296.66712655453784
2020-05-17 13:00:00,304.0227056524349
2020-05-17 14:00:00,310.0713259319809
2020-05-17 15:00:00,314.3126217395545
2020-05-17 16:00:00,316.3992574654495
2020-05-17 17:00:00,316.1561224663444
2020-05-17 18:00:00,313.58148544586834
2020-05-17 19:00:00,308.8336360090279
2020-05-17 20:00:00,302.20846644607633
2020-05-17 21:00:00,295.46428441516497
2020-05-17 22:00:00,289.529541169127
2020-05-17 23:00:00,284.28191144487016
2020-05-18 00:00:00,279.6229944876001
2020-05-18 01:00:00,275.45247354459036
2020-05-18 02:00:00,271.7013326274897
2020-05-18 03:00:00,268.3187659216551
2020-05-18 04:00:00,265.261738039076
2020-05-18 05:00:00,262.4934929267326
2020-05-18 06:00:00,261.6251999605214
2020-05-18 07:00:00,263.34513021276075
2020-05-18 08:00:00,267.3919959665431
2020-05-18 09:00:00,273.35278775549534
2020-05-18 10:00:00,280.68317479595106
2020-05-18 11:00:00,288.74199695098366
2020-05-18 12:00:00,296.8379281428779
2020-05-18 13:00:00,304.2843635501588
2020-05-18 14:00:00,310.4563771404537
2020-05-18 15:00:00,314.8421006603242
2020-05-18 16:00:00,317.0811712779986
2020-05-18 17:00:00,316.985474734705
2020-05-18 18:00:00,314.5415463280356
2020-05-18 19:00:00,309.89795655038176
2020-05-18 20:00:00,303.34314529780534
2020-05-18 21:00:00,296.5800679718783
2020-05-18 22:00:00,290.59389842391073
2020-05-18 23:00:00,285.26966310351804
2020-05-19 00:00:00,280.5146837587015
2020-05-19 01:00:00,276.2619903678204
2020-05-19 02:00:00,272.45419472632926
2020-05-19 03:00:00,269.0357828868953
2020-05-19 04:00:00,265.95991530416654
2020-05-19 05:00:00,263.18673147079943
2020-05-19 06:00:00,262.3696114117295
2020-05-19 07:00:00,264.1357280478922
2020-05-19 08:00:00,268.2140657674397
2020-05-19 09:00:00,274.1839115390901
2020-05-19 10:00:00,281.49578166433173
2020-05-19 11:00:00,289.5063761805228
2020-05-19 12:00:00,297.5255090999603
2020-05-19 13:00:00,304.87093263237807
2020-05-19 14:00:00,310.9248119674883
2020-05-19 15:00:00,315.1842171863199
2020-05-19 16:00:00,317.2984328383074
2020-05-19 17:00:00,317.0885655158043
2020-05-19 18:00:00,314.54906165802015
2020-05-19 19:00:00,309.83459997293204
2020-05-19 20:00:00,303.23780411301266
2020-05-19 21:00:00,296.4151377796684
2020-05-19 22:00:00,290.39984161665626
2020-05-19 23:00:00,285.07036998989804
2020-05-20 00:00:00,280.3289929187963
2020-05-20 01:00:00,276.1276862956601
2020-05-20 02:00:00,272.4154209101674
2020-05-20 03:00:00,269.1266924647055
2020-05-20 04:00:00,266.2066360258937
2020-05-20 05:00:00,263.60889493783725
2020-05-20 06:00:00,263.0251370645224
2020-05-20 07:00:00,265.0059053900726
2020-05-20 08:00:00,269.25051473710533
2020-05-20 09:00:00,275.3146088315618
2020-05-20 10:00:00,282.6328265059387
2020-05-20 11:00:00,290.55522600711583
2020-05-20 12:00:00,298.3950129048602
2020-05-20 13:00:00,305.48310315938966
2020-05-20 14:00:00,311.22304982639014
2020-05-20 15:00:00,315.1388021095422
2020-05-20 16:00:00,316.90860097694485
2020-05-20 17:00:00,316.38125794176506
2020-05-20 18:00:00,313.5751422275201
2020-05-20 19:00:00,308.6636961767948
2020-05-20 20:00:00,301.9528240448079
2020-05-20 21:00:00,295.05948753343785
2020-05-20 22:00:00,289.05755646165073
2020-05-20 23:00:00,283.80592990601895
2020-05-21 00:00:00,279.19188846544586
2020-05-21 01:00:00,275.12888048589633
2020-05-21 02:00:00,271.5414858574066
2020-05-21 03:00:00,268.3660731066169
2020-05-21 04:00:00,265.5492661638288
2020-05-21 05:00:00,263.04591253230836
2020-05-21 06:00:00,262.59103967478256
2020-05-21 07:00:00,264.68385212312074
2020-05-21 08:00:00,269.02273440359096
2020-05-21 09:00:00,275.16269442598207
2020-05-21 10:00:00,282.53834049019207
2020-05-21 11:00:00,290.5005278191822
2020-05-21 12:00:00,298.36419831820695
2020-05-21 13:00:00,305.462920500237
2020-05-21 14:00:00,311.20364622020435
2020-05-21 15:00:00,315.1141719993634
2020-05-21 16:00:00,316.8766664296409
2020-05-21 17:00:00,316.3435913734615
2020-05-21 18:00:00,313.5364153153919
2020-05-21 19:00:00,308.6309742027331
2020-05-21 20:00:00,301.9348144158996
2020-05-21 21:00:00,295.019470334232
2020-05-21 22:00:00,289.00714487038874
2020-05-21 23:00:00,283.75398709456255
2020-05-22 00:00:00,279.14519518670727
2020-05-22 01:00:00,275.1507279805858
2020-05-22 02:00:00,271.68912398613423
2020-05-22 03:00:00,268.68181442376044
2020-05-22 04:00:00,266.0636791146381
2020-05-22 05:00:00,263.78028404029436
2020-05-22 06:00:00,263.6004508602847
2020-05-22 07:00:00,265.93801160891155
2020-05-22 08:00:00,270.45192668004574
2020-05-22 09:00:00,276.6673045928531
2020-05-22 10:00:00,284.00038288072295
2020-05-22 11:00:00,291.79670324421664
2020-05-22 12:00:00,299.379461212244
2020-05-22 13:00:00,306.103075483454
2020-05-22 14:00:00,311.40531019929796
2020-05-22 15:00:00,314.8507268530086
2020-05-22 16:00:00,316.1596079817855
2020-05-22 17:00:00,315.21969673325833
2020-05-22 18:00:00,312.0819743638982
2020-05-22 19:00:00,306.94462544179584
2020-05-22 20:00:00,300.13025322739867
2020-05-22 21:00:00,293.1736563161604
2020-05-22 22:00:00,287.23059244423246
2020-05-22 23:00:00,282.1281297419041
2020-05-23 00:00:00,277.72954898954004
2020-05-23 01:00:00,273.8363124593534
2020-05-23 02:00:00,270.39381126513115
2020-05-23 03:00:00,267.3426099868002
2020-05-23 04:00:00,264.6326836446345
2020-05-23 05:00:00,262.22158868270225
2020-05-23 06:00:00,261.92762817036834
2020-05-23 07:00:00,264.15697609103154
2020-05-23 08:00:00,268.61270559344536
2020-05-23 09:00:00,274.85378037108956
2020-05-23 10:00:00,282.3181670240803
2020-05-23 11:00:00,290.35953624314493
2020-05-23 12:00:00,298.29512342876313
2020-05-23 13:00:00,305.4602915371557
2020-05-23 14:00:00,311.2633337767732
2020-05-23 15:00:00,315.2330067180413
2020-05-23 16:00:00,317.0521413179611
2020-05-23 17:00:00,316.57363714125
2020-05-23 18:00:00,313.819219531609
2020-05-23 19:00:00,308.9648097882791
2020-05-23 20:00:00,302.3178526220134
2020-05-23 21:00:00,295.3607965695357
2020-05-23 22:00:00,289.31058898957855
2020-05-23 23:00:00,284.0227045654902
2020-05-24 00:00:00,279.3818595896982
2020-05-24 01:00:00,275.2342882970206
2020-05-24 02:00:00,271.50141833428
2020-05-24 03:00:00,268.13325181514904
2020-05-24 04:00:00,265.087406606203
2020-05-24 05:00:00,262.32766040048034
2020-05-24 06:00:00,261.7160587515521
2020-05-24 07:00:00,263.6487297690644
2020-05-24 08:00:00,267.86948322326197
2020-05-24 09:00:00,273.9704711530749
2020-05-24 10:00:00,281.41276052100227
2020-05-24 11:00:00,289.56085006734935
2020-05-24 12:00:00,297.72925199856985
2020-05-24 13:00:00,305.2372172968279
2020-05-24 14:00:00,311.4654706026116
2020-05-24 15:00:00,315.9073286938185
2020-05-24 16:00:00,318.20688267310106
2020-05-24 17:00:00,318.1795097078167
2020-05-24 18:00:00,315.81410884081583
2020-05-24 19:00:00,311.26040122266716
2020-05-24 20:00:00,304.80675245955484
2020-05-24 21:00:00,297.8808701699386
2020-05-24 22:00:00,291.75419912009056
2020-05-24 23:00:00,286.30731964990764
2020-05-25 00:00:00,281.4442448472885
2020-05-25 01:00:00,277.0896635985638
2020-05-25 02:00:00,273.18395114833237
2020-05-25 03:00:00,269.67135208524263
2020-05-25 04:00:00,266.50485285724807
2020-05-25 05:00:00,263.6444632177745
2020-05-25 06:00:00,262.9865311037677
2020-05-25 07:00:00,264.87572457658797
2020-05-25 08:00:00,269.0490140121789
2020-05-25 09:00:00,275.0933463368766
2020-05-25 10:00:00,282.4664274905557
2020-05-25 11:00:00,290.5314357231819
2020-05-25 12:00:00,298.6036939322539
2020-05-25 13:00:00,306.0052872113304
2020-05-25 14:00:00,312.1214312755079
2020-05-25 15:00:00,316.4509783721219
2020-05-25 16:00:00,318.6438453078088
2020-05-25 17:00:00,318.5207972294941
2020-05-25 18:00:00,316.0751419486034
2020-05-25 19:00:00,311.4597571826737
2020-05-25 20:00:00,304.96488722765525
2020-05-25 21:00:00,297.9779252295505
2020-05-25 22:00:00,291.81134342163807
2020-05-25 23:00:00,286.3412131283486
2020-05-26 00:00:00,281.46810810768653
2020-05-26 01:00:00,277.163030676854
2020-05-26 02:00:00,273.44796530485326
2020-05-26 03:00:00,270.2332822886687
2020-05-26 04:00:00,267.4452051774552
2020-05-26 05:00:00,265.0224408047328
2020-05-26 06:00:00,264.88041333938463
2020-05-26 07:00:00,267.2388873154837
2020-05-26 08:00:00,271.75140084607153
2020-05-26 09:00:00,277.94015028147396
2020-05-26 10:00:00,285.2211370165393
2020-05-26 11:00:00,292.94237699788687
2020-05-26 12:00:00,300.432061105189
2020-05-26 13:00:00,307.0516457288768
2020-05-26 14:00:00,312.2472081037684
2020-05-26 15:00:00,315.59194155786787
2020-05-26 16:00:00,316.8141143379738
2020-05-26 17:00:00,315.8080339638368
2020-05-26 18:00:00,312.6293681584699
2020-05-26 19:00:00,307.47898331293635
2020-05-26 20:00:00,300.6802725702924
2020-05-26 21:00:00,293.60031281512215
2020-05-26 22:00:00,287.57094228070196
2020-05-26 23:00:00,282.4101369211818
2020-05-27 00:00:00,277.9744680639354
2020-05-27 01:00:00,274.1026262803014
2020-05-27 02:00:00,270.718176684298
2020-05-27 03:00:00,267.7526989022008
2020-05-27 04:00:00,265.1490423144444
2020-05-27 05:00:00,262.859080498144
2020-05-27 06:00:00,262.8435783682873
2020-05-27 07:00:00,265.30916405296824
2020-05-27 08:00:00,269.9374002133591
2020-05-27 09:00:00,276.27149930244997
2020-05-27 10:00:00,283.74084446520055
2020-05-27 11:00:00,291.6987253551476
2020-05-27 12:00:00,299.4705381072756
2020-05-27 13:00:00,306.40770700744565
2020-05-27 14:00:00,311.94074912685704
2020-05-27 15:00:00,315.62415908513316
2020-05-27 16:00:00,317.1669722153626
2020-05-27 17:00:00,316.4459840046995
2020-05-27 18:00:00,313.50255802477176
2020-05-27 19:00:00,308.5270779642684
2020-05-27 20:00:00,301.8362167986588
2020-05-27 21:00:00,294.7554350861722
2020-05-27 22:00:00,288.66552053537475
2020-05-27 23:00:00,283.40109454373686
2020-05-28 00:00:00,278.8311710992973
2020-05-28 01:00:00,274.8948816848123
2020-05-28 02:00:00,271.49809222007923
2020-05-28 03:00:00,268.55964986880775
2020-05-28 04:00:00,266.0124522840606
2020-05-28 05:00:00,263.8005474442097
2020-05-28 06:00:00,263.9120479176739
2020-05-28 07:00:00,266.48547169857954
2020-05-28 08:00:00,271.1767916473064
2020-05-28 09:00:00,277.51043120459303
2020-05-28 10:00:00,284.9049249955444
2020-05-28 11:00:00,292.71145464552797
2020-05-28 12:00:00,300.26215349653506
2020-05-28 13:00:00,306.9231571256502
2020-05-28 14:00:00,312.14574486520644
2020-05-28 15:00:00,315.5084899153949
2020-05-28 16:00:00,316.7448184988955
2020-05-28 17:00:00,315.75361036214156
2020-05-28 18:00:00,312.59426152163076
2020-05-28 19:00:00,307.47039446006715
2020-05-28 20:00:00,300.7071662805015
2020-05-28 21:00:00,293.5973097213274
2020-05-28 22:00:00,287.55291247650456
2020-05-28 23:00:00,282.3880251339278
2020-05-29 00:00:00,277.9563208648976
2020-05-29 01:00:00,274.18242035983417
2020-05-29 02:00:00,270.9552097258053
2020-05-29 03:00:00,268.18898882178576
2020-05-29 04:00:00,265.81324621289957
2020-05-29 05:00:00,263.76949778752066
2020-05-29 06:00:00,264.0762130568116
2020-05-29 07:00:00,266.8142046885527
2020-05-29 08:00:00,271.62287737424504
2020-05-29 09:00:00,278.01500830508706
2020-05-29 10:00:00,285.40332093222764
2020-05-29 11:00:00,293.13959428115305
2020-05-29 12:00:00,300.5629619915774
2020-05-29 13:00:00,307.05220415934497
2020-05-29 14:00:00,312.07536384736954
2020-05-29 15:00:00,315.2298237587774
2020-05-29 16:00:00,316.26766356784987
2020-05-29 17:00:00,315.10440139665775
2020-05-29 18:00:00,311.8128644090645
2020-05-29 19:00:00,306.6064295096544
2020-05-29 20:00:00,299.81639771643336
2020-05-29 21:00:00,292.70288946140545
2020-05-29 22:00:00,286.7099187196504
2020-05-29 23:00:00,281.6351651951475
2020-05-30 00:00:00,277.3202432499195
2020-05-30 01:00:00,273.5732509679328
2020-05-30 02:00:00,270.32427234709877
2020-05-30 03:00:00,267.5006007347912
2020-05-30 04:00:00,265.0417629889247
2020-05-30 05:00:00,262.8970618771397
2020-05-30 06:00:00,263.12189382327466
2020-05-30 07:00:00,265.78935214910206
2020-05-30 08:00:00,270.5669708159014
2020-05-30 09:00:00,276.98809326318656
2020-05-30 10:00:00,284.4774061560597
2020-05-30 11:00:00,292.3893611702119
2020-05-30 12:00:00,300.05651597649637
2020-05-30 13:00:00,306.84287315414974
2020-05-30 14:00:00,312.19559378708857
2020-05-30 15:00:00,315.6879368465389
2020-05-30 16:00:00,317.04767015439893
2020-05-30 17:00:00,316.16840122019136
2020-05-30 18:00:00,313.1051161368174
2020-05-30 19:00:00,308.05808339046956
2020-05-30 20:00:00,301.3501440899829
2020-05-30 21:00:00,294.20317693030404
2020-05-30 22:00:00,288.1065161810152
2020-05-30 23:00:00,282.8790106929237
2020-05-31 00:00:00,278.3779160126911
2020-05-31 01:00:00,274.51029395894886
2020-05-31 02:00:00,271.17689931575626
2020-05-31 03:00:00,268.29701169179333
2020-05-31 04:00:00,265.8038923996285
2020-05-31 05:00:00,263.6419063238418
2020-05-31 06:00:00,263.89207369972644
2020-05-31 07:00:00,266.5778410936431
2020-05-31 08:00:00,271.3553214545476
2020-05-31 09:00:00,277.749740571271
2020-05-31 10:00:00,285.1813803090911
2020-05-31 11:00:00,293.00425757179744
2020-05-31 12:00:00,300.55441167689116
2020-05-31 13:00:00,307.20276127704534
2020-05-31 14:00:00,312.4058879323002
2020-05-31 15:00:00,315.74771993738847
2020-05-31 16:00:00,316.96661135102374
2020-05-31 17:00:00,315.9655496913153
2020-05-31 18:00:00,312.8069797919177
2020-05-31 19:00:00,307.69643733254753
2020-05-31 20:00:00,300.95990058353243
2020-05-31 21:00:00,293.7879092869192
2020-05-31 22:00:00,287.7011996643017
2020-05-31 23:00:00,282.50883125117446
2020-06-01 00:00:00,278.06081227522014
2020-06-01 01:00:00,274.26013943968314
2020-06-01 02:00:00,271.00137465314504
2020-06-01 03:00:00,268.2006232168543
2020-06-01 04:00:00,265.78873885664393
2020-06-01 05:00:00,263.7082669613152
2020-06-01 06:00:00,264.0670511034813
2020-06-01 07:00:00,266.8430484896474
2020-06-01 08:00:00,271.6832600192689
2020-06-01 09:00:00,278.1065956973113
2020-06-01 10:00:00,285.530328355872
2020-06-01 11:00:00,293.309086504629
2020-06-01 12:00:00,300.78312483664774
2020-06-01 13:00:00,307.33073667671175
2020-06-01 14:00:00,312.4181601426078
2020-06-01 15:00:00,315.64007765602753
2020-06-01 16:00:00,316.7454437739651
2020-06-01 17:00:00,315.646642302709
2020-06-01 18:00:00,312.41364257650787
2020-06-01 19:00:00,307.2573777386024
2020-06-01 20:00:00,300.5071454958334
2020-06-01 21:00:00,293.323823725357
2020-06-01 22:00:00,287.25845903500687
2020-06-01 23:00:00,282.1105436157949
2020-06-02 00:00:00,277.7230424966417
2020-06-02 01:00:00,273.9318508956411
2020-06-02 02:00:00,270.65244511833964
2020-06-02 03:00:00,267.8090731000957
2020-06-02 04:00:00,265.33887554307586
2020-06-02 05:00:00,263.1892711493842
2020-06-02 06:00:00,263.49871038945645
2020-06-02 07:00:00,266.232070404906
2020-06-02 08:00:00,271.05420090463707
2020-06-02 09:00:00,277.49711081981707
2020-06-02 10:00:00,284.98574995827926
2020-06-02 11:00:00,292.87655454192446
2020-06-02 12:00:00,300.505734000606
2020-06-02 13:00:00,307.24233793104344
2020-06-02 14:00:00,312.5394831961445
2020-06-02 15:00:00,315.97666037265014
2020-06-02 16:00:00,317.28749043334506
2020-06-02 17:00:00,316.3705178679511
2020-06-02 18:00:00,313.2844211208333
2020-06-02 19:00:00,308.2318099966407
2020-06-02 20:00:00,301.53657370285487
2020-06-02 21:00:00,294.3272300963299
2020-06-02 22:00:00,288.1915429038909
2020-06-02 23:00:00,282.94241481241306
2020-06-03 00:00:00,278.43271823064487
2020-06-03 01:00:00,274.4571266465284
2020-06-03 02:00:00,270.9433405247876
2020-06-03 03:00:00,267.8301247427793
2020-06-03 04:00:00,265.06601491768185
2020-06-03 05:00:00,262.60740164540397
2020-06-03 06:00:00,262.6252552878464
2020-06-03 07:00:00,265.1024560612536
2020-06-03 08:00:00,269.7480705667484
2020-06-03 09:00:00,276.1277854559594
2020-06-03 10:00:00,283.68729110496827
2020-06-03 11:00:00,291.789015566822
2020-06-03 12:00:00,299.7598035993256
2020-06-03 13:00:00,306.9450972813408
2020-06-03 14:00:00,312.76318595751553
2020-06-03 15:00:00,316.7520868145395
2020-06-03 16:00:00,318.6025153068307
2020-06-03 17:00:00,318.1733707787654
2020-06-03 18:00:00,315.49019726379066
2020-06-03 19:00:00,310.7304800148443
2020-06-03 20:00:00,304.20107220106485
2020-06-03 21:00:00,296.9927836688398
2020-06-03 22:00:00,290.73280415358926
2020-06-03 23:00:00,285.2678652529471
2020-06-04 00:00:00,280.4762364456936
2020-06-04 01:00:00,276.2675418793069
2020-06-04 02:00:00,272.56568636993484
2020-06-04 03:00:00,269.3010724435475
2020-06-04 04:00:00,266.41558525674645
2020-06-04 05:00:00,263.8602680726812
2020-06-04 06:00:00,263.8258238143627
2020-06-04 07:00:00,266.254379860229
2020-06-04 08:00:00,270.8453946091024
2020-06-04 09:00:00,277.15739436528355
2020-06-04 10:00:00,284.6316407998206
2020-06-04 11:00:00,292.62908866664264
2020-06-04 12:00:00,300.478098158577
2020-06-04 13:00:00,307.52834657000324
2020-06-04 14:00:00,313.20445919311516
2020-06-04 15:00:00,317.0519813024125
2020-06-04 16:00:00,318.769323581394
2020-06-04 17:00:00,318.22233342034446
2020-06-04 18:00:00,315.4421352638202
2020-06-04 19:00:00,310.61016327815435
2020-06-04 20:00:00,304.03561501961707
2020-06-04 21:00:00,296.7836245630605
2020-06-04 22:00:00,290.5074651494629
2020-06-04 23:00:00,285.047155695181
2020-06-05 00:00:00,280.2759131883046
2020-06-05 01:00:00,276.08821966035276
2020-06-05 02:00:00,272.3991961481091
2020-06-05 03:00:00,269.14097789952905
2020-06-05 04:00:00,266.2568233924978
2020-06-05 05:00:00,263.698874231213
2020-06-05 06:00:00,263.6813994425922
2020-06-05 07:00:00,266.1229605920182
2020-06-05 08:00:00,270.7266888477475
2020-06-05 09:00:00,277.05408060200426
2020-06-05 10:00:00,284.5485389098716
2020-06-05 11:00:00,292.5722174292891
2020-06-05 12:00:00,300.4536773312071
2020-06-05 13:00:00,307.541841593876
2020-06-05 14:00:00,313.2597861370562
2020-06-05 15:00:00,317.1509747092825
2020-06-05 16:00:00,318.9115179642758
2020-06-05 17:00:00,318.4050374149869
2020-06-05 18:00:00,315.6607164655739
2020-06-05 19:00:00,310.85843713929654
2020-06-05 20:00:00,304.30624773149754
2020-06-05 21:00:00,297.04343014978843
2020-06-05 22:00:00,290.7502674414493
2020-06-05 23:00:00,285.2684418388127
2020-06-06 00:00:00,280.47243907874304
2020-06-06 01:00:00,276.25259648059256
2020-06-06 02:00:00,272.5215286691696
2020-06-06 03:00:00,269.2139511725051
2020-06-06 04:00:00,266.27517511139405
2020-06-06 05:00:00,263.65898434019687
2020-06-06 06:00:00,263.60224875974103
2020-06-06 07:00:00,266.006791667884
2020-06-06 08:00:00,270.5839326208695
2020-06-06 09:00:00,276.9017009252884
2020-06-06 10:00:00,284.407925885339
2020-06-06 11:00:00,292.4667079475867
2020-06-06 12:00:00,300.40589239426413
2020-06-06 13:00:00,307.5711296618587
2020-06-06 14:00:00,313.3801106729969
2020-06-06 15:00:00,317.3695408204481
2020-06-06 16:00:00,319.2282877272476
2020-06-06 17:00:00,318.8130813813353
2020-06-06 18:00:00,316.1471745310557
2020-06-06 19:00:00,311.40578801330537
2020-06-06 20:00:00,304.8936281458067
2020-06-06 21:00:00,297.62432294335065
2020-06-06 22:00:00,291.30406341643203
2020-06-06 23:00:00,285.77977868418094
2020-06-07 00:00:00,280.92994323283546
2020-06-07 01:00:00,276.64317937674235
2020-06-07 02:00:00,272.8264969611758
2020-06-07 03:00:00,269.41928231879683
2020-06-07 04:00:00,266.3705907059677
2020-06-07 05:00:00,263.63722658590206
2020-06-07 06:00:00,263.4783826185512
2020-06-07 07:00:00,265.7889704190055
2020-06-07 08:00:00,270.29558183787174
2020-06-07 09:00:00,276.578500769019
2020-06-07 10:00:00,284.09386427036094
2020-06-07 11:00:00,292.2093584058259
2020-06-07 12:00:00,300.2512814393618
2020-06-07 13:00:00,307.55875500580106
2020-06-07 14:00:00,313.5387774645907
2020-06-07 15:00:00,317.7146129643813
2020-06-07 16:00:00,319.76067771504114
2020-06-07 17:00:00,319.51990569964056
2020-06-07 18:00:00,317.0036471052439
2020-06-07 19:00:00,312.3777605272691
2020-06-07 20:00:00,305.94025351776514
2020-06-07 21:00:00,298.67854715210143
2020-06-07 22:00:00,292.3235835572948
2020-06-07 23:00:00,286.7325488639357
2020-06-08 00:00:00,281.79173884894556
2020-06-08 01:00:00,277.41468263958427
2020-06-08 02:00:00,273.53981022607576
2020-06-08 03:00:00,270.10008059556924
2020-06-08 04:00:00,267.039418425301
2020-06-08 05:00:00,264.3179985482282
2020-06-08 06:00:00,264.19430344335535
2020-06-08 07:00:00,266.535419236766
2020-06-08 08:00:00,271.05613588559373
2020-06-08 09:00:00,277.3275581612261
2020-06-08 10:00:00,284.7998773543112
2020-06-08 11:00:00,292.8385701464686
2020-06-08 12:00:00,300.77169269921177
2020-06-08 13:00:00,307.9438984323409
2020-06-08 14:00:00,313.7707942211884
2020-06-08 15:00:00,317.78618766530803
2020-06-08 16:00:00,319.67560388751184
2020-06-08 17:00:00,319.29236303461687
2020-06-08 18:00:00,316.65654315224754
2020-06-08 19:00:00,311.9406086694172
2020-06-08 20:00:00,305.44699848695103
2020-06-08 21:00:00,298.1451398164043
2020-06-08 22:00:00,291.7859006512844
2020-06-08 23:00:00,286.21799010337133
2020-06-09 00:00:00,281.3212679709535
2020-06-09 01:00:00,277.02261007655125
2020-06-09 02:00:00,273.27715351925787
2020-06-09 03:00:00,270.0048491300976
2020-06-09 04:00:00,267.1393569082221
2020-06-09 05:00:00,264.6512045764584
2020-06-09 06:00:00,264.7700644539438
2020-06-09 07:00:00,267.3247373214795
2020-06-09 08:00:00,271.9974285258051
2020-06-09 09:00:00,278.33422851543554
2020-06-09 10:00:00,285.7697616125641
2020-06-09 11:00:00,293.66483502347114
2020-06-09 12:00:00,301.3542958170575
2020-06-09 13:00:00,308.2003260876553
2020-06-09 14:00:00,313.6446271683135
2020-06-09 15:00:00,317.25228623483815
2020-06-09 16:00:00,318.7413705808566
2020-06-09 17:00:00,317.9954181046724
2020-06-09 18:00:00,315.0598687596102
2020-06-09 19:00:00,310.1264856013863
2020-06-09 20:00:00,303.51083669005453
2020-06-09 21:00:00,296.17092584042257
2020-06-09 22:00:00,289.8729731735354
2020-06-09 23:00:00,284.44017394145254
2020-06-10 00:00:00,279.73315441548425
2020-06-10 01:00:00,275.6527646595679
2020-06-10 02:00:00,272.1096516192521
2020-06-10 03:00:00,269.02520890606894
2020-06-10 04:00:00,266.3342630220403
2020-06-10 05:00:00,264.0252790160334
2020-06-10 06:00:00,264.3082725089573
2020-06-10 07:00:00,267.0048579912166
2020-06-10 08:00:00,271.79100292702424
2020-06-10 09:00:00,278.2081986182518
2020-06-10 10:00:00,285.6887134669871
2020-06-10 11:00:00,293.5936703668667
2020-06-10 12:00:00,301.26105653159703
2020-06-10 13:00:00,308.05881311102263
2020-06-10 14:00:00,313.4364339557968
2020-06-10 15:00:00,316.967947027688
2020-06-10 16:00:00,318.38050502598884
2020-06-10 17:00:00,317.56597676163153
2020-06-10 18:00:00,314.57675664323364
2020-06-10 19:00:00,309.60989568792667
2020-06-10 20:00:00,302.9845602836832
2020-06-10 21:00:00,295.6434840262672
2020-06-10 22:00:00,289.37020336012915
2020-06-10 23:00:00,283.9807748227012
2020-06-11 00:00:00,279.33049526157714
2020-06-11 01:00:00,275.21837110246247
2020-06-11 02:00:00,271.5512203315352
2020-06-11 03:00:00,268.2726172096312
2020-06-11 04:00:00,265.33496379206724
2020-06-11 05:00:00,262.75615068642
2020-06-11 06:00:00,262.7402750909546
2020-06-11 07:00:00,265.1733870548587
2020-06-11 08:00:00,269.7863730814306
2020-06-11 09:00:00,276.1631704826083
2020-06-11 10:00:00,283.76299330386354
2020-06-11 11:00:00,291.95603198296413
2020-06-11 12:00:00,300.07050333207206
2020-06-11 13:00:00,307.4468694610984
2020-06-11 14:00:00,313.49294436529505
2020-06-11 15:00:00,317.73238488557627
2020-06-11 16:00:00,319.83970751367735
2020-06-11 17:00:00,319.6577787848491
2020-06-11 18:00:00,317.19780036883213
2020-06-11 19:00:00,312.6254353479663
2020-06-11 20:00:00,306.2384380389446
2020-06-11 21:00:00,298.95158111502525
2020-06-11 22:00:00,292.57202653349833
2020-06-11 23:00:00,286.9569343459004
2020-06-12 00:00:00,281.9926054157091
2020-06-12 01:00:00,277.57940340450074
2020-06-12 02:00:00,273.6168374945397
2020-06-12 03:00:00,270.0490994716826
2020-06-12 04:00:00,266.829147111487
2020-06-12 05:00:00,263.9891999546265
2020-06-12 06:00:00,263.7179244930242
2020-06-12 07:00:00,265.91812645534947
2020-06-12 08:00:00,270.3361888994266
2020-06-12 09:00:00,276.56896337414247
2020-06-12 10:00:00,284.08468839758905
2020-06-12 11:00:00,292.2575855220833
2020-06-12 12:00:00,300.41423084361065
2020-06-12 13:00:00,307.88774140151617
2020-06-12 14:00:00,314.0736328586195
2020-06-12 15:00:00,318.47979717206715
2020-06-12 16:00:00,320.7634591580005
2020-06-12 17:00:00,320.7506141239774
2020-06-12 18:00:00,318.43753857473536
2020-06-12 19:00:00,313.97778977158526
2020-06-12 20:00:00,307.660092503515
2020-06-12 21:00:00,300.37901668711476
2020-06-12 22:00:00,293.95655773276235
2020-06-12 23:00:00,288.26102634317107
2020-06-13 00:00:00,283.1872918575417
2020-06-13 01:00:00,278.6462335529485
2020-06-13 02:00:00,274.66513821824776
2020-06-13 03:00:00,271.16486538290195
2020-06-13 04:00:00,268.07977679292276
2020-06-13 05:00:00,265.4394083371897
2020-06-13 06:00:00,265.4040917576859
2020-06-13 07:00:00,267.81799374615593
2020-06-13 08:00:00,272.3768427566229
2020-06-13 09:00:00,278.63748898477206
2020-06-13 10:00:00,286.0416487086506
2020-06-13 11:00:00,293.95284332084765
2020-06-13 12:00:00,301.7039280157698
2020-06-13 13:00:00,308.6506005318499
2020-06-13 14:00:00,314.2244050460282
2020-06-13 15:00:00,317.9779255294366
2020-06-13 16:00:00,319.61594403788536
2020-06-13 17:00:00,319.0093788340916
2020-06-13 18:00:00,316.19275652269505
2020-06-13 19:00:00,311.3491565150276
2020-06-13 20:00:00,304.787785002418
2020-06-13 21:00:00,297.40282337294053
2020-06-13 22:00:00,291.02514587735897
2020-06-13 23:00:00,285.48759481140434
2020-06-14 00:00:00,280.65808114780054
2020-06-14 01:00:00,276.50276811640583
2020-06-14 02:00:00,272.9823732657455
2020-06-14 03:00:00,269.9919680809544
2020-06-14 04:00:00,267.4462060440844
2020-06-14 05:00:00,265.3702486710573
2020-06-14 06:00:00,265.8971902657741
2020-06-14 07:00:00,268.7917462437417
2020-06-14 08:00:00,273.68446115397495
2020-06-14 09:00:00,280.0848236887474
2020-06-14 10:00:00,287.40838650220957
2020-06-14 11:00:00,295.0159561744775
2020-06-14 12:00:00,302.26133023211804
2020-06-14 13:00:00,308.5422897798006
2020-06-14 14:00:00,313.3482607259685
2020-06-14 15:00:00,316.2980817678486
2020-06-14 16:00:00,317.16315731772147
2020-06-14 17:00:00,315.87453793228485
2020-06-14 18:00:00,312.51590980754753
2020-06-14 19:00:00,307.3066925199964
2020-06-14 20:00:00,300.57975963995017
2020-06-14 21:00:00,293.2304373673849
2020-06-14 22:00:00,287.0894571893154
2020-06-14 23:00:00,281.9308229255182
2020-06-15 00:00:00,277.5789716695673
2020-06-15 01:00:00,273.9131245169707
2020-06-15 02:00:00,270.8134740789483
2020-06-15 03:00:00,268.1865430349203
2020-06-15 04:00:00,265.95601282085283
2020-06-15 05:00:00,264.1634220266021
2020-06-15 06:00:00,264.9363065762561
2020-06-15 07:00:00,268.0381335037632
2020-06-15 08:00:00,273.09814921067994
2020-06-15 09:00:00,279.6253404916839
2020-06-15 10:00:00,287.0361896774528
2020-06-15 11:00:00,294.6942576732439
2020-06-15 12:00:00,301.95802640306755
2020-06-15 13:00:00,308.23167882841204
2020-06-15 14:00:00,313.0122507594198
2020-06-15 15:00:00,315.92668900842864
2020-06-15 16:00:00,316.7542519319123
2020-06-15 17:00:00,315.43296014137474
2020-06-15 18:00:00,312.0521858853594
2020-06-15 19:00:00,306.8355933271406
2020-06-15 20:00:00,300.11887746929034
2020-06-15 21:00:00,292.7895471120273
2020-06-15 22:00:00,286.68739128279395
2020-06-15 23:00:00,281.5799850603067
2020-06-16 00:00:00,277.28712531498525
2020-06-16 01:00:00,273.5903324227492
2020-06-16 02:00:00,270.41447613735915
2020-06-16 03:00:00,267.67989049791237
2020-06-16 04:00:00,265.3207369014143
2020-06-16 05:00:00,263.39406173782817
2020-06-16 06:00:00,264.02570061704364
2020-06-16 07:00:00,267.01528798066164
2020-06-16 08:00:00,272.02067285516046
2020-06-16 09:00:00,278.57071119140625
2020-06-16 10:00:00,286.0919253252854
2020-06-16 11:00:00,293.9474964950101
2020-06-16 12:00:00,301.4854133178789
2020-06-16 13:00:00,308.09070737221424
2020-06-16 14:00:00,313.23518370122997
2020-06-16 15:00:00,316.51779079047685
2020-06-16 16:00:00,317.6903923979891
2020-06-16 17:00:00,316.6669460908196
2020-06-16 18:00:00,313.5177408758966
2020-06-16 19:00:00,308.4528900230739
2020-06-16 20:00:00,301.7998592959307
2020-06-16 21:00:00,294.4350409799065
2020-06-16 22:00:00,288.213247616783
2020-06-16 23:00:00,282.9289724943687
2020-06-17 00:00:00,278.4215842781496
2020-06-17 01:00:00,274.4935258307786
2020-06-17 02:00:00,271.0614405347758
2020-06-17 03:00:00,268.05541496795126
2020-06-17 04:00:00,265.4171127034362
2020-06-17 05:00:00,263.21530255935
2020-06-17 06:00:00,263.5747805565061
2020-06-17 07:00:00,266.3338124188267
2020-06-17 08:00:00,271.1822480476958
2020-06-17 09:00:00,277.67241881606293
2020-06-17 10:00:00,285.24400500265597
2020-06-17 11:00:00,293.2617955460528
2020-06-17 12:00:00,301.0636217469284
2020-06-17 13:00:00,308.013749768002
2020-06-17 14:00:00,313.5552103323467
2020-06-17 15:00:00,317.2538537044241
2020-06-17 16:00:00,318.8281417602939
2020-06-17 17:00:00,318.16180147206165
2020-06-17 18:00:00,315.30035250825097
2020-06-17 19:00:00,310.435552843707
2020-06-17 20:00:00,303.882855576295
2020-06-17 21:00:00,296.5063466982735
2020-06-17 22:00:00,290.1727104084928
2020-06-17 23:00:00,284.70523350465083
2020-06-18 00:00:00,279.96463890671026
2020-06-18 01:00:00,275.83672861761914
2020-06-18 02:00:00,272.23008757088286
2020-06-18 03:00:00,269.07076063393407
2020-06-18 04:00:00,266.2972029143582
2020-06-18 05:00:00,263.9799719018346
2020-06-18 06:00:00,264.23655544951527
2020-06-18 07:00:00,266.9046760768066
2020-06-18 08:00:00,271.67405966652314
2020-06-18 09:00:00,278.0970434773777
2020-06-18 10:00:00,285.61321221175484
2020-06-18 11:00:00,293.5869843187313
2020-06-18 12:00:00,301.3554362993637
2020-06-18 13:00:00,308.2816585024512
2020-06-18 14:00:00,313.8071249264865
2020-06-18 15:00:00,317.49585645013
2020-06-18 16:00:00,319.06436404945384
2020-06-18 17:00:00,318.39446000163184
2020-06-18 18:00:00,315.5299157743465
2020-06-18 19:00:00,310.660991965651
2020-06-18 20:00:00,304.10193497733457
2020-06-18 21:00:00,296.7114639523113
2020-06-18 22:00:00,290.36076099517777
2020-06-18 23:00:00,284.8740805135615
2020-06-19 00:00:00,280.11288150003384
2020-06-19 01:00:00,276.0024022248871
2020-06-19 02:00:00,272.463109630962
2020-06-19 03:00:00,269.40773155257216
2020-06-19 04:00:00,266.7643752807148
2020-06-19 05:00:00,264.5983007338691
2020-06-19 06:00:00,265.0157133461182
2020-06-19 07:00:00,267.81995171169865
2020-06-19 08:00:00,272.6723932776915
2020-06-19 09:00:00,279.1044755738629
2020-06-19 10:00:00,286.54372280769275
2020-06-19 11:00:00,294.35229988471133
2020-06-19 12:00:00,301.8749841253316
2020-06-19 13:00:00,308.49154036203385
2020-06-19 14:00:00,313.66691170724704
2020-06-19 15:00:00,316.99229432317867
2020-06-19 16:00:00,318.2117058135245
2020-06-19 17:00:00,317.2318730264334
2020-06-19 18:00:00,314.1169587017407
2020-06-19 19:00:00,309.07228557170623
2020-06-19 20:00:00,302.42189334608634
2020-06-19 21:00:00,295.0266576224552
2020-06-19 22:00:00,288.75639922526125
2020-06-19 23:00:00,283.4113792853238
2020-06-20 00:00:00,278.83522397608954
2020-06-20 01:00:00,274.86010825622145
2020-06-20 02:00:00,271.3932548358351
2020-06-20 03:00:00,268.3622111891698
2020-06-20 04:00:00,265.70663742143967
2020-06-20 05:00:00,263.5020600782124
2020-06-20 06:00:00,263.8617829506065
2020-06-20 07:00:00,266.61976622225245
2020-06-20 08:00:00,271.4623695966212
2020-06-20 09:00:00,277.93937889453736
2020-06-20 10:00:00,285.489009716741
2020-06-20 11:00:00,293.47576196354765
2020-06-20 12:00:00,301.2383581279895
2020-06-20 13:00:00,308.14301145981295
2020-06-20 14:00:00,313.6354915793129
2020-06-20 15:00:00,317.28480803767246
2020-06-20 16:00:00,318.81259717368124
2020-06-20 17:00:00,318.10542533277123
2020-06-20 18:00:00,315.21108715639053
2020-06-20 19:00:00,310.32295980595256
2020-06-20 20:00:00,303.75747532801927
2020-06-20 21:00:00,296.3706057010503
2020-06-20 22:00:00,290.03751648492886
2020-06-20 23:00:00,284.57861288592267
2020-06-21 00:00:00,279.8524696463711
2020-06-21 01:00:00,275.71859411449526
2020-06-21 02:00:00,272.07984639024147
2020-06-21 03:00:00,268.8686885568218
2020-06-21 04:00:00,266.0286389028853
2020-06-21 05:00:00,263.637856276612
2020-06-21 06:00:00,263.8135734000881
2020-06-21 07:00:00,266.41127176647285
2020-06-21 08:00:00,271.13569555691413
2020-06-21 09:00:00,277.5506596777642
2020-06-21 10:00:00,285.10287564061036
2020-06-21 11:00:00,293.1589185970506
2020-06-21 12:00:00,301.0528343015913
2020-06-21 13:00:00,308.1398584369042
2020-06-21 14:00:00,313.8497989790799
2020-06-21 15:00:00,317.7327437281843
2020-06-21 16:00:00,319.49077206481473
2020-06-21 17:00:00,318.99236330452976
2020-06-21 18:00:00,316.2701632973265
2020-06-21 19:00:00,311.5060248502908
2020-06-21 20:00:00,305.0085261905136
2020-06-21 21:00:00,297.62957250757916
2020-06-21 22:00:00,291.2459235279569
2020-06-21 23:00:00,285.69348841706136
2020-06-22 00:00:00,280.8424877670952
2020-06-22 01:00:00,276.61206327952596
2020-06-22 02:00:00,272.93684259971036
2020-06-22 03:00:00,269.73544455104343
2020-06-22 04:00:00,266.9405013165444
2020-06-22 05:00:00,264.61955418785516
2020-06-22 06:00:00,264.88391621038426
2020-06-22 07:00:00,267.55748361871713
2020-06-22 08:00:00,272.31863380528745
2020-06-22 09:00:00,278.71125142969214
2020-06-22 10:00:00,286.16981392263864
2020-06-22 11:00:00,294.0573024551962
2020-06-22 12:00:00,301.7130712119694
2020-06-22 13:00:00,308.505845696227
2020-06-22 14:00:00,313.885296829376
2020-06-22 15:00:00,317.4250685157711
2020-06-22 16:00:00,318.8514712771931
2020-06-22 17:00:00,318.05520429805125
2020-06-22 18:00:00,315.0872903223296
2020-06-22 19:00:00,310.14330408443834
2020-06-22 20:00:00,303.54089589165164
2020-06-22 21:00:00,296.138841664282
2020-06-22 22:00:00,289.8083919236419
2020-06-22 23:00:00,284.3651723447212
2020-06-23 00:00:00,279.664201567684
2020-06-23 01:00:00,275.50728759023934
2020-06-23 02:00:00,271.7906870007886
2020-06-23 03:00:00,268.45925438389554
2020-06-23 04:00:00,265.4664316552619
2020-06-23 05:00:00,262.89281435739235
2020-06-23 06:00:00,262.8704696455009
2020-06-23 07:00:00,265.2924273848191
2020-06-23 08:00:00,269.8959743193712
2020-06-23 09:00:00,276.2705598350063
2020-06-23 10:00:00,283.87966535285483
2020-06-23 11:00:00,292.09617315275716
2020-06-23 12:00:00,300.24919257918236
2020-06-23 13:00:00,307.6782405853347
2020-06-23 14:00:00,313.7885452260392
2020-06-23 15:00:00,318.09995927983664
2020-06-23 16:00:00,320.2825422883156
2020-06-23 17:00:00,320.1746244548872
2020-06-23 18:00:00,317.7832432963792
2020-06-23 19:00:00,313.2705291890461
2020-06-23 20:00:00,306.9314129968369
2020-06-23 21:00:00,299.6154356979036
2020-06-23 22:00:00,293.19579902128805
2020-06-23 23:00:00,287.53234180174354
2020-06-24 00:00:00,282.5134489154532
2020-06-24 01:00:00,278.0551608943801
2020-06-24 02:00:00,274.13474375250684
2020-06-24 03:00:00,270.6775781251998
2020-06-24 04:00:00,267.6215837983164
2020-06-24 05:00:00,265.0296904875052
2020-06-24 06:00:00,265.0282726523228
2020-06-24 07:00:00,267.46957635295547
2020-06-24 08:00:00,272.0561414904044
2020-06-24 09:00:00,278.35020586110033
2020-06-24 10:00:00,285.79723422571504
2020-06-24 11:00:00,293.76267003484656
2020-06-24 12:00:00,301.5793916399625
2020-06-24 13:00:00,308.6013364885092
2020-06-24 14:00:00,314.25684103907946
2020-06-24 15:00:00,318.0943568204151
2020-06-24 16:00:00,319.8142152967655
2020-06-24 17:00:00,319.28311960317916
2020-06-24 18:00:00,316.5320050139038
2020-06-24 19:00:00,311.74116526132957
2020-06-24 20:00:00,305.2178381166199
2020-06-24 21:00:00,297.823806373947
2020-06-24 22:00:00,291.4235874503321
2020-06-24 23:00:00,285.85358035234736
2020-06-25 00:00:00,280.98438959438323
2020-06-25 01:00:00,276.71347646200456
2020-06-25 02:00:00,272.95745205547047
2020-06-25 03:00:00,269.6454006716023
2020-06-25 04:00:00,266.7181639617343
2020-06-25 05:00:00,264.2342576609798
2020-06-25 06:00:00,264.3299776906342
2020-06-25 07:00:00,266.8580869556159
2020-06-25 08:00:00,271.5212027112125
2020-06-25 09:00:00,277.8814692087208
2020-06-25 10:00:00,285.3843045065184
2020-06-25 11:00:00,293.395319705217
2020-06-25 12:00:00,301.24788782753143
2020-06-25 13:00:00,308.2968184461117
2020-06-25 14:00:00,313.9716809308724
2020-06-25 15:00:00,317.82244150488964
2020-06-25 16:00:00,319.55110556302026
2020-06-25 17:00:00,319.02607309428606
2020-06-25 18:00:00,316.27987933049104
2020-06-25 19:00:00,311.4942366671899
2020-06-25 20:00:00,304.9775733385842
2020-06-25 21:00:00,297.59950364013156
2020-06-25 22:00:00,291.21759460640277
2020-06-25 23:00:00,285.66752806320784
2020-06-26 00:00:00,280.81935204189097
2020-06-26 01:00:00,276.5266206860173
2020-06-26 02:00:00,272.6684431206265
2020-06-26 03:00:00,269.19162062799836
2020-06-26 04:00:00,266.0511987580473
2020-06-26 05:00:00,263.3088354949486
2020-06-26 06:00:00,263.1220814406529
2020-06-26 07:00:00,265.39646555458415
2020-06-26 08:00:00,269.8805936017796
2020-06-26 09:00:00,276.1731404744429
2020-06-26 10:00:00,283.7438139125003
2020-06-26 11:00:00,291.9679632373504
2020-06-26 12:00:00,300.1729550222157
2020-06-26 13:00:00,307.6923773191686
2020-06-26 14:00:00,313.9219436445373
2020-06-26 15:00:00,318.36954695799716
2020-06-26 16:00:00,320.692308856364
2020-06-26 17:00:00,320.716102738628
2020-06-26 18:00:00,318.43712107131626
2020-06-26 19:00:00,314.00889265881943
2020-06-26 20:00:00,307.7201536193673
2020-06-26 21:00:00,300.43719343420184
2020-06-26 22:00:00,294.0117990920499
2020-06-26 23:00:00,288.31251881808885
2020-06-27 00:00:00,283.2344072949653
2020-06-27 01:00:00,278.68705789988934
2020-06-27 02:00:00,274.7086306985422
2020-06-27 03:00:00,271.21785591478886
2020-06-27 04:00:00,268.1474240239465
2020-06-27 05:00:00,265.5310980758715
2020-06-27 06:00:00,265.521361452061
2020-06-27 07:00:00,267.95745986564407
2020-06-27 08:00:00,272.5309917401523
2020-06-27 09:00:00,278.7956855207697
2020-06-27 10:00:00,286.1913634202838
2020-06-27 11:00:00,294.0810456906313
2020-06-27 12:00:00,301.7985320483084
2020-06-27 13:00:00,308.701801630243
2020-06-27 14:00:00,314.22572851841113
2020-06-27 15:00:00,317.92684052770244
2020-06-27 16:00:00,319.5139826035585
2020-06-27 17:00:00,318.861809573822
2020-06-27 18:00:00,316.0079500159863
2020-06-27 19:00:00,311.1378093935633
2020-06-27 20:00:00,304.56213871051204
2020-06-27 21:00:00,297.1702883051767
2020-06-27 22:00:00,290.79859419836987
2020-06-27 23:00:00,285.27656768979494
2020-06-28 00:00:00,280.46961677368665
2020-06-28 01:00:00,276.24022083328805
2020-06-28 02:00:00,272.4841670216334
2020-06-28 03:00:00,269.1397145410477
2020-06-28 04:00:00,266.1550069589626
2020-06-28 05:00:00,263.56466936333464
2020-06-28 06:00:00,263.54589451975255
2020-06-28 07:00:00,265.974747485653
2020-06-28 08:00:00,270.57370634443515
2020-06-28 09:00:00,276.9202288749672
2020-06-28 10:00:00,284.46936939537625
2020-06-28 11:00:00,292.5898028236476
2020-06-28 12:00:00,300.6110153640141
2020-06-28 13:00:00,307.8773712179699
2020-06-28 14:00:00,313.8027160978512
2020-06-28 15:00:00,317.9180549176923
2020-06-28 16:00:00,319.9055983868697
2020-06-28 17:00:00,319.6153452589765
2020-06-28 18:00:00,317.0644137422994
2020-06-28 19:00:00,312.4228525244388
2020-06-28 20:00:00,305.99124971663065
2020-06-28 21:00:00,298.6652271778532
2020-06-28 22:00:00,292.272499212262
2020-06-28 23:00:00,286.66417890944496
2020-06-29 00:00:00,281.7219824450368
2020-06-29 01:00:00,277.3811348960505
2020-06-29 02:00:00,273.63367694574083
2020-06-29 03:00:00,270.389558695216
2020-06-29 04:00:00,267.57466943210636
2020-06-29 05:00:00,265.1929398670662
2020-06-29 06:00:00,265.4213468145976
2020-06-29 07:00:00,268.0671733290537
2020-06-29 08:00:00,272.795068924397
2020-06-29 09:00:00,279.1383984017375
2020-06-29 10:00:00,286.5247382689775
2020-06-29 11:00:00,294.3141010594251
2020-06-29 12:00:00,301.8468457657737
2020-06-29 13:00:00,308.4963118673307
2020-06-29 14:00:00,313.7195856915523
2020-06-29 15:00:00,317.099378264091
2020-06-29 16:00:00,318.3714576710905
2020-06-29 17:00:00,317.435274180946
2020-06-29 18:00:00,314.3491658648669
2020-06-29 19:00:00,309.3142759961995
2020-06-29 20:00:00,302.652086326104
2020-06-29 21:00:00,295.28310212488003
2020-06-29 22:00:00,289.01312565556117
2020-06-29 23:00:00,283.649655035591
2020-06-30 00:00:00,279.0416487035646
2020-06-30 01:00:00,275.00568559497054
2020-06-30 02:00:00,271.4513120932476
2020-06-30 03:00:00,268.31324828967996
2020-06-30 04:00:00,265.53680757987297
2020-06-30 05:00:00,263.1266610023352
2020-06-30 06:00:00,263.2905616109895
2020-06-30 07:00:00,265.8842045494353
2020-06-30 08:00:00,270.6120959653153
2020-06-30 09:00:00,277.0373454735438
2020-06-30 10:00:00,284.60550660606543
2020-06-30 11:00:00,292.68159267654516
2020-06-30 12:00:00,300.59777316988516
2020-06-30 13:00:00,307.7072268507572
2020-06-30 14:00:00,313.43769598872296
2020-06-30 15:00:00,317.33738247553913
2020-06-30 16:00:00,319.1068316588739
2020-06-30 17:00:00,318.61346341899383
2020-06-30 18:00:00,315.889394194013
2020-06-30 19:00:00,311.11646927920674
2020-06-30 20:00:00,304.6037297524181
2020-06-30 21:00:00,297.28036441417044
2020-06-30 22:00:00,290.9428891242586
2020-06-30 23:00:00,285.4292453770724
2020-07-01 00:00:00,280.6111404799532
2020-07-01 01:00:00,276.3882006546317
2020-07-01 02:00:00,272.6779811759684
2020-07-01 03:00:00,269.4096190250067
2020-07-01 04:00:00,266.5239980162718
2020-07-01 05:00:00,264.0060480668702
2020-07-01 06:00:00,264.0798552541567
2020-07-01 07:00:00,266.5947064879214
2020-07-01 08:00:00,271.2499411321449
2020-07-01 09:00:00,277.60469547357803
2020-07-01 10:00:00,285.1017694238185
2020-07-01 11:00:00,293.10467776216063
2020-07-01 12:00:00,300.9453284359522
2020-07-01 13:00:00,307.97775307917203
2020-07-01 14:00:00,313.6314121624793
2020-07-01 15:00:00,317.4567385099812
2020-07-01 16:00:00,319.15663223039553
2020-07-01 17:00:00,318.60065319367897
2020-07-01 18:00:00,315.82262219636374
2020-07-01 19:00:00,311.00556984829603
2020-07-01 20:00:00,304.459228131875
2020-07-01 21:00:00,297.1295616120677
2020-07-01 22:00:00,290.79480444369517
2020-07-01 23:00:00,285.2906088184762
2020-07-02 00:00:00,280.4869577027342
2020-07-02 01:00:00,276.2923673803818
2020-07-02 02:00:00,272.62868104676437
2020-07-02 03:00:00,269.42028457502437
2020-07-02 04:00:00,266.60432264164626
2020-07-02 05:00:00,264.1450317662321
2020-07-02 06:00:00,264.28520728937013
2020-07-02 07:00:00,266.85966004741647
2020-07-02 08:00:00,271.555418027584
2020-07-02 09:00:00,277.9221069094105
2020-07-02 10:00:00,285.396470133384
2020-07-02 11:00:00,293.33992707735297
2020-07-02 12:00:00,301.0864418209693
2020-07-02 13:00:00,307.99598360737986
2020-07-02 14:00:00,313.5070450796666
2020-07-02 15:00:00,317.1809725558046
2020-07-02 16:00:00,318.7320631927081
2020-07-02 17:00:00,318.0404882148043
2020-07-02 18:00:00,315.14900583770367
2020-07-02 19:00:00,310.2474922555358
2020-07-02 20:00:00,303.6504010946064
2020-07-02 21:00:00,296.32454598337085
2020-07-02 22:00:00,290.0272491872036
2020-07-02 23:00:00,284.5852145269453
2020-07-03 00:00:00,279.8616868364693
2020-07-03 01:00:00,275.7584437406284
2020-07-03 02:00:00,272.1882278995675
2020-07-03 03:00:00,269.073817307799
2020-07-03 04:00:00,266.3511129880167
2020-07-03 05:00:00,263.966443218681
2020-07-03 06:00:00,264.18003967159257
2020-07-03 07:00:00,266.82005714476014
2020-07-03 08:00:00,271.56555434005855
2020-07-03 09:00:00,277.9600128477384
2020-07-03 10:00:00,285.43633618253546
2020-07-03 11:00:00,293.35476988453786
2020-07-03 12:00:00,301.05090383513834
2020-07-03 13:00:00,307.888945687164
2020-07-03 14:00:00,313.3136999821841
2020-07-03 15:00:00,316.8940747175362
2020-07-03 16:00:00,318.35223703053265
2020-07-03 17:00:00,317.5756874854817
2020-07-03 18:00:00,314.61338225755725
2020-07-03 19:00:00,309.6599864616897
2020-07-03 20:00:00,303.03330895133104
2020-07-03 21:00:00,295.72184169203626
2020-07-03 22:00:00,289.46074164696614
2020-07-03 23:00:00,284.07061478830633
2020-07-04 00:00:00,279.41013058883044
2020-07-04 01:00:00,275.38493465542723
2020-07-04 02:00:00,271.9028392561931
2020-07-04 03:00:00,268.8829726442041
2020-07-04 04:00:00,266.2584170767108
2020-07-04 05:00:00,263.9733238224351
2020-07-04 06:00:00,264.26708015291086
2020-07-04 07:00:00,266.97765108555507
2020-07-04 08:00:00,271.7723035758976
2020-07-04 09:00:00,278.1856392372636
2020-07-04 10:00:00,285.64520525058083
2020-07-04 11:00:00,293.50985707485796
2020-07-04 12:00:00,301.1178709715362
2020-07-04 13:00:00,307.8398665033663
2020-07-04 14:00:00,313.12993912615906
2020-07-04 15:00:00,316.5679355739824
2020-07-04 16:00:00,317.88724302434247
2020-07-04 17:00:00,316.9856625461835
2020-07-04 18:00:00,313.9207218940041
2020-07-04 19:00:00,308.89357287405437
2020-07-04 20:00:00,302.22642419549544
2020-07-04 21:00:00,294.93146397556967
2020-07-04 22:00:00,288.71892047138476
2020-07-04 23:00:00,283.4001926832458
2020-07-05 00:00:00,278.8270860898928
2020-07-05 01:00:00,274.8201524275969
2020-07-05 02:00:00,271.29393239503577
2020-07-05 03:00:00,268.1830708248369
2020-07-05 04:00:00,265.4328228816244
2020-07-05 05:00:00,262.9969469748333
2020-07-05 06:00:00,263.10185945920216
2020-07-05 07:00:00,265.6511140468619
2020-07-05 08:00:00,270.3459593237732
2020-07-05 09:00:00,276.74639564372694
2020-07-05 10:00:00,284.29506451461435
2020-07-05 11:00:00,292.35435330958205
2020-07-05 12:00:00,300.2541909888716
2020-07-05 13:00:00,307.3459852130378
2020-07-05 14:00:00,313.0562251562069
2020-07-05 15:00:00,316.93238047454685
2020-07-05 16:00:00,318.67474520119026
2020-07-05 17:00:00,318.150901492839
2020-07-05 18:00:00,315.39346801686935
2020-07-05 19:00:00,310.5850692840071
2020-07-05 20:00:00,304.03575597421406
2020-07-05 21:00:00,296.7741349743219
2020-07-05 22:00:00,290.4929354944735
2020-07-05 23:00:00,285.0310613272363
2020-07-06 00:00:00,280.2608941226534
2020-07-06 01:00:00,276.1217111409682
2020-07-06 02:00:00,272.54601948982526
2020-07-06 03:00:00,269.4490509518292
2020-07-06 04:00:00,266.760833795652
2020-07-06 05:00:00,264.4230955743703
2020-07-06 06:00:00,264.6307165720776
2020-07-06 07:00:00,267.2697734165853
2020-07-06 08:00:00,272.0034657752964
2020-07-06 09:00:00,278.3630981579249
2020-07-06 10:00:00,285.77363906443276
2020-07-06 11:00:00,293.592067876566
2020-07-06 12:00:00,301.1554657898042
2020-07-06 13:00:00,307.8338806526271
2020-07-06 14:00:00,313.08135273661884
2020-07-06 15:00:00,316.47804278075824
2020-07-06 16:00:00,317.7578609921992
2020-07-06 17:00:00,316.81920219537875
2020-07-06 18:00:00,313.72016766216046
2020-07-06 19:00:00,308.6624242511709
2020-07-06 20:00:00,301.9686375514281
2020-07-06 21:00:00,294.69847931063396
2020-07-06 22:00:00,288.5112345571361
2020-07-06 23:00:00,283.2178676232468
2020-07-07 00:00:00,278.66984728391566
2020-07-07 01:00:00,274.6705557440092
2020-07-07 02:00:00,271.1401723797513
2020-07-07 03:00:00,268.0160380613277
2020-07-07 04:00:00,265.24555222319555
2020-07-07 05:00:00,262.78419073708966
2020-07-07 06:00:00,262.8143914404536
2020-07-07 07:00:00,265.30147930069916
2020-07-07 08:00:00,269.9521885527767
2020-07-07 09:00:00,276.33047858973964
2020-07-07 10:00:00,283.8810417717629
2020-07-07 11:00:00,291.9661314601905
2020-07-07 12:00:00,299.9132710762694
2020-07-07 13:00:00,307.06937033658124
2020-07-07 14:00:00,312.85480306478735
2020-07-07 15:00:00,316.81002518239734
2020-07-07 16:00:00,318.628242437788
2020-07-07 17:00:00,318.17062050525
2020-07-07 18:00:00,315.4645532447915
2020-07-07 19:00:00,310.6888708168566
2020-07-07 20:00:00,304.15126509671194
2020-07-07 21:00:00,296.9294376826174
2020-07-07 22:00:00,290.66432065529995
2020-07-07 23:00:00,285.2006119935746
2020-07-08 00:00:00,280.4150485970123
2020-07-08 01:00:00,276.1913728654742
2020-07-08 02:00:00,272.4395265332739
2020-07-08 03:00:00,269.0980594030541
2020-07-08 04:00:00,266.1153472998658
2020-07-08 05:00:00,263.44764266003193
2020-07-08 06:00:00,263.25322439381654
2020-07-08 07:00:00,265.5412925946695
2020-07-08 08:00:00,270.03155475816027
2020-07-08 09:00:00,276.29819662999415
2020-07-08 10:00:00,283.792332067877
2020-07-08 11:00:00,291.87799368910436
2020-07-08 12:00:00,299.87941659270194
2020-07-08 13:00:00,307.1353214050351
2020-07-08 14:00:00,313.0538427045321
2020-07-08 15:00:00,317.1605993495629
2020-07-08 16:00:00,319.1331338574332
2020-07-08 17:00:00,318.81781287818774
2020-07-08 18:00:00,316.22935043752506
2020-07-08 19:00:00,311.536675259742
2020-07-08 20:00:00,305.0404898914192
2020-07-08 21:00:00,297.84159847796064
2020-07-08 22:00:00,291.55408344457004
2020-07-08 23:00:00,286.0337287714155
2020-07-09 00:00:00,281.1656964401407
2020-07-09 01:00:00,276.8810991673447
2020-07-09 02:00:00,273.1331415785821
2020-07-09 03:00:00,269.8457697471975
2020-07-09 04:00:00,266.95577466510804
2020-07-09 05:00:00,264.4101437308555
2020-07-09 06:00:00,264.3335614739677
2020-07-09 07:00:00,266.7306516109475
2020-07-09 08:00:00,271.28801730555915
2020-07-09 09:00:00,277.5539656719127
2020-07-09 10:00:00,284.96261640302765
2020-07-09 11:00:00,292.8712408764933
2020-07-09 12:00:00,300.6081325625282
2020-07-09 13:00:00,307.5263155962315
2020-07-09 14:00:00,313.0565495859906
2020-07-09 15:00:00,316.75231620504127
2020-07-09 16:00:00,318.32061437832823
2020-07-09 17:00:00,317.6354761996578
2020-07-09 18:00:00,314.7350608925437
2020-07-09 19:00:00,309.8063298760337
2020-07-09 20:00:00,303.1624644385014
2020-07-09 21:00:00,295.94048711581223
2020-07-09 22:00:00,289.7180614186796
2020-07-09 23:00:00,284.32875252638655
2020-07-10 00:00:00,279.64088178211694
2020-07-10 01:00:00,275.56161694400146
2020-07-10 02:00:00,272.00573914235895
2020-07-10 03:00:00,268.8981990994125
2020-07-10 04:00:00,266.1766016422845
2020-07-10 05:00:00,263.7886220741994
2020-07-10 06:00:00,263.8320415182505
2020-07-10 07:00:00,266.3373610473401
2020-07-10 08:00:00,270.9834631081578
2020-07-10 09:00:00,277.31253850738506
2020-07-10 10:00:00,284.75477393587806
2020-07-10 11:00:00,292.6661381730057
2020-07-10 12:00:00,300.3764590753296
2020-07-10 13:00:00,307.2430044854174
2020-07-10 14:00:00,312.70298833447083
2020-07-10 15:00:00,316.31774884382435
2020-07-10 16:00:00,317.8025901656276
2020-07-10 17:00:00,317.0394148089137
2020-07-10 18:00:00,314.0731809425522
2020-07-10 19:00:00,309.09625485266776
2020-07-10 20:00:00,302.4257681178763
2020-07-10 21:00:00,295.2316663880879
2020-07-10 22:00:00,289.0577447280282
2020-07-10 23:00:00,283.73174939859666
2020-07-11 00:00:00,279.1176101611009
2020-07-11 01:00:00,275.02586403248915
2020-07-11 02:00:00,271.37333850440973
2020-07-11 03:00:00,268.10469283914074
2020-07-11 04:00:00,265.17320203423657
2020-07-11 05:00:00,262.53908720314973
2020-07-11 06:00:00,262.28135797402734
2020-07-11 07:00:00,264.518847685816
2020-07-11 08:00:00,268.98031184713307
2020-07-11 09:00:00,275.2466067627044
2020-07-11 10:00:00,282.7726208023724
2020-07-11 11:00:00,290.9228606765705
2020-07-11 12:00:00,299.0185793270588
2020-07-11 13:00:00,306.392280064771
2020-07-11 14:00:00,312.44331103888595
2020-07-11 15:00:00,316.68699325036187
2020-07-11 16:00:00,318.79031481032683
2020-07-11 17:00:00,318.59000530473884
2020-07-11 18:00:00,316.0929064362112
2020-07-11 19:00:00,311.4622517393357
2020-07-11 20:00:00,304.9952571258325
2020-07-11 21:00:00,297.8822864756022
2020-07-11 22:00:00,291.6439046539839
2020-07-11 23:00:00,286.14424524118886
2020-07-12 00:00:00,281.2747907803903
2020-07-12 01:00:00,276.9763860745476
2020-07-12 02:00:00,273.216612242419
2020-07-12 03:00:00,269.9190708271131
2020-07-12 04:00:00,267.02028129843865
2020-07-12 05:00:00,264.46701397981496
2020-07-12 06:00:00,264.29719696822394
2020-07-12 07:00:00,266.6195250243205
2020-07-12 08:00:00,271.1185095634636
2020-07-12 09:00:00,277.34031961083076
2020-07-12 10:00:00,284.71679359568253
2020-07-12 11:00:00,292.6027543098184
2020-07-12 12:00:00,300.32391589267127
2020-07-12 13:00:00,307.23068097533206
2020-07-12 14:00:00,312.7512740379958
2020-07-12 15:00:00,316.43687630838673
2020-07-12 16:00:00,317.9925616309288
2020-07-12 17:00:00,317.2909189031586
2020-07-12 18:00:00,314.3692028976478
2020-07-12 19:00:00,309.41401707098424
2020-07-12 20:00:00,302.7387026724669
2020-07-12 21:00:00,295.57637163967206
2020-07-12 22:00:00,289.40340123889496
2020-07-12 23:00:00,284.0555525207782
2020-07-13 00:00:00,279.40275557427987
2020-07-13 01:00:00,275.2592613796832
2020-07-13 02:00:00,271.53724921285146
2020-07-13 03:00:00,268.18535126702733
2020-07-13 04:00:00,265.1600696570358
2020-07-13 05:00:00,262.4242656951482
2020-07-13 06:00:00,261.99736674366795
2020-07-13 07:00:00,264.0852959686049
2020-07-13 08:00:00,268.4298567847624
2020-07-13 09:00:00,274.62224594668186
2020-07-13 10:00:00,282.12403014353106
2020-07-13 11:00:00,290.30193957803317
2020-07-13 12:00:00,298.47455283089124
2020-07-13 13:00:00,305.9668968484516
2020-07-13 14:00:00,312.1667938839899
2020-07-13 15:00:00,316.57535439860754
2020-07-13 16:00:00,318.8443999625668
2020-07-13 17:00:00,318.79624112802753
2020-07-13 18:00:00,316.4253558549337
2020-07-13 19:00:00,311.8853876393923
2020-07-13 20:00:00,305.46690507703636
2020-07-13 21:00:00,298.42441526312956
2020-07-13 22:00:00,292.20966818734684
2020-07-13 23:00:00,286.6972522449652
2020-07-14 00:00:00,281.78664632904685
2020-07-14 01:00:00,277.3982943819732
2020-07-14 02:00:00,273.4704033052528
2020-07-14 03:00:00,269.9450315569259
2020-07-14 04:00:00,266.77340552455473
2020-07-14 05:00:00,263.9141032199624
2020-07-14 06:00:00,263.3501720102218
2020-07-14 07:00:00,265.3181403835549
2020-07-14 08:00:00,269.5517478338313
2020-07-14 09:00:00,275.63573670106024
2020-07-14 10:00:00,283.0269430300319
2020-07-14 11:00:00,291.0892387523769
2020-07-14 12:00:00,299.14029949154434
2020-07-14 13:00:00,306.5061269442415
2020-07-14 14:00:00,312.57709697558823
2020-07-14 15:00:00,316.8579405466158
2020-07-14 16:00:00,319.00453274717
2020-07-14 17:00:00,318.843061413835
2020-07-14 18:00:00,316.37125915961695
2020-07-14 19:00:00,311.7451862806633
2020-07-14 20:00:00,305.2569839738738
2020-07-14 21:00:00,298.1981713496404
2020-07-14 22:00:00,291.98110896078447
2020-07-14 23:00:00,286.4772889771449
2020-07-15 00:00:00,281.58381218828237
2020-07-15 01:00:00,277.26289763595867
2020-07-15 02:00:00,273.5349736156463
2020-07-15 03:00:00,270.3098230811579
2020-07-15 04:00:00,267.5132121732426
2020-07-15 05:00:00,265.08348686788486
2020-07-15 06:00:00,264.95336002110344
2020-07-15 07:00:00,267.32073896131016
2020-07-15 08:00:00,271.8391460147673
2020-07-15 09:00:00,278.0308925909985
2020-07-15 10:00:00,285.3122458802136
2020-07-15 11:00:00,293.03164243310835
2020-07-15 12:00:00,300.51783369958576
2020-07-15 13:00:00,307.132940813173
2020-07-15 14:00:00,312.32375510868593
2020-07-15 15:00:00,315.66416737851193
2020-07-15 16:00:00,316.88306219328473
2020-07-15 17:00:00,315.8752322209314
2020-07-15 18:00:00,312.6966714495108
2020-07-15 19:00:00,307.5484082214961
2020-07-15 20:00:00,300.7538437408825
2020-07-15 21:00:00,293.660610826307
2020-07-15 22:00:00,287.62112747750433
2020-07-15 23:00:00,282.4526223289531
2020-07-16 00:00:00,278.0111181907209
2020-07-16 01:00:00,274.20274567103417
2020-07-16 02:00:00,270.92593183382075
2020-07-16 03:00:00,268.0997973165509
2020-07-16 04:00:00,265.6575092177967
2020-07-16 05:00:00,263.5433921174682
2020-07-16 06:00:00,263.6595949001198
2020-07-16 07:00:00,266.24408476570403
2020-07-16 08:00:00,270.94495325718924
2020-07-16 09:00:00,277.2802483488574
2020-07-16 10:00:00,284.66391891004855
2020-07-16 11:00:00,292.4445877676831
2020-07-16 12:00:00,299.9539527331842
2020-07-16 13:00:00,306.5597198318107
2020-07-16 14:00:00,311.71638902586625
2020-07-16 15:00:00,315.00685576992606
2020-07-16 16:00:00,316.16934189846353
2020-07-16 17:00:00,315.1074283254882
2020-07-16 18:00:00,311.88471827634737
2020-07-16 19:00:00,306.7083490693507
2020-07-16 20:00:00,299.9062597542053
2020-07-16 21:00:00,292.8680870285821
2020-07-16 22:00:00,286.90183960196475
2020-07-16 23:00:00,281.8187403310344
2020-07-17 00:00:00,277.4703397977997
2020-07-17 01:00:00,273.4936249377421
2020-07-17 02:00:00,269.89480082993293
2020-07-17 03:00:00,266.6301498675179
2020-07-17 04:00:00,263.6623930198083
2020-07-17 05:00:00,260.95949622665506
2020-07-17 06:00:00,260.4058303032758
2020-07-17 07:00:00,262.387031750395
2020-07-17 08:00:00,266.65936250321937
2020-07-17 09:00:00,272.8251507170726
2020-07-17 10:00:00,280.35285119794634
2020-07-17 11:00:00,288.6110627139789
2020-07-17 12:00:00,296.91478359534506
2020-07-17 13:00:00,304.58014932630454
2020-07-17 14:00:00,310.98163475240983
2020-07-17 15:00:00,315.604093604441
2020-07-17 16:00:00,318.08215653715337
2020-07-17 17:00:00,318.22197536231954
2020-07-17 18:00:00,316.0044252859761
2020-07-17 19:00:00,311.57294315608004
2020-07-17 20:00:00,305.21147206149095
2020-07-17 21:00:00,298.3243198630034
2020-07-17 22:00:00,292.20712847752037
2020-07-17 23:00:00,286.74668767543494
2020-07-18 00:00:00,281.85180648790293
2020-07-18 01:00:00,277.4639741167177
2020-07-18 02:00:00,273.5651669228329
2020-07-18 03:00:00,270.09135672668896
2020-07-18 04:00:00,266.98887615798304
2020-07-18 05:00:00,264.2123334121623
2020-07-18 06:00:00,263.59708652995516
2020-07-18 07:00:00,265.5348350118496
2020-07-18 08:00:00,269.7403145036253
2020-07-18 09:00:00,275.7822573772292
2020-07-18 10:00:00,283.105288324382
2020-07-18 11:00:00,291.0656416115673
2020-07-18 12:00:00,298.97843705353466
2020-07-18 13:00:00,306.17222116081837
2020-07-18 14:00:00,312.0444049770149
2020-07-18 15:00:00,316.11003261825203
2020-07-18 16:00:00,318.03698638709807
2020-07-18 17:00:00,317.663569849061
2020-07-18 18:00:00,314.99850817616493
2020-07-18 19:00:00,310.2070406290961
2020-07-18 20:00:00,303.5884872221438
2020-07-18 21:00:00,296.598305939738
2020-07-18 22:00:00,290.47909427858457
2020-07-18 23:00:00,285.0952801372432
2020-07-19 00:00:00,280.338460039909
2020-07-19 01:00:00,276.1239028673023
2020-07-19 02:00:00,272.38071801180735
2020-07-19 03:00:00,269.04748741454864
2020-07-19 04:00:00,266.0726116764966
2020-07-19 05:00:00,263.41236310561834
2020-07-19 06:00:00,262.8641683696475
2020-07-19 07:00:00,264.8657689012013
2020-07-19 08:00:00,269.12997916813345
2020-07-19 09:00:00,275.22364281134224
2020-07-19 10:00:00,282.58977920846996
2020-07-19 11:00:00,290.58351692123836
2020-07-19 12:00:00,298.5195271291675
2020-07-19 13:00:00,305.72663927587524
2020-07-19 14:00:00,311.60325377305975
2020-07-19 15:00:00,315.6659876027628
2020-07-19 16:00:00,317.5846859138552
2020-07-19 17:00:00,317.1997884728203
2020-07-19 18:00:00,314.5221401601515
2020-07-19 19:00:00,309.71895203988004
2020-07-19 20:00:00,303.09129804509104
2020-07-19 21:00:00,296.1392087287504
2020-07-19 22:00:00,290.05969800729275
2020-07-19 23:00:00,284.71661310066
2020-07-20 00:00:00,280.00107175268784
2020-07-20 01:00:00,275.81709687892834
2020-07-20 02:00:00,272.0897548330705
2020-07-20 03:00:00,268.7606181859628
2020-07-20 04:00:00,265.780485604023
2020-07-20 05:00:00,263.1075699004298
2020-07-20 06:00:00,262.500346371676
2020-07-20 07:00:00,264.4506725619743
2020-07-20 08:00:00,268.6774940892541
2020-07-20 09:00:00,274.7523443473831
2020-07-20 10:00:00,282.12111788895123
2020-07-20 11:00:00,290.139702291192
2020-07-20 12:00:00,298.12126901215146
2020-07-20 13:00:00,305.39098991685194
2020-07-20 14:00:00,311.34184215894066
2020-07-20 15:00:00,315.48390891586087
2020-07-20 16:00:00,317.4801893881216
2020-07-20 17:00:00,317.16472967604483
2020-07-20 18:00:00,314.5430023650263
2020-07-20 19:00:00,309.77816457906283
2020-07-20 20:00:00,303.1686073445384
2020-07-20 21:00:00,296.2573454084945
2020-07-20 22:00:00,290.1966209429238
2020-07-20 23:00:00,284.8553135015808
2020-07-21 00:00:00,280.12837419806095
2020-07-21 01:00:00,275.9610915073509
2020-07-21 02:00:00,272.2935764086337
2020-07-21 03:00:00,269.0575123818858
2020-07-21 04:00:00,266.19579982164333
2020-07-21 05:00:00,263.660296414659
2020-07-21 06:00:00,263.16257533236967
2020-07-21 07:00:00,265.2202198784097
2020-07-21 08:00:00,269.5240195682467
2020-07-21 09:00:00,275.6230249496335
2020-07-21 10:00:00,282.9477273503807
2020-07-21 11:00:00,290.84689082396966
2020-07-21 12:00:00,298.6354629611279
2020-07-21 13:00:00,305.6489878545466
2020-07-21 14:00:00,311.29799623471746
2020-07-21 15:00:00,315.1148912823647
2020-07-21 16:00:00,316.78680057973946
2020-07-21 17:00:00,316.17087318943385
2020-07-21 18:00:00,313.2925488145404
2020-07-21 19:00:00,308.3307057219686
2020-07-21 20:00:00,301.59498585391054
2020-07-21 21:00:00,294.6811692976088
2020-07-21 22:00:00,288.68479225514363
2020-07-21 23:00:00,283.45834267597826
2020-07-22 00:00:00,278.8842290447981
2020-07-22 01:00:00,274.8908373349527
2020-07-22 02:00:00,271.39654151863317
2020-07-22 03:00:00,268.3313919220865
2020-07-22 04:00:00,265.637012586042
2020-07-22 05:00:00,263.2642757079992
2020-07-22 06:00:00,262.88103294607987
2020-07-22 07:00:00,265.0459087153196
2020-07-22 08:00:00,269.436142702782
2020-07-22 09:00:00,275.58999370623434
2020-07-22 10:00:00,282.93069685143433
2020-07-22 11:00:00,290.8039255101904
2020-07-22 12:00:00,298.5260040138331
2020-07-22 13:00:00,305.438135751849
2020-07-22 14:00:00,310.9600474436685
2020-07-22 15:00:00,314.6356446258649
2020-07-22 16:00:00,316.16439043173614
2020-07-22 17:00:00,315.41521794361734
2020-07-22 18:00:00,312.4237858519598
2020-07-22 19:00:00,307.37710146123203
2020-07-22 20:00:00,300.5907384228154
2020-07-22 21:00:00,293.7113137581282
2020-07-22 22:00:00,287.77962080435753
2020-07-22 23:00:00,282.6399639818782
2020-07-23 00:00:00,278.1685245267112
2020-07-23 01:00:00,274.31605011010606
2020-07-23 02:00:00,270.9840932029621
2020-07-23 03:00:00,268.09542575673316
2020-07-23 04:00:00,265.5860184976367
2020-07-23 05:00:00,263.40234944018147
2020-07-23 06:00:00,263.16469146261943
2020-07-23 07:00:00,265.46407247097017
2020-07-23 08:00:00,269.9518145642598
2020-07-23 09:00:00,276.14637803768983
2020-07-23 10:00:00,283.45850247837956
2020-07-23 11:00:00,291.229569822275
2020-07-23 12:00:00,298.780089452754
2020-07-23 13:00:00,305.46328765134115
2020-07-23 14:00:00,310.71710182595064
2020-07-23 15:00:00,314.1073674089291
2020-07-23 16:00:00,315.3563963120046
2020-07-23 17:00:00,314.35437319044246
2020-07-23 18:00:00,311.1548637856573
2020-07-23 19:00:00,305.9586170120937
2020-07-23 20:00:00,299.09070721262765
2020-07-23 21:00:00,292.2515581891915
2020-07-23 22:00:00,286.41966649351303
2020-07-23 23:00:00,281.42248396607494
2020-07-24 00:00:00,277.1235239165329
2020-07-24 01:00:00,273.19911712390865
2020-07-24 02:00:00,269.6595786409642
2020-07-24 03:00:00,266.4596139627369
2020-07-24 04:00:00,263.5606411650821
2020-07-24 05:00:00,260.9295428380216
2020-07-24 06:00:00,260.1576667533223
2020-07-24 07:00:00,261.96545759986134
2020-07-24 08:00:00,266.0971734571487
2020-07-24 09:00:00,272.1439821430127
2020-07-24 10:00:00,279.5643174638111
2020-07-24 11:00:00,287.71830224519584
2020-07-24 12:00:00,295.9143899884491
2020-07-24 13:00:00,303.46434967001176
2020-07-24 14:00:00,309.740489526355
2020-07-24 15:00:00,314.2274678754461
2020-07-24 16:00:00,316.56126824483187
2020-07-24 17:00:00,316.5504486426617
2020-07-24 18:00:00,314.17891378291233
2020-07-24 19:00:00,309.59347841377496
2020-07-24 20:00:00,303.08170063922626
2020-07-24 21:00:00,296.3713133346821
2020-07-24 22:00:00,290.4233210069392
2020-07-24 23:00:00,285.12576123982393
2020-07-25 00:00:00,280.38825560764633
2020-07-25 01:00:00,276.15561658279944
2020-07-25 02:00:00,272.37629893387725
2020-07-25 03:00:00,268.9929079253071
2020-07-25 04:00:00,265.95708125293623
2020-07-25 05:00:00,263.22771604245895
2020-07-25 06:00:00,262.3430642603298
2020-07-25 07:00:00,264.0592188947207
2020-07-25 08:00:00,268.0968105873784
2020-07-25 09:00:00,274.02786152212497
2020-07-25 10:00:00,281.29698434974324
2020-07-25 11:00:00,289.25663311784587
2020-07-25 12:00:00,297.21425610821007
2020-07-25 13:00:00,304.4871786530983
2020-07-25 14:00:00,310.4589133408579
2020-07-25 15:00:00,314.62926509792163
2020-07-25 16:00:00,316.65110706961786
2020-07-25 17:00:00,316.3494366599575
2020-07-25 18:00:00,313.7224528105461
2020-07-25 19:00:00,308.9281910972656
2020-07-25 20:00:00,302.26215398610276
2020-07-25 21:00:00,295.5077031146706
2020-07-25 22:00:00,289.56544508914055
2020-07-25 23:00:00,284.3124663279655
2020-07-26 00:00:00,279.6499193406178
2020-07-26 01:00:00,275.5177435742704
2020-07-26 02:00:00,271.8518819094288
2020-07-26 03:00:00,268.59140038396447
2020-07-26 04:00:00,265.6850801343314
2020-07-26 05:00:00,263.0895008291833
2020-07-26 06:00:00,262.2933606082943
2020-07-26 07:00:00,264.09778856699694
2020-07-26 08:00:00,268.2074245857312
2020-07-26 09:00:00,274.18114328262516
2020-07-26 10:00:00,281.45413017881793
2020-07-26 11:00:00,289.3739067681238
2020-07-26 12:00:00,297.24794689187127
2020-07-26 13:00:00,304.3985147703522
2020-07-26 14:00:00,310.21830091347624
2020-07-26 15:00:00,314.21926167176827
2020-07-26 16:00:00,316.0677733000805
2020-07-26 17:00:00,315.6020781791238
2020-07-26 18:00:00,312.83211458490064
2020-07-26 19:00:00,307.92544878045254
2020-07-26 20:00:00,301.18470748303474
2020-07-26 21:00:00,294.4499892694763
2020-07-26 22:00:00,288.56164627057973
2020-07-26 23:00:00,283.38861056356814
2020-07-27 00:00:00,278.82573000256974
2020-07-27 01:00:00,274.7771335252808
2020-07-27 02:00:00,271.1736287338499
2020-07-27 03:00:00,267.9583105073706
2020-07-27 04:00:00,265.0831881701237
2020-07-27 05:00:00,262.50745361378193
2020-07-27 06:00:00,261.67313613326456
2020-07-27 07:00:00,263.44471920844717
2020-07-27 08:00:00,267.533511356413
2020-07-27 09:00:00,273.5034352358663
2020-07-27 10:00:00,280.7927764795295
2020-07-27 11:00:00,288.74993956608427
2020-07-27 12:00:00,296.6809458633258
2020-07-27 13:00:00,303.90439324159024
2020-07-27 14:00:00,309.8075047945774
2020-07-27 15:00:00,313.89564546604845
2020-07-27 16:00:00,315.82829649991686
2020-07-27 17:00:00,315.43728491983757
2020-07-27 18:00:00,312.7271948425115
2020-07-27 19:00:00,307.8616012251088
2020-07-27 20:00:00,301.1405528700825
2020-07-27 21:00:00,294.4559688325568
2020-07-27 22:00:00,288.59498015385043
2020-07-27 23:00:00,283.43167808690714
2020-07-28 00:00:00,278.8648450160544
2020-07-28 01:00:00,274.89420264008714
2020-07-28 02:00:00,271.43929039203397
2020-07-28 03:00:00,268.4256967970757
2020-07-28 04:00:00,265.79154905012
2020-07-28 05:00:00,263.4849661870608
2020-07-28 06:00:00,262.88919958931166
2020-07-28 07:00:00,264.89094687319886
2020-07-28 08:00:00,269.1488238273978
2020-07-28 09:00:00,275.1854096524702
2020-07-28 10:00:00,282.41142917275874
2020-07-28 11:00:00,290.1635284141796
2020-07-28 12:00:00,297.75268391174535
2020-07-28 13:00:00,304.51834934265236
2020-07-28 14:00:00,309.88165904215083
2020-07-28 15:00:00,313.3903188642514
2020-07-28 16:00:00,314.7490505738452
2020-07-28 17:00:00,313.8326167395051
2020-07-28 18:00:00,310.68242012789574
2020-07-28 19:00:00,305.4907749277364
2020-07-28 20:00:00,298.57802384743013
2020-07-28 21:00:00,291.90270688683796
2020-07-28 22:00:00,286.17121490378076
2020-07-28 23:00:00,281.2268706217268
2020-07-29 00:00:00,276.94500194557753
2020-07-29 01:00:00,273.16778289210106
2020-07-29 02:00:00,269.8415425592572
2020-07-29 03:00:00,266.90568447719653
2020-07-29 04:00:00,264.30926575923326
2020-07-29 05:00:00,262.0091231774405
2020-07-29 06:00:00,261.34449353079464
2020-07-29 07:00:00,263.28271647117185
2020-07-29 08:00:00,267.5084341118784
2020-07-29 09:00:00,273.56382108603657
2020-07-29 10:00:00,280.87179078408207
2020-07-29 11:00:00,288.77300579109993
2020-07-29 12:00:00,296.57408258012697
2020-07-29 13:00:00,303.60239052029357
2020-07-29 14:00:00,309.260891384159
2020-07-29 15:00:00,313.07548787752927
2020-07-29 16:00:00,314.72828209921744
2020-07-29 17:00:00,314.0731559241555
2020-07-29 18:00:00,311.1341643765683
2020-07-29 19:00:00,306.0906568673433
2020-07-29 20:00:00,299.2544642885704
2020-07-29 21:00:00,292.63509335083774
2020-07-29 22:00:00,286.8923400438446
2020-07-29 23:00:00,281.8868077811702
2020-07-30 00:00:00,277.5068870734489
2020-07-30 01:00:00,273.55399252459154
2020-07-30 02:00:00,269.996507550799
2020-07-30 03:00:00,266.78722334771834
2020-07-30 04:00:00,263.88599738154056
2020-07-30 05:00:00,261.2584286226822
2020-07-30 06:00:00,260.1987997487957
2020-07-30 07:00:00,261.76867784278267
2020-07-30 08:00:00,265.70306767018525
2020-07-30 09:00:00,271.5845243127382
2020-07-30 10:00:00,278.86348100844384
2020-07-30 11:00:00,286.89279144380464
2020-07-30 12:00:00,294.97454410058543
2020-07-30 13:00:00,302.41519765453927
2020-07-30 14:00:00,308.582883785318
2020-07-30 15:00:00,312.95920921799427
2020-07-30 16:00:00,315.1781524350775
2020-07-30 17:00:00,315.0472069631122
2020-07-30 18:00:00,312.5500649114643
2020-07-30 19:00:00,307.83413459065525
2020-07-30 20:00:00,301.18836642341506
2020-07-30 21:00:00,294.664479924908
2020-07-30 22:00:00,288.88516225510233
2020-07-30 23:00:00,283.7417778008354
2020-07-31 00:00:00,279.1463886985511
2020-07-31 01:00:00,275.0243151337275
2020-07-31 02:00:00,271.31565237539473
2020-07-31 03:00:00,267.97052699765516
2020-07-31 04:00:00,264.94665317608246
2020-07-31 05:00:00,262.2078846556741
2020-07-31 06:00:00,260.9939180284303
2020-07-31 07:00:00,262.4271695974772
2020-07-31 08:00:00,266.2416161086725
2020-07-31 09:00:00,272.01903066414553
2020-07-31 10:00:00,279.2090477747979
2020-07-31 11:00:00,287.1635205346046
2020-07-31 12:00:00,295.1832192594766
2020-07-31 13:00:00,302.5729194253984
2020-07-31 14:00:00,308.6987272428912
2020-07-31 15:00:00,313.0399720985954
2020-07-31 16:00:00,315.2282465026167
2020-07-31 17:00:00,315.06871712811557
2020-07-31 18:00:00,312.5429668445171
2020-07-31 19:00:00,307.7966353522542
2020-07-31 20:00:00,301.11732299193994
2020-07-31 21:00:00,294.6134218098507
2020-07-31 22:00:00,288.8473311470078
2020-07-31 23:00:00,283.71182101817993
2020-08-01 00:00:00,279.12003580645916
2020-08-01 01:00:00,275.0475555647652
2020-08-01 02:00:00,271.4327547890852
2020-08-01 03:00:00,268.21614709679034
2020-08-01 04:00:00,265.3476697742594
2020-08-01 05:00:00,262.7848372517132
2020-08-01 06:00:00,261.70795868614636
2020-08-01 07:00:00,263.2828943950174
2020-08-01 08:00:00,267.21007528055986
2020-08-01 09:00:00,273.043767256543
2020-08-01 10:00:00,280.21382408494384
2020-08-01 11:00:00,288.0615781497837
2020-08-01 12:00:00,295.88748930380115
2020-08-01 13:00:00,303.0061806820918
2020-08-01 14:00:00,308.80243428993583
2020-08-01 15:00:00,312.78051933819813
2020-08-01 16:00:00,314.5998887254153
2020-08-01 17:00:00,314.093119028245
2020-08-01 18:00:00,311.2660956302156
2020-08-01 19:00:00,306.2841206965392
2020-08-01 20:00:00,299.44935724911704
2020-08-01 21:00:00,292.9385056334527
2020-08-01 22:00:00,287.2376396970263
2020-08-01 23:00:00,282.2230961560723
2020-08-02 00:00:00,277.7952625498616
2020-08-02 01:00:00,273.90340524113685
2020-08-02 02:00:00,270.469051031133
2020-08-02 03:00:00,267.43118952163593
2020-08-02 04:00:00,264.7385384634603
2020-08-02 05:00:00,262.3476443039369
2020-08-02 06:00:00,261.3828449749182
2020-08-02 07:00:00,263.0674726655588
2020-08-02 08:00:00,267.0869786525675
2020-08-02 09:00:00,272.98338057029
2020-08-02 10:00:00,280.17784422135924
2020-08-02 11:00:00,288.0072885577311
2020-08-02 12:00:00,295.7724423228985
2020-08-02 13:00:00,302.79280363499265
2020-08-02 14:00:00,308.46197280044316
2020-08-02 15:00:00,312.2957780582143
2020-08-02 16:00:00,313.96645532355564
2020-08-02 17:00:00,313.3190988216041
2020-08-02 18:00:00,310.3707010113346
2020-08-02 19:00:00,305.29561692941263
2020-08-02 20:00:00,298.40282109820123
2020-08-02 21:00:00,291.9333304920337
2020-08-02 22:00:00,286.30236210463676
2020-08-02 23:00:00,281.3789756936191
2020-08-03 00:00:00,277.0579359074239
2020-08-03 01:00:00,273.228491353373
2020-08-03 02:00:00,269.83156836929834
2020-08-03 03:00:00,266.8112974981149
2020-08-03 04:00:00,264.1205120976365
2020-08-03 05:00:00,261.7190798372231
2020-08-03 06:00:00,260.6778199941021
2020-08-03 07:00:00,262.2934480178155
2020-08-03 08:00:00,266.26271664173896
2020-08-03 09:00:00,272.13631759069335
2020-08-03 10:00:00,279.3409142158071
2020-08-03 11:00:00,287.2152927209581
2020-08-03 12:00:00,295.05821310156614
2020-08-03 13:00:00,302.1835545117838
2020-08-03 14:00:00,307.97630606758497
2020-08-03 15:00:00,311.94177719233807
2020-08-03 16:00:00,313.74109315705016
2020-08-03 17:00:00,313.2089039426998
2020-08-03 18:00:00,310.35336321332557
2020-08-03 19:00:00,305.34208960719826
2020-08-03 20:00:00,298.4795256212139
2020-08-03 21:00:00,292.0649001339308
2020-08-03 22:00:00,286.4552047978677
2020-08-03 23:00:00,281.5273816895369
2020-08-04 00:00:00,277.1822212012079
2020-08-04 01:00:00,273.34438113313075
2020-08-04 02:00:00,269.94409422877817
2020-08-04 03:00:00,266.9244327526483
2020-08-04 04:00:00,264.2373806944046
2020-08-04 05:00:00,261.84211892435343
2020-08-04 06:00:00,260.75170938363755
2020-08-04 07:00:00,262.32830308659857
2020-08-04 08:00:00,266.2648060971463
2020-08-04 09:00:00,272.1086657832329
2020-08-04 10:00:00,279.2839575342188
2020-08-04 11:00:00,287.12761099692233
2020-08-04 12:00:00,294.9373126105641
2020-08-04 13:00:00,302.02664241931467
2020-08-04 14:00:00,307.78097520034305
2020-08-04 15:00:00,311.70652444388367
2020-08-04 16:00:00,313.4656273681989
2020-08-04 17:00:00,312.8942488813017
2020-08-04 18:00:00,310.0018066951397
2020-08-04 19:00:00,304.9570508964786
2020-08-04 20:00:00,298.0654039879475
2020-08-04 21:00:00,291.6885973111038
2020-08-04 22:00:00,286.1166366503
2020-08-04 23:00:00,281.2262282818637
2020-08-05 00:00:00,276.91795708364333
2020-08-05 01:00:00,273.0566046999571
2020-08-05 02:00:00,269.60063898606006
2020-08-05 03:00:00,266.5002801255892
2020-08-05 04:00:00,263.71328054268037
2020-08-05 05:00:00,261.20350700799037
2020-08-05 06:00:00,259.9296838010879
2020-08-05 07:00:00,261.334386226836
2020-08-05 08:00:00,265.1341767617234
2020-08-05 09:00:00,270.8953823660045
2020-08-05 10:00:00,278.05490388591653
2020-08-05 11:00:00,285.9553354648084
2020-08-05 12:00:00,293.89223983668916
2020-08-05 13:00:00,301.16944076494445
2020-08-05 14:00:00,307.1560562632295
2020-08-05 15:00:00,311.3376002448121
2020-08-05 16:00:00,313.353888916862
2020-08-05 17:00:00,313.0191500526402
2020-08-05 18:00:00,310.3238771349499
2020-08-05 19:00:00,305.42186259245597
2020-08-05 20:00:00,298.6078683863668
2020-08-05 21:00:00,292.2996960032957
2020-08-05 22:00:00,286.73421068728135
2020-08-05 23:00:00,281.802336750129
2020-08-06 00:00:00,277.4156323375404
2020-08-06 01:00:00,273.53970433918596
2020-08-06 02:00:00,270.09838073970093
2020-08-06 03:00:00,267.03571439792245
2020-08-06 04:00:00,264.3044764482582
2020-08-06 05:00:00,261.8644809286605
2020-08-06 06:00:00,260.6120309274701
2020-08-06 07:00:00,262.04885388277626
2020-08-06 08:00:00,265.8710258877786
2020-08-06 09:00:00,271.6281848929688
2020-08-06 10:00:00,278.74518820028504
2020-08-06 11:00:00,286.5580230862562
2020-08-06 12:00:00,294.3615588674978
2020-08-06 13:00:00,301.46475754325536
2020-08-06 14:00:00,307.2469106496609
2020-08-06 15:00:00,311.2072595838221
2020-08-06 16:00:00,313.00099853437484
2020-08-06 17:00:00,312.457484650144
2020-08-06 18:00:00,309.58061145624055
2020-08-06 19:00:00,304.5350014077912
2020-08-06 20:00:00,297.6234366339207
2020-08-06 21:00:00,291.3326187978409
2020-08-06 22:00:00,285.821508544336
2020-08-06 23:00:00,280.97230949180283
2020-08-07 00:00:00,276.68979769300716
2020-08-07 01:00:00,272.9147518530418
2020-08-07 02:00:00,269.57278587516254
2020-08-07 03:00:00,266.6074319431911
2020-08-07 04:00:00,263.97104474422326
2020-08-07 05:00:00,261.6231108410474
2020-08-07 06:00:00,260.3996533022012
2020-08-07 07:00:00,261.8697337704344
2020-08-07 08:00:00,265.72120504115384
2020-08-07 09:00:00,271.49686844273083
2020-08-07 10:00:00,278.61651785324074
2020-08-07 11:00:00,286.41320055495237
2020-08-07 12:00:00,294.18118216219386
2020-08-07 13:00:00,301.2311407074174
2020-08-07 14:00:00,306.94610278447124
2020-08-07 15:00:00,310.8304970880871
2020-08-07 16:00:00,312.5454305348497
2020-08-07 17:00:00,311.92617627569086
2020-08-07 18:00:00,308.9819850699865
2020-08-07 19:00:00,303.8819555585854
2020-08-07 20:00:00,296.9323631676421
2020-08-07 21:00:00,290.6869171411468
2020-08-07 22:00:00,285.2314272106677
2020-08-07 23:00:00,280.44530329819503
2020-08-08 00:00:00,276.23113712488237
2020-08-08 01:00:00,272.42516291665424
2020-08-08 02:00:00,269.0075518105297
2020-08-08 03:00:00,265.93165948839743
2020-08-08 04:00:00,263.1577844635212
2020-08-08 05:00:00,260.65187899375513
2020-08-08 06:00:00,259.19432286756506
2020-08-08 07:00:00,260.44024616426424
2020-08-08 08:00:00,264.1116363948737
2020-08-08 09:00:00,269.7787303885492
2020-08-08 10:00:00,276.8802977981644
2020-08-08 11:00:00,284.7583451897566
2020-08-08 12:00:00,292.70516591726613
2020-08-08 13:00:00,300.01869267421336
2020-08-08 14:00:00,306.05994995864785
2020-08-08 15:00:00,310.30492965889124
2020-08-08 16:00:00,312.3835068963473
2020-08-08 17:00:00,312.1005825442607
2020-08-08 18:00:00,309.43877366337205
2020-08-08 19:00:00,304.54595191003534
2020-08-08 20:00:00,297.71308515172956
2020-08-08 21:00:00,291.54962093985944
2020-08-08 22:00:00,286.0926206064039
2020-08-08 23:00:00,281.2404545074522
2020-08-09 00:00:00,276.9104002649418
2020-08-09 01:00:00,273.1517788434567
2020-08-09 02:00:00,269.8507662563683
2020-08-09 03:00:00,266.94499011470407
2020-08-09 04:00:00,264.3820990437809
2020-08-09 05:00:00,262.1178083175454
2020-08-09 06:00:00,260.8623655689811
2020-08-09 07:00:00,262.3203733645747
2020-08-09 08:00:00,266.15811170015775
2020-08-09 09:00:00,271.90103429361506
2020-08-09 10:00:00,278.95647752858855
2020-08-09 11:00:00,286.6505457912485
2020-08-09 12:00:00,294.27639357087816
2020-08-09 13:00:00,301.1491987188829
2020-08-09 14:00:00,306.66121465974715
2020-08-09 15:00:00,310.32933930950827
2020-08-09 16:00:00,311.82858100373755
2020-08-09 17:00:00,311.00781376395184
2020-08-09 18:00:00,307.8882939820915
2020-08-09 19:00:00,302.6488379778343
2020-08-09 20:00:00,295.6029859599416
2020-08-09 21:00:00,289.4409547318932
2020-08-09 22:00:00,284.0955977588713
2020-08-09 23:00:00,279.43892757524685
2020-08-10 00:00:00,275.36781084733974
2020-08-10 01:00:00,271.6364939053936
2020-08-10 02:00:00,268.2772247877904
2020-08-10 03:00:00,265.2461773091236
2020-08-10 04:00:00,262.5059449232911
2020-08-10 05:00:00,260.0243658123347
2020-08-10 06:00:00,258.4588968878426
2020-08-10 07:00:00,259.61108537780433
2020-08-10 08:00:00,263.2075698008669
2020-08-10 09:00:00,268.82204729055553
2020-08-10 10:00:00,275.8952044117331
2020-08-10 11:00:00,283.76912758108125
2020-08-10 12:00:00,291.73418194857703
2020-08-10 13:00:00,299.08439195716227
2020-08-10 14:00:00,305.1751824579154
2020-08-10 15:00:00,309.4758085498044
2020-08-10 16:00:00,311.60900995811494
2020-08-10 17:00:00,311.37292216942564
2020-08-10 18:00:00,308.74439910007135
2020-08-10 19:00:00,303.8669414247394
2020-08-10 20:00:00,297.02867730408
2020-08-10 21:00:00,290.97095872774986
2020-08-10 22:00:00,285.59379956462857
2020-08-10 23:00:00,280.8007957122235
2020-08-11 00:00:00,276.513256015702
2020-08-11 01:00:00,272.81914388648846
2020-08-11 02:00:00,269.5829878828539
2020-08-11 03:00:00,266.7416226790244
2020-08-11 04:00:00,264.24208074070015
2020-08-11 05:00:00,262.0396032082942
2020-08-11 06:00:00,260.7178946468216
2020-08-11 07:00:00,262.12776641296693
2020-08-11 08:00:00,265.92692172712503
2020-08-11 09:00:00,271.63370420005776
2020-08-11 10:00:00,278.6499504631069
2020-08-11 11:00:00,286.2980430254766
2020-08-11 12:00:00,293.86928460505584
2020-08-11 13:00:00,300.6788111458758
2020-08-11 14:00:00,306.12039348271554
2020-08-11 15:00:00,309.7135864484459
2020-08-11 16:00:00,311.1366879004897
2020-08-11 17:00:00,310.24201509165925
2020-08-11 18:00:00,307.054068820758
2020-08-11 19:00:00,301.75452439138064
2020-08-11 20:00:00,294.70629551825243
2020-08-11 21:00:00,288.6362001270385
2020-08-11 22:00:00,283.38197896777217
2020-08-11 23:00:00,278.8149720890192
2020-08-12 00:00:00,274.83149504489614
2020-08-12 01:00:00,271.3137556643484
2020-08-12 02:00:00,268.2146395185821
2020-08-12 03:00:00,265.478548560367
2020-08-12 04:00:00,263.0585609804752
2020-08-12 05:00:00,260.9147902724548
2020-08-12 06:00:00,259.5705667461374
2020-08-12 07:00:00,260.95797355655213
2020-08-12 08:00:00,264.74737247529083
2020-08-12 09:00:00,270.4666140938477
2020-08-12 10:00:00,277.5235179188177
2020-08-12 11:00:00,285.24260845279406
2020-08-12 12:00:00,292.9133956216192
2020-08-12 13:00:00,299.84556454278436
2020-08-12 14:00:00,305.4245020030526
2020-08-12 15:00:00,309.15956632655525
2020-08-12 16:00:00,310.7183645999435
2020-08-12 17:00:00,309.94326162252304
2020-08-12 18:00:00,306.8504436631247
2020-08-12 19:00:00,301.61536963289086
2020-08-12 20:00:00,294.66219334074816
2020-08-12 21:00:00,288.6453566796464
2020-08-12 22:00:00,283.4127922611068
2020-08-12 23:00:00,278.8434775212746
2020-08-13 00:00:00,274.83955900382756
2020-08-13 01:00:00,271.2408037002118
2020-08-13 02:00:00,268.03494532885765
2020-08-13 03:00:00,265.1729435514528
2020-08-13 04:00:00,262.61313990247595
2020-08-13 05:00:00,260.3198892731039
2020-08-13 06:00:00,258.75482221792737
2020-08-13 07:00:00,259.93382908154985
2020-08-13 08:00:00,263.5538947280117
2020-08-13 09:00:00,269.1639431612782
2020-08-13 10:00:00,276.18597672085673
2020-08-13 11:00:00,283.95066194419775
2020-08-13 12:00:00,291.7449912328217
2020-08-13 13:00:00,298.86771164265184
2020-08-13 14:00:00,304.6861492099071
2020-08-13 15:00:00,308.68676839510624
2020-08-13 16:00:00,310.5123291486262
2020-08-13 17:00:00,309.9812368322981
2020-08-13 18:00:00,307.0888098471643
2020-08-13 19:00:00,301.99398691753674
2020-08-13 20:00:00,295.1751901413277
2020-08-13 21:00:00,289.20981743264997
2020-08-13 22:00:00,283.96558743555795
2020-08-13 23:00:00,279.33648103541367
2020-08-14 00:00:00,275.2362279016814
2020-08-14 01:00:00,271.6017709690037
2020-08-14 02:00:00,268.36866811947675
2020-08-14 03:00:00,265.486325860129
2020-08-14 04:00:00,262.91182938915756
2020-08-14 05:00:00,260.60850873889007
2020-08-14 06:00:00,258.97125445658133
2020-08-14 07:00:00,260.0909253843277
2020-08-14 08:00:00,263.6599758809554
2020-08-14 09:00:00,269.2235909542843
2020-08-14 10:00:00,276.2008428051445
2020-08-14 11:00:00,283.92032848912453
2020-08-14 12:00:00,291.66786431663184
2020-08-14 13:00:00,298.7418850632286
2020-08-14 14:00:00,304.5101521013741
2020-08-14 15:00:00,308.4601151364737
2020-08-14 16:00:00,310.23582713827807
2020-08-14 17:00:00,309.65706401588136
2020-08-14 18:00:00,306.72042457552016
2020-08-14 19:00:00,301.5859551147376
2020-08-14 20:00:00,294.79983100701304
2020-08-14 21:00:00,288.8682749705376
2020-08-14 22:00:00,283.6585434637597
2020-08-14 23:00:00,279.0642363715221
2020-08-15 00:00:00,274.9987690760279
2020-08-15 01:00:00,271.44274970155055
2020-08-15 02:00:00,268.3021224407487
2020-08-15 03:00:00,265.52242968381057
2020-08-15 04:00:00,263.05765543322775
2020-08-15 05:00:00,260.8686327688006
2020-08-15 06:00:00,259.2815899538017
2020-08-15 07:00:00,260.4603861545164
2020-08-15 08:00:00,264.0781228099375
2020-08-15 09:00:00,269.66434025921893
2020-08-15 10:00:00,276.62693316061006
2020-08-15 11:00:00,284.288483906134
2020-08-15 12:00:00,291.934350797254
2020-08-15 13:00:00,298.8679408840674
2020-08-15 14:00:00,304.46663941740593
2020-08-15 15:00:00,308.2307791964857
2020-08-15 16:00:00,309.8187965690013
2020-08-15 17:00:00,309.0646135372226
2020-08-15 18:00:00,305.9773896991023
2020-08-15 19:00:00,300.7273780830639
2020-08-15 20:00:00,293.93594112636754
2020-08-15 21:00:00,288.03989707154625
2020-08-15 22:00:00,282.8964203172949
2020-08-15 23:00:00,278.39140003608634
2020-08-16 00:00:00,274.4322573480799
2020-08-16 01:00:00,270.9533752486489
2020-08-16 02:00:00,267.8840809529677
2020-08-16 03:00:00,265.1705012297415
2020-08-16 04:00:00,262.7670990512769
2020-08-16 05:00:00,260.6351087764271
2020-08-16 06:00:00,259.033722834249
2020-08-16 07:00:00,260.20500026541566
2020-08-16 08:00:00,263.8182226334389
2020-08-16 09:00:00,269.3996904969189
2020-08-16 10:00:00,276.35475180403455
2020-08-16 11:00:00,284.0042488400098
2020-08-16 12:00:00,291.63267679169604
2020-08-16 13:00:00,298.54344896830264
2020-08-16 14:00:00,304.11472278358997
2020-08-16 15:00:00,307.8481787000742
2020-08-16 16:00:00,309.40393694702306
2020-08-16 17:00:00,308.6177066983795
2020-08-16 18:00:00,305.50036067012303
2020-08-16 19:00:00,300.22369138579467
2020-08-16 20:00:00,293.4786797226667
2020-08-16 21:00:00,287.62899802825405
2020-08-16 22:00:00,282.5314752778047
2020-08-16 23:00:00,278.0717058665166
2020-08-17 00:00:00,274.15686479569007
2020-08-17 01:00:00,270.6832327856449
2020-08-17 02:00:00,267.6072591420191
2020-08-17 03:00:00,264.8777679770229
2020-08-17 04:00:00,262.4513861905727
2020-08-17 05:00:00,260.2910933964257
2020-08-17 06:00:00,258.5894089037654
2020-08-17 07:00:00,259.66931338893266
2020-08-17 08:00:00,263.2083029681494
2020-08-17 09:00:00,268.73902716422066
2020-08-17 10:00:00,275.67087347515985
2020-08-17 11:00:00,283.3260447116492
2020-08-17 12:00:00,290.98752881030464
2020-08-17 13:00:00,297.9544612401897
2020-08-17 14:00:00,303.59840028340426
2020-08-17 15:00:00,307.4128857871034
2020-08-17 16:00:00,309.04933320776007
2020-08-17 17:00:00,308.3351477505003
2020-08-17 18:00:00,305.2740507608115
2020-08-17 19:00:00,300.0322688828684
2020-08-17 20:00:00,293.3659146947077
2020-08-17 21:00:00,287.563090567036
2020-08-17 22:00:00,282.4880687494993
2020-08-17 23:00:00,278.0320733388618
2020-08-18 00:00:00,274.1066145206316
2020-08-18 01:00:00,270.73506580358685
2020-08-18 02:00:00,267.7859912421976
2020-08-18 03:00:00,265.2012204585941
2020-08-18 04:00:00,262.93182312613294
2020-08-18 05:00:00,260.9363536814553
2020-08-18 06:00:00,259.33503817032204
2020-08-18 07:00:00,260.52582118400755
2020-08-18 08:00:00,264.15376196757984
2020-08-18 09:00:00,269.7258874483481
2020-08-18 10:00:00,276.6339162865002
2020-08-18 11:00:00,284.19134855898693
2020-08-18 12:00:00,291.68191780924104
2020-08-18 13:00:00,298.4145513274704
2020-08-18 14:00:00,303.7781634434484
2020-08-18 15:00:00,307.28875115567
2020-08-18 16:00:00,308.6222845059208
2020-08-18 17:00:00,307.62992878058986
2020-08-18 18:00:00,304.3361819482434
2020-08-18 19:00:00,298.923855885083
2020-08-18 20:00:00,292.23077058308866
2020-08-18 21:00:00,286.47210136589746
2020-08-18 22:00:00,281.4939187558823
2020-08-18 23:00:00,277.1736304050073
2020-08-19 00:00:00,273.41209567345487
2020-08-19 01:00:00,269.79478941036194
2020-08-19 02:00:00,266.503327409518
2020-08-19 03:00:00,263.5020208093695
2020-08-19 04:00:00,260.7601561278416
2020-08-19 05:00:00,258.25112111081745
2020-08-19 06:00:00,256.0378273871941
2020-08-19 07:00:00,256.61222916464175
2020-08-19 08:00:00,259.72116677849846
2020-08-19 09:00:00,264.9543030913996
2020-08-19 10:00:00,271.76219598948836
2020-08-19 11:00:00,279.48910728928644
2020-08-19 12:00:00,287.41878485742563
2020-08-19 13:00:00,294.8295839049473
2020-08-19 14:00:00,301.05309990063046
2020-08-19 15:00:00,305.52874703062776
2020-08-19 16:00:00,307.8465504718925
2020-08-19 17:00:00,307.7725503450742
2020-08-19 18:00:00,305.2552046851242
2020-08-19 19:00:00,300.41542011702705
2020-08-19 20:00:00,294.11540351302176
2020-08-19 21:00:00,288.48305672196955
2020-08-19 22:00:00,283.42534625555714
2020-08-19 23:00:00,278.8664088895778
2020-08-20 00:00:00,274.7435689112
2020-08-20 01:00:00,271.3209821691681
2020-08-20 02:00:00,268.3406868697638
2020-08-20 03:00:00,265.7401472761101
2020-08-20 04:00:00,263.4669725944323
2020-08-20 05:00:00,261.4769577063555
2020-08-20 06:00:00,259.7486182977264
2020-08-20 07:00:00,260.84063360890116
2020-08-20 08:00:00,264.38392748286464
2020-08-20 09:00:00,269.87439240541323
2020-08-20 10:00:00,276.6956599722581
2020-08-20 11:00:00,284.1562961566423
2020-08-20 12:00:00,291.53824812866543
2020-08-20 13:00:00,298.15156239551465
2020-08-20 14:00:00,303.38864366414776
2020-08-20 15:00:00,306.7705685081717
2020-08-20 16:00:00,307.97908965648327
2020-08-20 17:00:00,306.8710579934358
2020-08-20 18:00:00,303.4759986907222
2020-08-20 19:00:00,297.98082077569353
2020-08-20 20:00:00,291.3676789047967
2020-08-20 21:00:00,285.697443715045
2020-08-20 22:00:00,280.8130055015472
2020-08-20 23:00:00,276.58933901833
2020-08-21 00:00:00,272.9254313154763
2020-08-21 01:00:00,269.46533822929615
2020-08-21 02:00:00,266.35492166448256
2020-08-21 03:00:00,263.5531616509601
2020-08-21 04:00:00,261.02493024226544
2020-08-21 05:00:00,258.7399404631114
2020-08-21 06:00:00,256.6719216589663
2020-08-21 07:00:00,257.3552158582258
2020-08-21 08:00:00,260.56261824606827
2020-08-21 09:00:00,265.8546994567066
2020-08-21 10:00:00,272.65976186034754
2020-08-21 11:00:00,280.30818365913643
2020-08-21 12:00:00,288.0793222405343
2020-08-21 13:00:00,295.25693292681467
2020-08-21 14:00:00,301.18695812493235
2020-08-21 15:00:00,305.3300582167907
2020-08-21 16:00:00,307.3014663788058
2020-08-21 17:00:00,306.8932075213106
2020-08-21 18:00:00,304.0777901331433
2020-08-21 19:00:00,298.99648292986205
2020-08-21 20:00:00,292.6698617053249
2020-08-21 21:00:00,287.07855966058503
2020-08-21 22:00:00,282.11524106475315
2020-08-21 23:00:00,277.69283407635123
2020-08-22 00:00:00,273.739735266999
2020-08-22 01:00:00,270.36226347692434
2020-08-22 02:00:00,267.3882577051726
2020-08-22 03:00:00,264.76423357989995
2020-08-22 04:00:00,262.44498409519167
2020-08-22 05:00:00,260.3920336148228
2020-08-22 06:00:00,258.5724387780286
2020-08-22 07:00:00,259.44693986135434
2020-08-22 08:00:00,262.8142091385982
2020-08-22 09:00:00,268.1897958696511
2020-08-22 10:00:00,274.9698101089346
2020-08-22 11:00:00,282.46723256240887
2020-08-22 12:00:00,289.9599955242661
2020-08-22 13:00:00,296.74615328012845
2020-08-22 14:00:00,302.1995753869509
2020-08-22 15:00:00,305.81857910801887
2020-08-22 16:00:00,307.2607316776509
2020-08-22 17:00:00,306.3599550154627
2020-08-22 18:00:00,303.1261328028292
2020-08-22 19:00:00,297.7309473311608
2020-08-22 20:00:00,291.28965911906306
2020-08-22 21:00:00,285.70673648417136
2020-08-22 22:00:00,280.84596030620963
2020-08-22 23:00:00,276.5980424359319
2020-08-23 00:00:00,272.87402023935505
2020-08-23 01:00:00,269.81308571933624
2020-08-23 02:00:00,267.18081700919413
2020-08-23 03:00:00,264.91300416926316
2020-08-23 04:00:00,262.9561484302303
2020-08-23 05:00:00,261.26539097623845
2020-08-23 06:00:00,259.8029146926133
2020-08-23 07:00:00,260.9569866015888
2020-08-23 08:00:00,264.55037956516895
2020-08-23 09:00:00,270.05073105466874
2020-08-23 10:00:00,276.82261478048576
2020-08-23 11:00:00,284.16539341838444
2020-08-23 12:00:00,291.3617662117273
2020-08-23 13:00:00,297.7316921664111
2020-08-23 14:00:00,302.6848271105662
2020-08-23 15:00:00,305.7641704270503
2020-08-23 16:00:00,306.6750509360877
2020-08-23 17:00:00,305.29681505128895
2020-08-23 18:00:00,301.6784603276143
2020-08-23 19:00:00,296.022362706773
2020-08-23 20:00:00,289.5381652747794
2020-08-23 21:00:00,284.0467287774915
2020-08-23 22:00:00,279.3749176793418
2020-08-23 23:00:00,275.38571529680644
2020-08-24 00:00:00,271.9690512241288
2020-08-24 01:00:00,269.06106074600604
2020-08-24 02:00:00,266.5657277197315
2020-08-24 03:00:00,264.4207563604215
2020-08-24 04:00:00,262.5742456210284
2020-08-24 05:00:00,260.9826936227185
2020-08-24 06:00:00,259.60945260930606
2020-08-24 07:00:00,260.7743855572427
2020-08-24 08:00:00,264.3775271841451
2020-08-24 09:00:00,269.8809776213604
2020-08-24 10:00:00,276.6455475573997
2020-08-24 11:00:00,283.96871287767385
2020-08-24 12:00:00,291.1331576935613
2020-08-24 13:00:00,297.4605270727276
2020-08-24 14:00:00,302.36351033888343
2020-08-24 15:00:00,305.3889911424132
2020-08-24 16:00:00,306.24648748225974
2020-08-24 17:00:00,304.8193581253038
2020-08-24 18:00:00,301.16010291536645
2020-08-24 19:00:00,295.4739268698953
2020-08-24 20:00:00,289.0457570928428
2020-08-24 21:00:00,283.61453114246314
2020-08-24 22:00:00,279.00499878226316
2020-08-24 23:00:00,275.0785759087465
2020-08-25 00:00:00,271.72403217584457
2020-08-25 01:00:00,268.42729097439457
2020-08-25 02:00:00,265.4736868311062
2020-08-25 03:00:00,262.8224119430013
2020-08-25 04:00:00,260.438510736013
2020-08-25 05:00:00,258.2918453844084
2020-08-25 06:00:00,256.3562821453348
2020-08-25 07:00:00,256.88988635724394
2020-08-25 08:00:00,259.97165908158195
2020-08-25 09:00:00,265.15054859940227
2020-08-25 10:00:00,271.8455457737555
2020-08-25 11:00:00,279.3802853335338
2020-08-25 12:00:00,287.0301207865878
2020-08-25 13:00:00,294.0775021190964
2020-08-25 14:00:00,299.8694439903802
2020-08-25 15:00:00,303.86947703019337
2020-08-25 16:00:00,305.69678063957724
2020-08-25 17:00:00,305.14771040738424
2020-08-25 18:00:00,302.1989841419694
2020-08-25 19:00:00,296.9957069525836
2020-08-25 20:00:00,290.85342819843623
2020-08-25 21:00:00,285.43966988881243
2020-08-25 22:00:00,280.6477435119912
2020-08-25 23:00:00,276.39095932668823
2020-08-26 00:00:00,272.59793422700034
2020-08-26 01:00:00,269.08296576506905
2020-08-26 02:00:00,265.8926940638386
2020-08-26 03:00:00,262.9911952603563
2020-08-26 04:00:00,260.3475467947756
2020-08-26 05:00:00,257.9349528794446
2020-08-26 06:00:00,255.73005453288073
2020-08-26 07:00:00,255.92261182105162
2020-08-26 08:00:00,258.70158984423546
2020-08-26 09:00:00,263.6451874865357
2020-08-26 10:00:00,270.19419537091903
2020-08-26 11:00:00,277.68480078325564
2020-08-26 12:00:00,285.39437303134565
2020-08-26 13:00:00,292.59648355204655
2020-08-26 14:00:00,298.6192948177527
2020-08-26 15:00:00,302.899794285641
2020-08-26 16:00:00,305.026245217811
2020-08-26 17:00:00,304.76336752126826
2020-08-26 18:00:00,302.05870430910534
2020-08-26 19:00:00,297.032790459099
2020-08-26 20:00:00,291.0563464263445
2020-08-26 21:00:00,285.7166922869208
2020-08-26 22:00:00,280.9263673702504
2020-08-26 23:00:00,276.61368440712454
2020-08-27 00:00:00,272.7191520306326
2020-08-27 01:00:00,269.3994023795072
2020-08-27 02:00:00,266.4534165750981
2020-08-27 03:00:00,263.8339837894049
2020-08-27 04:00:00,261.5009440802404
2020-08-27 05:00:00,259.41990604611027
2020-08-27 06:00:00,257.56124542704515
2020-08-27 07:00:00,258.0383736375285
2020-08-27 08:00:00,261.070532240423
2020-08-27 09:00:00,266.1838417441377
2020-08-27 10:00:00,272.78053965895003
2020-08-27 11:00:00,280.1742858955731
2020-08-27 12:00:00,287.63766109907925
2020-08-27 13:00:00,294.4573838950683
2020-08-27 14:00:00,299.9908397815459
2020-08-27 15:00:00,303.71633031904935
2020-08-27 16:00:00,305.27002182160186
2020-08-27 17:00:00,304.4652787439647
2020-08-27 18:00:00,301.29411408447197
2020-08-27 19:00:00,295.91419619909
2020-08-27 20:00:00,289.79929910454723
2020-08-27 21:00:00,284.4540078268328
2020-08-27 22:00:00,279.76174545261665
2020-08-27 23:00:00,275.62813082749864
2020-08-28 00:00:00,271.9757151058442
2020-08-28 01:00:00,268.78174295486554
2020-08-28 02:00:00,265.9581882139678
2020-08-28 03:00:00,263.45739220520653
2020-08-28 04:00:00,261.23885480306654
2020-08-28 05:00:00,259.26793620682776
2020-08-28 06:00:00,257.5148418057928
2020-08-28 07:00:00,258.0211653875309
2020-08-28 08:00:00,261.0801401142917
2020-08-28 09:00:00,266.2082923129086
2020-08-28 10:00:00,272.8008885148656
2020-08-28 11:00:00,280.16760137364577
2020-08-28 12:00:00,287.5802099709256
2020-08-28 13:00:00,294.3277385062048
2020-08-28 14:00:00,299.7725538628293
2020-08-28 15:00:00,303.3998509885673
2020-08-28 16:00:00,304.8536373757534
2020-08-28 17:00:00,303.95510977063765
2020-08-28 18:00:00,300.70335381887804
2020-08-28 19:00:00,295.26190938741604
2020-08-28 20:00:00,289.18408406226774
2020-08-28 21:00:00,283.8915755058108
2020-08-28 22:00:00,279.2636257265165
2020-08-28 23:00:00,275.2026114590784
2020-08-29 00:00:00,271.6285400973015
2020-08-29 01:00:00,268.44683019108436
2020-08-29 02:00:00,265.62559722292116
2020-08-29 03:00:00,263.11932747631994
2020-08-29 04:00:00,260.88925166200016
2020-08-29 05:00:00,258.90213359004053
2020-08-29 06:00:00,257.12932074835385
2020-08-29 07:00:00,257.54110422700126
2020-08-29 08:00:00,260.519488883772
2020-08-29 09:00:00,265.586446228398
2020-08-29 10:00:00,272.14087240183085
2020-08-29 11:00:00,279.4939289917938
2020-08-29 12:00:00,286.9165499241136
2020-08-29 13:00:00,293.6946049476589
2020-08-29 14:00:00,299.18530309995583
2020-08-29 15:00:00,302.86726386168283
2020-08-29 16:00:00,304.3772763683621
2020-08-29 17:00:00,303.52947812306894
2020-08-29 18:00:00,300.31671578894134
2020-08-29 19:00:00,294.8975286220488
2020-08-29 20:00:00,288.89705568201424
2020-08-29 21:00:00,283.6557064743553
2020-08-29 22:00:00,279.05859759159665
2020-08-29 23:00:00,275.01259966587736
2020-08-30 00:00:00,271.4412129247243
2020-08-30 01:00:00,268.46325094234686
2020-08-30 02:00:00,265.8695238183976
2020-08-30 03:00:00,263.6064670664273
2020-08-30 04:00:00,261.62894949954153
2020-08-30 05:00:00,259.8987127456793
2020-08-30 06:00:00,258.38315443769756
2020-08-30 07:00:00,258.97674708144706
2020-08-30 08:00:00,262.11021240717497
2020-08-30 09:00:00,267.2659337563735
2020-08-30 10:00:00,273.8154562004735
2020-08-30 11:00:00,281.0561349335364
2020-08-30 12:00:00,288.2592400815113
2020-08-30 13:00:00,294.72448336819343
2020-08-30 14:00:00,299.83425253361446
2020-08-30 15:00:00,303.1000999032195
2020-08-30 16:00:00,304.19511416611795
2020-08-30 17:00:00,302.96883046161213
2020-08-30 18:00:00,299.4452965561191
2020-08-30 19:00:00,293.80815704167446
2020-08-30 20:00:00,287.77672820879724
2020-08-30 21:00:00,282.5991722604306
2020-08-30 22:00:00,278.136183026259
2020-08-30 23:00:00,274.27597433301963
2020-08-31 00:00:00,270.9276113852947
2020-08-31 01:00:00,267.91611104429336
2020-08-31 02:00:00,265.26729894257494
2020-08-31 03:00:00,262.9333743589469
2020-08-31 04:00:00,260.8737709901601
2020-08-31 05:00:00,259.0538513188616
2020-08-31 06:00:00,257.44388325557236
2020-08-31 07:00:00,257.86739726974065
2020-08-31 08:00:00,260.8577534218486
2020-08-31 09:00:00,265.9168774820446
2020-08-31 10:00:00,272.4292842319958
2020-08-31 11:00:00,279.69800558026486
2020-08-31 12:00:00,286.9923866172607
2020-08-31 13:00:00,293.6029883170024
2020-08-31 14:00:00,298.89703819054574
2020-08-31 15:00:00,302.36690643888244
2020-08-31 16:00:00,303.6649016109769
2020-08-31 17:00:00,302.6205353126535
2020-08-31 18:00:00,299.24040708242256
2020-08-31 19:00:00,293.694341536305
2020-08-31 20:00:00,287.7679718712194
2020-08-31 21:00:00,282.631196637699
2020-08-31 22:00:00,278.16077878369094
2020-08-31 23:00:00,274.25713159623257
2020-09-01 00:00:00,270.8387095935507
2020-09-01 01:00:00,267.8516639840848
2020-09-01 02:00:00,265.22759315516026
2020-09-01 03:00:00,262.9183450794744
2020-09-01 04:00:00,260.8830808372984
2020-09-01 05:00:00,259.086953445548
2020-09-01 06:00:00,257.50007234364443
2020-09-01 07:00:00,257.87218345653406
2020-09-01 08:00:00,260.8187965952204
2020-09-01 09:00:00,265.8379665016888
2020-09-01 10:00:00,272.3113461891267
2020-09-01 11:00:00,279.54011385670844
2020-09-01 12:00:00,286.79274376504424
2020-09-01 13:00:00,293.35981903841923
2020-09-01 14:00:00,298.6093116518619
2020-09-01 15:00:00,302.03482209543125
2020-09-01 16:00:00,303.29011605694427
2020-09-01 17:00:00,302.20616276229026
2020-09-01 18:00:00,298.7908682322508
2020-09-01 19:00:00,293.21514641122127
2020-09-01 20:00:00,287.3419836509859
2020-09-01 21:00:00,282.2562137732807
2020-09-01 22:00:00,277.8346374983936
2020-09-01 23:00:00,273.97768018188924
2020-09-02 00:00:00,270.60380049185903
2020-09-02 01:00:00,267.5368404217907
2020-09-02 02:00:00,264.81522017889336
2020-09-02 03:00:00,262.39573712603493
2020-09-02 04:00:00,260.2415104688759
2020-09-02 05:00:00,258.3208624058889
2020-09-02 06:00:00,256.6064376215586
2020-09-02 07:00:00,256.7759016679472
2020-09-02 08:00:00,259.5469198791211
2020-09-02 09:00:00,264.4388088644244
2020-09-02 10:00:00,270.8479335321834
2020-09-02 11:00:00,278.0827133734753
2020-09-02 12:00:00,285.41087976966736
2020-09-02 13:00:00,292.11448022512195
2020-09-02 14:00:00,297.54624995284564
2020-09-02 15:00:00,301.1798161455919
2020-09-02 16:00:00,302.6467572153287
2020-09-02 17:00:00,301.7561955008856
2020-09-02 18:00:00,298.49659227815874
2020-09-02 19:00:00,293.02309061755454
2020-09-02 20:00:00,287.26387188102683
2020-09-02 21:00:00,282.2257937257604
2020-09-02 22:00:00,277.80135715331016
2020-09-02 23:00:00,273.9030447046984
2020-09-03 00:00:00,270.45870265075644
2020-09-03 01:00:00,267.3416254877958
2020-09-03 02:00:00,264.5586915315295
2020-09-03 03:00:00,262.06958850979714
2020-09-03 04:00:00,259.8397767098569
2020-09-03 05:00:00,257.8394792862556
2020-09-03 06:00:00,256.0428856502055
2020-09-03 07:00:00,256.05439988223804
2020-09-03 08:00:00,258.68629173608923
2020-09-03 09:00:00,263.4707947778866
2020-09-03 10:00:00,269.8134738700225
2020-09-03 11:00:00,277.0275573513815
2020-09-03 12:00:00,284.3807565635917
2020-09-03 13:00:00,291.15025355851935
2020-09-03 14:00:00,296.67961589071285
2020-09-03 15:00:00,300.4301174350059
2020-09-03 16:00:00,302.01932154113143
2020-09-03 17:00:00,301.2422895022786
2020-09-03 18:00:00,298.0747415146506
2020-09-03 19:00:00,292.6612956807689
2020-09-03 20:00:00,286.9992966292895
2020-09-03 21:00:00,282.01506717687226
2020-09-03 22:00:00,277.61072806529455
2020-09-03 23:00:00,273.7062137138191
2020-09-04 00:00:00,270.23522563117086
2020-09-04 01:00:00,267.10126989245816
2020-09-04 02:00:00,264.2927953796827
2020-09-04 03:00:00,261.77144034611536
2020-09-04 04:00:00,259.5042582052104
2020-09-04 05:00:00,257.4627786090959
2020-09-04 06:00:00,255.6222651494737
2020-09-04 07:00:00,255.51309936075313
2020-09-04 08:00:00,258.03795374134853
2020-09-04 09:00:00,262.736865386926
2020-09-04 10:00:00,269.02104361875513
2020-09-04 11:00:00,276.2067381421617
2020-09-04 12:00:00,283.5617332354297
2020-09-04 13:00:00,290.3602631928773
2020-09-04 14:00:00,295.94020254590464
2020-09-04 15:00:00,299.7550339936122
2020-09-04 16:00:00,301.41336264228926
2020-09-04 17:00:00,300.70114970497116
2020-09-04 18:00:00,297.5857727734445
2020-09-04 19:00:00,292.20488327568364
2020-09-04 20:00:00,286.6278627395523
2020-09-04 21:00:00,281.69903755429544
2020-09-04 22:00:00,277.3267715642441
2020-09-04 23:00:00,273.4358570042837
2020-09-05 00:00:00,269.963830500043
2020-09-05 01:00:00,267.0633934373575
2020-09-05 02:00:00,264.5095738248238
2020-09-05 03:00:00,262.25714535166026
2020-09-05 04:00:00,260.2676394462658
2020-09-05 05:00:00,258.50814363711515
2020-09-05 06:00:00,256.95035577036606
2020-09-05 07:00:00,257.0465320231052
2020-09-05 08:00:00,259.757026514246
2020-09-05 09:00:00,264.580231452706
2020-09-05 10:00:00,270.89736830390416
2020-09-05 11:00:00,278.00790717906375
2020-09-05 12:00:00,285.17699106917644
2020-09-05 13:00:00,291.6901107018739
2020-09-05 14:00:00,296.9085177995295
2020-09-05 15:00:00,300.3178961933486
2020-09-05 16:00:00,301.56357523464294
2020-09-05 17:00:00,300.46835354132634
2020-09-05 18:00:00,297.0329547401646
2020-09-05 19:00:00,291.42262412051605
2020-09-05 20:00:00,285.8052042825668
2020-09-05 21:00:00,280.92618209641324
2020-09-05 22:00:00,276.6724659441422
2020-09-05 23:00:00,272.9521693459598
2020-09-06 00:00:00,269.6897028591933
2020-09-06 01:00:00,266.7972247193956
2020-09-06 02:00:00,264.24454951253426
2020-09-06 03:00:00,261.9879697913943
2020-09-06 04:00:00,259.990239251376
2020-09-06 05:00:00,258.21943265572287
2020-09-06 06:00:00,256.64804694866507
2020-09-06 07:00:00,256.6533623873995
2020-09-06 08:00:00,259.28499355486
2020-09-06 09:00:00,264.0454108323243
2020-09-06 10:00:00,270.31856374727977
2020-09-06 11:00:00,277.4050411142022
2020-09-06 12:00:00,284.5693349691995
2020-09-06 13:00:00,291.0945181220403
2020-09-06 14:00:00,296.33787228880516
2020-09-06 15:00:00,299.77998959255257
2020-09-06 16:00:00,301.060568230563
2020-09-06 17:00:00,299.99685138334956
2020-09-06 18:00:00,296.58460331875807
2020-09-06 19:00:00,290.9850497914293
2020-09-06 20:00:00,285.44087217876876
2020-09-06 21:00:00,280.6136358307168
2020-09-06 22:00:00,276.39499893690083
2020-09-06 23:00:00,272.69671947448313
2020-09-07 00:00:00,269.44604544107204
2020-09-07 01:00:00,266.67139192975696
2020-09-07 02:00:00,264.2406410743034
2020-09-07 03:00:00,262.10772301653424
2020-09-07 04:00:00,260.23354328720404
2020-09-07 05:00:00,258.5847400949251
2020-09-07 06:00:00,257.1327054706999
2020-09-07 07:00:00,257.1779351374247
2020-09-07 08:00:00,259.8462953479642
2020-09-07 09:00:00,264.6225088647816
2020-09-07 10:00:00,270.87808781575313
2020-09-07 11:00:00,277.90693704680695
2020-09-07 12:00:00,284.9728031622842
2020-09-07 13:00:00,291.36365673172156
2020-09-07 14:00:00,296.44642051096406
2020-09-07 15:00:00,299.71461109119895
2020-09-07 16:00:00,300.82235533448846
2020-09-07 17:00:00,299.6010973401533
2020-09-07 18:00:00,296.05923052353074
2020-09-07 19:00:00,290.3682506054738
2020-09-07 20:00:00,284.8564100134468
2020-09-07 21:00:00,280.09143070661753
2020-09-07 22:00:00,275.9568847330862
2020-09-07 23:00:00,272.35830280451006
2020-09-08 00:00:00,269.2180901752319
2020-09-08 01:00:00,266.72891113244617
2020-09-08 02:00:00,264.5945628338909
2020-09-08 03:00:00,262.7617763451846
2020-09-08 04:00:00,261.18599529518207
2020-09-08 05:00:00,259.8297611422864
2020-09-08 06:00:00,258.6614470650707
2020-09-08 07:00:00,258.9031324977251
2020-09-08 08:00:00,261.741475629459
2020-09-08 09:00:00,266.6132194062094
2020-09-08 10:00:00,272.85803923688917
2020-09-08 11:00:00,279.7549880114552
2020-09-08 12:00:00,286.5699920545291
2020-09-08 13:00:00,292.60889115678765
2020-09-08 14:00:00,297.2691594214899
2020-09-08 15:00:00,300.08309537292627
2020-09-08 16:00:00,300.74669208553354
2020-09-08 17:00:00,299.1315382584799
2020-09-08 18:00:00,295.2808691248746
2020-09-08 19:00:00,289.3937272932193
2020-09-08 20:00:00,283.8960847958333
2020-09-08 21:00:00,279.2425670436185
2020-09-08 22:00:00,275.28897074643476
2020-09-08 23:00:00,271.9198550941276
2020-09-09 00:00:00,269.041650824513
2020-09-09 01:00:00,266.5275048281441
2020-09-09 02:00:00,264.36244045298184
2020-09-09 03:00:00,262.49523338494663
2020-09-09 04:00:00,260.8828917211987
2020-09-09 05:00:00,259.4891477661765
2020-09-09 06:00:00,258.28327311251616
2020-09-09 07:00:00,258.4114851117091
2020-09-09 08:00:00,261.15380511592133
2020-09-09 09:00:00,265.9546910350843
2020-09-09 10:00:00,272.1585260433599
2020-09-09 11:00:00,279.045825420021
2020-09-09 12:00:00,285.8806877114086
2020-09-09 13:00:00,291.96408922845995
2020-09-09 14:00:00,296.68620847235036
2020-09-09 15:00:00,299.5705218039387
2020-09-09 16:00:00,300.3037276739086
2020-09-09 17:00:00,298.748638560216
2020-09-09 18:00:00,294.9409775454552
2020-09-09 19:00:00,289.07396193297353
2020-09-09 20:00:00,283.64779835825783
2020-09-09 21:00:00,279.03428913916633
2020-09-09 22:00:00,275.09744297818514
2020-09-09 23:00:00,271.727971393428
2020-09-10 00:00:00,268.8369679472597
2020-09-10 01:00:00,266.35922424764783
2020-09-10 02:00:00,264.226628209831
2020-09-10 03:00:00,262.3884303378879
2020-09-10 04:00:00,260.8020390658836
2020-09-10 05:00:00,259.4315288002912
2020-09-10 06:00:00,258.24646678974284
2020-09-10 07:00:00,258.3165399446931
2020-09-10 08:00:00,261.00968777425226
2020-09-10 09:00:00,265.767819331702
2020-09-10 10:00:00,271.9334746706628
2020-09-10 11:00:00,278.78592636146897
2020-09-10 12:00:00,285.58853324839095
2020-09-10 13:00:00,291.6419250482845
2020-09-10 14:00:00,296.33620368806487
2020-09-10 15:00:00,299.1949173734477
2020-09-10 16:00:00,299.90488611850145
2020-09-10 17:00:00,298.329034527795
2020-09-10 18:00:00,294.5031717478894
2020-09-10 19:00:00,288.6205890576967
2020-09-10 20:00:00,283.25991990900735
2020-09-10 21:00:00,278.70365522232333
2020-09-10 22:00:00,274.81719333587404
2020-09-10 23:00:00,271.4923028390345
2020-09-11 00:00:00,268.64090316252515
2020-09-11 01:00:00,266.0406592615222
2020-09-11 02:00:00,263.7751100554073
2020-09-11 03:00:00,261.7981875743881
2020-09-11 04:00:00,260.07088739808165
2020-09-11 05:00:00,258.5600115855217
2020-09-11 06:00:00,257.2371763997166
2020-09-11 07:00:00,257.0965568792163
2020-09-11 08:00:00,259.60687765207007
2020-09-11 09:00:00,264.2357982041972
2020-09-11 10:00:00,270.34273181769095
2020-09-11 11:00:00,277.21434254411326
2020-09-11 12:00:00,284.1117659020674
2020-09-11 13:00:00,290.3244631983553
2020-09-11 14:00:00,295.22406314731796
2020-09-11 15:00:00,298.3108400859281
2020-09-11 16:00:00,299.24649512395325
2020-09-11 17:00:00,297.86980460431477
2020-09-11 18:00:00,294.1955516964408
2020-09-11 19:00:00,288.40037338052633
2020-09-11 20:00:00,283.1294947545457
2020-09-11 21:00:00,278.59393086215397
2020-09-11 22:00:00,274.6774382096837
2020-09-11 23:00:00,271.28567500547956
2020-09-12 00:00:00,268.341174881023
2020-09-12 01:00:00,265.62893742684093
2020-09-12 02:00:00,263.2373887917575
2020-09-12 03:00:00,261.12531423611205
2020-09-12 04:00:00,259.25753150663303
2020-09-12 05:00:00,257.6038445835875
2020-09-12 06:00:00,256.13821445895576
2020-09-12 07:00:00,255.7793960028756
2020-09-12 08:00:00,258.0955097895468
2020-09-12 09:00:00,262.5806899467331
2020-09-12 10:00:00,268.6125718643961
2020-09-12 11:00:00,275.48695146390264
2020-09-12 12:00:00,282.46460024172416
2020-09-12 13:00:00,288.8254926491697
2020-09-12 14:00:00,293.9240127180702
2020-09-12 15:00:00,297.2377457516436
2020-09-12 16:00:00,298.4031598872514
2020-09-12 17:00:00,297.23415709308875
2020-09-12 18:00:00,293.72333903550634
2020-09-12 19:00:00,288.0293068888755
2020-09-12 20:00:00,282.8624901627991
2020-09-12 21:00:00,278.3623017421162
2020-09-12 22:00:00,274.4293958978352
2020-09-12 23:00:00,270.9824178209193
2020-09-13 00:00:00,267.95399157134466
2020-09-13 01:00:00,265.3404077635853
2020-09-13 02:00:00,263.0445088015757
2020-09-13 03:00:00,261.02464143182834
2020-09-13 04:00:00,259.2453099339232
2020-09-13 05:00:00,257.6761070999089
2020-09-13 06:00:00,256.29086631637654
2020-09-13 07:00:00,255.93085791973084
2020-09-13 08:00:00,258.24806491617665
2020-09-13 09:00:00,262.72672752964024
2020-09-13 10:00:00,268.73750203733994
2020-09-13 11:00:00,275.57229805422133
2020-09-13 12:00:00,282.4911483449031
2020-09-13 13:00:00,288.7762504625639
2020-09-13 14:00:00,293.78668563392046
2020-09-13 15:00:00,297.00644707319594
2020-09-13 16:00:00,298.07920709332535
2020-09-13 17:00:00,296.8259878664328
2020-09-13 18:00:00,293.24575019314
2020-09-13 19:00:00,287.50229958174384
2020-09-13 20:00:00,282.3884955894659
2020-09-13 21:00:00,277.950773947683
2020-09-13 22:00:00,274.0868004277442
2020-09-13 23:00:00,270.7129024190244
2020-09-14 00:00:00,267.75989649476475
2020-09-14 01:00:00,265.0036000248846
2020-09-14 02:00:00,262.5518372693576
2020-09-14 03:00:00,260.36752840125513
2020-09-14 04:00:00,258.4188256781929
2020-09-14 05:00:00,256.6782260292505
2020-09-14 06:00:00,255.12186467259116
2020-09-14 07:00:00,254.51523165371017
2020-09-14 08:00:00,256.6081577135628
2020-09-14 09:00:00,260.9138239154454
2020-09-14 10:00:00,266.82349932452126
2020-09-14 11:00:00,273.64031889612363
2020-09-14 12:00:00,280.6255174272266
2020-09-14 13:00:00,287.052636428456
2020-09-14 14:00:00,292.2634691449289
2020-09-14 15:00:00,295.71838104007907
2020-09-14 16:00:00,297.03409820468045
2020-09-14 17:00:00,296.0045223026909
2020-09-14 18:00:00,292.6039506881638
2020-09-14 19:00:00,286.9757085732961
2020-09-14 20:00:00,281.97569531379213
2020-09-14 21:00:00,277.58065904028956
2020-09-14 22:00:00,273.7048229916298
2020-09-14 23:00:00,270.2773916537127
2020-09-15 00:00:00,267.23930664869147
2020-09-15 01:00:00,264.5306728649479
2020-09-15 02:00:00,262.1188292939344
2020-09-15 03:00:00,259.96794770361856
2020-09-15 04:00:00,258.04721088057556
2020-09-15 05:00:00,256.32997024781275
2020-09-15 06:00:00,254.79307383217227
2020-09-15 07:00:00,254.12487403129248
2020-09-15 08:00:00,256.162733891186
2020-09-15 09:00:00,260.42141846934175
2020-09-15 10:00:00,266.29336842100423
2020-09-15 11:00:00,273.08233061931594
2020-09-15 12:00:00,280.04947025378203
2020-09-15 13:00:00,286.4675092207881
2020-09-15 14:00:00,291.6766880056569
2020-09-15 15:00:00,295.13520880507156
2020-09-15 16:00:00,296.4572445117423
2020-09-15 17:00:00,295.4340309468286
2020-09-15 18:00:00,292.03736029543154
2020-09-15 19:00:00,286.4146974482966
2020-09-15 20:00:00,281.485542102959
2020-09-15 21:00:00,277.1480072591512
2020-09-15 22:00:00,273.31888334911116
2020-09-15 23:00:00,269.9293786307214
2020-09-16 00:00:00,266.92202104313725
2020-09-16 01:00:00,264.4603795139866
2020-09-16 02:00:00,262.300668184654
2020-09-16 03:00:00,260.40318176839355
2020-09-16 04:00:00,258.73405426806664
2020-09-16 05:00:00,257.26425798951936
2020-09-16 06:00:00,255.96880625730182
2020-09-16 07:00:00,255.45680496960856
2020-09-16 08:00:00,257.64224008578816
2020-09-16 09:00:00,262.0032523386312
2020-09-16 10:00:00,267.9061768390693
2020-09-16 11:00:00,274.6401770554924
2020-09-16 12:00:00,281.46389173767716
2020-09-16 13:00:00,287.6591837710878
2020-09-16 14:00:00,292.58550073076003
2020-09-16 15:00:00,295.72753103025076
2020-09-16 16:00:00,296.7296606310622
2020-09-16 17:00:00,295.4134581584933
2020-09-16 18:00:00,291.7782213766865
2020-09-16 19:00:00,286.0722097458424
2020-09-16 20:00:00,281.1441349681328
2020-09-16 21:00:00,276.8714994388981
2020-09-16 22:00:00,273.15522378047666
2020-09-16 23:00:00,269.9141437487088
2020-09-17 00:00:00,267.0810529271657
2020-09-17 01:00:00,264.9203607858385
2020-09-17 02:00:00,263.06855827916945
2020-09-17 03:00:00,261.47949054703923
2020-09-17 04:00:00,260.1144321610144
2020-09-17 05:00:00,258.9407494416573
2020-09-17 06:00:00,257.9308407124488
2020-09-17 07:00:00,257.61402727545845
2020-09-17 08:00:00,259.97880392401123
2020-09-17 09:00:00,264.44803945441674
2020-09-17 10:00:00,270.3509702761055
2020-09-17 11:00:00,276.95850185404873
2020-09-17 12:00:00,283.529786715144
2020-09-17 13:00:00,289.36449952666106
2020-09-17 14:00:00,293.8539920943707
2020-09-17 15:00:00,296.5242064606747
2020-09-17 16:00:00,297.06460696575124
2020-09-17 17:00:00,295.3404365329404
2020-09-17 18:00:00,291.3892776517814
2020-09-17 19:00:00,285.56801805050793
2020-09-17 20:00:00,280.655977241812
2020-09-17 21:00:00,276.4946621446325
2020-09-17 22:00:00,272.95793902370843
2020-09-17 23:00:00,269.9440855545782
2020-09-18 00:00:00,267.3701664784853
2020-09-18 01:00:00,265.0954240481098
2020-09-18 02:00:00,263.1356065484582
2020-09-18 03:00:00,261.4448816636774
2020-09-18 04:00:00,259.9846657437539
2020-09-18 05:00:00,258.7223280319811
2020-09-18 06:00:00,257.63016438676294
2020-09-18 07:00:00,257.15928668822994
2020-09-18 08:00:00,259.3893316809139
2020-09-18 09:00:00,263.75375811893315
2020-09-18 10:00:00,269.5885688403939
2020-09-18 11:00:00,276.16731157452944
2020-09-18 12:00:00,282.7475816596377
2020-09-18 13:00:00,288.6235821636982
2020-09-18 14:00:00,293.17799267842076
2020-09-18 15:00:00,295.9259777261237
2020-09-18 16:00:00,296.54541790193633
2020-09-18 17:00:00,294.8904139256355
2020-09-18 18:00:00,290.9888163800179
2020-09-18 19:00:00,285.2678699252161
2020-09-18 20:00:00,280.4126520023364
2020-09-18 21:00:00,276.27613704013567
2020-09-18 22:00:00,272.7407303054012
2020-09-18 23:00:00,269.7111489434589
2020-09-19 00:00:00,267.10935567320695
2020-09-19 01:00:00,264.62247725948487
2020-09-19 02:00:00,262.440526749771
2020-09-19 03:00:00,260.52338453772967
2020-09-19 04:00:00,258.8368407611008
2020-09-19 05:00:00,257.3515795456732
2020-09-19 06:00:00,256.0423706094338
2020-09-19 07:00:00,255.28405028217486
2020-09-19 08:00:00,257.2527247142352
2020-09-19 09:00:00,261.4237582773497
2020-09-19 10:00:00,267.16160078601916
2020-09-19 11:00:00,273.7539452878907
2020-09-19 12:00:00,280.4579816681979
2020-09-19 13:00:00,286.5538218172435
2020-09-19 14:00:00,291.39863673511206
2020-09-19 15:00:00,294.4742362349947
2020-09-19 16:00:00,295.4216226392953
2020-09-19 17:00:00,294.0587248161777
2020-09-19 18:00:00,290.3812759583118
2020-09-19 19:00:00,284.8686345955469
2020-09-19 20:00:00,280.10226987484606
2020-09-19 21:00:00,275.9659179460011
2020-09-19 22:00:00,272.36523533184413
2020-09-19 23:00:00,269.22272461094394
2020-09-20 00:00:00,266.4740650862983
2020-09-20 01:00:00,263.84968306404573
2020-09-20 02:00:00,261.5118357957613
2020-09-20 03:00:00,259.4261472098741
2020-09-20 04:00:00,257.5630044232678
2020-09-20 05:00:00,255.8967662585037
2020-09-20 06:00:00,254.40512989596388
2020-09-20 07:00:00,253.3871419765134
2020-09-20 08:00:00,255.11242780879095
2020-09-20 09:00:00,259.09295456759713
2020-09-20 10:00:00,264.71949309372286
2020-09-20 11:00:00,271.29464500033146
2020-09-20 12:00:00,278.078404800858
2020-09-20 13:00:00,284.3417951466804
2020-09-20 14:00:00,289.4224353782992
2020-09-20 15:00:00,292.77479827632357
2020-09-20 16:00:00,294.0083123059604
2020-09-20 17:00:00,292.9088210810557
2020-09-20 18:00:00,289.44262097882046
2020-09-20 19:00:00,284.1425124890766
2020-09-20 20:00:00,279.4879383945317
2020-09-20 21:00:00,275.38594217307485
2020-09-20 22:00:00,271.76017566360844
2020-09-20 23:00:00,268.54721193006134
2020-09-21 00:00:00,265.69383829283856
2020-09-21 01:00:00,263.2645004391224
2020-09-21 02:00:00,261.1148785617524
2020-09-21 03:00:00,259.2101543965306
2020-09-21 04:00:00,257.5204123392458
2020-09-21 05:00:00,256.01982585682464
2020-09-21 06:00:00,254.68600514075155
2020-09-21 07:00:00,253.73987822361548
2020-09-21 08:00:00,255.53560490683935
2020-09-21 09:00:00,259.56745974262475
2020-09-21 10:00:00,265.21342021790554
2020-09-21 11:00:00,271.7686827528282
2020-09-21 12:00:00,278.4914998064181
2020-09-21 13:00:00,284.6566647116889
2020-09-21 14:00:00,289.6103697718622
2020-09-21 15:00:00,292.81919874119336
2020-09-21 16:00:00,293.9065966262223
2020-09-21 17:00:00,292.67265062725113
2020-09-21 18:00:00,289.0967345535866
2020-09-21 19:00:00,283.8007309793095
2020-09-21 20:00:00,279.1821171311785
2020-09-21 21:00:00,275.14011913903084
2020-09-21 22:00:00,271.5922966531256
2020-09-21 23:00:00,268.4704243162862
2020-09-22 00:00:00,265.7174811967029
2020-09-22 01:00:00,263.3376319781137
2020-09-22 02:00:00,261.2390538397775
2020-09-22 03:00:00,259.386008802109
2020-09-22 04:00:00,257.7478566957965
2020-09-22 05:00:00,256.2982041658476
2020-09-22 06:00:00,255.0142227453309
2020-09-22 07:00:00,254.0384105767465
2020-09-22 08:00:00,255.8105649328808
2020-09-22 09:00:00,259.81560513564733
2020-09-22 10:00:00,265.42491235939667
2020-09-22 11:00:00,271.9299250143
2020-09-22 12:00:00,278.58797360883403
2020-09-22 13:00:00,284.6755718762762
2020-09-22 14:00:00,289.5428315769621
2020-09-22 15:00:00,292.66178060519195
2020-09-22 16:00:00,293.6620306781979
2020-09-22 17:00:00,292.34978529663795
2020-09-22 18:00:00,288.7098854448641
2020-09-22 19:00:00,283.44670652507847
2020-09-22 20:00:00,278.871401083912
2020-09-22 21:00:00,274.880209707263
2020-09-22 22:00:00,271.38837442884056
2020-09-22 23:00:00,268.32585671506223
2020-09-23 00:00:00,265.63421094976445
2020-09-23 01:00:00,263.398769454058
2020-09-23 02:00:00,261.4448338471902
2020-09-23 03:00:00,259.7347804486843
2020-09-23 04:00:00,258.23652955254056
2020-09-23 05:00:00,256.9226067226343
2020-09-23 06:00:00,255.76939126151032
2020-09-23 07:00:00,254.84076743120488
2020-09-23 08:00:00,256.6619565816547
2020-09-23 09:00:00,260.69527774731904
2020-09-23 10:00:00,266.2963078878909
2020-09-23 11:00:00,272.747812538572
2020-09-23 12:00:00,279.3056745784894
2020-09-23 13:00:00,285.2517685219466
2020-09-23 14:00:00,289.94729630834394
2020-09-23 15:00:00,292.87940116289496
2020-09-23 16:00:00,293.69476109611395
2020-09-23 17:00:00,292.2165539540009
2020-09-23 18:00:00,288.44487450397355
2020-09-23 19:00:00,283.17457247591693
2020-09-23 20:00:00,278.63301306831164
2020-09-23 21:00:00,274.7057374913042
2020-09-23 22:00:00,271.2997662696346
2020-09-23 23:00:00,268.33868230550746
2020-09-24 00:00:00,265.7590602665828
2020-09-24 01:00:00,263.592732439741
2020-09-24 02:00:00,261.7100615489935
2020-09-24 03:00:00,260.07187825986404
2020-09-24 04:00:00,258.64492075012606
2020-09-24 05:00:00,257.4008214873543
2020-09-24 06:00:00,256.31529721287956
2020-09-24 07:00:00,255.37376332093135
2020-09-24 08:00:00,257.18800195359347
2020-09-24 09:00:00,261.20534171090316
2020-09-24 10:00:00,266.771112583199
2020-09-24 11:00:00,273.16261643287294
2020-09-24 12:00:00,279.6349604499312
2020-09-24 13:00:00,285.4735262586428
2020-09-24 14:00:00,290.0465065721491
2020-09-24 15:00:00,292.8503687548555
2020-09-24 16:00:00,293.5421227411699
2020-09-24 17:00:00,291.9550368966842
2020-09-24 18:00:00,288.0981037657451
2020-09-24 19:00:00,282.85117815705536
2020-09-24 20:00:00,278.3545071742276
2020-09-24 21:00:00,274.4873790130158
2020-09-24 22:00:00,271.15205516148745
2020-09-24 23:00:00,268.26846957372743
2020-09-25 00:00:00,265.7703892170063
2020-09-25 01:00:00,263.780962027128
2020-09-25 02:00:00,262.072732736355
2020-09-25 03:00:00,260.6042726551974
2020-09-25 04:00:00,259.3407011179949
2020-09-25 05:00:00,258.2525335000744
2020-09-25 06:00:00,257.3147622269144
2020-09-25 07:00:00,256.5061160240791
2020-09-25 08:00:00,258.373003403877
2020-09-25 09:00:00,262.41533554293824
2020-09-25 10:00:00,267.95806109285553
2020-09-25 11:00:00,274.2682188583584
2020-09-25 12:00:00,280.6005012395601
2020-09-25 13:00:00,286.2487972725354
2020-09-25 14:00:00,290.5969842490311
2020-09-25 15:00:00,293.1619303592268
2020-09-25 16:00:00,293.62296190343676
2020-09-25 17:00:00,291.83496228354267
2020-09-25 18:00:00,287.82585492901296
2020-09-25 19:00:00,282.5683169780083
2020-09-25 20:00:00,278.11607733596196
2020-09-25 21:00:00,274.3325585707162
2020-09-25 22:00:00,271.10808472504715
2020-09-25 23:00:00,268.3535380214067
2020-09-26 00:00:00,265.99579638131235
2020-09-26 01:00:00,264.3277184909156
2020-09-26 02:00:00,262.9304249394965
2020-09-26 03:00:00,261.7588128749398
2020-09-26 04:00:00,260.7756353330611
2020-09-26 05:00:00,259.95003017761405
2020-09-26 06:00:00,259.25635488776675
2020-09-26 07:00:00,258.67325484956217
2020-09-26 08:00:00,260.66892474558284
2020-09-26 09:00:00,264.7778980659717
2020-09-26 10:00:00,270.28702586195016
2020-09-26 11:00:00,276.4464128756401
2020-09-26 12:00:00,282.5136380892871
2020-09-26 13:00:00,287.8027231780643
2020-09-26 14:00:00,291.73087816751195
2020-09-26 15:00:00,293.85629301651295
2020-09-26 16:00:00,293.90202832533765
2020-09-26 17:00:00,291.7641674719515
2020-09-26 18:00:00,287.5057438217315
2020-09-26 19:00:00,282.2041033203249
2020-09-26 20:00:00,277.82355631282434
2020-09-26 21:00:00,274.1911245518793
2020-09-26 22:00:00,271.17043418625747
2020-09-26 23:00:00,268.65267277321533
2020-09-27 00:00:00,266.5501779402438
2020-09-27 01:00:00,264.57762670659474
2020-09-27 02:00:00,262.9000346840901
2020-09-27 03:00:00,261.4716551201862
2020-09-27 04:00:00,260.25429285753864
2020-09-27 05:00:00,259.2159311046742
2020-09-27 06:00:00,258.3296425351218
2020-09-27 07:00:00,257.5727166615636
2020-09-27 08:00:00,259.3334449636047
2020-09-27 09:00:00,263.2681628768691
2020-09-27 10:00:00,268.6845854583552
2020-09-27 11:00:00,274.84102961537394
2020-09-27 12:00:00,280.9912550382273
2020-09-27 13:00:00,286.43488721386905
2020-09-27 14:00:00,290.5665876471213
2020-09-27 15:00:00,292.9170477777887
2020-09-27 16:00:00,293.18036040049657
2020-09-27 17:00:00,291.2253026764707
2020-09-27 18:00:00,287.0915532662879
2020-09-27 19:00:00,281.9157692911504
2020-09-27 20:00:00,277.5707051559536
2020-09-27 21:00:00,273.91042688329685
2020-09-27 22:00:00,270.8183611622033
2020-09-27 23:00:00,268.20029939259166
2020-09-28 00:00:00,265.97937906664447
2020-09-28 01:00:00,263.28297715414556
2020-09-28 02:00:00,260.86019449665673
2020-09-28 03:00:00,258.6799743158225
2020-09-28 04:00:00,256.71541793547624
2020-09-28 05:00:00,254.9431067644633
2020-09-28 06:00:00,253.34255782030758
2020-09-28 07:00:00,251.89578206301482
2020-09-28 08:00:00,252.9159282827033
2020-09-28 09:00:00,256.2687245635368
2020-09-28 10:00:00,261.3590517435751
2020-09-28 11:00:00,267.498938948348
2020-09-28 12:00:00,273.95153846629717
2020-09-28 13:00:00,279.98368929075224
2020-09-28 14:00:00,284.92122247407843
2020-09-28 15:00:00,288.1999903223755
2020-09-28 16:00:00,289.4057723520463
2020-09-28 17:00:00,288.298250284717
2020-09-28 18:00:00,284.81772657389763
2020-09-28 19:00:00,280.0953816794959
2020-09-28 20:00:00,275.90045942074875
2020-09-28 21:00:00,272.16281288117665
2020-09-28 22:00:00,268.82395250004566
2020-09-28 23:00:00,265.83462837703826
2020-09-29 00:00:00,263.1530143868046
2020-09-29 01:00:00,261.1838218840653
2020-09-29 02:00:00,259.4555850690353
2020-09-29 03:00:00,257.93715141999326
2020-09-29 04:00:00,256.6017812304444
2020-09-29 05:00:00,255.4264338825616
2020-09-29 06:00:00,254.39118959593074
2020-09-29 07:00:00,253.47877652467082
2020-09-29 08:00:00,254.92476102398956
2020-09-29 09:00:00,258.62846025002574
2020-09-29 10:00:00,263.9487851067475
2020-09-29 11:00:00,270.17048380800236
2020-09-29 12:00:00,276.54927583882096
2020-09-29 13:00:00,282.3641575921031
2020-09-29 14:00:00,286.97052994660237
2020-09-29 15:00:00,289.84707484780836
2020-09-29 16:00:00,290.6300848665555
2020-09-29 17:00:00,289.1314927322372
2020-09-29 18:00:00,285.3404325085961
2020-09-29 19:00:00,280.506920466849
2020-09-29 20:00:00,276.32190722278324
2020-09-29 21:00:00,272.687007226998
2020-09-29 22:00:00,269.5215954585613
2020-09-29 23:00:00,266.7589021423589
2020-09-30 00:00:00,264.3431359516177
2020-09-30 01:00:00,262.8056833023515
2020-09-30 02:00:00,261.50516074414776
2020-09-30 03:00:00,260.40408029183504
2020-09-30 04:00:00,259.47116432376396
2020-09-30 05:00:00,258.68023718666205
2020-09-30 06:00:00,258.0093370596678
2020-09-30 07:00:00,257.439998142848
2020-09-30 08:00:00,259.128905664039
2020-09-30 09:00:00,262.9898434618273
2020-09-30 10:00:00,268.3194771316419
2020-09-30 11:00:00,274.3710538899578
2020-09-30 12:00:00,280.39857741274807
2020-09-30 13:00:00,285.7062897632826
2020-09-30 14:00:00,289.6965960325656
2020-09-30 15:00:00,291.90962434214924
2020-09-30 16:00:00,292.0491958682997
2020-09-30 17:00:00,289.9929724377531
2020-09-30 18:00:00,285.7879460158775
2020-09-30 19:00:00,280.8072378076079
2020-09-30 20:00:00,276.6503219646089
2020-09-30 21:00:00,273.16946556492894
2020-09-30 22:00:00,270.2469211692241
2020-09-30 23:00:00,267.7877888950855
2020-10-01 00:00:00,265.71488634232065
2020-10-01 01:00:00,263.2831111550184
2020-10-01 02:00:00,261.13135839329817
2020-10-01 03:00:00,259.2247659670824
2020-10-01 04:00:00,257.5333818668088
2020-10-01 05:00:00,256.0313490717827
2020-10-01 06:00:00,254.6962520571911
2020-10-01 07:00:00,253.50858734500738
2020-10-01 08:00:00,254.5453377771914
2020-10-01 09:00:00,257.8947014247403
2020-10-01 10:00:00,262.9302972071703
2020-10-01 11:00:00,268.9453099077581
2020-10-01 12:00:00,275.1968248441347
2020-10-01 13:00:00,280.9579365703978
2020-10-01 14:00:00,285.571464278779
2020-10-01 15:00:00,288.49824071112005
2020-10-01 16:00:00,289.35349415169753
2020-10-01 17:00:00,287.92717947934403
2020-10-01 18:00:00,284.1876330260145
2020-10-01 19:00:00,279.52012519286905
2020-10-01 20:00:00,275.43636474145876
2020-10-01 21:00:00,271.8526479399478
2020-10-01 22:00:00,268.6997617014817
2020-10-01 23:00:00,265.9199009201692
2020-10-02 00:00:00,263.4643728190693
2020-10-02 01:00:00,261.5096379278608
2020-10-02 02:00:00,259.7996950291622
2020-10-02 03:00:00,258.30224840367885
2020-10-02 04:00:00,256.9896501683247
2020-10-02 05:00:00,255.8381403498581
2020-10-02 06:00:00,254.82723224536107
2020-10-02 07:00:00,253.93921056222933
2020-10-02 08:00:00,255.1746262907816
2020-10-02 09:00:00,258.68541076835953
2020-10-02 10:00:00,263.8230007638465
2020-10-02 11:00:00,269.86810074795835
2020-10-02 12:00:00,276.0753285056249
2020-10-02 13:00:00,281.72492266591155
2020-10-02 14:00:00,286.17513287926135
2020-10-02 15:00:00,288.9082833167688
2020-10-02 16:00:00,289.56434212438467
2020-10-02 17:00:00,287.95837897768666
2020-10-02 18:00:00,284.0818187151745
2020-10-02 19:00:00,279.4156321117997
2020-10-02 20:00:00,275.38474778033964
2020-10-02 21:00:00,271.8921829504514
2020-10-02 22:00:00,268.85841283054566
2020-10-02 23:00:00,266.2175631611016
2020-10-03 00:00:00,263.9145967303681
2020-10-03 01:00:00,261.96696671636187
2020-10-03 02:00:00,260.2702135284373
2020-10-03 03:00:00,258.7903970142828
2020-10-03 04:00:00,257.4985621647727
2020-10-03 05:00:00,256.36991184814815
2020-10-03 06:00:00,255.3831393884532
2020-10-03 07:00:00,254.51988489666525
2020-10-03 08:00:00,255.70225492388232
2020-10-03 09:00:00,259.1606980147302
2020-10-03 10:00:00,264.2386905666336
2020-10-03 11:00:00,270.2125439866535
2020-10-03 12:00:00,276.3358580959035
2020-10-03 13:00:00,281.89086098019516
2020-10-03 14:00:00,286.2401929833957
2020-10-03 15:00:00,288.8721527989056
2020-10-03 16:00:00,289.43335442250657
2020-10-03 17:00:00,287.7453409781267
2020-10-03 18:00:00,283.80520452035813
2020-10-03 19:00:00,279.17435896048653
2020-10-03 20:00:00,275.1887498455386
2020-10-03 21:00:00,271.74821863232813
2020-10-03 22:00:00,268.77080815331567
2020-10-03 23:00:00,266.18877464795304
2020-10-04 00:00:00,263.9456444893735
2020-10-04 01:00:00,261.6339040112386
2020-10-04 02:00:00,259.57607001093413
2020-10-04 03:00:00,257.74189896429755
2020-10-04 04:00:00,256.1052402248552
2020-10-04 05:00:00,254.6433804282544
2020-10-04 06:00:00,253.33651362759477
2020-10-04 07:00:00,252.16730887222997
2020-10-04 08:00:00,252.98076052303304
2020-10-04 09:00:00,256.13116245164184
2020-10-04 10:00:00,261.0026795362302
2020-10-04 11:00:00,266.89549634052315
2020-10-04 12:00:00,273.06958779277625
2020-10-04 13:00:00,278.7965267948395
2020-10-04 14:00:00,283.41332504997143
2020-10-04 15:00:00,286.3713678332491
2020-10-04 16:00:00,287.27391751505917
2020-10-04 17:00:00,285.8978412625219
2020-10-04 18:00:00,282.19864906589595
2020-10-04 19:00:00,277.7779830907849
2020-10-04 20:00:00,273.885721352722
2020-10-04 21:00:00,270.4491405922248
2020-10-04 22:00:00,267.40765717793215
2020-10-04 23:00:00,264.71032920883437
2020-10-05 00:00:00,262.3139762567691
2020-10-05 01:00:00,260.4009999597055
2020-10-05 02:00:00,258.71696860982985
2020-10-05 03:00:00,257.23290989616737
2020-10-05 04:00:00,255.92387332604886
2020-10-05 05:00:00,254.76829181178914
2020-10-05 06:00:00,253.74746233881032
2020-10-05 07:00:00,252.8451196746789
2020-10-05 08:00:00,253.82973627464906
2020-10-05 09:00:00,257.12093444913364
2020-10-05 10:00:00,262.08058439634465
2020-10-05 11:00:00,267.9957889748997
2020-10-05 12:00:00,274.12301305181325
2020-10-05 13:00:00,279.739602711146
2020-10-05 14:00:00,284.1964680683114
2020-10-05 15:00:00,286.9649840614269
2020-10-05 16:00:00,287.6718533532889
2020-10-05 17:00:00,286.11807343931355
2020-10-05 18:00:00,282.28161104281156
2020-10-05 19:00:00,277.858530423562
2020-10-05 20:00:00,274.011241665454
2020-10-05 21:00:00,270.65537831630036
2020-10-05 22:00:00,267.72121790112817
2020-10-05 23:00:00,265.15059132869965
2020-10-06 00:00:00,262.8945743993919
2020-10-06 01:00:00,261.12664392989905
2020-10-06 02:00:00,259.58980193404636
2020-10-06 03:00:00,258.25251697278776
2020-10-06 04:00:00,257.08788552527443
2020-10-06 05:00:00,256.0728729992136
2020-10-06 06:00:00,255.18769844012013
2020-10-06 07:00:00,254.41533123139192
2020-10-06 08:00:00,255.44640596892336
2020-10-06 09:00:00,258.7651040709416
2020-10-06 10:00:00,263.70936464804123
2020-10-06 11:00:00,269.5528400330339
2020-10-06 12:00:00,275.548890653319
2020-10-06 13:00:00,280.9813653953738
2020-10-06 14:00:00,285.21572010830135
2020-10-06 15:00:00,287.7435619741675
2020-10-06 16:00:00,288.2146824613738
2020-10-06 17:00:00,286.45323075193704
2020-10-06 18:00:00,282.4581235323484
2020-10-06 19:00:00,278.0176119500537
2020-10-06 20:00:00,274.20307458310555
2020-10-06 21:00:00,270.91694363491746
2020-10-06 22:00:00,268.0793019563333
2020-10-06 23:00:00,265.624055640683
2020-10-07 00:00:00,263.49609774404485
2020-10-07 01:00:00,261.4380520069385
2020-10-07 02:00:00,259.6272340809791
2020-10-07 03:00:00,258.0321121998431
2020-10-07 04:00:00,256.6255920085795
2020-10-07 05:00:00,255.3842980859642
2020-10-07 06:00:00,254.28799266620152
2020-10-07 07:00:00,253.31910084004454
2020-10-07 08:00:00,254.0905818408972
2020-10-07 09:00:00,257.1896449503487
2020-10-07 10:00:00,261.9766831792632
2020-10-07 11:00:00,267.73816690434455
2020-10-07 12:00:00,273.7303188678925
2020-10-07 13:00:00,279.2302376495953
2020-10-07 14:00:00,283.5882537935672
2020-10-07 15:00:00,286.2746125146566
2020-10-07 16:00:00,286.9142658450657
2020-10-07 17:00:00,285.3059241252763
2020-10-07 18:00:00,281.42493365857655
2020-10-07 19:00:00,277.11408155152697
2020-10-07 20:00:00,273.3617638666354
2020-10-07 21:00:00,270.0867142275976
2020-10-07 22:00:00,267.2216407712248
2020-10-07 23:00:00,264.7103079706189
2020-10-08 00:00:00,262.50534922716287
2020-10-08 01:00:00,261.01087375219987
2020-10-08 02:00:00,259.72776509492866
2020-10-08 03:00:00,258.6251999056872
2020-10-08 04:00:00,257.67709521524984
2020-10-08 05:00:00,256.861314687452
2020-10-08 06:00:00,256.15902462434786
2020-10-08 07:00:00,255.55416720504508
2020-10-08 08:00:00,256.58450161749266
2020-10-08 09:00:00,259.88698368045107
2020-10-08 10:00:00,264.7761445785322
2020-10-08 11:00:00,270.51340531883756
2020-10-08 12:00:00,276.3504814418714
2020-10-08 13:00:00,281.5789949783803
2020-10-08 14:00:00,285.57967254878645
2020-10-08 15:00:00,287.86431530178254
2020-10-08 16:00:00,288.10496556854883
2020-10-08 17:00:00,286.1474219892305
2020-10-08 18:00:00,282.0096251005411
2020-10-08 19:00:00,277.64362700097223
2020-10-08 20:00:00,273.93940746087696
2020-10-08 21:00:00,270.7878276203125
2020-10-08 22:00:00,268.10022711350763
2020-10-08 23:00:00,265.8038912957519
2020-10-09 00:00:00,263.8387093745914
2020-10-09 01:00:00,262.1725886551013
2020-10-09 02:00:00,260.7447647396959
2020-10-09 03:00:00,259.5199930017779
2020-10-09 04:00:00,258.4685518169779
2020-10-09 05:00:00,257.5652944401893
2020-10-09 06:00:00,256.78888535447715
2020-10-09 07:00:00,256.12117965698434
2020-10-09 08:00:00,257.0217070064779
2020-10-09 09:00:00,260.20924878838025
2020-10-09 10:00:00,264.9941830926018
2020-10-09 11:00:00,270.63552839811365
2020-10-09 12:00:00,276.3839678752221
2020-10-09 13:00:00,281.5310996485452
2020-10-09 14:00:00,285.4582667737897
2020-10-09 15:00:00,287.67817064733316
2020-10-09 16:00:00,287.86373489130114
2020-10-09 17:00:00,285.86141173366207
2020-10-09 18:00:00,281.6894680118542
2020-10-09 19:00:00,277.37361381150816
2020-10-09 20:00:00,273.7152132090832
2020-10-09 21:00:00,270.60551365192276
2020-10-09 22:00:00,267.9561787464204
2020-10-09 23:00:00,265.6947765336378
2020-10-10 00:00:00,263.7614502703546
2020-10-10 01:00:00,261.82426181062345
2020-10-10 02:00:00,260.13551136786816
2020-10-10 03:00:00,258.6617308197537
2020-10-10 04:00:00,257.3743483250446
2020-10-10 05:00:00,256.2488787652961
2020-10-10 06:00:00,255.26427008556422
2020-10-10 07:00:00,254.40237044540967
2020-10-10 08:00:00,255.0463288411235
2020-10-10 09:00:00,258.02104801918995
2020-10-10 10:00:00,262.6680723666398
2020-10-10 11:00:00,268.2634805820649
2020-10-10 12:00:00,274.0610623555407
2020-10-10 13:00:00,279.34254728421257
2020-10-10 14:00:00,283.4685262985846
2020-10-10 15:00:00,285.92322306382135
2020-10-10 16:00:00,286.34716258452056
2020-10-10 17:00:00,284.5542588446215
2020-10-10 18:00:00,280.5332091872198
2020-10-10 19:00:00,276.35841007583576
2020-10-10 20:00:00,272.75564978424643
2020-10-10 21:00:00,269.6383485004488
2020-10-10 22:00:00,266.9351234583854
2020-10-10 23:00:00,264.5865916685284
2020-10-11 00:00:00,262.5429766619047
2020-10-11 01:00:00,260.47883226112555
2020-10-11 02:00:00,258.64941566646456
2020-10-11 03:00:00,257.0261845342014
2020-10-11 04:00:00,255.58446558873118
2020-10-11 05:00:00,254.30284464935272
2020-10-11 06:00:00,253.16267083945752
2020-10-11 07:00:00,252.14764988315784
2020-10-11 08:00:00,252.56654663222506
2020-10-11 09:00:00,255.34820311970208
2020-10-11 10:00:00,259.8665288582359
2020-10-11 11:00:00,265.4171115533462
2020-10-11 12:00:00,271.2600951201303
2020-10-11 13:00:00,276.6708623754867
2020-10-11 14:00:00,280.9925032614643
2020-10-11 15:00:00,283.6832762624443
2020-10-11 16:00:00,284.3527905472785
2020-10-11 17:00:00,282.782811494557
2020-10-11 18:00:00,278.93189853688074
2020-10-11 19:00:00,274.92137008939335
2020-10-11 20:00:00,271.40120658123504
2020-10-11 21:00:00,268.3037775227786
2020-10-11 22:00:00,265.57253526927803
2020-10-11 23:00:00,263.1598002883858
2020-10-12 00:00:00,261.0250782681036
2020-10-12 01:00:00,259.5220635529787
2020-10-12 02:00:00,258.2155565121447
2020-10-12 03:00:00,257.07891906994456
2020-10-12 04:00:00,256.0893565057012
2020-10-12 05:00:00,255.22730597913494
2020-10-12 06:00:00,254.47593610313032
2020-10-12 07:00:00,253.82073416447
2020-10-12 08:00:00,254.4967808535064
2020-10-12 09:00:00,257.4926768653989
2020-10-12 10:00:00,262.14376508758426
2020-10-12 11:00:00,267.7233505572255
2020-10-12 12:00:00,273.48573036879753
2020-10-12 13:00:00,278.7160360123644
2020-10-12 14:00:00,282.7805071358239
2020-10-12 15:00:00,285.17041404080135
2020-10-12 16:00:00,285.5338094696624
2020-10-12 17:00:00,283.69179434032105
2020-10-12 18:00:00,279.63931130698006
2020-10-12 19:00:00,275.600686647423
2020-10-12 20:00:00,272.1288730343457
2020-10-12 21:00:00,269.13673310280296
2020-10-12 22:00:00,266.5525085083417
2020-10-12 23:00:00,264.31659149339106
2020-10-13 00:00:00,262.37910458155034
2020-10-13 01:00:00,260.00453550765354
2020-10-13 02:00:00,257.86169753298987
2020-10-13 03:00:00,255.92547152145104
2020-10-13 04:00:00,254.17392599373545
2020-10-13 05:00:00,252.58782663847782
2020-10-13 06:00:00,251.15023700500063
2020-10-13 07:00:00,249.8461905229071
2020-10-13 08:00:00,249.83501811754903
2020-10-13 09:00:00,252.22861826551411
2020-10-13 10:00:00,256.4391524506177
2020-10-13 11:00:00,261.78743670695826
2020-10-13 12:00:00,267.5446294280886
2020-10-13 13:00:00,272.9825645965808
2020-10-13 14:00:00,277.42715515326483
2020-10-13 15:00:00,280.3082600471094
2020-10-13 16:00:00,281.1995219481943
2020-10-13 17:00:00,279.84344864269644
2020-10-13 18:00:00,276.1601257090419
2020-10-13 19:00:00,272.38033074552743
2020-10-13 20:00:00,268.99652171857304
2020-10-13 21:00:00,265.9603272225535
2020-10-13 22:00:00,263.2306370208733
2020-10-13 23:00:00,260.7722473513261
2020-10-14 00:00:00,258.55481096732365
2020-10-14 01:00:00,256.9313960717642
2020-10-14 02:00:00,255.48871855351177
2020-10-14 03:00:00,254.2055390880355
2020-10-14 04:00:00,253.06335030664988
2020-10-14 05:00:00,252.04597566891024
2020-10-14 06:00:00,251.13923753228568
2020-10-14 07:00:00,250.3306804014998
2020-10-14 08:00:00,250.7073469813906
2020-10-14 09:00:00,253.44468752595498
2020-10-14 10:00:00,257.9211980653463
2020-10-14 11:00:00,263.43636486451896
2020-10-14 12:00:00,269.2533205595352
2020-10-14 13:00:00,274.6492696137233
2020-10-14 14:00:00,278.96776298968786
2020-10-14 15:00:00,281.6661226620355
2020-10-14 16:00:00,282.3517943262426
2020-10-14 17:00:00,280.80351156566246
2020-10-14 18:00:00,276.9763944331736
2020-10-14 19:00:00,273.2034822374268
2020-10-14 20:00:00,269.8861748197229
2020-10-14 21:00:00,266.96273151580976
2020-10-14 22:00:00,264.3813002642514
2020-10-14 23:00:00,262.0979917131265
2020-10-15 00:00:00,260.0754041918601
2020-10-15 01:00:00,258.4668425826064
2020-10-15 02:00:00,257.0516279873153
2020-10-15 03:00:00,255.80542621387497
2020-10-15 04:00:00,254.7072141144568
2020-10-15 05:00:00,253.73877280311456
2020-10-15 06:00:00,252.88427098065517
2020-10-15 07:00:00,252.12991962731863
2020-10-15 08:00:00,252.48755337934824
2020-10-15 09:00:00,255.20214937675635
2020-10-15 10:00:00,259.6319108975062
2020-10-15 11:00:00,265.06416388126786
2020-10-15 12:00:00,270.75790798625735
2020-10-15 13:00:00,275.99374436792556
2020-10-15 14:00:00,280.12505976122543
2020-10-15 15:00:00,282.6237519200804
2020-10-15 16:00:00,283.114475164429
2020-10-15 17:00:00,281.393651696255
2020-10-15 18:00:00,277.43275136313014
2020-10-15 19:00:00,273.6491851951613
2020-10-15 20:00:00,270.3540935057878
2020-10-15 21:00:00,267.477722492012
2020-10-15 22:00:00,264.9618951112684
2020-10-15 23:00:00,262.75770229536766
2020-10-16 00:00:00,260.82374574300894
2020-10-16 01:00:00,259.4673787190967
2020-10-16 02:00:00,258.29561155220534
2020-10-16 03:00:00,257.28255715245336
2020-10-16 04:00:00,256.40615318713895
2020-10-16 05:00:00,255.64754748712159
2020-10-16 06:00:00,254.99059464896024
2020-10-16 07:00:00,254.4214406722093
2020-10-16 08:00:00,254.87838528777672
2020-10-16 09:00:00,257.67047754748535
2020-10-16 10:00:00,262.11988323150956
2020-10-16 11:00:00,267.4933711499515
2020-10-16 12:00:00,273.04445620160453
2020-10-16 13:00:00,278.0621509380452
2020-10-16 14:00:00,281.91988131562096
2020-10-16 15:00:00,284.1178809667494
2020-10-16 16:00:00,284.3134585154815
2020-10-16 17:00:00,282.3360604058147
2020-10-16 18:00:00,278.1872952469587
2020-10-16 19:00:00,274.37966456101816
2020-10-16 20:00:00,271.1240858351307
2020-10-16 21:00:00,268.3338881501934
2020-10-16 22:00:00,265.9377968913213
2020-10-16 23:00:00,263.87671960029763
2020-10-17 00:00:00,262.10132823538174
2020-10-17 01:00:00,260.2167113044076
2020-10-17 02:00:00,258.5577037679492
2020-10-17 03:00:00,257.0957740309539
2020-10-17 04:00:00,255.80634331326166
2020-10-17 05:00:00,254.66816032521385
2020-10-17 06:00:00,253.66279207990692
2020-10-17 07:00:00,252.77420555785594
2020-10-17 08:00:00,252.86546711299488
2020-10-17 09:00:00,255.33953964763785
2020-10-17 10:00:00,259.55580599187766
2020-10-17 11:00:00,264.80272533462903
2020-10-17 12:00:00,270.3398097754337
2020-10-17 13:00:00,275.4471236067167
2020-10-17 14:00:00,279.47621376533283
2020-10-17 15:00:00,281.895796373996
2020-10-17 16:00:00,282.32619119293656
2020-10-17 17:00:00,280.55870930671284
2020-10-17 18:00:00,276.55940642943006
2020-10-17 19:00:00,272.87989174716716
2020-10-17 20:00:00,269.6682736845872
2020-10-17 21:00:00,266.85874176521986
2020-10-17 22:00:00,264.3962451871502
2020-10-17 23:00:00,262.2343781824368
2020-10-18 00:00:00,260.3337634758601
2020-10-18 01:00:00,258.6362153920047
2020-10-18 02:00:00,257.1385679265376
2020-10-18 03:00:00,255.81605596600374
2020-10-18 04:00:00,254.64725530107222
2020-10-18 05:00:00,253.61357132627998
2020-10-18 06:00:00,252.6988192262002
2020-10-18 07:00:00,251.88887646422015
2020-10-18 08:00:00,251.97580272210953
2020-10-18 09:00:00,254.44338843975947
2020-10-18 10:00:00,258.6553211864054
2020-10-18 11:00:00,263.9031206649999
2020-10-18 12:00:00,269.4480747361837
2020-10-18 13:00:00,274.5707207257511
2020-10-18 14:00:00,278.62184183972687
2020-10-18 15:00:00,281.0683392944103
2020-10-18 16:00:00,281.5279673737373
2020-10-18 17:00:00,279.78908944450586
2020-10-18 18:00:00,275.8147956127407
2020-10-18 19:00:00,272.2228076748182
2020-10-18 20:00:00,269.0822403576037
2020-10-18 21:00:00,266.3303610473101
2020-10-18 22:00:00,263.9145686697211
2020-10-18 23:00:00,261.79042664558006
2020-10-19 00:00:00,259.9201537154793
2020-10-19 01:00:00,258.45387167625796
2020-10-19 02:00:00,257.1716212242918
2020-10-19 03:00:00,256.0494037554179
2020-10-19 04:00:00,255.0665631825484
2020-10-19 05:00:00,254.20527014120435
2020-10-19 06:00:00,253.45009747304331
2020-10-19 07:00:00,252.78766819336383
2020-10-19 08:00:00,252.93868468044946
2020-10-19 09:00:00,255.458941178222
2020-10-19 10:00:00,259.6939418071854
2020-10-19 11:00:00,264.92463422071705
2020-10-19 12:00:00,270.4092454787421
2020-10-19 13:00:00,275.4322650479118
2020-10-19 14:00:00,279.35438250348136
2020-10-19 15:00:00,281.6567467580558
2020-10-19 16:00:00,281.97373101968816
2020-10-19 17:00:00,280.1106951514259
2020-10-19 18:00:00,276.0464247784749
2020-10-19 19:00:00,272.4800324038622
2020-10-19 20:00:00,269.39053381431887
2020-10-19 21:00:00,266.70831210480844
2020-10-19 22:00:00,264.37537541633316
2020-10-19 23:00:00,262.3430525466891
2020-10-20 00:00:00,260.57023366019195
2020-10-20 01:00:00,259.0925212840855
2020-10-20 02:00:00,257.80541138930556
2020-10-20 03:00:00,256.6834048719323
2020-10-20 04:00:00,255.70463564605186
2020-10-20 05:00:00,254.85029936446904
2020-10-20 06:00:00,254.104184774902
2020-10-20 07:00:00,253.4522863024451
2020-10-20 08:00:00,253.5432917337798
2020-10-20 09:00:00,256.0076469017424
2020-10-20 10:00:00,260.1826963448904
2020-10-20 11:00:00,265.344824199864
2020-10-20 12:00:00,270.75099981288287
2020-10-20 13:00:00,275.6873484586638
2020-10-20 14:00:00,279.51848853317307
2020-10-20 15:00:00,281.73101909254706
2020-10-20 16:00:00,281.96543697306754
2020-10-20 17:00:00,280.033112499685
2020-10-20 18:00:00,275.9341656646136
2020-10-20 19:00:00,272.40511025238266
2020-10-20 20:00:00,269.3588605419505
2020-10-20 21:00:00,266.7236719611932
2020-10-20 22:00:00,264.43991629533417
2020-10-20 23:00:00,262.45766603601743
2020-10-21 00:00:00,260.734852114072
2020-10-21 01:00:00,258.9435872259386
2020-10-21 02:00:00,257.3598640024641
2020-10-21 03:00:00,255.95826428198774
2020-10-21 04:00:00,254.71678374502386
2020-10-21 05:00:00,253.61630762799314
2020-10-21 06:00:00,252.64018109229008
2020-10-21 07:00:00,251.77385419739187
2020-10-21 08:00:00,251.59448131153528
2020-10-21 09:00:00,253.8169771256639
2020-10-21 10:00:00,257.8096562762525
2020-10-21 11:00:00,262.8678842000621
2020-10-21 12:00:00,268.2553889049637
2020-10-21 13:00:00,273.25325404926895
2020-10-21 14:00:00,277.21064159145664
2020-10-21 15:00:00,279.5906815539745
2020-10-21 16:00:00,280.005542083035
2020-10-21 17:00:00,278.2367792060843
2020-10-21 18:00:00,274.3262851600384
2020-10-21 19:00:00,270.9042404914678
2020-10-21 20:00:00,267.90240205876427
2020-10-21 21:00:00,265.263751774511
2020-10-21 22:00:00,262.94025804025824
2020-10-21 23:00:00,260.89117312556596
2020-10-22 00:00:00,259.0817175429455
2020-10-22 01:00:00,257.1916728832892
2020-10-22 02:00:00,255.49601785207173
2020-10-22 03:00:00,253.97322034966203
2020-10-22 04:00:00,252.60443462315976
2020-10-22 05:00:00,251.37310732332838
2020-10-22 06:00:00,250.2646526111979
2020-10-22 07:00:00,249.2661820778895
2020-10-22 08:00:00,248.88588027642794
2020-10-22 09:00:00,250.92177664213563
2020-10-22 10:00:00,254.7737044686397
2020-10-22 11:00:00,259.7576800583971
2020-10-22 12:00:00,265.1467424404537
2020-10-22 13:00:00,270.2200211318813
2020-10-22 14:00:00,274.31442212576246
2020-10-22 15:00:00,276.8724960163491
2020-10-22 16:00:00,277.4803254552599
2020-10-22 17:00:00,275.89107006910757
2020-10-22 18:00:00,272.1883382369085
2020-10-22 19:00:00,268.8983428516978
2020-10-22 20:00:00,265.96855015932783
2020-10-22 21:00:00,263.354478703434
2020-10-22 22:00:00,261.0181808894505
2020-10-22 23:00:00,258.9270695993543
2020-10-23 00:00:00,257.05299890948874
2020-10-23 01:00:00,255.61589322257709
2020-10-23 02:00:00,254.33881526819016
2020-10-23 03:00:00,253.2030785565388
2020-10-23 04:00:00,252.19236171718597
2020-10-23 05:00:00,251.29237055170233
2020-10-23 06:00:00,250.49055638399162
2020-10-23 07:00:00,249.77587971193478
2020-10-23 08:00:00,249.58856466705134
2020-10-23 09:00:00,251.79718490739307
2020-10-23 10:00:00,255.78051587818567
2020-10-23 11:00:00,260.8413983694989
2020-10-23 12:00:00,266.24794960466465
2020-10-23 13:00:00,271.28251086007884
2020-10-23 14:00:00,275.2925219645869
2020-10-23 15:00:00,277.7368436580624
2020-10-23 16:00:00,278.22153247300815
2020-10-23 17:00:00,276.52106019133873
2020-10-23 18:00:00,272.80833170845784
2020-10-23 19:00:00,269.5457552593013
2020-10-23 20:00:00,266.6722655734681
2020-10-23 21:00:00,264.136555880362
2020-10-23 22:00:00,261.89518549913066
2020-10-23 23:00:00,259.91112843507864
2020-10-24 00:00:00,258.15264356844676
2020-10-24 01:00:00,256.64601060930835
2020-10-24 02:00:00,255.3112091923126
2020-10-24 03:00:00,254.12768585640495
2020-10-24 04:00:00,253.07755220316696
2020-10-24 05:00:00,252.14519479213754
2020-10-24 06:00:00,251.3169515887154
2020-10-24 07:00:00,250.58084165911652
2020-10-24 08:00:00,250.30731369119266
2020-10-24 09:00:00,252.43658554503298
2020-10-24 10:00:00,256.3412245962024
2020-10-24 11:00:00,261.32048727041445
2020-10-24 12:00:00,266.6413090312827
2020-10-24 13:00:00,271.58695746707764
2020-10-24 14:00:00,275.507482152109
2020-10-24 15:00:00,277.8654862709264
2020-10-24 16:00:00,278.2712878923586
2020-10-24 17:00:00,276.50356199260654
2020-10-24 18:00:00,272.8069948831992
2020-10-24 19:00:00,269.56657832220446
2020-10-24 20:00:00,266.71961715926074
2020-10-24 21:00:00,264.2135153560996
2020-10-24 22:00:00,262.0038087890541
2020-10-24 23:00:00,260.05265812004217
2020-10-25 00:00:00,258.32767665975655
2020-10-25 01:00:00,256.7149849708619
2020-10-25 02:00:00,255.28069795534233
2020-10-25 03:00:00,254.0039772717093
2020-10-25 04:00:00,252.86664996821105
2020-10-25 05:00:00,251.85281910135453
2020-10-25 06:00:00,250.9485412165778
2020-10-25 07:00:00,250.1415572061046
2020-10-25 08:00:00,249.73375688292816
2020-10-25 09:00:00,251.73889572495833
2020-10-25 10:00:00,255.5380869705053
2020-10-25 11:00:00,260.436385708682
2020-10-25 12:00:00,265.7034980022878
2020-10-25 13:00:00,270.62232419494416
2020-10-25 14:00:00,274.5395649674079
2020-10-25 15:00:00,276.91196044156044
2020-10-25 16:00:00,277.342194272405
2020-10-25 17:00:00,275.600432454329
2020-10-25 18:00:00,271.99024078538395
2020-10-25 19:00:00,268.8111673804626
2020-10-25 20:00:00,266.0056147719612
2020-10-25 21:00:00,263.5250511761195
2020-10-25 22:00:00,261.32827837336447
2020-10-25 23:00:00,259.38009747695685
2020-10-26 00:00:00,257.650266334141
2020-10-26 01:00:00,255.58492324616265
2020-10-26 02:00:00,253.70411847529533
2020-10-26 03:00:00,251.98950799166806
2020-10-26 04:00:00,250.42488774408054
2020-10-26 05:00:00,248.99589014508396
2020-10-26 06:00:00,247.68973268106515
2020-10-26 07:00:00,246.49500814203083
2020-10-26 08:00:00,245.64663052986444
2020-10-26 09:00:00,247.23584174552695
2020-10-26 10:00:00,250.6972908766565
2020-10-26 11:00:00,255.37236798707335
2020-10-26 12:00:00,260.54865650739515
2020-10-26 13:00:00,265.5081254854117
2020-10-26 14:00:00,269.57886485593156
2020-10-26 15:00:00,272.1842002138407
2020-10-26 16:00:00,272.88301266707333
2020-10-26 17:00:00,271.396537665329
2020-10-26 18:00:00,268.04608082084985
2020-10-26 19:00:00,265.0182592445261
2020-10-26 20:00:00,262.2766922063984
2020-10-26 21:00:00,259.79006403848206
2020-10-26 22:00:00,257.53124466425675
2020-10-26 23:00:00,255.47659465183588
2020-10-27 00:00:00,253.60540989474245
2020-10-27 01:00:00,251.5995574110735
2020-10-27 02:00:00,249.74846731214805
2020-10-27 03:00:00,248.0384692561235
2020-10-27 04:00:00,246.4573555402508
2020-10-27 05:00:00,244.99418693087392
2020-10-27 06:00:00,243.63912985172712
2020-10-27 07:00:00,242.38331899920558
2020-10-27 08:00:00,241.39703426935418
2020-10-27 09:00:00,242.84473771867124
2020-10-27 10:00:00,246.19147226636935
2020-10-27 11:00:00,250.80064563980645
2020-10-27 12:00:00,255.97263348842623
2020-10-27 13:00:00,260.99244549167946
2020-10-27 14:00:00,265.1816191607227
2020-10-27 15:00:00,267.94841684471356
2020-10-27 16:00:00,268.8301584049583
2020-10-27 17:00:00,267.522682904401
2020-10-27 18:00:00,264.38678461912923
2020-10-27 19:00:00,261.51438103593347
2020-10-27 20:00:00,258.8787140491304
2020-10-27 21:00:00,256.4564720747399
2020-10-27 22:00:00,254.2272302202472
2020-10-27 23:00:00,252.173000392694
2020-10-28 00:00:00,250.27786632902342
2020-10-28 01:00:00,248.7283899976729
2020-10-28 02:00:00,247.30565189447992
2020-10-28 03:00:00,245.99828446859223
2020-10-28 04:00:00,244.796096925619
2020-10-28 05:00:00,243.68992877006093
2020-10-28 06:00:00,242.6715253930541
2020-10-28 07:00:00,241.73343179299232
2020-10-28 08:00:00,240.98112935396009
2020-10-28 09:00:00,242.64705417919598
2020-10-28 10:00:00,246.18344311137247
2020-10-28 11:00:00,250.94472137077943
2020-10-28 12:00:00,256.2267438914788
2020-10-28 13:00:00,261.3147930215515
2020-10-28 14:00:00,265.53538041855614
2020-10-28 15:00:00,268.30586733481886
2020-10-28 16:00:00,269.17577522274127
2020-10-28 17:00:00,267.85493812269743
2020-10-28 18:00:00,264.78370275052845
2020-10-28 19:00:00,261.989973113076
2020-10-28 20:00:00,259.444277213969
2020-10-28 21:00:00,257.1210227899501
2020-10-28 22:00:00,254.99785866393765
2020-10-28 23:00:00,253.05516331738178
2020-10-29 00:00:00,251.2756312565468
2020-10-29 01:00:00,249.70997064172244
2020-10-29 02:00:00,248.27637192519478
2020-10-29 03:00:00,246.96266983995991
2020-10-29 04:00:00,245.75798572684354
2020-10-29 05:00:00,244.65256465706315
2020-10-29 06:00:00,243.63763744690036
2020-10-29 07:00:00,242.7053030789358
2020-10-29 08:00:00,241.89537665113667
2020-10-29 09:00:00,243.50685295366546
2020-10-29 10:00:00,246.98621753601296
2020-10-29 11:00:00,251.68429449388987
2020-10-29 12:00:00,256.89547162912254
2020-10-29 13:00:00,261.90560068609335
2020-10-29 14:00:00,266.043557539163
2020-10-29 15:00:00,268.73045564703193
2020-10-29 16:00:00,269.5204190094855
2020-10-29 17:00:00,268.12815069998857
2020-10-29 18:00:00,265.0629359920588
2020-10-29 19:00:00,262.2815232493495
2020-10-29 20:00:00,259.7532620487567
2020-10-29 21:00:00,257.45157675440123
2020-10-29 22:00:00,255.35329121488766
2020-10-29 23:00:00,253.43808889153075
2020-10-30 00:00:00,251.68807686235317
2020-10-30 01:00:00,250.80155354973795
2020-10-30 02:00:00,250.01034706795423
2020-10-30 03:00:00,249.303889696734
2020-10-30 04:00:00,248.6728506020283
2020-10-30 05:00:00,248.10897775305745
2020-10-30 06:00:00,247.6049627279432
2020-10-30 07:00:00,247.1543245665486
2020-10-30 08:00:00,246.75130957420134
2020-10-30 09:00:00,248.7260728801241
2020-10-30 10:00:00,252.48691835408465
2020-10-30 11:00:00,257.3460170869468
2020-10-30 12:00:00,262.5794106323364
2020-10-30 13:00:00,267.4751103433649
2020-10-30 14:00:00,271.38326456910727
2020-10-30 15:00:00,273.76212032776823
2020-10-30 16:00:00,274.21392423070455
2020-10-30 17:00:00,272.50675426123235
2020-10-30 18:00:00,269.26645715737993
2020-10-30 19:00:00,266.40775679744206
2020-10-30 20:00:00,263.8808736794383
2020-10-30 21:00:00,261.64359501414276
2020-10-30 22:00:00,259.65988813317523
2020-10-30 23:00:00,257.8988192180496
2020-10-31 00:00:00,256.33369897917026
2020-10-31 01:00:00,254.74812608774116
2020-10-31 02:00:00,253.3248848360994
2020-10-31 03:00:00,252.04629210480323
2020-10-31 04:00:00,250.89679844027714
2020-10-31 05:00:00,249.8626902532274
2020-10-31 06:00:00,248.93184130136308
2020-10-31 07:00:00,248.09350385396462
2020-10-31 08:00:00,247.3381320798726
2020-10-31 09:00:00,248.92545694747875
2020-10-31 10:00:00,252.34819840493955
2020-10-31 11:00:00,256.9280283944456
2020-10-31 12:00:00,261.945201789262
2020-10-31 13:00:00,266.6862410793891
2020-10-31 14:00:00,270.4942401966046
2020-10-31 15:00:00,272.8155748923583
2020-10-31 16:00:00,273.2370979932222
2020-10-31 17:00:00,271.5095995364716
2020-10-31 18:00:00,268.3040813880049
2020-10-31 19:00:00,265.45107412466143
2020-10-31 20:00:00,262.9070479934301
2020-10-31 21:00:00,260.63483638899305
2020-10-31 22:00:00,258.6025019148946
2020-10-31 23:00:00,256.78244604807793
2020-11-01 00:00:00,255.15070145739242
2020-11-01 01:00:00,253.40137614204727
2020-11-01 02:00:00,251.81214650548145
2020-11-01 03:00:00,250.36705700446063
2020-11-01 04:00:00,249.05197038711597
2020-11-01 05:00:00,247.8543206597713
2020-11-01 06:00:00,246.76290646585005
2020-11-01 07:00:00,245.7677170917947
2020-11-01 08:00:00,244.85978502540772
2020-11-01 09:00:00,246.23307455084918
2020-11-01 10:00:00,249.4757271656455
2020-11-01 11:00:00,253.92875848220913
2020-11-01 12:00:00,258.88272032173603
2020-11-01 13:00:00,263.6251213774923
2020-11-01 14:00:00,267.4911596681819
2020-11-01 15:00:00,269.91171344879615
2020-11-01 16:00:00,270.45260464818375
2020-11-01 17:00:00,268.84060624814185
2020-11-01 18:00:00,265.7840996278924
2020-11-01 19:00:00,263.0280612879912
2020-11-01 20:00:00,260.5386215897184
2020-11-01 21:00:00,258.28653347990047
2020-11-01 22:00:00,256.24639254291156
2020-11-01 23:00:00,254.39601620197652
2020-11-02 00:00:00,252.71594428673626
2020-11-02 01:00:00,251.89990342017154
2020-11-02 02:00:00,251.1769120319321
2020-11-02 03:00:00,250.53608995210007
2020-11-02 04:00:00,249.96788751891918
2020-11-02 05:00:00,249.46391030227525
2020-11-02 06:00:00,249.01676960082347
2020-11-02 07:00:00,248.61995436388236
2020-11-02 08:00:00,248.26772103546193
2020-11-02 09:00:00,250.09166040404628
2020-11-02 10:00:00,253.69676285447997
2020-11-02 11:00:00,258.386414646064
2020-11-02 12:00:00,263.4341951855289
2020-11-02 13:00:00,268.1312372647798
2020-11-02 14:00:00,271.8352963483206
2020-11-02 15:00:00,274.0152716444463
2020-11-02 16:00:00,274.2854875195275
2020-11-02 17:00:00,272.42598190004935
2020-11-02 18:00:00,269.25863236627464
2020-11-02 19:00:00,266.48318975085294
2020-11-02 20:00:00,264.0465831765097
2020-11-02 21:00:00,261.9039934671988
2020-11-02 22:00:00,260.0173239236075
2020-11-02 23:00:00,258.35401033092563
2020-11-03 00:00:00,256.88608237954173
2020-11-03 01:00:00,255.37756349598266
2020-11-03 02:00:00,254.03166891618716
2020-11-03 03:00:00,252.82990824995719
2020-11-03 04:00:00,251.75608989219523
2020-11-03 05:00:00,250.7959950807139
2020-11-03 06:00:00,249.93710624159402
2020-11-03 07:00:00,249.16837899728984
2020-11-03 08:00:00,248.48004960053004
2020-11-03 09:00:00,249.935665503211
2020-11-03 10:00:00,253.2227461218386
2020-11-03 11:00:00,257.65553853629876
2020-11-03 12:00:00,262.512191686561
2020-11-03 13:00:00,267.0818500229323
2020-11-03 14:00:00,270.7140573580397
2020-11-03 15:00:00,272.86426911307404
2020-11-03 16:00:00,273.1296864673217
2020-11-03 17:00:00,271.27140718241725
2020-11-03 18:00:00,268.15242092375865
2020-11-03 19:00:00,265.39208383355
2020-11-03 20:00:00,262.94468714617005
2020-11-03 21:00:00,260.77131595678156
2020-11-03 22:00:00,258.83863070495096
2020-11-03 23:00:00,257.11791147380035
2020-11-04 00:00:00,255.5842989851917
2020-11-04 01:00:00,254.01016201437952
2020-11-04 02:00:00,252.59284504950952
2020-11-04 03:00:00,251.31567834298818
2020-11-04 04:00:00,250.1639630202142
2020-11-04 05:00:00,249.12470036102073
2020-11-04 06:00:00,248.18636529495282
2020-11-04 07:00:00,247.33871560394053
2020-11-04 08:00:00,246.57263020068535
2020-11-04 09:00:00,247.88860806820938
2020-11-04 10:00:00,251.05880740643562
2020-11-04 11:00:00,255.41187268241848
2020-11-04 12:00:00,260.233492359416
2020-11-04 13:00:00,264.81342663265934
2020-11-04 14:00:00,268.49534011911555
2020-11-04 15:00:00,270.72334532481284
2020-11-04 16:00:00,271.0794096869884
2020-11-04 17:00:00,269.30738665398707
2020-11-04 18:00:00,266.31197482543763
2020-11-04 19:00:00,263.63534332477997
2020-11-04 20:00:00,261.23944439236294
2020-11-04 21:00:00,259.09160042695805
2020-11-04 22:00:00,257.1635800833241
2020-11-04 23:00:00,255.43086615618122
2020-11-05 00:00:00,253.87206882575003
2020-11-05 01:00:00,252.16764028844312
2020-11-05 02:00:00,250.61391567975568
2020-11-05 03:00:00,249.1963380203985
2020-11-05 04:00:00,247.90196491788555
2020-11-05 05:00:00,246.7192542733597
2020-11-05 06:00:00,245.63788429612964
2020-11-05 07:00:00,244.64860135643875
2020-11-05 08:00:00,243.74309059830009
2020-11-05 09:00:00,244.85988078757666
2020-11-05 10:00:00,247.86010934991978
2020-11-05 11:00:00,252.09285786393974
2020-11-05 12:00:00,256.85511216000924
2020-11-05 13:00:00,261.43850660269953
2020-11-05 14:00:00,265.1795415140197
2020-11-05 15:00:00,267.50735379481154
2020-11-05 16:00:00,267.9831486532534
2020-11-05 17:00:00,266.3267631277017
2020-11-05 18:00:00,263.4763818621435
2020-11-05 19:00:00,260.8954101600235
2020-11-05 20:00:00,258.55465904763156
2020-11-05 21:00:00,256.4287687423433
2020-11-05 22:00:00,254.49558723147848
2020-11-05 23:00:00,252.73567094456212
2020-11-06 00:00:00,251.13187957601363
2020-11-06 01:00:00,250.02567958464766
2020-11-06 02:00:00,249.02835801700854
2020-11-06 03:00:00,248.12869662633048
2020-11-06 04:00:00,247.31672731724984
2020-11-06 05:00:00,246.58357514121434
2020-11-06 06:00:00,245.92132427986385
2020-11-06 07:00:00,245.3229030615321
2020-11-06 08:00:00,244.78198484096484
2020-11-06 09:00:00,246.1772578224564
2020-11-06 10:00:00,249.41317935334442
2020-11-06 11:00:00,253.8209291229124
2020-11-06 12:00:00,258.688823261724
2020-11-06 13:00:00,263.30927241948035
2020-11-06 14:00:00,267.0284655775055
2020-11-06 15:00:00,269.2927491427402
2020-11-06 16:00:00,269.68591038953423
2020-11-06 17:00:00,267.95315935385986
2020-11-06 18:00:00,265.11547519314536
2020-11-06 19:00:00,262.5802597294899
2020-11-06 20:00:00,260.3116076052046
2020-11-06 21:00:00,258.27861479710526
2020-11-06 22:00:00,256.4545336094959
2020-11-06 23:00:00,254.81609982136848
2020-11-07 00:00:00,253.3429910279995
2020-11-07 01:00:00,252.3341717142584
2020-11-07 02:00:00,251.4365269340037
2020-11-07 03:00:00,250.63738801299309
2020-11-07 04:00:00,249.92561709104
2020-11-07 05:00:00,249.29140393951351
2020-11-07 06:00:00,248.72609350160576
2020-11-07 07:00:00,248.22203875601477
2020-11-07 08:00:00,247.77247460046377
2020-11-07 09:00:00,249.19509170177272
2020-11-07 10:00:00,252.43559677463193
2020-11-07 11:00:00,256.80600138242517
2020-11-07 12:00:00,261.5857906995948
2020-11-07 13:00:00,266.0684878608106
2020-11-07 14:00:00,269.61027550395676
2020-11-07 15:00:00,271.6745437996164
2020-11-07 16:00:00,271.8667201636299
2020-11-07 17:00:00,269.9555414411415
2020-11-07 18:00:00,267.0411032540418
2020-11-07 19:00:00,264.4715802041072
2020-11-07 20:00:00,262.2023053245915
2020-11-07 21:00:00,260.195254421202
2020-11-07 22:00:00,258.41786770565125
2020-11-07 23:00:00,256.8421219547621
2020-11-08 00:00:00,255.44379094980786
2020-11-08 01:00:00,253.8740802462464
2020-11-08 02:00:00,252.46009273467178
2020-11-08 03:00:00,251.1853392852617
2020-11-08 04:00:00,250.0352736750334
2020-11-08 05:00:00,248.99702648055393
2020-11-08 06:00:00,248.05918232017217
2020-11-08 07:00:00,247.21159212625267
2020-11-08 08:00:00,246.44521395688082
2020-11-08 09:00:00,247.51599793791937
2020-11-08 10:00:00,250.4532600503543
2020-11-08 11:00:00,254.5888386277531
2020-11-08 12:00:00,259.21201751977344
2020-11-08 13:00:00,263.615896443882
2020-11-08 14:00:00,267.14661352608624
2020-11-08 15:00:00,269.2494130394285
2020-11-08 16:00:00,269.5058035107691
2020-11-08 17:00:00,267.65761597051295
2020-11-08 18:00:00,264.8330293101969
2020-11-08 19:00:00,262.3056460450684
2020-11-08 20:00:00,260.0405625210461
2020-11-08 21:00:00,258.0076973898922
2020-11-08 22:00:00,256.18098197589916
2020-11-08 23:00:00,254.53771464577204
2020-11-09 00:00:00,253.05804038863317
2020-11-09 01:00:00,251.4446995337571
2020-11-09 02:00:00,249.9744234678496
2020-11-09 03:00:00,248.633428826987
2020-11-09 04:00:00,247.40944644004924
2020-11-09 05:00:00,246.29152342260318
2020-11-09 06:00:00,245.26985640866596
2020-11-09 07:00:00,244.3356501450524
2020-11-09 08:00:00,243.48099689633509
2020-11-09 09:00:00,244.4041682075446
2020-11-09 10:00:00,247.21490698435696
2020-11-09 11:00:00,251.26440868472233
2020-11-09 12:00:00,255.8528747338579
2020-11-09 13:00:00,260.2756845171722
2020-11-09 14:00:00,263.872996842074
2020-11-09 15:00:00,266.0769392101643
2020-11-09 16:00:00,266.45059683511835
2020-11-09 17:00:00,264.7143576058336
2020-11-09 18:00:00,262.02847508063604
2020-11-09 19:00:00,259.59595852630486
2020-11-09 20:00:00,257.38963507773184
2020-11-09 21:00:00,255.38583166618528
2020-11-09 22:00:00,253.5638197142806
2020-11-09 23:00:00,251.90536652310303
2020-11-10 00:00:00,250.39436943304554
2020-11-10 01:00:00,249.18496003188346
2020-11-10 02:00:00,248.08760735611327
2020-11-10 03:00:00,247.0913274501417
2020-11-10 04:00:00,246.18631968005204
2020-11-10 05:00:00,245.36382036786623
2020-11-10 06:00:00,244.61597782164063
2020-11-10 07:00:00,243.93574507246794
2020-11-10 08:00:00,243.3167873613458
2020-11-10 09:00:00,244.4012321350449
2020-11-10 10:00:00,247.35109771028607
2020-11-10 11:00:00,251.51029196904975
2020-11-10 12:00:00,256.17569794112086
2020-11-10 13:00:00,260.6434629363645
2020-11-10 14:00:00,264.2583746159964
2020-11-10 15:00:00,266.46044863883
2020-11-10 16:00:00,266.8229912793898
2020-11-10 17:00:00,265.07783331725886
2020-11-10 18:00:00,262.4499342268642
2020-11-10 19:00:00,260.08405226137364
2020-11-10 20:00:00,257.9509475998757
2020-11-10 21:00:00,256.02523268210183
2020-11-10 22:00:00,254.28475362504125
2020-11-10 23:00:00,252.71009168014254
2020-11-11 00:00:00,251.28415750431978
2020-11-11 01:00:00,250.5917723641042
2020-11-11 02:00:00,249.97701737741227
2020-11-11 03:00:00,249.43099558801418
2020-11-11 04:00:00,248.94587068979496
2020-11-11 05:00:00,248.51473188148483
2020-11-11 06:00:00,248.13147777066425
2020-11-11 07:00:00,247.7907162658819
2020-11-11 08:00:00,247.48767796228225
2020-11-11 09:00:00,248.80949067015976
2020-11-11 10:00:00,251.9448587786093
2020-11-11 11:00:00,256.2045715233198
2020-11-11 12:00:00,260.86971596654365
2020-11-11 13:00:00,265.2376444392556
2020-11-11 14:00:00,268.6698449390965
2020-11-11 15:00:00,270.63565190162836
2020-11-11 16:00:00,270.74627331259967
2020-11-11 17:00:00,268.775422501456
2020-11-11 18:00:00,266.0416099879543
2020-11-11 19:00:00,263.6374629548983
2020-11-11 20:00:00,261.5198804116322
2020-11-11 21:00:00,259.65215734282606
2020-11-11 22:00:00,258.00286348304985
2020-11-11 23:00:00,256.5449568237827
2020-11-12 00:00:00,255.25507435311923
2020-11-12 01:00:00,254.72847475076
2020-11-12 02:00:00,254.2736450819149
2020-11-12 03:00:00,253.8806930479094
2020-11-12 04:00:00,253.5411180532792
2020-11-12 05:00:00,253.24760823283552
2020-11-12 06:00:00,252.99386889932978
2020-11-12 07:00:00,252.7744770939922
2020-11-12 08:00:00,252.5847579323253
2020-11-12 09:00:00,253.95665677271904
2020-11-12 10:00:00,257.09986638334544
2020-11-12 11:00:00,261.2867176241911
2020-11-12 12:00:00,265.78229073651437
2020-11-12 13:00:00,269.88849791530856
2020-11-12 14:00:00,272.98886191672744
2020-11-12 15:00:00,274.5878247276792
2020-11-12 16:00:00,274.33946012259986
2020-11-12 17:00:00,272.0626469473831
2020-11-12 18:00:00,269.1696001087688
2020-11-12 19:00:00,266.69474064720487
2020-11-12 20:00:00,264.57393412919123
2020-11-12 21:00:00,262.75387558278203
2020-11-12 22:00:00,261.18999436040923
2020-11-12 23:00:00,259.84483437529695
2020-11-13 00:00:00,258.68678395697356
2020-11-13 01:00:00,257.2864615459564
2020-11-13 02:00:00,256.0559112595543
2020-11-13 03:00:00,254.97373013113545
2020-11-13 04:00:00,254.02140112334462
2020-11-13 05:00:00,253.1828611259237
2020-11-13 06:00:00,252.44414327147197
2020-11-13 07:00:00,251.79307867191508
2020-11-13 08:00:00,251.2190461149908
2020-11-13 09:00:00,252.1944978854955
2020-11-13 10:00:00,255.00899417932425
2020-11-13 11:00:00,258.9591649346177
2020-11-13 12:00:00,263.3193812286291
2020-11-13 13:00:00,267.386620812657
2020-11-13 14:00:00,270.5270414659666
2020-11-13 15:00:00,272.21814396789523
2020-11-13 16:00:00,272.08111574763666
2020-11-13 17:00:00,269.8998667754791
2020-11-13 18:00:00,267.10296270807083
2020-11-13 19:00:00,264.66074602238564
2020-11-13 20:00:00,262.5247421847286
2020-11-13 21:00:00,260.6539349300614
2020-11-13 22:00:00,259.013421068204
2020-11-13 23:00:00,257.57335386488705
2020-11-14 00:00:00,256.30810260338217
2020-11-14 01:00:00,254.56056337519576
2020-11-14 02:00:00,252.98106882504834
2020-11-14 03:00:00,251.55215642126288
2020-11-14 04:00:00,250.25841747645615
2020-11-14 05:00:00,249.08621179160565
2020-11-14 06:00:00,248.02342983709428
2020-11-14 07:00:00,247.05929314485417
2020-11-14 08:00:00,246.1841856746109
2020-11-14 09:00:00,246.81816183335343
2020-11-14 10:00:00,249.34533529236657
2020-11-14 11:00:00,253.10709584524204
2020-11-14 12:00:00,257.4005597330554
2020-11-14 13:00:00,261.52392977315554
2020-11-14 14:00:00,264.8249579836241
2020-11-14 15:00:00,266.7466525515107
2020-11-14 16:00:00,266.8645817332995
2020-11-14 17:00:00,264.9115806963248
2020-11-14 18:00:00,262.3139424474156
2020-11-14 19:00:00,259.97704474950245
2020-11-14 20:00:00,257.8716781764136
2020-11-14 21:00:00,255.97248393700932
2020-11-14 22:00:00,254.25733648961088
2020-11-14 23:00:00,252.7068457321847
2020-11-15 00:00:00,251.30395168818902
2020-11-15 01:00:00,249.9110718639599
2020-11-15 02:00:00,248.64345496407535
2020-11-15 03:00:00,247.48902997633013
2020-11-15 04:00:00,246.43702796257466
2020-11-15 05:00:00,245.47781773253172
2020-11-15 06:00:00,244.60276629751309
2020-11-15 07:00:00,243.804119693306
2020-11-15 08:00:00,243.07490066154074
2020-11-15 09:00:00,243.7855633994906
2020-11-15 10:00:00,246.38332775380928
2020-11-15 11:00:00,250.22069867252364
2020-11-15 12:00:00,254.60157570020468
2020-11-15 13:00:00,258.8266855222626
2020-11-15 14:00:00,262.24230980092625
2020-11-15 15:00:00,264.2865623150524
2020-11-15 16:00:00,264.52757467601094
2020-11-15 17:00:00,262.6892893440419
2020-11-15 18:00:00,260.23642688405295
2020-11-15 19:00:00,258.0175103562288
2020-11-15 20:00:00,256.0075396015941
2020-11-15 21:00:00,254.1846732784349
2020-11-15 22:00:00,252.52974165353035
2020-11-15 23:00:00,251.02585031570268
2020-11-16 00:00:00,249.65805496046474
2020-11-16 01:00:00,248.2136774285025
2020-11-16 02:00:00,246.8894029834056
2020-11-16 03:00:00,245.6743804068944
2020-11-16 04:00:00,244.5588768656058
2020-11-16 05:00:00,243.5341406499828
2020-11-16 06:00:00,242.59228421757243
2020-11-16 07:00:00,241.72618399537242
2020-11-16 08:00:00,240.92939410379861
2020-11-16 09:00:00,241.52210612031726
2020-11-16 10:00:00,244.0134969822079
2020-11-16 11:00:00,247.76923068495688
2020-11-16 12:00:00,252.10115936626198
2020-11-16 13:00:00,256.31250816196905
2020-11-16 14:00:00,259.7467020758512
2020-11-16 15:00:00,261.8342131429952
2020-11-16 16:00:00,262.1317960111383
2020-11-16 17:00:00,260.3496790421882
2020-11-16 18:00:00,257.98456066532145
2020-11-16 19:00:00,255.82805877229507
2020-11-16 20:00:00,253.8592883036357
2020-11-16 21:00:00,252.05987217578294
2020-11-16 22:00:00,250.41357015888033
2020-11-16 23:00:00,248.90597436381407
2020-11-17 00:00:00,247.52425735973713
2020-11-17 01:00:00,247.29958827482048
2020-11-17 02:00:00,247.10004248550499
2020-11-17 03:00:00,246.92279081062352
2020-11-17 04:00:00,246.7653268552268
2020-11-17 05:00:00,246.62542929831335
2020-11-17 06:00:00,246.50112877309445
2020-11-17 07:00:00,246.39067874161086
2020-11-17 08:00:00,246.292529851385
2020-11-17 09:00:00,247.48185471293658
2020-11-17 10:00:00,250.4816103938985
2020-11-17 11:00:00,254.6060470801047
2020-11-17 12:00:00,259.1410491490949
2020-11-17 13:00:00,263.38940522736294
2020-11-17 14:00:00,266.717918870101
2020-11-17 15:00:00,268.6004165411198
2020-11-17 16:00:00,268.6512587394246
2020-11-17 17:00:00,266.6457296977571
2020-11-17 18:00:00,264.19163145774115
2020-11-17 19:00:00,262.0341995480715
2020-11-17 20:00:00,260.1349127388515
2020-11-17 21:00:00,258.4608578964422
2020-11-17 22:00:00,256.9837758858354
2020-11-17 23:00:00,255.67930044798294
2020-11-18 00:00:00,254.5263443228855
2020-11-18 01:00:00,254.13212932422886
2020-11-18 02:00:00,253.79197035541057
2020-11-18 03:00:00,253.49839335625344
2020-11-18 04:00:00,253.24497346284502
2020-11-18 05:00:00,253.02618368207285
2020-11-18 06:00:00,252.8372664216967
2020-11-18 07:00:00,252.67412416438063
2020-11-18 08:00:00,252.53322624077472
2020-11-18 09:00:00,253.63983261367727
2020-11-18 10:00:00,256.53581926081097
2020-11-18 11:00:00,260.4939286847215
2020-11-18 12:00:00,264.781629789909
2020-11-18 13:00:00,268.7041909989007
2020-11-18 14:00:00,271.6485217466137
2020-11-18 15:00:00,273.1217024072019
2020-11-18 16:00:00,272.7791761424897
2020-11-18 17:00:00,270.4397124846986
2020-11-18 18:00:00,267.79643900081044
2020-11-18 19:00:00,265.53611443832284
2020-11-18 20:00:00,263.6002148164387
2020-11-18 21:00:00,261.9399824572003
2020-11-18 22:00:00,260.5145749558494
2020-11-18 23:00:00,259.2896233603705
2020-11-19 00:00:00,258.23609413837505
2020-11-19 01:00:00,257.7563386293128
2020-11-19 02:00:00,257.3515234984903
2020-11-19 03:00:00,257.00985163254563
2020-11-19 04:00:00,256.7214092850131
2020-11-19 05:00:00,256.47785782667034
2020-11-19 06:00:00,256.2721781245995
2020-11-19 07:00:00,256.0984579450648
2020-11-19 08:00:00,255.95171470062357
2020-11-19 09:00:00,257.00907094347275
2020-11-19 10:00:00,259.83987300457585
2020-11-19 11:00:00,263.6861998325588
2020-11-19 12:00:00,267.8036982533693
2020-11-19 13:00:00,271.50196894014937
2020-11-19 14:00:00,274.1850934213483
2020-11-19 15:00:00,275.38619045924906
2020-11-19 16:00:00,274.7913189535046
2020-11-19 17:00:00,272.25039035365626
2020-11-19 18:00:00,269.5278756309775
2020-11-19 19:00:00,267.249418868294
2020-11-19 20:00:00,265.3394216656688
2020-11-19 21:00:00,263.7361110339418
2020-11-19 22:00:00,262.3887243261912
2020-11-19 23:00:00,261.2553518669712
2020-11-20 00:00:00,260.3012594811795
2020-11-20 01:00:00,258.54112624662076
2020-11-20 02:00:00,256.98305484952203
2020-11-20 03:00:00,255.60252609817795
2020-11-20 04:00:00,254.378283624603
2020-11-20 05:00:00,253.29183735378916
2020-11-20 06:00:00,252.32705581737648
2020-11-20 07:00:00,251.46982865494894
2020-11-20 08:00:00,250.70778513466897
2020-11-20 09:00:00,251.1656862759766
2020-11-20 10:00:00,253.508157659009
2020-11-20 11:00:00,257.0464054312229
2020-11-20 12:00:00,261.064194234765
2020-11-20 13:00:00,264.861868411939
2020-11-20 14:00:00,267.80261268019126
2020-11-20 15:00:00,269.3549808547808
2020-11-20 16:00:00,269.1263009491354
2020-11-20 17:00:00,266.883307207637
2020-11-20 18:00:00,264.353151484189
2020-11-20 19:00:00,262.12172449495966
2020-11-20 20:00:00,260.15091360439607
2020-11-20 21:00:00,258.4081023764869
2020-11-20 22:00:00,256.865237344963
2020-11-20 23:00:00,255.49808386183423
2020-11-21 00:00:00,254.2856261478964
2020-11-21 01:00:00,253.6647567803738
2020-11-21 02:00:00,253.12329973008397
2020-11-21 03:00:00,252.65094281869222
2020-11-21 04:00:00,252.23875017153236
2020-11-21 05:00:00,251.8789696017368
2020-11-21 06:00:00,251.56486907981892
2020-11-21 07:00:00,251.29059739833826
2020-11-21 08:00:00,251.05106507649563
2020-11-21 09:00:00,251.93308047301363
2020-11-21 10:00:00,254.6360052180147
2020-11-21 11:00:00,258.44858852344214
2020-11-21 12:00:00,262.6457840933371
2020-11-21 13:00:00,266.53221794623073
2020-11-21 14:00:00,269.4869412603966
2020-11-21 15:00:00,271.00345716378877
2020-11-21 16:00:00,270.71987306709286
2020-11-21 17:00:00,268.43600616134404
2020-11-21 18:00:00,265.95167162584323
2020-11-21 19:00:00,263.8021626675288
2020-11-21 20:00:00,261.93965597637134
2020-11-21 21:00:00,260.32384033356635
2020-11-21 22:00:00,258.9205651623073
2020-11-21 23:00:00,257.70077451255963
2020-11-22 00:00:00,256.63965603466295
2020-11-22 01:00:00,255.7067564617005
2020-11-22 02:00:00,254.89387470553712
2020-11-22 03:00:00,254.1852153723778
2020-11-22 04:00:00,253.5671476818922
2020-11-22 05:00:00,253.02788811140167
2020-11-22 06:00:00,252.55723452092062
2020-11-22 07:00:00,252.14634225100454
2020-11-22 08:00:00,251.78753470213675
2020-11-22 09:00:00,252.52231485382086
2020-11-22 10:00:00,255.0941839072332
2020-11-22 11:00:00,258.7907880954071
2020-11-22 12:00:00,262.886399932577
2020-11-22 13:00:00,266.6850807632493
2020-11-22 14:00:00,269.5652132128479
2020-11-22 15:00:00,271.0193871271093
2020-11-22 16:00:00,270.68449331226816
2020-11-22 17:00:00,268.3588487903316
2020-11-22 18:00:00,265.8798552924796
2020-11-22 19:00:00,263.7340017049055
2020-11-22 20:00:00,261.873832972809
2020-11-22 21:00:00,260.25933069285486
2020-11-22 22:00:00,258.8565779077552
2020-11-22 23:00:00,257.6367054161862
2020-11-23 00:00:00,256.57505023332044
2020-11-23 01:00:00,256.1320991896734
2020-11-23 02:00:00,255.75424728114442
2020-11-23 03:00:00,255.43184924547643
2020-11-23 04:00:00,255.15671012760032
2020-11-23 05:00:00,254.9218614110965
2020-11-23 06:00:00,254.72137328015268
2020-11-23 07:00:00,254.5501967576954
2020-11-23 08:00:00,254.4040306592307
2020-11-23 09:00:00,255.28565953970806
2020-11-23 10:00:00,257.9661050534818
2020-11-23 11:00:00,261.70299284898
2020-11-23 12:00:00,265.7589545718245
2020-11-23 13:00:00,269.44277965174456
2020-11-23 14:00:00,272.1511044343843
2020-11-23 15:00:00,273.4045821911302
2020-11-23 16:00:00,272.8737201355778
2020-11-23 17:00:00,270.39178146188317
2020-11-23 18:00:00,267.8668661074502
2020-11-23 19:00:00,265.7300725976213
2020-11-23 20:00:00,263.9190033146415
2020-11-23 21:00:00,262.3820732770889
2020-11-23 22:00:00,261.0764143788741
2020-11-23 23:00:00,259.9662478562469
2020-11-24 00:00:00,259.02160358139645
2020-11-24 01:00:00,264.1803731580582
2020-11-24 02:00:00,267.2841511780717
2020-11-24 03:00:00,269.14473038783035
2020-11-24 04:00:00,270.25754983607476
2020-11-24 05:00:00,270.92221614780004
2020-11-24 06:00:00,271.3188792177968
2020-11-24 07:00:00,271.55548377285965
2020-11-24 08:00:00,271.69657325134017
2020-11-24 09:00:00,272.74678166398394
2020-11-24 10:00:00,275.2979096281146
2020-11-24 11:00:00,278.2643752546034
2020-11-24 12:00:00,280.89802015138605
2020-11-24 13:00:00,282.6951798249584
2020-11-24 14:00:00,283.3441175484009
2020-11-24 15:00:00,282.691929107458
2020-11-24 16:00:00,280.7203329654366
2020-11-24 17:00:00,277.52513545893333
2020-11-24 18:00:00,275.24573253235803
2020-11-24 19:00:00,273.89298007366375
2020-11-24 20:00:00,273.0887377652108
2020-11-24 21:00:00,272.6100988193203
2020-11-24 22:00:00,272.32506502647936
2020-11-24 23:00:00,272.1552629315774
2020-11-25 00:00:00,272.05408546066565
2020-11-25 01:00:00,269.23643665476243
2020-11-25 02:00:00,266.8452105755791
2020-11-25 03:00:00,264.81241490867313
2020-11-25 04:00:00,263.08187124628154
2020-11-25 05:00:00,261.60689000922207
2020-11-25 06:00:00,260.34847774431887
2020-11-25 07:00:00,259.27393498005006
2020-11-25 08:00:00,258.3557458198845
2020-11-25 09:00:00,258.4978000907877
2020-11-25 10:00:00,260.54231630284033
2020-11-25 11:00:00,263.73686581081535
2020-11-25 12:00:00,267.3354863940771
2020-11-25 13:00:00,270.6384644767952
2020-11-25 14:00:00,273.0332901219685
2020-11-25 15:00:00,274.03058698064206
2020-11-25 16:00:00,273.29009935895965
2020-11-25 17:00:00,270.6340152451694
2020-11-25 18:00:00,268.0318358341945
2020-11-25 19:00:00,265.821565019003
2020-11-25 20:00:00,263.94125223898067
2020-11-25 21:00:00,262.3395592519577
2020-11-25 22:00:00,260.97371360196365
2020-11-25 23:00:00,259.8079193365296
2020-11-26 00:00:00,258.8121061936117
2020-11-26 01:00:00,257.33302071147006
2020-11-26 02:00:00,256.02943695933345
2020-11-26 03:00:00,254.87961137296313
2020-11-26 04:00:00,253.86470045910443
2020-11-26 05:00:00,252.96832784901326
2020-11-26 06:00:00,252.17622615604782
2020-11-26 07:00:00,251.47593853308697
2020-11-26 08:00:00,250.85656833260308
2020-11-26 09:00:00,251.19809754797865
2020-11-26 10:00:00,253.4210780593573
2020-11-26 11:00:00,256.8321986644624
2020-11-26 12:00:00,260.71538878448143
2020-11-26 13:00:00,264.3750032816486
2020-11-26 14:00:00,267.18104336686997
2020-11-26 15:00:00,268.6104950705894
2020-11-26 16:00:00,268.27953262782387
2020-11-26 17:00:00,265.96310697551775
2020-11-26 18:00:00,263.61946948697556
2020-11-26 19:00:00,261.56215309752605
2020-11-26 20:00:00,259.7537693429769
2020-11-26 21:00:00,258.16236699458983
2020-11-26 22:00:00,256.76051400559203
2020-11-26 23:00:00,255.52456313178442
2020-11-27 00:00:00,254.43405816569876
2020-11-27 01:00:00,254.07044949136747
2020-11-27 02:00:00,253.75691457520867
2020-11-27 03:00:00,253.48650516107452
2020-11-27 04:00:00,253.25325060493384
2020-11-27 05:00:00,253.05201686655496
2020-11-27 06:00:00,252.8783867252179
2020-11-27 07:00:00,252.72855780062463
2020-11-27 08:00:00,252.5992555664884
2020-11-27 09:00:00,253.341022313231
2020-11-27 10:00:00,255.89970922915484
2020-11-27 11:00:00,259.5494486507284
2020-11-27 12:00:00,263.5609806812991
2020-11-27 13:00:00,267.2434668433045
2020-11-27 14:00:00,269.98722470206053
2020-11-27 15:00:00,271.301402169453
2020-11-27 16:00:00,270.84166920041304
2020-11-27 17:00:00,268.42507551971624
2020-11-27 18:00:00,266.08318223213314
2020-11-27 19:00:00,264.07964340673186
2020-11-27 20:00:00,262.3632139433862
2020-11-27 21:00:00,260.8910461478647
2020-11-27 22:00:00,259.6271428136569
2020-11-27 23:00:00,258.5411403387723
2020-11-28 00:00:00,257.60733992681736
2020-11-28 01:00:00,256.2576710321304
2020-11-28 02:00:00,255.0666432906103
2020-11-28 03:00:00,254.01484943116776
2020-11-28 04:00:00,253.08542539094123
2020-11-28 05:00:00,252.26367953881652
2020-11-28 06:00:00,251.53678415526383
2020-11-28 07:00:00,250.89351697138105
2020-11-28 08:00:00,250.32404332139052
2020-11-28 09:00:00,250.63835985409946
2020-11-28 10:00:00,252.83322595870985
2020-11-28 11:00:00,256.2180505554825
2020-11-28 12:00:00,260.0789065290519
2020-11-28 13:00:00,263.721617368378
2020-11-28 14:00:00,266.51690546929484
2020-11-28 15:00:00,267.9417203312931
2020-11-28 16:00:00,267.61151339608386
2020-11-28 17:00:00,265.2999737881997
2020-11-28 18:00:00,263.02815657192446
2020-11-28 19:00:00,261.0319049921028
2020-11-28 20:00:00,259.2755371753803
2020-11-28 21:00:00,257.7285079844044
2020-11-28 22:00:00,256.3645518020536
2020-11-28 23:00:00,255.16099470379785
2020-11-29 00:00:00,254.09819678533736
2020-11-29 01:00:00,253.25794640690248
2020-11-29 02:00:00,252.5179697457113
2020-11-29 03:00:00,251.86601336897172
2020-11-29 04:00:00,251.29138584922575
2020-11-29 05:00:00,250.78474410088063
2020-11-29 06:00:00,250.33791218499624
2020-11-29 07:00:00,249.94372694299693
2020-11-29 08:00:00,249.5959059476391
2020-11-29 09:00:00,250.0742748262096
2020-11-29 10:00:00,252.41091047644258
2020-11-29 11:00:00,255.91224102342315
2020-11-29 12:00:00,259.8637812513467
2020-11-29 13:00:00,263.57321718704407
2020-11-29 14:00:00,266.41531770582156
2020-11-29 15:00:00,267.87280560162634
2020-11-29 16:00:00,267.5680132993093
2020-11-29 17:00:00,265.28193399946264
2020-11-29 18:00:00,263.07291559970463
2020-11-29 19:00:00,261.13941648950066
2020-11-29 20:00:00,259.4449506300841
2020-11-29 21:00:00,257.95836234580025
2020-11-29 22:00:00,256.65293084869603
2020-11-29 23:00:00,255.50565202343725
2020-11-30 00:00:00,254.49665637259687
2020-11-30 01:00:00,253.0110387931108
2020-11-30 02:00:00,251.67161519520653
2020-11-30 03:00:00,250.46307222578756
2020-11-30 04:00:00,249.371874640607
2020-11-30 05:00:00,248.38602621701875
2020-11-30 06:00:00,247.4948688281894
2020-11-30 07:00:00,246.6889125012532
2020-11-30 08:00:00,245.95969083004934
2020-11-30 09:00:00,246.05315289924658
2020-11-30 10:00:00,248.05027055764035
2020-11-30 11:00:00,251.29657904733628
2020-11-30 12:00:00,255.0978526148207
2020-11-30 13:00:00,258.7636479554494
2020-11-30 14:00:00,261.65381221094316
2020-11-30 15:00:00,263.22230102982843
2020-11-30 16:00:00,263.05294926112714
2020-11-30 17:00:00,260.883252278553
2020-11-30 18:00:00,258.75653645949296
2020-11-30 19:00:00,256.8456119884813
2020-11-30 20:00:00,255.12660589441828
2020-11-30 21:00:00,253.57866792305106
2020-11-30 22:00:00,252.18351439038162
2020-11-30 23:00:00,250.92505477083932
2020-12-01 00:00:00,249.78908339597018
2020-12-01 01:00:00,249.50180991468886
2020-12-01 02:00:00,249.24862425183005
2020-12-01 03:00:00,249.0254489650918
2020-12-01 04:00:00,248.82870162456337
2020-12-01 05:00:00,248.6552330882274
2020-12-01 06:00:00,248.50227383679908
2020-12-01 07:00:00,248.36738723568158
2020-12-01 08:00:00,248.24842876808722
2020-12-01 09:00:00,248.86667814928526
2020-12-01 10:00:00,251.32251604650025
2020-12-01 11:00:00,254.92430229628877
2020-12-01 12:00:00,258.9597906786357
2020-12-01 13:00:00,262.73928884430893
2020-12-01 14:00:00,265.64051609406994
2020-12-01 15:00:00,267.1493374882778
2020-12-01 16:00:00,266.89124301375307
2020-12-01 17:00:00,264.650221428504
2020-12-01 18:00:00,262.5436746654987
2020-12-01 19:00:00,260.70190285986
2020-12-01 20:00:00,259.08970731703215
2020-12-01 21:00:00,257.6770228190576
2020-12-01 22:00:00,256.4380617823
2020-12-01 23:00:00,255.35062592198048
2020-12-02 00:00:00,254.39554703903215
2020-12-02 01:00:00,253.69327408720483
2020-12-02 02:00:00,253.07919649779996
2020-12-02 03:00:00,252.5420391446854
2020-12-02 04:00:00,252.07201534611707
2020-12-02 05:00:00,251.6606192810978
2020-12-02 06:00:00,251.30044995335942
2020-12-02 07:00:00,250.98506131241675
2020-12-02 08:00:00,250.70883419440554
2020-12-02 09:00:00,251.16117759603185
2020-12-02 10:00:00,253.46623569218835
2020-12-02 11:00:00,256.92030296664564
2020-12-02 12:00:00,260.8049536904871
2020-12-02 13:00:00,264.429422879177
2020-12-02 14:00:00,267.1745446883032
2020-12-02 15:00:00,268.53236622572985
2020-12-02 16:00:00,268.1363707478595
2020-12-02 17:00:00,265.77911069838933
2020-12-02 18:00:00,263.61220222139434
2020-12-02 19:00:00,261.72930843347
2020-12-02 20:00:00,260.09117528726034
2020-12-02 21:00:00,258.66447352143064
2020-12-02 22:00:00,257.4207818698462
2020-12-02 23:00:00,256.3357742891771
2020-12-03 00:00:00,255.38856335234897
2020-12-03 01:00:00,253.87667133433183
2020-12-03 02:00:00,252.51761160192117
2020-12-03 03:00:00,251.2949724319781
2020-12-03 04:00:00,250.19428989452877
2020-12-03 05:00:00,249.20278103185143
2020-12-03 06:00:00,248.30912032945588
2020-12-03 07:00:00,247.50325120720734
2020-12-03 08:00:00,246.7762260715811
2020-12-03 09:00:00,246.78702874590184
2020-12-03 10:00:00,248.7039070286883
2020-12-03 11:00:00,251.86863713424432
2020-12-03 12:00:00,255.58572166163475
2020-12-03 13:00:00,259.16560457400186
2020-12-03 14:00:00,261.9707514088318
2020-12-03 15:00:00,263.45893422200237
2020-12-03 16:00:00,263.2184095903065
2020-12-03 17:00:00,260.9911271029819
2020-12-03 18:00:00,258.90283825389093
2020-12-03 19:00:00,257.0312693678116
2020-12-03 20:00:00,255.35202811658021
2020-12-03 21:00:00,253.84384272210195
2020-12-03 22:00:00,252.48808897645011
2020-12-03 23:00:00,251.26840321272167
2020-12-04 00:00:00,250.1703628764015
2020-12-04 01:00:00,249.0427244089408
2020-12-04 02:00:00,248.02156169155893
2020-12-04 03:00:00,247.0963001395673
2020-12-04 04:00:00,246.25750942025283
2020-12-04 05:00:00,245.49676267804298
2020-12-04 06:00:00,244.80651609070884
2020-12-04 07:00:00,244.18000529831167
2020-12-04 08:00:00,243.6111559246745
2020-12-04 09:00:00,243.7356299942417
2020-12-04 10:00:00,245.75419845425955
2020-12-04 11:00:00,249.02078130793635
2020-12-04 12:00:00,252.84716789146105
2020-12-04 13:00:00,256.5464991030919
2020-12-04 14:00:00,259.47977813597635
2020-12-04 15:00:00,261.0998557712923
2020-12-04 16:00:00,260.9875750522092
2020-12-04 17:00:00,258.8761028244342
2020-12-04 18:00:00,256.90552390970356
2020-12-04 19:00:00,255.12905766973256
2020-12-04 20:00:00,253.52590150435927
2020-12-04 21:00:00,252.0777977884966
2020-12-04 22:00:00,250.7686634577965
2020-12-04 23:00:00,249.58428438711854
2020-12-05 00:00:00,248.51206123619144
2020-12-05 01:00:00,249.1381001366374
2020-12-05 02:00:00,249.67626381240024
2020-12-05 03:00:00,250.13873832096493
2020-12-05 04:00:00,250.53605851196994
2020-12-05 05:00:00,250.87732170303204
2020-12-05 06:00:00,251.17037633751144
2020-12-05 07:00:00,251.42198784893836
2020-12-05 08:00:00,251.63798396110127
2020-12-05 09:00:00,252.4402000975783
2020-12-05 10:00:00,255.03254429575895
2020-12-05 11:00:00,258.68772975969483
2020-12-05 12:00:00,262.6796044365353
2020-12-05 13:00:00,266.32413004939855
2020-12-05 14:00:00,269.02101992868967
2020-12-05 15:00:00,270.2901570800124
2020-12-05 16:00:00,269.7980369969473
2020-12-05 17:00:00,267.37155890088457
2020-12-05 18:00:00,265.26478003532014
2020-12-05 19:00:00,263.47243811177174
2020-12-05 20:00:00,261.94572076583023
2020-12-05 21:00:00,260.6439160034787
2020-12-05 22:00:00,259.53292315827406
2020-12-05 23:00:00,258.58407702690715
2020-12-06 00:00:00,257.77320888118095
2020-12-06 01:00:00,256.6997590781205
2020-12-06 02:00:00,255.76523428054492
2020-12-06 03:00:00,254.95118174592074
2020-12-06 04:00:00,254.2417147415042
2020-12-06 05:00:00,253.62312779127512
2020-12-06 06:00:00,253.08357632109062
2020-12-06 07:00:00,252.61280835230403
2020-12-06 08:00:00,252.20193861757608
2020-12-06 09:00:00,252.4373111653031
2020-12-06 10:00:00,254.54532368093322
2020-12-06 11:00:00,257.8162448899303
2020-12-06 12:00:00,261.52905754513444
2020-12-06 13:00:00,264.99304911946575
2020-12-06 14:00:00,267.5909697014732
2020-12-06 15:00:00,268.81786038036586
2020-12-06 16:00:00,268.3105387212036
2020-12-06 17:00:00,265.8646203922679
2020-12-06 18:00:00,263.7247925072506
2020-12-06 19:00:00,261.8703313153802
2020-12-06 20:00:00,260.26120823844354
2020-12-06 21:00:00,258.8635030273551
2020-12-06 22:00:00,257.6483485644953
2020-12-06 23:00:00,256.5910880950679
2020-12-07 00:00:00,255.67059494562466
2020-12-07 01:00:00,255.79030544736182
2020-12-07 02:00:00,255.89057706047748
2020-12-07 03:00:00,255.9745607994603
2020-12-07 04:00:00,256.04489855059154
2020-12-07 05:00:00,256.10380484375276
2020-12-07 06:00:00,256.15313563733736
2020-12-07 07:00:00,256.19444613495136
2020-12-07 08:00:00,256.2290393520254
2020-12-07 09:00:00,256.8308470155427
2020-12-07 10:00:00,259.2358668360982
2020-12-07 11:00:00,262.67832721312385
2020-12-07 12:00:00,266.4154606978202
2020-12-07 13:00:00,269.7648309602258
2020-12-07 14:00:00,272.1419313670627
2020-12-07 15:00:00,273.09207832469116
2020-12-07 16:00:00,272.31215922867773
2020-12-07 17:00:00,269.66008889274735
2020-12-07 18:00:00,267.45782326691034
2020-12-07 19:00:00,265.62802523616017
2020-12-07 20:00:00,264.1056788517026
2020-12-07 21:00:00,262.83774612841023
2020-12-07 22:00:00,261.78076499676234
2020-12-07 23:00:00,260.89898874529683
2020-12-08 00:00:00,260.1629271105529
2020-12-08 01:00:00,259.37082766678117
2020-12-08 02:00:00,258.70282467858493
2020-12-08 03:00:00,258.1392251505655
2020-12-08 04:00:00,257.66353390859814
2020-12-08 05:00:00,257.26191327654317
2020-12-08 06:00:00,256.9227401054378
2020-12-08 07:00:00,256.6362408998459
2020-12-08 08:00:00,256.39419006580175
2020-12-08 09:00:00,256.74284742234624
2020-12-08 10:00:00,258.9373712316853
2020-12-08 11:00:00,262.2200763559642
2020-12-08 12:00:00,265.84939460328377
2020-12-08 13:00:00,269.13797412014713
2020-12-08 14:00:00,271.4914351704283
2020-12-08 15:00:00,272.44176749192235
2020-12-08 16:00:00,271.6707682873576
2020-12-08 17:00:00,269.03809491737525
2020-12-08 18:00:00,266.8328639186159
2020-12-08 19:00:00,264.9827183467306
2020-12-08 20:00:00,263.42843710452075
2020-12-08 21:00:00,262.1212849770977
2020-12-08 22:00:00,261.0209751668059
2020-12-08 23:00:00,260.09408058099643
2020-12-09 00:00:00,259.3127800336006
2020-12-09 01:00:00,258.34627395518055
2020-12-09 02:00:00,257.5181719325071
2020-12-09 03:00:00,256.8082748873114
2020-12-09 04:00:00,256.199432941656
2020-12-09 05:00:00,255.67705811148866
2020-12-09 06:00:00,255.22872201869902
2020-12-09 07:00:00,254.84382194072077
2020-12-09 08:00:00,254.51330225142064
2020-12-09 09:00:00,254.76452736437787
2020-12-09 10:00:00,256.87906982990603
2020-12-09 11:00:00,260.12298458399636
2020-12-09 12:00:00,263.76467660947776
2020-12-09 13:00:00,267.1148370728895
2020-12-09 14:00:00,269.56746662488626
2020-12-09 15:00:00,270.6360256857469
2020-12-09 16:00:00,269.97990174267954
2020-12-09 17:00:00,267.4531340085031
2020-12-09 18:00:00,265.3015024476728
2020-12-09 19:00:00,263.4665554981931
2020-12-09 20:00:00,261.8997112572145
2020-12-09 21:00:00,260.5603811540466
2020-12-09 22:00:00,259.41450703722927
2020-12-09 23:00:00,258.4334057210049
2020-12-10 00:00:00,257.5928460104485
2020-12-10 01:00:00,256.6096763528111
2020-12-10 02:00:00,255.75626909941496
2020-12-10 03:00:00,255.01510278617255
2020-12-10 04:00:00,254.37111956910408
2020-12-10 05:00:00,253.81135465681982
2020-12-10 06:00:00,253.32462739967772
2020-12-10 07:00:00,252.9012823616556
2020-12-10 08:00:00,252.5329712378434
2020-12-10 09:00:00,252.73107212430313
2020-12-10 10:00:00,254.80116756952307
2020-12-10 11:00:00,258.0296454871897
2020-12-10 12:00:00,261.69441375739
2020-12-10 13:00:00,265.1060318355895
2020-12-10 14:00:00,267.6503185223002
2020-12-10 15:00:00,268.82654707538796
2020-12-10 16:00:00,268.2762728854242
2020-12-10 17:00:00,265.85062536035605
2020-12-10 18:00:00,263.75782607210226
2020-12-10 19:00:00,261.9496427075712
2020-12-10 20:00:00,260.3854896443658
2020-12-10 21:00:00,259.03104740000674
2020-12-10 22:00:00,257.8571735757175
2020-12-10 23:00:00,256.83903343538736
2020-12-11 00:00:00,255.95539846501688
2020-12-11 01:00:00,254.85718656738678
2020-12-11 02:00:00,253.88954911639638
2020-12-11 03:00:00,253.03646431251633
2020-12-11 04:00:00,252.28398785980366
2020-12-11 05:00:00,251.61995855061582
2020-12-11 06:00:00,251.0337511192583
2020-12-11 07:00:00,250.5160675792309
2020-12-11 08:00:00,250.05876014139508
2020-12-11 09:00:00,250.1583683419924
2020-12-11 10:00:00,252.14312994648245
2020-12-11 11:00:00,255.32348540564814
2020-12-11 12:00:00,258.9891870939828
2020-12-11 13:00:00,262.451415202185
2020-12-11 14:00:00,265.08690775481307
2020-12-11 15:00:00,266.378319121009
2020-12-11 16:00:00,265.94570630352604
2020-12-11 17:00:00,263.6312623109292
2020-12-11 18:00:00,261.6032412116166
2020-12-11 19:00:00,259.8238537769795
2020-12-11 20:00:00,258.2608429920653
2020-12-11 21:00:00,256.8865472060461
2020-12-11 22:00:00,255.67715086623448
2020-12-11 23:00:00,254.61207883379834
2020-12-12 00:00:00,253.6735020429245
2020-12-12 01:00:00,252.50994695891592
2020-12-12 02:00:00,251.47007310850117
2020-12-12 03:00:00,250.5401746251414
2020-12-12 04:00:00,249.70817747106017
2020-12-12 05:00:00,248.96342234514853
2020-12-12 06:00:00,248.2964810086494
2020-12-12 07:00:00,247.69900000609235
2020-12-12 08:00:00,247.16356701082637
2020-12-12 09:00:00,247.1739624414581
2020-12-12 10:00:00,249.0791595314893
2020-12-12 11:00:00,252.21317046468639
2020-12-12 12:00:00,255.87822180662695
2020-12-12 13:00:00,259.3874582842094
2020-12-12 14:00:00,262.1101990714186
2020-12-12 15:00:00,263.5140924778593
2020-12-12 16:00:00,263.19896915401506
2020-12-12 17:00:00,260.997275503096
2020-12-12 18:00:00,259.03968195269846
2020-12-12 19:00:00,257.2970022714016
2020-12-12 20:00:00,255.74398605917588
2020-12-12 21:00:00,254.3586945938095
2020-12-12 22:00:00,253.1219948598483
2020-12-12 23:00:00,252.01714549239296
2020-12-13 00:00:00,251.02945501491283
2020-12-13 01:00:00,249.8833512921939
2020-12-13 02:00:00,248.84819343228077
2020-12-13 03:00:00,247.91270208719453
2020-12-13 04:00:00,247.06684439701837
2020-12-13 05:00:00,246.30167781724936
2020-12-13 06:00:00,245.6092168636138
2020-12-13 07:00:00,244.98231881701807
2020-12-13 08:00:00,244.41458521902197
2020-12-13 09:00:00,244.37892171599478
2020-12-13 10:00:00,246.24172681316438
2020-12-13 11:00:00,249.35492561938713
2020-12-13 12:00:00,253.030796554211
2020-12-13 13:00:00,256.58492139829826
2020-12-13 14:00:00,259.3820806371944
2020-12-13 15:00:00,260.87956275864224
2020-12-13 16:00:00,260.6626454358213
2020-12-13 17:00:00,258.5584227412371
2020-12-13 18:00:00,256.66748170957266
2020-12-13 19:00:00,254.9662713031105
2020-12-13 20:00:00,253.43421381104875
2020-12-13 21:00:00,252.0532578185639
2020-12-13 22:00:00,250.8075119364797
2020-12-13 23:00:00,249.68294215295177
2020-12-14 00:00:00,248.6671198061352
2020-12-14 01:00:00,247.8835049714196
2020-12-14 02:00:00,247.17800262839407
2020-12-14 03:00:00,246.54257935548324
2020-12-14 04:00:00,245.97007487038312
2020-12-14 05:00:00,245.454098213708
2020-12-14 06:00:00,244.98893795004724
2020-12-14 07:00:00,244.56948418765472
2020-12-14 08:00:00,244.19116061719038
2020-12-14 09:00:00,244.3183947395432
2020-12-14 10:00:00,246.32764387339486
2020-12-14 11:00:00,249.56508753026426
2020-12-14 12:00:00,253.3401266333188
2020-12-14 13:00:00,256.9684404245162
2020-12-14 14:00:00,259.8177506510815
2020-12-14 15:00:00,261.3507371077093
2020-12-14 16:00:00,261.15989161193704
2020-12-14 17:00:00,259.0904896574568
2020-12-14 18:00:00,257.23949680969866
2020-12-14 19:00:00,255.58199723670597
2020-12-14 20:00:00,254.09629136051652
2020-12-14 21:00:00,252.76340596526273
2020-12-14 22:00:00,251.56669360194329
2020-12-14 23:00:00,250.49150216514772
2020-12-15 00:00:00,249.52490018271953
2020-12-15 01:00:00,249.2262604119589
2020-12-15 02:00:00,248.96263771844585
2020-12-15 03:00:00,248.72989094402678
2020-12-15 04:00:00,248.52437645635354
2020-12-15 05:00:00,248.34288665360532
2020-12-15 06:00:00,248.18259644929088
2020-12-15 07:00:00,248.04101661903812
2020-12-15 08:00:00,247.91595306548
2020-12-15 09:00:00,248.26549608362276
2020-12-15 10:00:00,250.46817333896738
2020-12-15 11:00:00,253.83788408693667
2020-12-15 12:00:00,257.667533324111
2020-12-15 13:00:00,261.27145554470087
2020-12-15 14:00:00,264.02967379686703
2020-12-15 15:00:00,265.42826804499396
2020-12-15 16:00:00,265.09079412648407
2020-12-15 17:00:00,262.905718808444
2020-12-15 18:00:00,260.99296755200817
2020-12-15 19:00:00,259.3165269535553
2020-12-15 20:00:00,257.84563320222856
2020-12-15 21:00:00,256.5538929094911
2020-12-15 22:00:00,255.41857734474044
2020-12-15 23:00:00,254.4200500152107
2020-12-16 00:00:00,253.54129809371847
2020-12-16 01:00:00,252.32256376625065
2020-12-16 02:00:00,251.23041507507332
2020-12-16 03:00:00,250.25108914008578
2020-12-16 04:00:00,249.37244102836883
2020-12-16 05:00:00,248.58372954425013
2020-12-16 06:00:00,247.87543604852584
2020-12-16 07:00:00,247.2391103297877
2020-12-16 08:00:00,246.66723879728863
2020-12-16 09:00:00,246.60626608008906
2020-12-16 10:00:00,248.44490174352032
2020-12-16 11:00:00,251.522289955605
2020-12-16 12:00:00,255.143785922142
2020-12-16 13:00:00,258.62360301363367
2020-12-16 14:00:00,261.33013770394297
2020-12-16 15:00:00,262.7283575954232
2020-12-16 16:00:00,262.41404996061505
2020-12-16 17:00:00,260.251268985391
2020-12-16 18:00:00,258.3223209872901
2020-12-16 19:00:00,256.59987849659655
2020-12-16 20:00:00,255.0602275376812
2020-12-16 21:00:00,253.68270400408014
2020-12-16 22:00:00,252.44923518194267
2020-12-16 23:00:00,251.34396338799456
2020-12-17 00:00:00,250.35293443221727
2020-12-17 01:00:00,249.6910341300882
2020-12-17 02:00:00,249.1015573210754
2020-12-17 03:00:00,248.57640364556377
2020-12-17 04:00:00,248.10841525814376
2020-12-17 05:00:00,247.69125958981928
2020-12-17 06:00:00,247.31932824927398
2020-12-17 07:00:00,246.98764952884866
2020-12-17 08:00:00,246.69181243949726
2020-12-17 09:00:00,246.8757634355901
2020-12-17 10:00:00,248.93298300542295
2020-12-17 11:00:00,252.19187627865486
2020-12-17 12:00:00,255.9525438817412
2020-12-17 13:00:00,259.52946638963266
2020-12-17 14:00:00,262.2964569221652
2020-12-17 15:00:00,263.72822341042985
2020-12-17 16:00:00,263.4334005094073
2020-12-17 17:00:00,261.2957258537478
2020-12-17 18:00:00,259.40520328873953
2020-12-17 19:00:00,257.7312675304776
2020-12-17 20:00:00,256.24756866286475
2020-12-17 21:00:00,254.93129589158653
2020-12-17 22:00:00,253.76263008719837
2020-12-17 23:00:00,252.72429633338407
2020-12-18 00:00:00,251.80119503286784
2020-12-18 01:00:00,251.95418622313028
2020-12-18 02:00:00,252.08552401767375
2020-12-18 03:00:00,252.19826403207438
2020-12-18 04:00:00,252.29503307251088
2020-12-18 05:00:00,252.3780886862377
2020-12-18 06:00:00,252.44937060693587
2020-12-18 07:00:00,252.5105451544812
2020-12-18 08:00:00,252.5630435218372
2020-12-18 09:00:00,253.05230620234107
2020-12-18 10:00:00,255.3649766042658
2020-12-18 11:00:00,258.7722092194902
2020-12-18 12:00:00,262.5475302852252
2020-12-18 13:00:00,266.006966791403
2020-12-18 14:00:00,268.55002836707183
2020-12-18 15:00:00,269.69567628888296
2020-12-18 16:00:00,269.10854821167516
2020-12-18 17:00:00,266.7365716050516
2020-12-18 18:00:00,264.71998586794035
2020-12-18 19:00:00,263.0031323286543
2020-12-18 20:00:00,261.5397411850097
2020-12-18 21:00:00,260.2911610598695
2020-12-18 22:00:00,259.2249733539345
2020-12-18 23:00:00,258.3138942753
2020-12-19 00:00:00,257.5348954199477
2020-12-19 01:00:00,256.9259477225295
2020-12-19 02:00:00,256.4061765083382
2020-12-19 03:00:00,255.96237427546586
2020-12-19 04:00:00,255.5833299426573
2020-12-19 05:00:00,255.25951610690342
2020-12-19 06:00:00,254.98282826008958
2020-12-19 07:00:00,254.74636654073453
2020-12-19 08:00:00,254.54425251138807
2020-12-19 09:00:00,254.813657220514
2020-12-19 10:00:00,256.93669790423763
2020-12-19 11:00:00,260.1747062503289
2020-12-19 12:00:00,263.7953756133094
2020-12-19 13:00:00,267.11204006348635
2020-12-19 14:00:00,269.5238906454637
2020-12-19 15:00:00,270.55119474689786
2020-12-19 16:00:00,269.8608014409246
2020-12-19 17:00:00,267.4051119698591
2020-12-19 18:00:00,265.32385734113166
2020-12-19 19:00:00,263.55735977330073
2020-12-19 20:00:00,262.05618535953823
2020-12-19 21:00:00,260.7791789625664
2020-12-19 22:00:00,259.6919333978304
2020-12-19 23:00:00,258.76558151551376
2020-12-20 00:00:00,257.9758324019972
2020-12-20 01:00:00,256.8963582193117
2020-12-20 02:00:00,255.95757204177545
2020-12-20 03:00:00,255.14065947668013
2020-12-20 04:00:00,254.4294392824874
2020-12-20 05:00:00,253.80996623511726
2020-12-20 06:00:00,253.27020080781352
2020-12-20 07:00:00,252.79973279279852
2020-12-20 08:00:00,252.38954884385672
2020-12-20 09:00:00,252.47361247302544
2020-12-20 10:00:00,254.43964680073893
2020-12-20 11:00:00,257.5777586579763
2020-12-20 12:00:00,261.1681576561985
2020-12-20 13:00:00,264.5221599574092
2020-12-20 14:00:00,267.02479058910444
2020-12-20 15:00:00,268.17312424155807
2020-12-20 16:00:00,267.605405516046
2020-12-20 17:00:00,265.24406892299606
2020-12-20 18:00:00,263.2016294732219
2020-12-20 19:00:00,261.4325976564381
2020-12-20 20:00:00,259.8985861835586
2020-12-20 21:00:00,258.5670464627057
2020-12-20 22:00:00,257.4102681351723
2020-12-20 23:00:00,256.40457769385415
2020-12-21 00:00:00,255.52968996007914
2020-12-21 01:00:00,255.0347922554987
2020-12-21 02:00:00,254.6086618390938
2020-12-21 03:00:00,254.24164565204356
2020-12-21 04:00:00,253.92547097432544
2020-12-21 05:00:00,253.65304148558346
2020-12-21 06:00:00,253.41826514806658
2020-12-21 07:00:00,253.2159085158985
2020-12-21 08:00:00,253.04147309649846
2020-12-21 09:00:00,253.33408419165417
2020-12-21 10:00:00,255.47913633873583
2020-12-21 11:00:00,258.751525622292
2020-12-21 12:00:00,262.42524976337154
2020-12-21 13:00:00,265.81367990062097
2020-12-21 14:00:00,268.31095786642896
2020-12-21 15:00:00,269.4286319023986
2020-12-21 16:00:00,268.8227187222076
2020-12-21 17:00:00,266.4333926447129
2020-12-21 18:00:00,264.3915018295421
2020-12-21 19:00:00,262.6440660796569
2020-12-21 20:00:00,261.14685093800904
2020-12-21 21:00:00,259.86274382944777
2020-12-21 22:00:00,258.7604795052154
2020-12-21 23:00:00,257.8136273489977
2020-12-22 00:00:00,256.9997780946642
2020-12-22 01:00:00,256.79049159585276
2020-12-22 02:00:00,256.6144044437881
2020-12-22 03:00:00,256.46623307086185
2020-12-22 04:00:00,256.34153977663044
2020-12-22 05:00:00,256.23659584664773
2020-12-22 06:00:00,256.1482672488682
2020-12-22 07:00:00,256.0739190595722
2020-12-22 08:00:00,256.0113354622687
2020-12-22 09:00:00,256.40448717810267
2020-12-22 10:00:00,258.628391311516
2020-12-22 11:00:00,261.9234193253043
2020-12-22 12:00:00,265.54919239124064
2020-12-22 13:00:00,268.82206956759296
2020-12-22 14:00:00,271.15316356582866
2020-12-22 15:00:00,272.08091985602357
2020-12-22 16:00:00,271.2937517624861
2020-12-22 17:00:00,268.7626776882478
2020-12-22 18:00:00,266.65076957136705
2020-12-22 19:00:00,264.8858979126682
2020-12-22 20:00:00,263.4091738127458
2020-12-22 21:00:00,262.172266147133
2020-12-22 22:00:00,261.13533788017196
2020-12-22 23:00:00,260.26543670381204
2020-12-23 00:00:00,259.5352252251535
2020-12-23 01:00:00,258.3361656597183
2020-12-23 02:00:00,257.29862493233423
2020-12-23 03:00:00,256.4002530391266
2020-12-23 04:00:00,255.62194219620045
2020-12-23 05:00:00,254.94731881172467
2020-12-23 06:00:00,254.36232445378997
2020-12-23 07:00:00,253.85486794281564
2020-12-23 08:00:00,253.41453482062693
2020-12-23 09:00:00,253.4826399346403
2020-12-23 10:00:00,255.43503220390963
2020-12-23 11:00:00,258.553658423381
2020-12-23 12:00:00,262.1145453802596
2020-12-23 13:00:00,265.4283587626161
2020-12-23 14:00:00,267.8824422525864
2020-12-23 15:00:00,268.9784373064106
2020-12-23 16:00:00,268.3605664618748
2020-12-23 17:00:00,265.9494467690688
2020-12-23 18:00:00,263.87360960340084
2020-12-23 19:00:00,262.0839094397742
2020-12-23 20:00:00,260.5390606219183
2020-12-23 21:00:00,259.2042103014248
2020-12-23 22:00:00,258.0498137154081
2020-12-23 23:00:00,257.05073706661244
2020-12-24 00:00:00,256.18553434776857
2020-12-24 01:00:00,254.45978839849846
2020-12-24 02:00:00,252.90053612327426
2020-12-24 03:00:00,251.4904455570493
2020-12-24 04:00:00,250.21422271877722
2020-12-24 05:00:00,249.05832904340977
2020-12-24 06:00:00,248.01074575120984
2020-12-24 07:00:00,247.06077597148087
2020-12-24 08:00:00,246.19887748979443
2020-12-24 09:00:00,245.87289833449123
2020-12-24 10:00:00,247.47058262516592
2020-12-24 11:00:00,250.34591344423055
2020-12-24 12:00:00,253.8122656623791
2020-12-24 13:00:00,257.184946770624
2020-12-24 14:00:00,259.82689423648367
2020-12-24 15:00:00,261.19199486393694
2020-12-24 16:00:00,260.860771215985
2020-12-24 17:00:00,258.67640421538266
2020-12-24 18:00:00,256.70770604536835
2020-12-24 19:00:00,254.93128910212442
2020-12-24 20:00:00,253.32669548166615
2020-12-24 21:00:00,251.8759562792346
2020-12-24 22:00:00,250.563230786877
2020-12-24 23:00:00,249.37450858845745
2020-12-25 00:00:00,248.29736166037222
2020-12-25 01:00:00,246.92603335077828
2020-12-25 02:00:00,245.66629204660762
2020-12-25 03:00:00,244.50828444597914
2020-12-25 04:00:00,243.44314822387093
2020-12-25 05:00:00,242.46289348516217
2020-12-25 06:00:00,241.5603013075785
2020-12-25 07:00:00,240.72883646462515
2020-12-25 08:00:00,239.9625719856407
2020-12-25 09:00:00,239.72019931356166
2020-12-25 10:00:00,241.39086382214614
2020-12-25 11:00:00,244.35645709000949
2020-12-25 12:00:00,247.9468813663914
2020-12-25 13:00:00,251.48286633998296
2020-12-25 14:00:00,254.32244281319768
2020-12-25 15:00:00,255.90577487138899
2020-12-25 16:00:00,255.79309203178485
2020-12-25 17:00:00,253.79589033602934
2020-12-25 18:00:00,251.96813077195415
2020-12-25 19:00:00,250.2937145247718
2020-12-25 20:00:00,248.75835180993394
2020-12-25 21:00:00,247.34931333098132
2020-12-25 22:00:00,246.05522316206438
2020-12-25 23:00:00,244.86588495333228
2020-12-26 00:00:00,243.77213515642117
2020-12-26 01:00:00,243.61610537954112
2020-12-26 02:00:00,243.4758721516075
2020-12-26 03:00:00,243.3498267879204
2020-12-26 04:00:00,243.23652624350666
2020-12-26 05:00:00,243.13467570868056
2020-12-26 06:00:00,243.0431131003606
2020-12-26 07:00:00,242.96079522990092
2020-12-26 08:00:00,242.8867854559312
2020-12-26 09:00:00,243.29362898515225
2020-12-26 10:00:00,245.55417093930797
2020-12-26 11:00:00,249.01105592282755
2020-12-26 12:00:00,252.97219550269747
2020-12-26 13:00:00,256.75412187025
2020-12-26 14:00:00,259.72778447719685
2020-12-26 15:00:00,261.3612296840163
2020-12-26 16:00:00,261.2539800443008
2020-12-26 17:00:00,259.2546046273733
2020-12-26 18:00:00,257.4737374249583
2020-12-26 19:00:00,255.88576616577367
2020-12-26 20:00:00,254.46843987713075
2020-12-26 21:00:00,253.202353512343
2020-12-26 22:00:00,252.07052667265248
2020-12-26 23:00:00,251.0580562375716
2020-12-27 00:00:00,250.15182765865026
2020-12-27 01:00:00,248.62818606572955
2020-12-27 02:00:00,247.22980565371543
2020-12-27 03:00:00,245.94542193048272
2020-12-27 04:00:00,244.76493592256293
2020-12-27 05:00:00,243.67926954551612
2020-12-27 06:00:00,242.68024266196954
2020-12-27 07:00:00,241.76046799172124
2020-12-27 08:00:00,240.91326081290455
2020-12-27 09:00:00,240.61686637623293
2020-12-27 10:00:00,242.23914864801498
2020-12-27 11:00:00,245.16050067335829
2020-12-27 12:00:00,248.70969062474103
2020-12-27 13:00:00,252.206638824571
2020-12-27 14:00:00,255.00886934353022
2020-12-27 15:00:00,256.55631365843135
2020-12-27 16:00:00,256.4091942715515
2020-12-27 17:00:00,254.35932106543137
2020-12-27 18:00:00,252.48396055815093
2020-12-27 19:00:00,250.76643317754397
2020-12-27 20:00:00,249.1919499946393
2020-12-27 21:00:00,247.74735026599828
2020-12-27 22:00:00,246.42088318123317
2020-12-27 23:00:00,245.20202508390085
2020-12-28 00:00:00,244.08132539116522
2020-12-28 01:00:00,243.32804140720293
2020-12-28 02:00:00,242.6400704785331
2020-12-28 03:00:00,242.0115250571134
2020-12-28 04:00:00,241.43708569782885
2020-12-28 05:00:00,240.91194002590166
2020-12-28 06:00:00,240.431729281194
2020-12-28 07:00:00,239.99250133562643
2020-12-28 08:00:00,239.5906692662632
2020-12-28 09:00:00,239.71980233781832
2020-12-28 10:00:00,241.7342679298444
2020-12-28 11:00:00,245.0038602368637
2020-12-28 12:00:00,248.8511044836643
2020-12-28 13:00:00,252.59460265143275
2020-12-28 14:00:00,255.5956194597833
2020-12-28 15:00:00,257.3025257859405
2020-12-28 16:00:00,257.28783951643305
2020-12-28 17:00:00,255.34602868638035
2020-12-28 18:00:00,253.58429656062398
2020-12-28 19:00:00,251.98431494474062
2020-12-28 20:00:00,250.52990932100207
2020-12-28 21:00:00,249.2067548730076
2020-12-28 22:00:00,248.00212428175007
2020-12-28 23:00:00,246.90467692721666
2020-12-29 00:00:00,245.90428149129747
2020-12-29 01:00:00,244.52262866542483
2020-12-29 02:00:00,243.24424761573422
2020-12-29 03:00:00,242.06064128379043
2020-12-29 04:00:00,240.96412367837294
2020-12-29 05:00:00,239.9477263584334
2020-12-29 06:00:00,239.00511799101557
2020-12-29 07:00:00,238.1305348264118
2020-12-29 08:00:00,237.31872033963185
2020-12-29 09:00:00,237.07581970313456
2020-12-29 10:00:00,238.74741495910138
2020-12-29 11:00:00,241.72730063440662
2020-12-29 12:00:00,245.352196379943
2020-12-29 13:00:00,248.9445722940482
2020-12-29 14:00:00,251.85940101901295
2020-12-29 15:00:00,253.5296382113896
2020-12-29 16:00:00,253.5051709370212
2020-12-29 17:00:00,251.5393274413559
2020-12-29 18:00:00,249.72723042395103
2020-12-29 19:00:00,248.0551978681684
2020-12-29 20:00:00,246.51101332157268
2020-12-29 21:00:00,245.08373178996717
2020-12-29 22:00:00,243.76351689721733
2020-12-29 23:00:00,242.5415034078995
2020-12-30 00:00:00,241.40968047423658
2020-12-30 01:00:00,240.81031468595114
2020-12-30 02:00:00,240.26111395496778
2020-12-30 03:00:00,239.7577396733748
2020-12-30 04:00:00,239.2962509736088
2020-12-30 05:00:00,238.87306464772942
2020-12-30 06:00:00,238.48491968048603
2020-12-30 07:00:00,238.12884577604322
2020-12-30 08:00:00,237.80213535499135
2020-12-30 09:00:00,238.02897568530463
2020-12-30 10:00:00,240.13536718821734
2020-12-30 11:00:00,243.49588896801347
2020-12-30 12:00:00,247.435602442097
2020-12-30 13:00:00,251.27357707043686
2020-12-30 14:00:00,254.36973425315813
2020-12-30 15:00:00,256.16966689579925
2020-12-30 16:00:00,256.24216473971893
2020-12-30 17:00:00,254.34830124517322
2020-12-30 18:00:00,252.62561454784577
2020-12-30 19:00:00,251.05709033419805
2020-12-30 20:00:00,249.6276718575777
2020-12-30 21:00:00,248.3239888045207
2020-12-30 22:00:00,247.13413152394463
2020-12-30 23:00:00,246.04746169483616
2020-12-31 00:00:00,245.0544525060839
