Date,Température (K)
2026-01-01 00:00:00,283.0
2026-01-01 01:00:00,281.72006153117735
2026-01-01 02:00:00,280.4983058369558
2026-01-01 03:00:00,279.3318251362846
2026-01-01 04:00:00,278.21788108153146
2026-01-01 05:00:00,277.1538926562932
2026-01-01 06:00:00,276.1374251427816
2026-01-01 07:00:00,275.1661800451864
2026-01-01 08:00:00,274.2379858693827
2026-01-01 09:00:00,273.49026408676275
2026-01-01 10:00:00,273.2624742447278
2026-01-01 11:00:00,273.41120480261793
2026-01-01 12:00:00,273.7744309277909
2026-01-01 13:00:00,274.18217178097933
2026-01-01 14:00:00,274.46778194871445
2026-01-01 15:00:00,274.47906257073
2026-01-01 16:00:00,274.08838731747204
2026-01-01 17:00:00,273.2077856628908
2026-01-01 18:00:00,272.36592860665746
2026-01-01 19:00:00,271.5609941536532
2026-01-01 20:00:00,270.79125635116355
2026-01-01 21:00:00,270.05507930416246
2026-01-01 22:00:00,269.3509116450113
2026-01-01 23:00:00,268.67728141593614
2026-01-02 00:00:00,268.03279132710327
2026-01-02 01:00:00,268.65826524959465
2026-01-02 02:00:00,269.2048386189575
2026-01-02 03:00:00,269.6824142625078
2026-01-02 04:00:00,270.09966382970066
2026-01-02 05:00:00,270.4641781241026
2026-01-02 06:00:00,270.7825997151619
2026-01-02 07:00:00,271.06073977067183
2026-01-02 08:00:00,271.30368087293346
2026-01-02 09:00:00,271.6601797858888
2026-01-02 10:00:00,272.4588486734151
2026-01-02 11:00:00,273.5230410575817
2026-01-02 12:00:00,274.6733779680743
2026-01-02 13:00:00,275.73808121467584
2026-01-02 14:00:00,276.5630724232318
2026-01-02 15:00:00,277.0210620908172
2026-01-02 16:00:00,277.0189422647707
2026-01-02 17:00:00,276.50486541122126
2026-01-02 18:00:00,276.05633362357446
2026-01-02 19:00:00,275.66495409051817
2026-01-02 20:00:00,275.3234172756441
2026-01-02 21:00:00,275.0253550226842
2026-01-02 22:00:00,274.7652177478672
2026-01-02 23:00:00,274.53816803121737
2026-01-03 00:00:00,274.3399883260338
2026-01-03 01:00:00,274.08357330983614
2026-01-03 02:00:00,273.8572735590032
2026-01-03 03:00:00,273.657543220977
2026-01-03 04:00:00,273.48125591604594
2026-01-03 05:00:00,273.32565467488865
2026-01-03 06:00:00,273.1883079485536
2026-01-03 07:00:00,273.0670709325954
2026-01-03 08:00:00,272.96005154657695
2026-01-03 09:00:00,273.015132374786
2026-01-03 10:00:00,273.5514063484295
2026-01-03 11:00:00,274.3917698894576
2026-01-03 12:00:00,275.3547918578848
2026-01-03 13:00:00,276.2651779237226
2026-01-03 14:00:00,276.9640962123546
2026-01-03 15:00:00,277.3185744289747
2026-01-03 16:00:00,277.2292603375935
2026-01-03 17:00:00,276.63597630085275
2026-01-03 18:00:00,276.10942318685636
2026-01-03 19:00:00,275.64489926211377
2026-01-03 20:00:00,275.23505929925625
2026-01-03 21:00:00,274.8734363657747
2026-01-03 22:00:00,274.55433489669235
2026-01-03 23:00:00,274.272737212946
2026-01-04 00:00:00,274.0242216989278
2026-01-04 01:00:00,273.1432201349189
2026-01-04 02:00:00,272.3006547910218
2026-01-04 03:00:00,271.49473134299427
2026-01-04 04:00:00,270.7237495183436
2026-01-04 05:00:00,269.9860972585615
2026-01-04 06:00:00,269.28024532329306
2026-01-04 07:00:00,268.60474229607024
2026-01-04 08:00:00,267.9582099555436
2026-01-04 09:00:00,267.4945294450623
2026-01-04 10:00:00,267.5386565247194
2026-01-04 11:00:00,267.9481631141791
2026-01-04 12:00:00,268.5616702229763
2026-01-04 13:00:00,269.20954855539486
2026-01-04 14:00:00,269.72526333881314
2026-01-04 15:00:00,269.95654752245326
2026-01-04 16:00:00,269.7755958439028
2026-01-04 17:00:00,269.08754841714676
2026-01-04 18:00:00,268.4203169885427
2026-01-04 19:00:00,267.7816817862912
2026-01-04 20:00:00,267.17035210657855
2026-01-04 21:00:00,266.5851010841767
2026-01-04 22:00:00,266.0247620532898
2026-01-04 23:00:00,265.48822515714545
2026-01-05 00:00:00,264.9744341858447
2026-01-05 01:00:00,264.33649014216076
2026-01-05 02:00:00,263.72032066878813
2026-01-05 03:00:00,263.1251240256426
2026-01-05 04:00:00,262.55013200302244
2026-01-05 05:00:00,261.9946082424418
2026-01-05 06:00:00,261.4578466605642
2026-01-05 07:00:00,260.9391699685997
2026-01-05 08:00:00,260.43792828019184
2026-01-05 09:00:00,260.1147232870856
2026-01-05 10:00:00,260.2907299165725
2026-01-05 11:00:00,260.8283954938738
2026-01-05 12:00:00,261.5696983161159
2026-01-05 13:00:00,262.3467471271036
2026-01-05 14:00:00,262.99312329828524
2026-01-05 15:00:00,263.3551549985204
2026-01-05 16:00:00,263.3023120108526
2026-01-05 17:00:00,262.7359767196485
2026-01-05 18:00:00,262.1741659831425
2026-01-05 19:00:00,261.6313450756432
2026-01-05 20:00:00,261.10682744991084
2026-01-05 21:00:00,260.59995440702545
2026-01-05 22:00:00,260.1100937602004
2026-01-05 23:00:00,259.63663857671554
2026-01-06 00:00:00,259.1790059924585
2026-01-06 01:00:00,258.76703795330644
2026-01-06 02:00:00,258.36930931931903
2026-01-06 03:00:00,257.9853045435044
2026-01-06 04:00:00,257.6145283575284
2026-01-06 05:00:00,257.25650486213016
2026-01-06 06:00:00,256.91077666605383
2026-01-06 07:00:00,256.5769040703857
2026-01-06 08:00:00,256.2544642954203
2026-01-06 09:00:00,256.1107048635317
2026-01-06 10:00:00,256.4606526913883
2026-01-06 11:00:00,257.16649422037875
2026-01-06 12:00:00,258.0700021147362
2026-01-06 13:00:00,259.00317262091005
2026-01-06 14:00:00,259.79959614304914
2026-01-06 15:00:00,260.3057490863899
2026-01-06 16:00:00,260.3913950825178
2026-01-06 17:00:00,259.95835110829313
2026-01-06 18:00:00,259.5193778603185
2026-01-06 19:00:00,259.0956264515322
2026-01-06 20:00:00,258.68654236358134
2026-01-06 21:00:00,258.29159312765813
2026-01-06 22:00:00,257.91026731888536
2026-01-06 23:00:00,257.54207360548446
2026-01-07 00:00:00,257.1865398491338
2026-01-07 01:00:00,256.92402681112407
2026-01-07 02:00:00,256.6713365722856
2026-01-07 03:00:00,256.4280922660854
2026-01-07 04:00:00,256.193932176327
2026-01-07 05:00:00,255.96850907658606
2026-01-07 06:00:00,255.75148960226844
2026-01-07 07:00:00,255.5425536534011
2026-01-07 08:00:00,255.34139382639577
2026-01-07 09:00:00,255.32218822919307
2026-01-07 10:00:00,255.79291988182692
2026-01-07 11:00:00,256.6143136378531
2026-01-07 12:00:00,257.62710958251125
2026-01-07 13:00:00,258.6627667202079
2026-01-07 14:00:00,259.55486589821027
2026-01-07 15:00:00,260.15039701904703
2026-01-07 16:00:00,260.3201185633853
2026-01-07 17:00:00,259.9672478460004
2026-01-07 18:00:00,259.60007475998947
2026-01-07 19:00:00,259.24678568883576
2026-01-07 20:00:00,258.9068370414024
2026-01-07 21:00:00,258.57970790836475
2026-01-07 22:00:00,258.26489900999724
2026-01-07 23:00:00,257.961931700729
2026-01-08 00:00:00,257.6703470268191
2026-01-08 01:00:00,257.3741574191038
2026-01-08 02:00:00,257.08888877555216
2026-01-08 03:00:00,256.8141265150776
2026-01-08 04:00:00,256.54947266716465
2026-01-08 05:00:00,256.294545142184
2026-01-08 06:00:00,256.04897703845876
2026-01-08 07:00:00,255.81241598389394
2026-01-08 08:00:00,255.58452351013446
2026-01-08 09:00:00,255.54665448952753
2026-01-08 10:00:00,255.99984378078187
2026-01-08 11:00:00,256.8049502724714
2026-01-08 12:00:00,257.80274171228876
2026-01-08 13:00:00,258.8245979808056
2026-01-08 14:00:00,259.70392105886447
2026-01-08 15:00:00,260.28743630359986
2026-01-08 16:00:00,260.4455720384729
2026-01-08 17:00:00,260.0811743753885
2026-01-08 18:00:00,259.6956217010416
2026-01-08 19:00:00,259.32441729028
2026-01-08 20:00:00,258.9670066423247
2026-01-08 21:00:00,258.6228582076353
2026-01-08 22:00:00,258.29146232452524
2026-01-08 23:00:00,257.97233021344755
2026-01-09 00:00:00,257.6649930252133
2026-01-09 01:00:00,257.24262031481
2026-01-09 02:00:00,256.833710024624
2026-01-09 03:00:00,256.43780868354514
2026-01-09 04:00:00,256.05447964951935
2026-01-09 05:00:00,255.6833023853183
2026-01-09 06:00:00,255.32387177182477
2026-01-09 07:00:00,254.97579745649105
2026-01-09 08:00:00,254.63870323480026
2026-01-09 09:00:00,254.50149726427225
2026-01-09 10:00:00,254.85875152783402
2026-01-09 11:00:00,255.57362776124546
2026-01-09 12:00:00,256.48840137411383
2026-01-09 13:00:00,257.4350861772134
2026-01-09 14:00:00,258.2468239590954
2026-01-09 15:00:00,258.76922665574546
2026-01-09 16:00:00,258.8708562907375
2026-01-09 17:00:00,258.4520927180408
2026-01-09 18:00:00,258.004563965475
2026-01-09 19:00:00,257.57134938934524
2026-01-09 20:00:00,257.1519636244463
2026-01-09 21:00:00,256.7459395254711
2026-01-09 22:00:00,256.3528273695647
2026-01-09 23:00:00,255.97219410104134
2026-01-10 00:00:00,255.60362261557702
2026-01-10 01:00:00,255.2500750670143
2026-01-10 02:00:00,254.90773751367854
2026-01-10 03:00:00,254.57623769630897
2026-01-10 04:00:00,254.2552167824283
2026-01-10 05:00:00,253.944328814296
2026-01-10 06:00:00,253.64324018384215
2026-01-10 07:00:00,253.3516291329973
2026-01-10 08:00:00,253.0691852779428
2026-01-10 09:00:00,252.99285131068106
2026-01-10 10:00:00,253.40954668286443
2026-01-10 11:00:00,254.1823976511974
2026-01-10 12:00:00,255.1535988523896
2026-01-10 13:00:00,256.1550530477834
2026-01-10 14:00:00,257.0197767636384
2026-01-10 15:00:00,257.59325877897044
2026-01-10 16:00:00,257.74395575151016
2026-01-10 17:00:00,257.3721740245771
2026-01-10 18:00:00,256.96228397840264
2026-01-10 19:00:00,256.5654919609263
2026-01-10 20:00:00,256.1813565184028
2026-01-10 21:00:00,255.80945253931193
2026-01-10 22:00:00,255.44937055533077
2026-01-10 23:00:00,255.10071607820942
2026-01-11 00:00:00,254.76310897032812
2026-01-11 01:00:00,254.5809219163033
2026-01-11 02:00:00,254.40542597850558
2026-01-11 03:00:00,254.23637100555183
2026-01-11 04:00:00,254.07351651851027
2026-01-11 05:00:00,253.91663131355205
2026-01-11 06:00:00,253.76549308262233
2026-01-11 07:00:00,253.6198880511921
2026-01-11 08:00:00,253.47961063220978
2026-01-11 09:00:00,253.55005351463458
2026-01-11 10:00:00,254.10906679554725
2026-01-11 11:00:00,255.01723813828298
2026-01-11 12:00:00,256.1149794777986
2026-01-11 13:00:00,257.23327265519475
2026-01-11 14:00:00,258.20512307939566
2026-01-11 15:00:00,258.87690329922304
2026-01-11 16:00:00,259.1187706958012
2026-01-11 17:00:00,258.8334135274433
2026-01-11 18:00:00,258.5005079342202
2026-01-11 19:00:00,258.1800187569267
2026-01-11 20:00:00,257.87146773335644
2026-01-11 21:00:00,257.5743961480275
2026-01-11 22:00:00,257.2883639494946
2026-01-11 23:00:00,257.0129489137329
2026-01-12 00:00:00,256.7477458507377
2026-01-12 01:00:00,256.36629901014385
2026-01-12 02:00:00,255.99713150226904
2026-01-12 03:00:00,255.63982829883244
2026-01-12 04:00:00,255.29398966835944
2026-01-12 05:00:00,254.95923053031072
2026-01-12 06:00:00,254.6351798417523
2026-01-12 07:00:00,254.321480014594
2026-01-12 08:00:00,254.01778636156456
2026-01-12 09:00:00,253.93807833173466
2026-01-12 10:00:00,254.3525842344251
2026-01-12 11:00:00,255.12391018816496
2026-01-12 12:00:00,256.0937559219494
2026-01-12 13:00:00,257.0935842293828
2026-01-12 14:00:00,257.9560534525916
2026-01-12 15:00:00,258.5263975794859
2026-01-12 16:00:00,258.67293625727893
2026-01-12 17:00:00,258.29596243816235
2026-01-12 18:00:00,257.86446215422376
2026-01-12 19:00:00,257.44694682717494
2026-01-12 20:00:00,257.04293765729784
2026-01-12 21:00:00,256.65197389344274
2026-01-12 22:00:00,256.27361204468787
2026-01-12 23:00:00,255.90742513342713
2026-01-13 00:00:00,255.55300198726206
2026-01-13 01:00:00,255.08284598847808
2026-01-13 02:00:00,254.6255651049077
2026-01-13 03:00:00,254.18077684666474
2026-01-13 04:00:00,253.74811172947372
2026-01-13 05:00:00,253.32721274155168
2026-01-13 06:00:00,252.91773483735264
2026-01-13 07:00:00,252.51934445654288
2026-01-13 08:00:00,252.1317190666914
2026-01-13 09:00:00,251.9779489243934
2026-01-13 10:00:00,252.32054647109558
2026-01-13 11:00:00,253.0243495440413
2026-01-13 12:00:00,253.93254013280813
2026-01-13 13:00:00,254.87723538214263
2026-01-13 14:00:00,255.69089632503534
2026-01-13 15:00:00,256.2177424248539
2026-01-13 16:00:00,256.3243530700682
2026-01-13 17:00:00,255.9086976960296
2026-01-13 18:00:00,255.42878026594738
2026-01-13 19:00:00,254.96202908759932
2026-01-13 20:00:00,254.50805170783877
2026-01-13 21:00:00,254.06646909109304
2026-01-13 22:00:00,253.6369150652876
2026-01-13 23:00:00,253.21903579591756
2026-01-14 00:00:00,252.81248928654307
2026-01-14 01:00:00,252.34327750501177
2026-01-14 02:00:00,251.88559023439245
2026-01-14 03:00:00,251.43911513850566
2026-01-14 04:00:00,251.00354978863209
2026-01-14 05:00:00,250.57860127754893
2026-01-14 06:00:00,250.16398585216746
2026-01-14 07:00:00,249.7594285636936
2026-01-14 08:00:00,249.36466293430627
2026-01-14 09:00:00,249.21228821833478
2026-01-14 10:00:00,249.556382063552
2026-01-14 11:00:00,250.2630377424331
2026-01-14 12:00:00,251.17625322736072
2026-01-14 13:00:00,252.12848318869587
2026-01-14 14:00:00,252.95203953266042
2026-01-14 15:00:00,253.4905305236478
2026-01-14 16:00:00,253.60951899272965
2026-01-14 17:00:00,253.2056378098124
2026-01-14 18:00:00,252.72674625970157
2026-01-14 19:00:00,252.25964272346812
2026-01-14 20:00:00,251.80400644826778
2026-01-14 21:00:00,251.35952691952943
2026-01-14 22:00:00,250.92590345889684
2026-01-14 23:00:00,250.50284484171317
2026-01-15 00:00:00,250.09006893290587
2026-01-15 01:00:00,249.82457982231094
2026-01-15 02:00:00,249.56662372736406
2026-01-15 03:00:00,249.3159777720301
2026-01-15 04:00:00,249.0724261913008
2026-01-15 05:00:00,248.8357600749273
2026-01-15 06:00:00,248.60577712204682
2026-01-15 07:00:00,248.38228140614888
2026-01-15 08:00:00,248.16508314985884
2026-01-15 09:00:00,248.1966721299515
2026-01-15 10:00:00,248.72075178426513
2026-01-15 11:00:00,249.60137035493187
2026-01-15 12:00:00,250.6810206090003
2026-01-15 13:00:00,251.79129390388357
2026-01-15 14:00:00,252.7643388478244
2026-01-15 15:00:00,253.4443095442632
2026-01-15 16:00:00,253.69798258993364
2026-01-15 17:00:00,253.42378364922703
2026-01-15 18:00:00,253.06288336510943
2026-01-15 19:00:00,252.71238602909838
2026-01-15 20:00:00,252.3719744699384
2026-01-15 21:00:00,252.0413421841275
2026-01-15 22:00:00,251.72019291928018
2026-01-15 23:00:00,251.4082402770924
2026-01-16 00:00:00,251.10520733479677
2026-01-16 01:00:00,250.77039085239304
2026-01-16 02:00:00,250.4446946483021
2026-01-16 03:00:00,250.12785562737477
2026-01-16 04:00:00,249.81961908277862
2026-01-16 05:00:00,249.51973838479583
2026-01-16 06:00:00,249.22797468354727
2026-01-16 07:00:00,248.9440966248908
2026-01-16 08:00:00,248.66788007879066
2026-01-16 09:00:00,248.6519537665275
2026-01-16 10:00:00,249.1304373610077
2026-01-16 11:00:00,249.96777600327778
2026-01-16 12:00:00,251.0066604933152
2026-01-16 13:00:00,252.078668708743
2026-01-16 14:00:00,253.01572636468586
2026-01-16 15:00:00,253.6615721279043
2026-01-16 16:00:00,253.88240510864782
2026-01-16 17:00:00,253.57595332171434
2026-01-16 18:00:00,253.1733582357795
2026-01-16 19:00:00,252.78186490399932
2026-01-16 20:00:00,252.40114559372668
2026-01-16 21:00:00,252.0308834400836
2026-01-16 22:00:00,251.67077201927367
2026-01-16 23:00:00,251.32051494231047
2026-01-17 00:00:00,250.9798254679839
2026-01-17 01:00:00,250.9848913868807
2026-01-17 02:00:00,250.98976604897044
2026-01-17 03:00:00,250.9944566715829
2026-01-17 04:00:00,250.9989701999373
2026-01-17 05:00:00,251.0033133173835
2026-01-17 06:00:00,251.0074924552588
2026-01-17 07:00:00,251.01151380237536
2026-01-17 08:00:00,251.01538331415117
2026-01-17 09:00:00,251.28247652245295
2026-01-17 10:00:00,252.03407822256972
2026-01-17 11:00:00,253.12945543622067
2026-01-17 12:00:00,254.4077143997065
2026-01-17 13:00:00,255.69865815955052
2026-01-17 14:00:00,256.834342047652
2026-01-17 15:00:00,257.6605015711881
2026-01-17 16:00:00,258.0470306645216
2026-01-17 17:00:00,257.89675993537827
2026-01-17 18:00:00,257.6373622538736
2026-01-17 19:00:00,257.38800463008573
2026-01-17 20:00:00,257.1482893344418
2026-01-17 21:00:00,256.91783509316286
2026-01-17 22:00:00,256.69627635351713
2026-01-17 23:00:00,256.48326258601315
2026-01-18 00:00:00,256.27845762136445
2026-01-18 01:00:00,256.01125173848146
2026-01-18 02:00:00,255.753623248682
2026-01-18 03:00:00,255.5052192671633
2026-01-18 04:00:00,255.2657005950199
2026-01-18 05:00:00,255.0347411396072
2026-01-18 06:00:00,254.81202736292923
2026-01-18 07:00:00,254.59725775645273
2026-01-18 08:00:00,254.39014234085826
2026-01-18 09:00:00,254.46464283880331
2026-01-18 10:00:00,255.03172172238976
2026-01-18 11:00:00,255.9512835860871
2026-01-18 12:00:00,257.06273500154816
2026-01-18 13:00:00,258.19580560677537
2026-01-18 14:00:00,259.18209522784514
2026-01-18 15:00:00,259.86652190283064
2026-01-18 16:00:00,260.11784692143334
2026-01-18 17:00:00,259.837522771596
2026-01-18 18:00:00,259.4417725461688
2026-01-18 19:00:00,259.0604064841647
2026-01-18 20:00:00,258.6928801501867
2026-01-18 21:00:00,258.33867128214405
2026-01-18 22:00:00,257.9972787740737
2026-01-18 23:00:00,257.66822171388645
2026-01-19 00:00:00,257.3510384724845
2026-01-19 01:00:00,256.82459608446544
2026-01-19 02:00:00,256.31256406509186
2026-01-19 03:00:00,255.81450994554706
2026-01-19 04:00:00,255.33001632445988
2026-01-19 05:00:00,254.8586802272392
2026-01-19 06:00:00,254.40011249904873
2026-01-19 07:00:00,253.9539372292959
2026-01-19 08:00:00,253.5197912056649
2026-01-19 09:00:00,253.38277698133376
2026-01-19 10:00:00,253.74531998105252
2026-01-19 11:00:00,254.47130272827488
2026-01-19 12:00:00,255.40277676209226
2026-01-19 13:00:00,256.3706323887976
2026-01-19 14:00:00,257.20609427583634
2026-01-19 15:00:00,257.7522241387399
2026-01-19 16:00:00,257.87460452662333
2026-01-19 17:00:00,257.4704387404505
2026-01-19 18:00:00,256.9407224657863
2026-01-19 19:00:00,256.42551511730665
2026-01-19 20:00:00,255.92438077539254
2026-01-19 21:00:00,255.43689873554666
2026-01-19 22:00:00,254.96266285991987
2026-01-19 23:00:00,254.5012809629745
2026-01-20 00:00:00,254.05237422912205
2026-01-20 01:00:00,253.73473740984085
2026-01-20 02:00:00,253.42695926813934
2026-01-20 03:00:00,253.12872038328481
2026-01-20 04:00:00,252.83971251542582
2026-01-20 05:00:00,252.5596381624702
2026-01-20 06:00:00,252.28821013772358
2026-01-20 07:00:00,252.02515116712146
2026-01-20 08:00:00,251.77019350496568
2026-01-20 09:00:00,251.8200822001431
2026-01-20 10:00:00,252.36497391461526
2026-01-20 11:00:00,253.26676938640674
2026-01-20 12:00:00,254.3660673664645
2026-01-20 13:00:00,255.4929338975691
2026-01-20 14:00:00,256.4784539937414
2026-01-20 15:00:00,257.16624219270847
2026-01-20 16:00:00,257.4230849173036
2026-01-20 17:00:00,257.14795250610115
2026-01-20 18:00:00,256.7334919501883
2026-01-20 19:00:00,256.33207383624534
2026-01-20 20:00:00,255.94326434248657
2026-01-20 21:00:00,255.56664554965175
2026-01-20 22:00:00,255.2018147648313
2026-01-20 23:00:00,254.84838387990553
2026-01-21 00:00:00,254.50597876246204
2026-01-21 01:00:00,254.47719159298148
2026-01-21 02:00:00,254.44960638821203
2026-01-21 03:00:00,254.42317285279628
2026-01-21 04:00:00,254.39784280488465
2026-01-21 05:00:00,254.37357008658995
2026-01-21 06:00:00,254.35031047829577
2026-01-21 07:00:00,254.32802161664782
2026-01-21 08:00:00,254.30666291606568
2026-01-21 09:00:00,254.59508118442486
2026-01-21 10:00:00,255.3686679326284
2026-01-21 11:00:00,256.48408710130593
2026-01-21 12:00:00,257.77836965443726
2026-01-21 13:00:00,259.079886518018
2026-01-21 14:00:00,260.21997858208044
2026-01-21 15:00:00,261.04441073765855
2026-01-21 16:00:00,261.42382425085617
2026-01-21 17:00:00,261.2624381439336
2026-01-21 18:00:00,260.9482698901685
2026-01-21 19:00:00,260.64751859832114
2026-01-21 20:00:00,260.35959763103705
2026-01-21 21:00:00,260.08394715515624
2026-01-21 22:00:00,259.82003281896027
2026-01-21 23:00:00,259.56734450299115
2026-01-22 00:00:00,259.3253951396608
2026-01-22 01:00:00,259.1303271986796
2026-01-22 02:00:00,258.9438377832806
2026-01-22 03:00:00,258.7655444561971
2026-01-22 04:00:00,258.5950822783014
2026-01-22 05:00:00,258.4321029689858
2026-01-22 06:00:00,258.27627411021473
2026-01-22 07:00:00,258.12727839168565
2026-01-22 08:00:00,257.9848128947134
2026-01-22 09:00:00,258.16968294915785
2026-01-22 10:00:00,258.8443471418662
2026-01-22 11:00:00,259.86411270131794
2026-01-22 12:00:00,261.0649855689619
2026-01-22 13:00:00,262.27467487339914
2026-01-22 14:00:00,263.32423358721366
2026-01-22 15:00:00,264.0594999113022
2026-01-22 16:00:00,264.35151336333047
2026-01-22 17:00:00,264.10515833271177
2026-01-22 18:00:00,263.69813660544554
2026-01-22 19:00:00,263.3092966374164
2026-01-22 20:00:00,262.93780292215143
2026-01-22 21:00:00,262.582860413821
2026-01-22 22:00:00,262.2437123838449
2026-01-22 23:00:00,261.9196384073645
2026-01-23 00:00:00,261.60995247029064
2026-01-23 01:00:00,261.2568940391899
2026-01-23 02:00:00,260.918533896027
2026-01-23 03:00:00,260.59424282510395
2026-01-23 04:00:00,260.2834199763221
2026-01-23 05:00:00,259.9854914677893
2026-01-23 06:00:00,259.6999090670725
2026-01-23 07:00:00,259.42614894587274
2026-01-23 08:00:00,259.16371050331185
2026-01-23 09:00:00,259.2457400842967
2026-01-23 10:00:00,259.82296972801686
2026-01-23 11:00:00,260.7515532164675
2026-01-23 12:00:00,261.86792335459796
2026-01-23 13:00:00,262.99976902274454
2026-01-23 14:00:00,263.9776798600763
2026-01-23 15:00:00,264.6466231920727
2026-01-23 16:00:00,264.87642467976104
2026-01-23 17:00:00,264.5705005879685
2026-01-23 18:00:00,264.09345813935215
2026-01-23 19:00:00,263.63648272608395
2026-01-23 20:00:00,263.19869795352565
2026-01-23 21:00:00,262.77926840452557
2026-01-23 22:00:00,262.37739749581584
2026-01-23 23:00:00,261.99232546561404
2026-01-24 00:00:00,261.6233274828304
2026-01-24 01:00:00,261.25703903820795
2026-01-24 02:00:00,260.90578288296945
2026-01-24 03:00:00,260.5689234545748
2026-01-24 04:00:00,260.2458535815009
2026-01-24 05:00:00,259.93599309056174
2026-01-24 06:00:00,259.6387874926874
2026-01-24 07:00:00,259.35370674193024
2026-01-24 08:00:00,259.0802440628782
2026-01-24 09:00:00,259.1643859637651
2026-01-24 10:00:00,259.74439639002446
2026-01-24 11:00:00,260.6765267158765
2026-01-24 12:00:00,261.79717962651813
2026-01-24 13:00:00,262.9338938423934
2026-01-24 14:00:00,263.9170045323155
2026-01-24 15:00:00,264.5911430352013
2026-01-24 16:00:00,264.8257457444769
2026-01-24 17:00:00,264.52381793773606
2026-01-24 18:00:00,264.0377874209958
2026-01-24 19:00:00,263.57191012545013
2026-01-24 20:00:00,263.1253168902847
2026-01-24 21:00:00,262.697178807875
2026-01-24 22:00:00,262.28670512953386
2026-01-24 23:00:00,261.8931412992205
2026-01-25 00:00:00,261.51576710585164
2026-01-25 01:00:00,261.00174225171764
2026-01-25 02:00:00,260.50515855280975
2026-01-25 03:00:00,260.02538716800444
2026-01-25 04:00:00,259.56182444691024
2026-01-25 05:00:00,259.11389074854077
2026-01-25 06:00:00,258.6810293270873
2026-01-25 07:00:00,258.262705280192
2026-01-25 08:00:00,257.85840455549425
2026-01-25 09:00:00,257.8272608597588
2026-01-25 10:00:00,258.2971652749607
2026-01-25 11:00:00,259.1276362335099
2026-01-25 12:00:00,260.1571703953758
2026-01-25 13:00:00,261.2141238461035
2026-01-25 14:00:00,262.1283540403312
2026-01-25 15:00:00,262.7427898795828
2026-01-25 16:00:00,262.9240961979284
2026-01-25 17:00:00,262.57166746866295
2026-01-25 18:00:00,262.0216922780574
2026-01-25 19:00:00,261.4904628490077
2026-01-25 20:00:00,260.97729749803983
2026-01-25 21:00:00,260.48154225049956
2026-01-25 22:00:00,260.002569513454
2026-01-25 23:00:00,259.5397768258745
2026-01-26 00:00:00,259.0925856806718
2026-01-26 01:00:00,258.70244066175803
2026-01-26 02:00:00,258.32608381857534
2026-01-26 03:00:00,257.963006935888
2026-01-26 04:00:00,257.61272200560586
2026-01-26 05:00:00,257.2747603188067
2026-01-26 06:00:00,256.94867160591815
2026-01-26 07:00:00,256.6340232219942
2026-01-26 08:00:00,256.33039937425406
2026-01-26 09:00:00,256.41048973423125
2026-01-26 10:00:00,256.9885077422509
2026-01-26 11:00:00,257.92311551454213
2026-01-26 12:00:00,259.0521472854747
2026-01-26 13:00:00,260.2035418571858
2026-01-26 14:00:00,261.2070181756301
2026-01-26 15:00:00,261.9056588664313
2026-01-26 16:00:00,262.1665669709796
2026-01-26 17:00:00,261.889831277746
2026-01-26 18:00:00,261.40017568165575
2026-01-26 19:00:00,260.9280226210907
2026-01-26 20:00:00,260.47271284400694
2026-01-26 21:00:00,260.0336143335644
2026-01-26 22:00:00,259.6101210101159
2026-01-26 23:00:00,259.2016515074063
2026-01-27 00:00:00,258.8076480178704
2026-01-27 01:00:00,258.318985119827
2026-01-27 02:00:00,257.8453750209454
2026-01-27 03:00:00,257.3863210738661
2026-01-27 04:00:00,256.94134505248496
2026-01-27 05:00:00,256.5099863421909
2026-01-27 06:00:00,256.09180117351434
2026-01-27 07:00:00,255.68636189637846
2026-01-27 08:00:00,255.29325629235802
2026-01-27 09:00:00,255.29893676887752
2026-01-27 10:00:00,255.80590333143044
2026-01-27 11:00:00,256.67485539307796
2026-01-27 12:00:00,257.7449205897083
2026-01-27 13:00:00,258.84451978602254
2026-01-27 14:00:00,259.8030294980113
2026-01-27 15:00:00,260.46240908249877
2026-01-27 16:00:00,260.68795580908693
2026-01-27 17:00:00,260.37741636714384
2026-01-27 18:00:00,259.8401630166979
2026-01-27 19:00:00,259.3195802919911
2026-01-27 20:00:00,258.81511061665276
2026-01-27 21:00:00,258.3262175718667
2026-01-27 22:00:00,257.85238493626053
2026-01-27 23:00:00,257.39311577917135
2026-01-28 00:00:00,256.94793160370983
2026-01-28 01:00:00,256.5419399585261
2026-01-28 02:00:00,256.148746725727
2026-01-28 03:00:00,255.76792603606822
2026-01-28 04:00:00,255.3990676041087
2026-01-28 05:00:00,255.04177606836663
2026-01-28 06:00:00,254.69567036505578
2026-01-28 07:00:00,254.36038313334245
2026-01-28 08:00:00,254.03556015021246
2026-01-28 09:00:00,254.1217632835479
2026-01-28 10:00:00,254.7074756856942
2026-01-28 11:00:00,255.6528546803258
2026-01-28 12:00:00,256.7965662211458
2026-01-28 13:00:00,257.9666873881958
2026-01-28 14:00:00,258.99239761428305
2026-01-28 15:00:00,259.7156239286376
2026-01-28 16:00:00,260.00180203884696
2026-01-28 17:00:00,259.74898137398367
2026-01-28 18:00:00,259.25404313202046
2026-01-28 19:00:00,258.7749042793524
2026-01-28 20:00:00,258.3110264700455
2026-01-28 21:00:00,257.861891876311
2026-01-28 22:00:00,257.427002266476
2026-01-28 23:00:00,257.0058781333442
2026-01-29 00:00:00,256.59805786962534
2026-01-29 01:00:00,256.24425448333466
2026-01-29 02:00:00,255.9021395254298
2026-01-29 03:00:00,255.5713099080115
2026-01-29 04:00:00,255.2513775607659
2026-01-29 05:00:00,254.94196879748725
2026-01-29 06:00:00,254.64272371419125
2026-01-29 07:00:00,254.35329561692836
2026-01-29 08:00:00,254.0733504775408
2026-01-29 09:00:00,254.21781073884685
2026-01-29 10:00:00,254.8604805182525
2026-01-29 11:00:00,255.86058498455395
2026-01-29 12:00:00,257.0560609263451
2026-01-29 13:00:00,258.2745072109712
2026-01-29 14:00:00,259.3449070835208
2026-01-29 15:00:00,260.10928481825897
2026-01-29 16:00:00,260.43345728650144
2026-01-29 17:00:00,260.21610904006803
2026-01-29 18:00:00,259.7417437005522
2026-01-29 19:00:00,259.2832936196106
2026-01-29 20:00:00,258.8401935601479
2026-01-29 21:00:00,258.41190045918
2026-01-29 22:00:00,257.9978924161109
2026-01-29 23:00:00,257.59766773668827
2026-01-30 00:00:00,257.21074402894294
2026-01-30 01:00:00,256.7899779849938
2026-01-30 02:00:00,256.3823857952067
2026-01-30 03:00:00,255.9875308667092
2026-01-30 04:00:00,255.60499258717547
2026-01-30 05:00:00,255.23436564464558
2026-01-30 06:00:00,254.8752593822567
2026-01-30 07:00:00,254.52729718572562
2026-01-30 08:00:00,254.19011590157865
2026-01-30 09:00:00,254.29323158691676
2026-01-30 10:00:00,254.89684057007807
2026-01-30 11:00:00,255.86081345579683
2026-01-30 12:00:00,257.0234269199591
2026-01-30 13:00:00,258.21229627565873
2026-01-30 14:00:00,259.25610206349774
2026-01-30 15:00:00,259.99627330516296
2026-01-30 16:00:00,260.29778628189166
2026-01-30 17:00:00,260.05830399547966
2026-01-30 18:00:00,259.54771158568906
2026-01-30 19:00:00,259.0533125378983
2026-01-30 20:00:00,258.57455700498406
2026-01-30 21:00:00,258.1109161162267
2026-01-30 22:00:00,257.66188102945154
2026-01-30 23:00:00,257.226962035392
2026-01-31 00:00:00,256.8056877108022
2026-01-31 01:00:00,256.3171737829612
2026-01-31 02:00:00,255.84242420308473
2026-01-31 03:00:00,255.38101858478663
2026-01-31 04:00:00,254.93255122146275
2026-01-31 05:00:00,254.49663046888375
2026-01-31 06:00:00,254.07287815969653
2026-01-31 07:00:00,253.66092904784634
2026-01-31 08:00:00,253.260430281076
2026-01-31 09:00:00,253.3158042030062
2026-01-31 10:00:00,253.87407456739106
2026-01-31 11:00:00,254.79646936637872
2026-01-31 12:00:00,255.92210492134453
2026-01-31 13:00:00,257.07887359489007
2026-01-31 14:00:00,258.095163273215
2026-01-31 15:00:00,258.81157287996507
2026-01-31 16:00:00,259.0917812083629
2026-01-31 17:00:00,258.83178939218976
2026-01-31 18:00:00,258.28582250060475
2026-01-31 19:00:00,257.755395553998
2026-01-31 20:00:00,257.2400249549101
2026-01-31 21:00:00,256.7392445142232
2026-01-31 22:00:00,256.25260468861933
2026-01-31 23:00:00,255.77967185924845
2026-02-01 00:00:00,255.32002764892357
2026-02-01 01:00:00,254.9605877850064
2026-02-01 02:00:00,254.6123368969468
2026-02-01 03:00:00,254.27490932060235
2026-02-01 04:00:00,253.94795242164278
2026-02-01 05:00:00,253.6311260637631
2026-02-01 06:00:00,253.3241021027907
2026-02-01 07:00:00,253.02656390516975
2026-02-01 08:00:00,252.73820588941044
2026-02-01 09:00:00,252.91866220851546
2026-02-01 10:00:00,253.59874302532515
2026-02-01 11:00:00,254.63801982477784
2026-02-01 12:00:00,255.87437547714782
2026-02-01 13:00:00,257.13497473690416
2026-02-01 14:00:00,258.2480319602092
2026-02-01 15:00:00,259.0545359804215
2026-02-01 16:00:00,259.41908811318854
2026-02-01 17:00:00,259.2390755701184
2026-02-01 18:00:00,258.75644428926984
2026-02-01 19:00:00,258.2891034844417
2026-02-01 20:00:00,257.8365365137424
2026-02-01 21:00:00,257.39824623660314
2026-02-01 22:00:00,256.97375414704476
2026-02-01 23:00:00,256.56259955375725
2026-02-02 00:00:00,256.16433880394305
2026-02-02 01:00:00,255.7807910974167
2026-02-02 02:00:00,255.40926011469287
2026-02-02 03:00:00,255.04934947445756
2026-02-02 04:00:00,254.70067711594706
2026-02-02 05:00:00,254.3628747031368
2026-02-02 06:00:00,254.03558705862415
2026-02-02 07:00:00,253.71847162542312
2026-02-02 08:00:00,253.41119795501473
2026-02-02 09:00:00,253.58880468991617
2026-02-02 10:00:00,254.2668466227033
2026-02-02 11:00:00,255.3045951710544
2026-02-02 12:00:00,256.5396282303412
2026-02-02 13:00:00,257.79881994623213
2026-02-02 14:00:00,258.9101272989257
2026-02-02 15:00:00,259.7143317911569
2026-02-02 16:00:00,260.07589069111754
2026-02-02 17:00:00,259.8921189272979
2026-02-02 18:00:00,259.3906786991565
2026-02-02 19:00:00,258.90521386470914
2026-02-02 20:00:00,258.43518052547694
2026-02-02 21:00:00,257.98005553124693
2026-02-02 22:00:00,257.5393355452047
2026-02-02 23:00:00,257.1125361603479
2026-02-03 00:00:00,256.69919106378575
2026-02-03 01:00:00,256.2729206722288
2026-02-03 02:00:00,255.8596164055552
2026-02-03 03:00:00,255.45885916574227
2026-02-03 04:00:00,255.0702449050307
2026-02-03 05:00:00,254.69338399331195
2026-02-03 06:00:00,254.3279006177139
2026-02-03 07:00:00,253.9734322124081
2026-02-03 08:00:00,253.62962891680422
2026-02-03 09:00:00,253.78719506222163
2026-02-03 10:00:00,254.44672344574195
2026-02-03 11:00:00,255.46773440961658
2026-02-03 12:00:00,256.6878762817726
2026-02-03 13:00:00,257.9339130603079
2026-02-03 14:00:00,259.03352148302093
2026-02-03 15:00:00,259.8270551805984
2026-02-03 16:00:00,260.17842876761694
2026-02-03 17:00:00,259.9843404968157
2026-02-03 18:00:00,259.4572665073949
2026-02-03 19:00:00,258.94647104182866
2026-02-03 20:00:00,258.4514126633718
2026-02-03 21:00:00,257.97157034009444
2026-02-03 22:00:00,257.50644252639546
2026-02-03 23:00:00,257.05554629513693
2026-02-04 00:00:00,256.61841651703406
2026-02-04 01:00:00,256.29069693351556
2026-02-04 02:00:00,255.97413800276624
2026-02-04 03:00:00,255.66834512391466
2026-02-04 04:00:00,255.37293863280144
2026-02-04 05:00:00,255.08755316943459
2026-02-04 06:00:00,254.8118370767818
2026-02-04 07:00:00,254.545451829045
2026-02-04 08:00:00,254.28807148769127
2026-02-04 09:00:00,254.54635847841027
2026-02-04 10:00:00,255.30337255315345
2026-02-04 11:00:00,256.4166618778676
2026-02-04 12:00:00,257.722440939987
2026-02-04 13:00:00,259.04666789501186
2026-02-04 14:00:00,260.21688906626576
2026-02-04 15:00:00,261.0740035225108
2026-02-04 16:00:00,261.48309953424496
2026-02-04 17:00:00,261.3425845611352
2026-02-04 18:00:00,260.85225823863635
2026-02-04 19:00:00,260.37896067089434
2026-02-04 20:00:00,259.9220668240675
2026-02-04 21:00:00,259.48097694302754
2026-02-04 22:00:00,259.05511536558885
2026-02-04 23:00:00,258.64392940370755
2026-02-05 00:00:00,258.24688828709054
2026-02-05 01:00:00,257.8909418730054
2026-02-05 02:00:00,257.54759469151514
2026-02-05 03:00:00,257.2163834678705
2026-02-05 04:00:00,256.89686318246237
2026-02-05 05:00:00,256.5886062649841
2026-02-05 06:00:00,256.2912018302603
2026-02-05 07:00:00,256.00425495316586
2026-02-05 08:00:00,255.72738598024762
2026-02-05 09:00:00,255.98338374033938
2026-02-05 10:00:00,256.7386046262455
2026-02-05 11:00:00,257.84973795021017
2026-02-05 12:00:00,259.1523167514777
2026-02-05 13:00:00,260.4718328659048
2026-02-05 14:00:00,261.63560562131704
2026-02-05 15:00:00,262.4845544997678
2026-02-05 16:00:00,262.8840262843218
2026-02-05 17:00:00,262.7328986580394
2026-02-05 18:00:00,262.2165767086707
2026-02-05 19:00:00,261.71886474400134
2026-02-05 20:00:00,261.2390543867363
2026-02-05 21:00:00,260.7764669355678
2026-02-05 22:00:00,260.3304519251627
2026-02-05 23:00:00,259.90038577021113
2026-02-06 00:00:00,259.48567048761987
2026-02-06 01:00:00,259.21284126801885
2026-02-06 02:00:00,258.95119470759096
2026-02-06 03:00:00,258.7002622704032
2026-02-06 04:00:00,258.4595958778297
2026-02-06 05:00:00,258.2287669480236
2026-02-06 06:00:00,258.00736548595216
2026-02-06 07:00:00,257.7949992208988
2026-02-06 08:00:00,257.5912927885555
2026-02-06 09:00:00,257.93545512197625
2026-02-06 10:00:00,258.7745465299695
2026-02-06 11:00:00,259.96239289268885
2026-02-06 12:00:00,261.3325422349879
2026-02-06 13:00:00,262.70949044608517
2026-02-06 14:00:00,263.9205947378717
2026-02-06 15:00:00,264.80781966396165
2026-02-06 16:00:00,265.23846657277556
2026-02-06 17:00:00,265.11411507920207
2026-02-06 18:00:00,264.6081311592541
2026-02-06 19:00:00,264.12330170207537
2026-02-06 20:00:00,263.65870581547705
2026-02-06 21:00:00,263.2134657330283
2026-02-06 22:00:00,262.78674453985724
2026-02-06 23:00:00,262.3777440395971
2026-02-07 00:00:00,261.98570275198193
2026-02-07 01:00:00,261.6810941010556
2026-02-07 02:00:00,261.3901141251508
2026-02-07 03:00:00,261.1121401936847
2026-02-07 04:00:00,260.84657925893924
2026-02-07 05:00:00,260.5928663494474
2026-02-07 06:00:00,260.3504631490566
2026-02-07 07:00:00,260.11885665601847
2026-02-07 08:00:00,259.8975579168896
2026-02-07 09:00:00,260.2423134325231
2026-02-07 10:00:00,261.0814406453992
2026-02-07 11:00:00,262.2667604319418
2026-02-07 12:00:00,263.6304092346239
2026-02-07 13:00:00,264.9961313504751
2026-02-07 14:00:00,266.19121632098074
2026-02-07 15:00:00,267.0582226599844
2026-02-07 16:00:00,267.4656391445021
2026-02-07 17:00:00,267.3167168280275
2026-02-07 18:00:00,266.7713265668749
2026-02-07 19:00:00,266.25076869323925
2026-02-07 20:00:00,265.7538697528872
2026-02-07 21:00:00,265.27951562183415
2026-02-07 22:00:00,264.8266481530105
2026-02-07 23:00:00,264.3942620445232
2026-02-08 00:00:00,263.98140191201446
2026-02-08 01:00:00,263.5646447215257
2026-02-08 02:00:00,263.16616155439965
2026-02-08 03:00:00,262.7851266703996
2026-02-08 04:00:00,262.4207537707825
2026-02-08 05:00:00,262.07229392809097
2026-02-08 06:00:00,261.73903364083384
2026-02-08 07:00:00,261.4202930041328
2026-02-08 08:00:00,261.11542398816704
2026-02-08 09:00:00,261.39688933480994
2026-02-08 10:00:00,262.17657264818195
2026-02-08 11:00:00,263.3064533199206
2026-02-08 12:00:00,264.6186390304808
2026-02-08 13:00:00,265.93665519600734
2026-02-08 14:00:00,267.08739376512347
2026-02-08 15:00:00,267.9128616562557
2026-02-08 16:00:00,268.28087803144473
2026-02-08 17:00:00,268.09395068431803
2026-02-08 18:00:00,267.49544595123723
2026-02-08 19:00:00,266.9235530978509
2026-02-08 20:00:00,266.37703694527494
2026-02-08 21:00:00,265.85472424846563
2026-02-08 22:00:00,265.3555001799289
2026-02-08 23:00:00,264.8783050495163
2026-02-09 00:00:00,264.4221312412809
2026-02-09 01:00:00,263.95340587379957
2026-02-09 02:00:00,263.5044397286023
2026-02-09 03:00:00,263.0743687393983
2026-02-09 04:00:00,262.6623692359605
2026-02-09 05:00:00,262.26765583528055
2026-02-09 06:00:00,261.8894794613031
2026-02-09 07:00:00,261.52712548387655
2026-02-09 08:00:00,261.179911968363
2026-02-09 09:00:00,261.43735324198417
2026-02-09 10:00:00,262.1952495143969
2026-02-09 11:00:00,263.30617812497627
2026-02-09 12:00:00,264.6025257002301
2026-02-09 13:00:00,265.9077683268867
2026-02-09 14:00:00,267.04843341519705
2026-02-09 15:00:00,267.86588304407104
2026-02-09 16:00:00,268.2270656049517
2026-02-09 17:00:00,268.0334619361903
2026-02-09 18:00:00,267.41137471661807
2026-02-09 19:00:00,266.81584885182446
2026-02-09 20:00:00,266.24569404726327
2026-02-09 21:00:00,265.69977814335573
2026-02-09 22:00:00,265.1770238644792
2026-02-09 23:00:00,264.67640578488044
2026-02-10 00:00:00,264.19694749409246
2026-02-10 01:00:00,263.5877092400396
2026-02-10 02:00:00,262.99926589601966
2026-02-10 03:00:00,262.43085460564447
2026-02-10 04:00:00,261.8817441326315
2026-02-10 05:00:00,261.35123329940586
2026-02-10 06:00:00,260.8386495200006
2026-02-10 07:00:00,260.34334742038544
2026-02-10 08:00:00,259.86845393759836
2026-02-10 09:00:00,260.01321581878346
2026-02-10 10:00:00,260.6650557673529
2026-02-10 11:00:00,261.6802588304897
2026-02-10 12:00:00,262.8935677749717
2026-02-10 13:00:00,264.12934429435785
2026-02-10 14:00:00,265.2135105872277
2026-02-10 15:00:00,265.9854153889054
2026-02-10 16:00:00,266.3087669197361
2026-02-10 17:00:00,266.08084590791066
2026-02-10 18:00:00,265.40694877947806
2026-02-10 19:00:00,264.75624321255077
2026-02-10 20:00:00,264.12786528531535
2026-02-10 21:00:00,263.5209878074024
2026-02-10 22:00:00,262.93481844129974
2026-02-10 23:00:00,262.36859794180475
2026-02-11 00:00:00,261.82159850457214
2026-02-11 01:00:00,261.4626714510282
2026-02-11 02:00:00,261.11874812957643
2026-02-11 03:00:00,260.7891834497333
2026-02-11 04:00:00,260.4733615425691
2026-02-11 05:00:00,260.17069431320346
2026-02-11 06:00:00,259.88062007527793
2026-02-11 07:00:00,259.60260226192594
2026-02-11 08:00:00,259.356509917222
2026-02-11 09:00:00,259.7252025292779
2026-02-11 10:00:00,260.5912628620634
2026-02-11 11:00:00,261.80712779475397
2026-02-11 12:00:00,263.2049242986811
2026-02-11 13:00:00,264.6077904545
2026-02-11 14:00:00,265.8418817377282
2026-02-11 15:00:00,266.7481995856825
2026-02-11 16:00:00,267.1933859867117
2026-02-11 17:00:00,267.0787071396835
2026-02-11 18:00:00,266.49780348975946
2026-02-11 19:00:00,265.9416349175569
2026-02-11 20:00:00,265.4090995151818
2026-02-11 21:00:00,264.8991486003649
2026-02-11 22:00:00,264.4107837916359
2026-02-11 23:00:00,263.9430542743008
2026-02-12 00:00:00,263.4950542422641
2026-02-12 01:00:00,262.8326644910857
2026-02-12 02:00:00,262.1901927564916
2026-02-12 03:00:00,261.56697733693153
2026-02-12 04:00:00,260.9623823071814
2026-02-12 05:00:00,260.3757962829016
2026-02-12 06:00:00,259.80663125851294
2026-02-12 07:00:00,259.2543215131592
2026-02-12 08:00:00,258.7555441086501
2026-02-12 09:00:00,258.876889208957
2026-02-12 10:00:00,259.5080536686162
2026-02-12 11:00:00,260.50697278182065
2026-02-12 12:00:00,261.7093279735758
2026-02-12 13:00:00,262.9396662268326
2026-02-12 14:00:00,264.0233504943704
2026-02-12 15:00:00,264.7984859590545
2026-02-12 16:00:00,265.12696104348254
2026-02-12 17:00:00,264.90380851233425
2026-02-12 18:00:00,264.1988376486174
2026-02-12 19:00:00,263.5152128202539
2026-02-12 20:00:00,262.8522158683051
2026-02-12 21:00:00,262.2091571676759
2026-02-12 22:00:00,261.58537422472756
2026-02-12 23:00:00,260.9802303603487
2026-02-13 00:00:00,260.39311347223173
2026-02-13 01:00:00,259.97713073905993
2026-02-13 02:00:00,259.5763007775368
2026-02-13 03:00:00,259.19004764275076
2026-02-13 04:00:00,258.817819023628
2026-02-13 05:00:00,258.45908514580515
2026-02-13 06:00:00,258.11333773467675
2026-02-13 07:00:00,257.78008903465644
2026-02-13 08:00:00,257.5131308573893
2026-02-13 09:00:00,257.8620748764544
2026-02-13 10:00:00,258.7125420515281
2026-02-13 11:00:00,259.9191675058288
2026-02-13 12:00:00,261.3153245078876
2026-02-13 13:00:00,262.72439445848624
2026-02-13 14:00:00,263.9717892267821
2026-02-13 15:00:00,264.89686370851007
2026-02-13 16:00:00,265.3638573790064
2026-02-13 17:00:00,265.27107722023345
2026-02-13 18:00:00,264.67548818242295
2026-02-13 19:00:00,264.1020205444761
2026-02-13 20:00:00,263.54980177005353
2026-02-13 21:00:00,263.017997525615
2026-02-13 22:00:00,262.50580972407244
2026-02-13 23:00:00,262.0124746897354
2026-02-14 00:00:00,261.5372614354751
2026-02-14 01:00:00,261.09380169229206
2026-02-14 02:00:00,260.666865606399
2026-02-14 03:00:00,260.25581003779905
2026-02-14 04:00:00,259.8600189202316
2026-02-14 05:00:00,259.47890196885714
2026-02-14 06:00:00,259.11189346096705
2026-02-14 07:00:00,258.75845108476494
2026-02-14 08:00:00,258.48954597903645
2026-02-14 09:00:00,258.83766629954835
2026-02-14 10:00:00,259.68776642691824
2026-02-14 11:00:00,260.89388328426907
2026-02-14 12:00:00,262.28889428072915
2026-02-14 13:00:00,263.6958157184683
2026-02-14 14:00:00,264.9398454454783
2026-02-14 15:00:00,265.8602855678203
2026-02-14 16:00:00,266.3214827543554
2026-02-14 17:00:00,266.2219983355116
2026-02-14 18:00:00,265.60218131622764
2026-02-14 19:00:00,265.0058883239691
2026-02-14 20:00:00,264.4321711022393
2026-02-14 21:00:00,263.88012383471334
2026-02-14 22:00:00,263.3488809230371
2026-02-14 23:00:00,262.83761490552547
2026-02-15 00:00:00,262.34553450598156
2026-02-15 01:00:00,261.82927000927793
2026-02-15 02:00:00,261.33123597029646
2026-02-15 03:00:00,260.850751096998
2026-02-15 04:00:00,260.3871622106181
2026-02-15 05:00:00,259.93984289691167
2026-02-15 06:00:00,259.5081922354344
2026-02-15 07:00:00,259.091633601416
2026-02-15 08:00:00,258.7785225501948
2026-02-15 09:00:00,259.0842593338185
2026-02-15 10:00:00,259.894856777991
2026-02-15 11:00:00,261.0651026902977
2026-02-15 12:00:00,262.42827307633183
2026-02-15 13:00:00,263.8074094428631
2026-02-15 14:00:00,265.02736616221125
2026-02-15 15:00:00,265.92676384411067
2026-02-15 16:00:00,266.36898419996385
2026-02-15 17:00:00,266.25141449871404
2026-02-15 18:00:00,265.5959251121699
2026-02-15 19:00:00,264.9639624391816
2026-02-15 20:00:00,264.35461985715926
2026-02-15 21:00:00,263.7670301618356
2026-02-15 22:00:00,263.20036352831335
2026-02-15 23:00:00,262.6538256010252
2026-02-16 00:00:00,262.126655702772
2026-02-16 01:00:00,261.6203725306686
2026-02-16 02:00:00,261.1320057535177
2026-02-16 03:00:00,260.66088530976276
2026-02-16 04:00:00,260.2063687491489
2026-02-16 05:00:00,259.76783991314716
2026-02-16 06:00:00,259.34470769130786
2026-02-16 07:00:00,258.9364048482774
2026-02-16 08:00:00,258.6488945497179
2026-02-16 09:00:00,258.9801775868352
2026-02-16 10:00:00,259.8160901038491
2026-02-16 11:00:00,261.01120659662354
2026-02-16 12:00:00,262.39857097197756
2026-02-16 13:00:00,263.8009930350153
2026-02-16 14:00:00,265.0431149973964
2026-02-16 15:00:00,265.9633824990217
2026-02-16 16:00:00,266.42505422851076
2026-02-16 17:00:00,266.32545704721065
2026-02-16 18:00:00,265.6691012972913
2026-02-16 19:00:00,265.0363814319649
2026-02-16 20:00:00,264.4263839112726
2026-02-16 21:00:00,263.8382350131434
2026-02-16 22:00:00,263.27109876964386
2026-02-16 23:00:00,262.7241750339385
2026-02-17 00:00:00,262.19669766797176
2026-02-17 01:00:00,261.4852201385162
2026-02-17 02:00:00,260.7919841872805
2026-02-17 03:00:00,260.11644995384796
2026-02-17 04:00:00,259.45809726701304
2026-02-17 05:00:00,258.81642473310694
2026-02-17 06:00:00,258.1909488768245
2026-02-17 07:00:00,257.58120333094257
2026-02-17 08:00:00,257.11101901033294
2026-02-17 09:00:00,257.26212988417006
2026-02-17 10:00:00,257.9263514067883
2026-02-17 11:00:00,258.96294646113984
2026-02-17 12:00:00,260.2080714152399
2026-02-17 13:00:00,261.4858897627623
2026-02-17 14:00:00,262.6205748961189
2026-02-17 15:00:00,263.4483445468993
2026-02-17 16:00:00,263.8286586195825
2026-02-17 17:00:00,263.65377414592996
2026-02-17 18:00:00,262.9047027517991
2026-02-17 19:00:00,262.1749977957076
2026-02-17 20:00:00,261.4640777425966
2026-02-17 21:00:00,260.77138271160084
2026-02-17 22:00:00,260.09637344914523
2026-02-17 23:00:00,259.4385303626046
2026-02-18 00:00:00,258.79735261026616
2026-02-18 01:00:00,258.4458786487251
2026-02-18 02:00:00,258.10722214346157
2026-02-18 03:00:00,257.78089875163323
2026-02-18 04:00:00,257.466443660912
2026-02-18 05:00:00,257.1634107123333
2026-02-18 06:00:00,256.8713715690405
2026-02-18 07:00:00,256.5899149280593
2026-02-18 08:00:00,256.4608686269775
2026-02-18 09:00:00,256.94682442300945
2026-02-18 10:00:00,257.9327415416526
2026-02-18 11:00:00,259.2723653761411
2026-02-18 12:00:00,260.7980330799913
2026-02-18 13:00:00,262.3320348841434
2026-02-18 14:00:00,263.69873111560395
2026-02-18 15:00:00,264.73655580437435
2026-02-18 16:00:00,265.3090386035882
2026-02-18 17:00:00,265.31405101049995
2026-02-18 18:00:00,264.72162711474476
2026-02-18 19:00:00,264.1513706345451
2026-02-18 20:00:00,263.60240174729495
2026-02-18 21:00:00,263.0738793243179
2026-02-18 22:00:00,262.56499894442675
2026-02-18 23:00:00,262.0749910307967
2026-02-19 00:00:00,261.60311910191837
2026-02-19 01:00:00,261.1052976928334
2026-02-19 02:00:00,260.6248207188479
2026-02-19 03:00:00,260.16104915574255
2026-02-19 04:00:00,259.71336994437553
2026-02-19 05:00:00,259.28119476578803
2026-02-19 06:00:00,258.8639588859308
2026-02-19 07:00:00,258.4611200652406
2026-02-19 08:00:00,258.2324847998451
2026-02-19 09:00:00,258.62282121320607
2026-02-19 10:00:00,259.517928448161
2026-02-19 11:00:00,260.77213467087444
2026-02-19 12:00:00,262.21805716156825
2026-02-19 13:00:00,263.67793996444215
2026-02-19 14:00:00,264.9757710216762
2026-02-19 15:00:00,265.9493096712176
2026-02-19 16:00:00,266.4611542933135
2026-02-19 17:00:00,266.4080524394525
2026-02-19 18:00:00,265.74091326636335
2026-02-19 19:00:00,265.09749239462167
2026-02-19 20:00:00,264.47688204431216
2026-02-19 21:00:00,263.8782137860319
2026-02-19 22:00:00,263.3006565038763
2026-02-19 23:00:00,262.7434144875524
2026-02-20 00:00:00,262.20572564374476
2026-02-20 01:00:00,261.6123321999805
2026-02-20 02:00:00,261.0375350876333
2026-02-20 03:00:00,260.4807017083958
2026-02-20 04:00:00,259.9412241175587
2026-02-20 05:00:00,259.41851786447154
2026-02-20 06:00:00,258.9120209000888
2026-02-20 07:00:00,258.42119254692176
2026-02-20 08:00:00,258.1241005769411
2026-02-20 09:00:00,258.4480233485773
2026-02-20 10:00:00,259.2808111216066
2026-02-20 11:00:00,260.4783404443426
2026-02-20 12:00:00,261.8741801815274
2026-02-20 13:00:00,263.2908744811376
2026-02-20 14:00:00,264.5520498626739
2026-02-20 15:00:00,265.494479118281
2026-02-20 16:00:00,265.9792297617388
2026-02-20 17:00:00,265.90109345218144
2026-02-20 18:00:00,265.1956302466149
2026-02-20 19:00:00,264.50773313720674
2026-02-20 20:00:00,263.8416983805604
2026-02-20 21:00:00,263.19676277905995
2026-02-20 22:00:00,262.5721941466788
2026-02-20 23:00:00,261.96728976735744
2026-02-21 00:00:00,261.38137494811974
2026-02-21 01:00:00,261.04742454860224
2026-02-21 02:00:00,260.72751425659936
2026-02-21 03:00:00,260.42103834173247
2026-02-21 04:00:00,260.1274184942468
2026-02-21 05:00:00,259.84610247591235
2026-02-21 06:00:00,259.57656284628973
2026-02-21 07:00:00,259.31829575941504
2026-02-21 08:00:00,259.2678188510348
2026-02-21 09:00:00,259.8320522984049
2026-02-21 10:00:00,260.89217362855857
2026-02-21 11:00:00,262.29879771309953
2026-02-21 12:00:00,263.8819702497501
2026-02-21 13:00:00,265.46266476105245
2026-02-21 14:00:00,266.8649705649412
2026-02-21 15:00:00,267.92809472780385
2026-02-21 16:00:00,268.5173078306661
2026-02-21 17:00:00,268.53304435533295
2026-02-21 18:00:00,267.9175170878148
2026-02-21 19:00:00,267.3053931934802
2026-02-21 20:00:00,266.7195979599709
2026-02-21 21:00:00,266.15894459476317
2026-02-21 22:00:00,265.6223044693593
2026-02-21 23:00:00,265.10860386513826
2026-02-22 00:00:00,264.616820935941
2026-02-22 01:00:00,265.5181169500231
2026-02-22 02:00:00,266.3137255722992
2026-02-22 03:00:00,267.0159367465151
2026-02-22 04:00:00,267.63563368451327
2026-02-22 05:00:00,268.1824490431398
2026-02-22 06:00:00,268.66490480158984
2026-02-22 07:00:00,269.09053731736225
2026-02-22 08:00:00,269.6815629587479
2026-02-22 09:00:00,270.81621407147213
2026-02-22 10:00:00,272.33698571301943
2026-02-22 11:00:00,274.0692852619991
2026-02-22 12:00:00,275.8322836558692
2026-02-22 13:00:00,277.4503973149791
2026-02-22 14:00:00,278.7645456588031
2026-02-22 15:00:00,279.6423461877273
2026-02-22 16:00:00,279.98649754451696
2026-02-22 17:00:00,279.7407525473168
2026-02-22 18:00:00,278.89308059866346
2026-02-22 19:00:00,278.1052678763657
2026-02-22 20:00:00,277.4115298724372
2026-02-22 21:00:00,276.8005467133642
2026-02-22 22:00:00,276.26238021219575
2026-02-22 23:00:00,275.788300755052
2026-02-23 00:00:00,275.37063689775005
2026-02-23 01:00:00,274.41909262130844
2026-02-23 02:00:00,273.5078241567111
2026-02-23 03:00:00,272.6349882017405
2026-02-23 04:00:00,271.7988376131554
2026-02-23 05:00:00,270.99771537813507
2026-02-23 06:00:00,270.2300490500022
2026-02-23 07:00:00,269.49434560511736
2026-02-23 08:00:00,269.0234334611118
2026-02-23 09:00:00,269.1860575948921
2026-02-23 10:00:00,269.8626315635068
2026-02-23 11:00:00,270.9030027149835
2026-02-23 12:00:00,272.1364099908564
2026-02-23 13:00:00,273.3829600586068
2026-02-23 14:00:00,274.46580824449
2026-02-23 15:00:00,275.22316487783354
2026-02-23 16:00:00,275.51925403412014
2026-02-23 17:00:00,275.25343305230336
2026-02-23 18:00:00,274.366830700523
2026-02-23 19:00:00,273.4577700241767
2026-02-23 20:00:00,272.5870411798757
2026-02-23 21:00:00,271.7529022448618
2026-02-23 22:00:00,270.95370110220847
2026-02-23 23:00:00,270.18786990131
2026-02-24 00:00:00,269.45391993726315
2026-02-24 01:00:00,268.7436095736537
2026-02-24 02:00:00,268.0623461151693
2026-02-24 03:00:00,267.4088675281229
2026-02-24 04:00:00,266.7819726938965
2026-02-24 05:00:00,266.18051796673944
2026-02-24 06:00:00,265.60341396723294
2026-02-24 07:00:00,265.04962259195105
2026-02-24 08:00:00,264.7712253339451
2026-02-24 09:00:00,265.11874858519286
2026-02-24 10:00:00,265.973547613641
2026-02-24 11:00:00,267.18615015188647
2026-02-24 12:00:00,268.58621975963575
2026-02-24 13:00:00,269.99404886851283
2026-02-24 14:00:00,271.23276841716955
2026-02-24 15:00:00,272.1403941897827
2026-02-24 16:00:00,272.58083504438827
2026-02-24 17:00:00,272.4530682037155
2026-02-24 18:00:00,271.6978351359144
2026-02-24 19:00:00,270.895240159522
2026-02-24 20:00:00,270.1257450473485
2026-02-24 21:00:00,269.38788850691014
2026-02-24 22:00:00,268.68028172480416
2026-02-24 23:00:00,268.00160410738744
2026-02-25 00:00:00,267.35059932680724
2026-02-25 01:00:00,266.73257778385926
2026-02-25 02:00:00,266.1398880544035
2026-02-25 03:00:00,265.5714364904603
2026-02-25 04:00:00,265.0261811957841
2026-02-25 05:00:00,264.5031292026981
2026-02-25 06:00:00,264.00133383361685
2026-02-25 07:00:00,263.5198922326992
2026-02-25 08:00:00,263.3299638101672
2026-02-25 09:00:00,263.7630984158783
2026-02-25 10:00:00,264.7005398246159
2026-02-25 11:00:00,265.9926738480114
2026-02-25 12:00:00,267.4690175102306
2026-02-25 13:00:00,268.9497366342372
2026-02-25 14:00:00,270.2578772771163
2026-02-25 15:00:00,271.2314298280934
2026-02-25 16:00:00,271.7343498470698
2026-02-25 17:00:00,271.6657399548954
2026-02-25 18:00:00,270.96654577761313
2026-02-25 19:00:00,270.1991169339528
2026-02-25 20:00:00,269.46356956651385
2026-02-25 21:00:00,268.7584917364726
2026-02-25 22:00:00,268.082541325068
2026-02-25 23:00:00,267.4344419691958
2026-02-26 00:00:00,266.812979284607
2026-02-26 01:00:00,266.19397623304116
2026-02-26 02:00:00,265.5994134992027
2026-02-26 03:00:00,265.02827068277736
2026-02-26 04:00:00,264.4795743654805
2026-02-26 05:00:00,263.9523955994184
2026-02-26 06:00:00,263.4458475572599
2026-02-26 07:00:00,262.9590833316476
2026-02-26 08:00:00,262.782383316138
2026-02-26 09:00:00,263.2285920241543
2026-02-26 10:00:00,264.1797977972579
2026-02-26 11:00:00,265.4869791633588
2026-02-26 12:00:00,266.9799674240282
2026-02-26 13:00:00,268.4789554312548
2026-02-26 14:00:00,269.80673936823365
2026-02-26 15:00:00,270.8008121596495
2026-02-26 16:00:00,271.32443070654244
2026-02-26 17:00:00,271.2758577755207
2026-02-26 18:00:00,270.5951268146496
2026-02-26 19:00:00,269.8254974240597
2026-02-26 20:00:00,269.0867009274206
2026-02-26 21:00:00,268.3774141570014
2026-02-26 22:00:00,267.69637779991825
2026-02-26 23:00:00,267.0423927435902
2026-02-27 00:00:00,266.41431667646924
2026-02-27 01:00:00,265.836599876464
2026-02-27 02:00:00,265.2825492796216
2026-02-27 03:00:00,264.75114736972444
2026-02-27 04:00:00,264.2414243090415
2026-02-27 05:00:00,263.75245538045124
2026-02-27 06:00:00,263.28335859328814
2026-02-27 07:00:00,262.83329244030125
2026-02-27 08:00:00,262.7117246919283
2026-02-27 09:00:00,263.2117304532215
2026-02-27 10:00:00,264.2144017839656
2026-02-27 11:00:00,265.5698926868018
2026-02-27 12:00:00,267.1074369060868
2026-02-27 13:00:00,268.64689700306303
2026-02-27 14:00:00,270.01102802884725
2026-02-27 15:00:00,271.0375722922373
2026-02-27 16:00:00,271.5903069552091
2026-02-27 17:00:00,271.56824663420605
2026-02-27 18:00:00,270.91235235494037
2026-02-27 19:00:00,270.14859973664824
2026-02-27 20:00:00,269.41665936244357
2026-02-27 21:00:00,268.71511957527133
2026-02-27 22:00:00,268.0426385936459
2026-02-27 23:00:00,267.39794044422416
2026-02-28 00:00:00,266.7798111820085
2026-02-28 01:00:00,266.0130068204045
2026-02-28 02:00:00,265.2694165996821
2026-02-28 03:00:00,264.5482515997331
2026-02-28 04:00:00,263.8487549564037
2026-02-28 05:00:00,263.17020023635877
2026-02-28 06:00:00,262.5118899142741
2026-02-28 07:00:00,261.87315394463405
2026-02-28 08:00:00,261.5829072495817
2026-02-28 09:00:00,261.91850216677045
2026-02-28 10:00:00,262.76759376290966
2026-02-28 11:00:00,263.9854132031492
2026-02-28 12:00:00,265.4044820964982
2026-02-28 13:00:00,266.8459748458104
2026-02-28 14:00:00,268.13193024808623
2026-02-28 15:00:00,269.09743635089075
2026-02-28 16:00:00,269.60190583714126
2026-02-28 17:00:00,269.5386274647145
2026-02-28 18:00:00,268.84191753174457
2026-02-28 19:00:00,268.0122337945612
2026-02-28 20:00:00,267.2079289511307
2026-02-28 21:00:00,266.42812437902995
2026-02-28 22:00:00,265.67197816985754
2026-02-28 23:00:00,264.93868320346274
2026-03-01 00:00:00,264.2274653477389
2026-03-01 01:00:00,263.72396981699376
2026-03-01 02:00:00,263.2405303432556
2026-03-01 03:00:00,262.77631205492526
2026-03-01 04:00:00,262.3305176923016
2026-03-01 05:00:00,261.90238568453856
2026-03-01 06:00:00,261.4911883430892
2026-03-01 07:00:00,261.09623016316397
2026-03-01 08:00:00,261.0657931641081
2026-03-01 09:00:00,261.6543970295116
2026-03-01 10:00:00,262.7436992620258
2026-03-01 11:00:00,264.18418414084266
2026-03-01 12:00:00,265.805182589164
2026-03-01 13:00:00,267.4264370858306
2026-03-01 14:00:00,268.8703946341785
2026-03-01 15:00:00,269.9743428143451
2026-03-01 16:00:00,270.6015079497167
2026-03-01 17:00:00,270.650313785804
2026-03-01 18:00:00,270.06114756391
2026-03-01 19:00:00,269.32244017143273
2026-03-01 20:00:00,268.61380987548216
2026-03-01 21:00:00,267.93395142971406
2026-03-01 22:00:00,267.2816228152756
2026-03-01 23:00:00,266.65564163648213
2026-03-02 00:00:00,266.0548817661988
2026-03-02 01:00:00,265.52963802487034
2026-03-02 02:00:00,265.0270539940758
2026-03-02 03:00:00,264.54611262914153
2026-03-02 04:00:00,264.08584592683474
2026-03-02 05:00:00,263.64533226723614
2026-03-02 06:00:00,263.22369392491225
2026-03-02 07:00:00,262.82009473647497
2026-03-02 08:00:00,262.8021668372135
2026-03-02 09:00:00,263.4034051792635
2026-03-02 10:00:00,264.50333903616473
2026-03-02 11:00:00,265.9507679542105
2026-03-02 12:00:00,267.5738753106351
2026-03-02 13:00:00,269.1918533476013
2026-03-02 14:00:00,270.62721660727925
2026-03-02 15:00:00,271.7179156999995
2026-03-02 16:00:00,272.3283710067003
2026-03-02 17:00:00,272.3586291985599
2026-03-02 18:00:00,271.7509975205198
2026-03-02 19:00:00,270.97726178344647
2026-03-02 20:00:00,270.23758013656794
2026-03-02 21:00:00,269.5303646787912
2026-03-02 22:00:00,268.8541094060197
2026-03-02 23:00:00,268.20738528975716
2026-03-03 00:00:00,267.5888357129671
2026-03-03 01:00:00,266.8873493082285
2026-03-03 02:00:00,266.21128318957966
2026-03-03 03:00:00,265.5596442844922
2026-03-03 04:00:00,264.93148354856135
2026-03-03 05:00:00,264.3258936298267
2026-03-03 06:00:00,263.74200668497235
2026-03-03 07:00:00,263.1789923354937
2026-03-03 08:00:00,263.0240542311692
2026-03-03 09:00:00,263.4935698411866
2026-03-03 10:00:00,264.4711992470309
2026-03-03 11:00:00,265.80887038463817
2026-03-03 12:00:00,267.3367020954208
2026-03-03 13:00:00,268.8745177449389
2026-03-03 14:00:00,270.2441371370588
2026-03-03 15:00:00,271.2815623462372
2026-03-03 16:00:00,271.84817280840394
2026-03-03 17:00:00,271.8401204083349
2026-03-03 18:00:00,271.1952606423377
2026-03-03 19:00:00,270.3618711270708
2026-03-03 20:00:00,269.55914460248914
2026-03-03 21:00:00,268.78584883103144
2026-03-03 22:00:00,268.0408087971213
2026-03-03 23:00:00,267.3229034750298
2026-03-04 00:00:00,266.63106282203637
2026-03-04 01:00:00,265.9207272065062
2026-03-04 02:00:00,265.23413779489744
2026-03-04 03:00:00,264.57042725319366
2026-03-04 04:00:00,263.9287648671002
2026-03-04 05:00:00,263.3083546612039
2026-03-04 06:00:00,262.70843363733667
2026-03-04 07:00:00,262.12827012304507
2026-03-04 08:00:00,261.9748115122725
2026-03-04 09:00:00,262.44583361306826
2026-03-04 10:00:00,263.42667664020263
2026-03-04 11:00:00,264.7705364385019
2026-03-04 12:00:00,266.30831835083205
2026-03-04 13:00:00,267.86011254708376
2026-03-04 14:00:00,269.2474826371252
2026-03-04 15:00:00,270.3056845624292
2026-03-04 16:00:00,270.894929335669
2026-03-04 17:00:00,270.9098754123713
2026-03-04 18:00:00,270.2866790774608
2026-03-04 19:00:00,269.4528990433471
2026-03-04 20:00:00,268.6474586782651
2026-03-04 21:00:00,267.86929083638955
2026-03-04 22:00:00,267.11737566418714
2026-03-04 23:00:00,266.3907380138666
2026-03-05 00:00:00,265.6884450321579
2026-03-05 01:00:00,265.0124004593889
2026-03-05 02:00:00,264.35896914326463
2026-03-05 03:00:00,263.7273285580963
2026-03-05 04:00:00,263.11669054095717
2026-03-05 05:00:00,262.52629955502414
2026-03-05 06:00:00,261.9554310609972
2026-03-05 07:00:00,261.40338998849126
2026-03-05 08:00:00,261.2968843521046
2026-03-05 09:00:00,261.8138133361782
2026-03-05 10:00:00,262.83943698220713
2026-03-05 11:00:00,264.22684193799813
2026-03-05 12:00:00,265.8068095670423
2026-03-05 13:00:00,267.39930603321255
2026-03-05 14:00:00,268.8257852515394
2026-03-05 15:00:00,269.921420760132
2026-03-05 16:00:00,270.546379167366
2026-03-05 17:00:00,270.59532013230563
2026-03-05 18:00:00,270.0044506158186
2026-03-05 19:00:00,269.1823749753691
2026-03-05 20:00:00,268.3883381481522
2026-03-05 21:00:00,267.621283024524
2026-03-05 22:00:00,266.8801992678523
2026-03-05 23:00:00,266.1641207658611
2026-03-06 00:00:00,265.4721232540027
2026-03-06 01:00:00,264.8666741216564
2026-03-06 02:00:00,264.28364846543974
2026-03-06 03:00:00,263.72216312102876
2026-03-06 04:00:00,263.1813736180528
2026-03-06 05:00:00,262.6604721926596
2026-03-06 06:00:00,262.15868592384396
2026-03-06 07:00:00,261.67527498424096
2026-03-06 08:00:00,261.65670045370354
2026-03-06 09:00:00,262.2592025615854
2026-03-06 10:00:00,263.36576421885445
2026-03-06 11:00:00,264.82765199400154
2026-03-06 12:00:00,266.47440141077055
2026-03-06 13:00:00,268.12538661662205
2026-03-06 14:00:00,269.6021580830072
2026-03-06 15:00:00,270.74066052096777
2026-03-06 16:00:00,271.4024438122426
2026-03-06 17:00:00,271.4840563258391
2026-03-06 18:00:00,270.92395671449196
2026-03-06 19:00:00,270.11403975628474
2026-03-06 20:00:00,269.3347927448854
2026-03-06 21:00:00,268.58495634136585
2026-03-06 22:00:00,267.86333037286494
2026-03-06 23:00:00,267.16877048065936
2026-03-07 00:00:00,266.50018500180914
2026-03-07 01:00:00,265.7504865743984
2026-03-07 02:00:00,265.0238453182855
2026-03-07 03:00:00,264.31946998968493
2026-03-07 04:00:00,263.6366015772002
2026-03-07 05:00:00,262.9745116715391
2026-03-07 06:00:00,262.3325009375532
2026-03-07 07:00:00,261.7098976808954
2026-03-07 08:00:00,261.573082704975
2026-03-07 09:00:00,262.06121825365693
2026-03-07 10:00:00,263.061111676748
2026-03-07 11:00:00,264.4269865808863
2026-03-07 12:00:00,265.99028288560567
2026-03-07 13:00:00,267.57111096702664
2026-03-07 14:00:00,268.99055437060457
2026-03-07 15:00:00,270.08293785428515
2026-03-07 16:00:00,270.70717098928964
2026-03-07 17:00:00,270.7563468455213
2026-03-07 18:00:00,270.16491562133837
2026-03-07 19:00:00,269.3012530973222
2026-03-07 20:00:00,268.46463758603977
2026-03-07 21:00:00,267.6541102529142
2026-03-07 22:00:00,266.8687533007076
2026-03-07 23:00:00,266.1076877643192
2026-03-08 00:00:00,265.37007145289095
2026-03-08 01:00:00,264.76720340277166
2026-03-08 02:00:00,264.1866128625145
2026-03-08 03:00:00,263.6274244159788
2026-03-08 04:00:00,263.08880091277706
2026-03-08 05:00:00,262.5699415074601
2026-03-08 06:00:00,262.07007982051726
2026-03-08 07:00:00,261.58848221206074
2026-03-08 08:00:00,261.61138515472743
2026-03-08 09:00:00,262.25469991432385
2026-03-08 10:00:00,263.40134750341514
2026-03-08 11:00:00,264.90246735716596
2026-03-08 12:00:00,266.5874183241381
2026-03-08 13:00:00,268.2753674138117
2026-03-08 14:00:00,269.7876486304687
2026-03-08 15:00:00,270.96000244530927
2026-03-08 16:00:00,271.65380691776664
2026-03-08 17:00:00,271.7654880996276
2026-03-08 18:00:00,271.233444371682
2026-03-08 19:00:00,270.41097767653866
2026-03-08 20:00:00,269.61963966900345
2026-03-08 21:00:00,268.8581509790081
2026-03-08 22:00:00,268.12529252160425
2026-03-08 23:00:00,267.41990206524247
2026-03-09 00:00:00,266.7408710405138
2026-03-09 01:00:00,266.1150001303562
2026-03-09 02:00:00,265.51345934891253
2026-03-09 03:00:00,264.9352462149394
2026-03-09 04:00:00,264.37940396470935
2026-03-09 05:00:00,263.84501912127297
2026-03-09 06:00:00,263.3312192198841
2026-03-09 07:00:00,262.8371706774855
2026-03-09 08:00:00,262.86897834242285
2026-03-09 09:00:00,263.52119740350815
2026-03-09 10:00:00,264.67550992516044
2026-03-09 11:00:00,266.18206095881726
2026-03-09 12:00:00,267.8695174207199
2026-03-09 13:00:00,269.5566959006753
2026-03-09 14:00:00,271.0649378642612
2026-03-09 15:00:00,272.23034058121897
2026-03-09 16:00:00,272.91495467788127
2026-03-09 17:00:00,273.016138166899
2026-03-09 18:00:00,272.4734060365214
2026-03-09 19:00:00,271.62184158851466
2026-03-09 20:00:00,270.8041328488615
2026-03-09 21:00:00,270.01882466177295
2026-03-09 22:00:00,269.2645331404749
2026-03-09 23:00:00,268.53994147383685
2026-03-10 00:00:00,267.8437960360192
2026-03-10 01:00:00,267.1484159891952
2026-03-10 02:00:00,266.4789676823514
2026-03-10 03:00:00,265.8344134075376
2026-03-10 04:00:00,265.21376227285833
2026-03-10 05:00:00,264.61606769148443
2026-03-10 06:00:00,264.0404250352312
2026-03-10 07:00:00,263.4859694396898
2026-03-10 08:00:00,263.47878133362616
2026-03-10 09:00:00,264.0938450981356
2026-03-10 10:00:00,265.2137518305261
2026-03-10 11:00:00,266.68931344695307
2026-03-10 12:00:00,268.34957871136777
2026-03-10 13:00:00,270.0134377600496
2026-03-10 14:00:00,271.50199577795917
2026-03-10 15:00:00,272.65082456595667
2026-03-10 16:00:00,273.32120140401224
2026-03-10 17:00:00,273.4095217843841
2026-03-10 18:00:00,272.8542203869308
2026-03-10 19:00:00,271.969747526426
2026-03-10 20:00:00,271.1189447930957
2026-03-10 21:00:00,270.300412069383
2026-03-10 22:00:00,269.51281652798997
2026-03-10 23:00:00,268.75488869735267
2026-03-11 00:00:00,268.02541881105486
2026-03-11 01:00:00,267.21337082927226
2026-03-11 02:00:00,266.42566208757506
2026-03-11 03:00:00,265.6614655521742
2026-03-11 04:00:00,264.9199881699992
2026-03-11 05:00:00,264.2004691142114
2026-03-11 06:00:00,263.502178142333
2026-03-11 07:00:00,262.824414058342
2026-03-11 08:00:00,262.7134541157003
2026-03-11 09:00:00,263.22805650038566
2026-03-11 10:00:00,264.25531058870394
2026-03-11 11:00:00,265.6495248466415
2026-03-11 12:00:00,267.24202753523144
2026-03-11 13:00:00,268.85263590610316
2026-03-11 14:00:00,270.30198738599046
2026-03-11 15:00:00,271.42384715244657
2026-03-11 16:00:00,272.07649883442707
2026-03-11 17:00:00,272.1523936872296
2026-03-11 18:00:00,271.5853738219662
2026-03-11 19:00:00,270.66540443922645
2026-03-11 20:00:00,269.7735162987796
2026-03-11 21:00:00,268.90872393296416
2026-03-11 22:00:00,268.07008433375614
2026-03-11 23:00:00,267.2566946338204
2026-03-12 00:00:00,266.46768994508426
2026-03-12 01:00:00,265.7668206075439
2026-03-12 02:00:00,265.0895334302426
2026-03-12 03:00:00,264.4349634879407
2026-03-12 04:00:00,263.8022824109536
2026-03-12 05:00:00,263.19069651069753
2026-03-12 06:00:00,262.5994450237243
2026-03-12 07:00:00,262.0277984652225
2026-03-12 08:00:00,262.0420821648732
2026-03-12 09:00:00,262.67851551898025
2026-03-12 10:00:00,263.82186420767533
2026-03-12 11:00:00,265.3245738888941
2026-03-12 12:00:00,267.016697724391
2026-03-12 13:00:00,268.7174529811708
2026-03-12 14:00:00,270.24759259099613
2026-03-12 15:00:00,271.4417020221141
2026-03-12 16:00:00,272.15952831965836
2026-03-12 17:00:00,272.2955211488924
2026-03-12 18:00:00,271.78590990852473
2026-03-12 19:00:00,270.9036064021781
2026-03-12 20:00:00,270.0517117765012
2026-03-12 21:00:00,269.22906046616754
2026-03-12 22:00:00,268.43453973707057
2026-03-12 23:00:00,267.66708672044035
2026-03-13 00:00:00,266.9256856534927
2026-03-13 01:00:00,266.2732234098685
2026-03-13 02:00:00,265.64535497576867
2026-03-13 03:00:00,265.0410915410464
2026-03-13 04:00:00,264.4594887202881
2026-03-13 05:00:00,263.8996442015514
2026-03-13 06:00:00,263.36069554641824
2026-03-13 07:00:00,262.84181812961293
2026-03-13 08:00:00,262.9293472708433
2026-03-13 09:00:00,263.6365228901213
2026-03-13 10:00:00,264.8455998831007
2026-03-13 11:00:00,266.4070464644619
2026-03-13 12:00:00,268.1495969050262
2026-03-13 13:00:00,269.8918903495979
2026-03-13 14:00:00,271.4548738539569
2026-03-13 15:00:00,272.6740760680967
2026-03-13 16:00:00,273.4108590720289
2026-03-13 17:00:00,273.5618336934479
2026-03-13 18:00:00,273.0657723050813
2026-03-13 19:00:00,272.1786016703629
2026-03-13 20:00:00,271.3257138271935
2026-03-13 21:00:00,270.5056648284905
2026-03-13 22:00:00,269.717080810943
2026-03-13 23:00:00,268.95865386694777
2026-03-14 00:00:00,268.22913821638053
2026-03-14 01:00:00,267.46087152389924
2026-03-14 02:00:00,266.71825434813576
2026-03-14 03:00:00,266.00034335581006
2026-03-14 04:00:00,265.30623575022184
2026-03-14 05:00:00,264.6350671334937
2026-03-14 06:00:00,263.98600950832423
2026-03-14 07:00:00,263.35826940830304
2026-03-14 08:00:00,263.35832772747676
2026-03-14 09:00:00,263.9815273318701
2026-03-14 10:00:00,265.1127289630094
2026-03-14 11:00:00,266.6044034920915
2026-03-14 12:00:00,268.2865565755038
2026-03-14 13:00:00,269.9782884562155
2026-03-14 14:00:00,271.5001744058631
2026-03-14 15:00:00,272.686575136248
2026-03-14 16:00:00,273.39698255533466
2026-03-14 17:00:00,273.52557902428305
2026-03-14 18:00:00,273.0083325877546
2026-03-14 19:00:00,272.0784186981595
2026-03-14 20:00:00,271.1802425152275
2026-03-14 21:00:00,270.3125890985995
2026-03-14 22:00:00,269.4742990723788
2026-03-14 23:00:00,268.6642654553085
2026-03-15 00:00:00,267.88143071555726
2026-03-15 01:00:00,267.1532668212486
2026-03-15 02:00:00,266.45074833755604
2026-03-15 03:00:00,265.7728943034086
2026-03-15 04:00:00,265.11876678409516
2026-03-15 05:00:00,264.4874685914028
2026-03-15 06:00:00,263.8781411524421
2026-03-15 07:00:00,263.2899625154742
2026-03-15 08:00:00,263.34951692524163
2026-03-15 09:00:00,264.03037360743485
2026-03-15 10:00:00,265.21624462589267
2026-03-15 11:00:00,266.758682533868
2026-03-15 12:00:00,268.4870674230951
2026-03-15 13:00:00,270.2202096783617
2026-03-15 14:00:00,271.7787500972898
2026-03-15 15:00:00,272.99746460474984
2026-03-15 16:00:00,273.7365789143085
2026-03-15 17:00:00,273.8912734833804
2026-03-15 18:00:00,273.398705485402
2026-03-15 19:00:00,272.47351515868314
2026-03-15 20:00:00,271.5817029329637
2026-03-15 21:00:00,270.72193423345874
2026-03-15 22:00:00,269.8929373215489
2026-03-15 23:00:00,269.0934996415416
2026-03-16 00:00:00,268.322464430721
2026-03-16 01:00:00,267.68760845771214
2026-03-16 02:00:00,267.07986925674936
2026-03-16 03:00:00,266.4980299313175
2026-03-16 04:00:00,265.9409332012377
2026-03-16 05:00:00,265.4074780518241
2026-03-16 06:00:00,264.89661660811066
2026-03-16 07:00:00,264.4073512159474
2026-03-16 08:00:00,264.5862391973703
2026-03-16 09:00:00,265.38113400463413
2026-03-16 10:00:00,266.6712019751511
2026-03-16 11:00:00,268.3044882793643
2026-03-16 12:00:00,270.10812240241177
2026-03-16 13:00:00,271.90005667098245
2026-03-16 14:00:00,273.5015063163386
2026-03-16 15:00:00,274.74919254924845
2026-03-16 16:00:00,275.5064969073018
2026-03-16 17:00:00,275.67271905301044
2026-03-16 18:00:00,275.1897844791533
2026-03-16 19:00:00,274.2575201678485
2026-03-16 20:00:00,273.3660757387683
2026-03-16 21:00:00,272.51353132221095
2026-03-16 22:00:00,271.69806900699734
2026-03-16 23:00:00,270.91796639178375
2026-03-17 00:00:00,270.17159063530084
2026-03-17 01:00:00,269.35883901859273
2026-03-17 02:00:00,268.57478293527157
2026-03-17 03:00:00,267.81831078836353
2026-03-17 04:00:00,267.08836103598975
2026-03-17 05:00:00,266.38391943629466
2026-03-17 06:00:00,265.70401647980964
2026-03-17 07:00:00,265.04772499390907
2026-03-17 08:00:00,265.08180146637216
2026-03-17 09:00:00,265.73841178818327
2026-03-17 10:00:00,266.90117566745124
2026-03-17 11:00:00,268.4215396810926
2026-03-17 12:00:00,270.1287668882085
2026-03-17 13:00:00,271.84154445439225
2026-03-17 14:00:00,273.38039020349873
2026-03-17 15:00:00,274.57996425756943
2026-03-17 16:00:00,275.30038997313625
2026-03-17 17:00:00,275.43676357614476
2026-03-17 18:00:00,274.9261786967527
2026-03-17 19:00:00,273.94344405000373
2026-03-17 20:00:00,272.9961429488939
2026-03-17 21:00:00,272.08284908476213
2026-03-17 22:00:00,271.2022043666786
2026-03-17 23:00:00,270.35291486635805
2026-03-18 00:00:00,269.5337470622966
2026-03-18 01:00:00,268.7109660860821
2026-03-18 02:00:00,267.9151622187775
2026-03-18 03:00:00,267.1453501377461
2026-03-18 04:00:00,266.4005871608208
2026-03-18 05:00:00,265.6799709578871
2026-03-18 06:00:00,264.98263741484334
2026-03-18 07:00:00,264.3193623763221
2026-03-18 08:00:00,264.3535465284313
2026-03-18 09:00:00,265.01047908530506
2026-03-18 10:00:00,266.17532698652514
2026-03-18 11:00:00,267.7007328487153
2026-03-18 12:00:00,269.41673525115067
2026-03-18 13:00:00,271.14233435101085
2026-03-18 14:00:00,272.6978879524695
2026-03-18 15:00:00,273.9174459311017
2026-03-18 16:00:00,274.66012607049174
2026-03-18 17:00:00,274.81970659633026
2026-03-18 18:00:00,274.3317549022854
2026-03-18 19:00:00,273.3495138726741
2026-03-18 20:00:00,272.400218690612
2026-03-18 21:00:00,271.4826158062026
2026-03-18 22:00:00,270.5955093964458
2026-03-18 23:00:00,269.73775802197105
2026-03-19 00:00:00,268.90827152451186
2026-03-19 01:00:00,268.0765534607917
2026-03-19 02:00:00,267.2702850073472
2026-03-19 03:00:00,266.48858456875263
2026-03-19 04:00:00,265.73060742069293
2026-03-19 05:00:00,264.99554377387346
2026-03-19 06:00:00,264.28261696430565
2026-03-19 07:00:00,263.62269202610923
2026-03-19 08:00:00,263.65878089136277
2026-03-19 09:00:00,264.31773903383413
2026-03-19 10:00:00,265.48608117428915
2026-03-19 11:00:00,267.01749934979057
2026-03-19 12:00:00,268.7427213865031
2026-03-19 13:00:00,270.4810381029615
2026-03-19 14:00:00,272.0526881542747
2026-03-19 15:00:00,273.29121009970527
2026-03-19 16:00:00,274.05486393448115
2026-03-19 17:00:00,274.23629396611494
2026-03-19 18:00:00,273.769746834115
2026-03-19 19:00:00,272.78708241946543
2026-03-19 20:00:00,271.83523446167203
2026-03-19 21:00:00,270.9130880421052
2026-03-19 22:00:00,270.01957794670284
2026-03-19 23:00:00,269.15368585161696
2026-03-20 00:00:00,268.3144377070527
2026-03-20 01:00:00,267.4598573744824
2026-03-20 02:00:00,266.62895714939066
2026-03-20 03:00:00,265.8209722832422
2026-03-20 04:00:00,265.03516876359726
2026-03-20 05:00:00,264.2708417379638
2026-03-20 06:00:00,263.5273140381554
2026-03-20 07:00:00,262.8555650879618
2026-03-20 08:00:00,262.8783086475939
2026-03-20 09:00:00,263.52445953602336
2026-03-20 10:00:00,264.6823221802894
2026-03-20 11:00:00,266.20699883885504
2026-03-20 12:00:00,267.93016132401374
2026-03-20 13:00:00,269.67152187952854
2026-03-20 14:00:00,271.2511974738276
2026-03-20 15:00:00,272.50207971633637
2026-03-20 16:00:00,273.2813119949667
2026-03-20 17:00:00,273.48004163434604
2026-03-20 18:00:00,273.03075368701275
2026-03-20 19:00:00,272.04341620154906
2026-03-20 20:00:00,271.0841640999546
2026-03-20 21:00:00,270.1520486972939
2026-03-20 22:00:00,269.24616189358386
2026-03-20 23:00:00,268.3656339420155
2026-03-21 00:00:00,267.5096313696239
2026-03-21 01:00:00,266.70917008962465
2026-03-21 02:00:00,265.9324367715906
2026-03-21 03:00:00,265.17863360151824
2026-03-21 04:00:00,264.4469952205348
2026-03-21 05:00:00,263.73678706526346
2026-03-21 06:00:00,263.0473038136967
2026-03-21 07:00:00,262.4495257999724
2026-03-21 08:00:00,262.54547951699317
2026-03-21 09:00:00,263.2627203576874
2026-03-21 10:00:00,264.4883502438886
2026-03-21 11:00:00,266.0765087004308
2026-03-21 12:00:00,267.8582122440204
2026-03-21 13:00:00,269.65287225867854
2026-03-21 14:00:00,271.2806815330022
2026-03-21 15:00:00,272.57497943021104
2026-03-21 16:00:00,273.3936972346385
2026-03-21 17:00:00,273.6290537291864
2026-03-21 18:00:00,273.2148120201027
2026-03-21 19:00:00,272.2423189125871
2026-03-21 20:00:00,271.29951629665794
2026-03-21 21:00:00,270.3853526557851
2026-03-21 22:00:00,269.4988226158551
2026-03-21 23:00:00,268.63896436658956
2026-03-22 00:00:00,267.804857262167
2026-03-22 01:00:00,266.9893940532525
2026-03-22 02:00:00,266.1978057319486
2026-03-22 03:00:00,265.4292950123677
2026-03-22 04:00:00,264.6830970184206
2026-03-22 05:00:00,263.95847762181324
2026-03-22 06:00:00,263.25473188602905
2026-03-22 07:00:00,262.66286967771134
2026-03-22 08:00:00,262.7643598565387
2026-03-22 09:00:00,263.487029927084
2026-03-22 10:00:00,264.71821611637864
2026-03-22 11:00:00,266.3122404871025
2026-03-22 12:00:00,268.10023978895896
2026-03-22 13:00:00,269.90167713229556
2026-03-22 14:00:00,271.5367272096841
2026-03-22 15:00:00,272.8386451476029
2026-03-22 16:00:00,273.66522018065416
2026-03-22 17:00:00,273.9084834327935
2026-03-22 18:00:00,273.5019797418593
2026-03-22 19:00:00,272.5167987158916
2026-03-22 20:00:00,271.5613365651218
2026-03-22 21:00:00,270.6345475417082
2026-03-22 22:00:00,269.7354317409758
2026-03-22 23:00:00,268.8630325356174
2026-03-23 00:00:00,268.01643418845
2026-03-23 01:00:00,267.26258469411266
2026-03-23 02:00:00,266.5342469183063
2026-03-23 03:00:00,265.8304739196808
2026-03-23 04:00:00,265.1503595940426
2026-03-23 05:00:00,264.4930365227784
2026-03-23 06:00:00,263.8576739613662
2026-03-23 07:00:00,263.3551879049625
2026-03-23 08:00:00,263.5458055000702
2026-03-23 09:00:00,264.35415848271606
2026-03-23 10:00:00,265.66480291239674
2026-03-23 11:00:00,267.32987672708424
2026-03-23 12:00:00,269.1790722163084
2026-03-23 13:00:00,271.03124250458535
2026-03-23 14:00:00,272.7068239512956
2026-03-23 15:00:00,274.04018004825053
2026-03-23 16:00:00,274.8909686877517
2026-03-23 17:00:00,275.1537082611463
2026-03-23 18:00:00,274.7648637450806
2026-03-23 19:00:00,273.77863378336485
2026-03-23 20:00:00,272.8268207034459
2026-03-23 21:00:00,271.9080735831329
2026-03-23 22:00:00,271.02110506278353
2026-03-23 23:00:00,270.1646876063959
2026-03-24 00:00:00,269.3376500359707
2026-03-24 01:00:00,268.6573937099398
2026-03-24 02:00:00,268.00620387495627
2026-03-24 03:00:00,267.38277073008567
2026-03-24 04:00:00,266.78584929517814
2026-03-24 05:00:00,266.21425570390437
2026-03-24 06:00:00,265.66686375145395
2026-03-24 07:00:00,265.27432825045554
2026-03-24 08:00:00,265.5747116945732
2026-03-24 09:00:00,266.48644636338366
2026-03-24 10:00:00,267.88879693379374
2026-03-24 11:00:00,269.62984824936075
2026-03-24 12:00:00,271.5367315849111
2026-03-24 13:00:00,273.42738655689436
2026-03-24 14:00:00,275.1230252450614
2026-03-24 15:00:00,276.4603975705715
2026-03-24 16:00:00,277.30296360217875
2026-03-24 17:00:00,277.5501627132809
2026-03-24 18:00:00,277.1441246277852
2026-03-24 19:00:00,276.1250062899459
2026-03-24 20:00:00,275.15068932219316
2026-03-24 21:00:00,274.2190437058235
2026-03-24 22:00:00,273.3280548883604
2026-03-24 23:00:00,272.47581625851643
2026-03-25 00:00:00,271.66052222369177
2026-03-25 01:00:00,270.82262239559117
2026-03-25 02:00:00,270.01654846591373
2026-03-25 03:00:00,269.24098624853065
2026-03-25 04:00:00,268.49468387232827
2026-03-25 05:00:00,267.7764482065932
2026-03-25 06:00:00,267.08514153894606
2026-03-25 07:00:00,266.5714035079405
2026-03-25 08:00:00,266.7531041574179
2026-03-25 09:00:00,267.5519804368706
2026-03-25 10:00:00,268.850117479885
2026-03-25 11:00:00,270.49774904367297
2026-03-25 12:00:00,272.3233399835536
2026-03-25 13:00:00,274.14526013793767
2026-03-25 14:00:00,275.78422428740555
2026-03-25 15:00:00,277.0756001780506
2026-03-25 16:00:00,277.88068749450156
2026-03-25 17:00:00,278.0961492739123
2026-03-25 18:00:00,277.6609275943695
2026-03-25 19:00:00,276.5917910482443
2026-03-25 20:00:00,275.56428873545246
2026-03-25 21:00:00,274.5766207028455
2026-03-25 22:00:00,273.6270788383681
2026-03-25 23:00:00,272.71404107404317
2026-03-26 00:00:00,271.835966042756
2026-03-26 01:00:00,270.97163851302264
2026-03-26 02:00:00,270.13863402902075
2026-03-26 03:00:00,269.33570492876385
2026-03-26 04:00:00,268.5616614557506
2026-03-26 05:00:00,267.8153684675817
2026-03-26 06:00:00,267.0957423759698
2026-03-26 07:00:00,266.5734496755446
2026-03-26 08:00:00,266.74587991115504
2026-03-26 09:00:00,267.5360336509563
2026-03-26 10:00:00,268.82708601035245
2026-03-26 11:00:00,270.47012090554443
2026-03-26 12:00:00,272.294162264783
2026-03-26 13:00:00,274.1178159973742
2026-03-26 14:00:00,275.76170042109993
2026-03-26 15:00:00,277.060768364334
2026-03-26 16:00:00,277.87562298431385
2026-03-26 17:00:00,278.10200587586905
2026-03-26 18:00:00,277.67778461958744
2026-03-26 19:00:00,276.59857488581827
2026-03-26 20:00:00,275.55948461329666
2026-03-26 21:00:00,274.55883984170816
2026-03-26 22:00:00,273.5950501356081
2026-03-26 23:00:00,272.66660338163956
2026-03-27 00:00:00,271.7720609883548
2026-03-27 01:00:00,270.93333512538015
2026-03-27 02:00:00,270.1267368037781
2026-03-27 03:00:00,269.3509297860086
2026-03-27 04:00:00,268.60464154531195
2026-03-27 05:00:00,267.8866595963633
2026-03-27 06:00:00,267.19582808605526
2026-03-27 07:00:00,266.72269434876006
2026-03-27 08:00:00,266.94338456524673
2026-03-27 09:00:00,267.7794899143663
2026-03-27 10:00:00,269.1129853424363
2026-03-27 11:00:00,270.79404246265216
2026-03-27 12:00:00,272.6511213311334
2026-03-27 13:00:00,274.5026497162765
2026-03-27 14:00:00,276.1694639588972
2026-03-27 15:00:00,277.48711310496617
2026-03-27 16:00:00,278.3171292243224
2026-03-27 17:00:00,278.5564458391222
2026-03-27 18:00:00,278.1442971577102
2026-03-27 19:00:00,277.06613660675566
2026-03-27 20:00:00,276.0219927504343
2026-03-27 21:00:00,275.018726812057
2026-03-27 22:00:00,274.05456880778445
2026-03-27 23:00:00,273.1278387780576
2026-03-28 00:00:00,272.2369411433254
2026-03-28 01:00:00,271.4262026434923
2026-03-28 02:00:00,270.6500348779815
2026-03-28 03:00:00,269.9068653617254
2026-03-28 04:00:00,269.19520154986077
2026-03-28 05:00:00,268.51362604868433
2026-03-28 06:00:00,267.86079217557705
2026-03-28 07:00:00,267.4469840130243
2026-03-28 08:00:00,267.7264009507018
2026-03-28 09:00:00,268.61764156580597
2026-03-28 10:00:00,270.0001501478548
2026-03-28 11:00:00,271.72218737201706
2026-03-28 12:00:00,273.6110413645707
2026-03-28 13:00:00,275.4847773176552
2026-03-28 14:00:00,277.16469265432863
2026-03-28 15:00:00,278.48757673451917
2026-03-28 16:00:00,279.31688041654655
2026-03-28 17:00:00,279.5519849730194
2026-03-28 18:00:00,279.13491511545266
2026-03-28 19:00:00,278.0540497382535
2026-03-28 20:00:00,276.99212869335696
2026-03-28 21:00:00,275.97647753526303
2026-03-28 22:00:00,275.0049047197537
2026-03-28 23:00:00,274.0753378995819
2026-03-29 00:00:00,273.18581607975904
2026-03-29 01:00:00,272.38144367507533
2026-03-29 02:00:00,271.61534258826055
2026-03-29 03:00:00,270.88559515399794
2026-03-29 04:00:00,270.1903890025795
2026-03-29 05:00:00,269.5280103959523
2026-03-29 06:00:00,268.89683806952405
2026-03-29 07:00:00,268.5267763748044
2026-03-29 08:00:00,268.8497293719514
2026-03-29 09:00:00,269.7808882622895
2026-03-29 10:00:00,271.196852876499
2026-03-29 11:00:00,272.9437725843121
2026-03-29 12:00:00,274.84768238709177
2026-03-29 13:00:00,276.72632104244167
2026-03-29 14:00:00,278.4015908735806
2026-03-29 15:00:00,279.7117560276001
2026-03-29 16:00:00,280.52248810840973
2026-03-29 17:00:00,280.73595811622357
2026-03-29 18:00:00,280.2973337889538
2026-03-29 19:00:00,279.19825347244097
2026-03-29 20:00:00,278.10445728813613
2026-03-29 21:00:00,277.0637605747084
2026-03-29 22:00:00,276.0733993414197
2026-03-29 23:00:00,275.13077164071456
2026-03-30 00:00:00,274.23342628173265
2026-03-30 01:00:00,273.29317710914165
2026-03-30 02:00:00,272.388602793464
2026-03-30 03:00:00,271.5182146686332
2026-03-30 04:00:00,270.6805965119457
2026-03-30 05:00:00,269.87440022314337
2026-03-30 06:00:00,269.0983418223492
2026-03-30 07:00:00,268.60246559330375
2026-03-30 08:00:00,268.8004253819529
2026-03-30 09:00:00,269.6141771879265
2026-03-30 10:00:00,270.9260559756754
2026-03-30 11:00:00,272.586560981884
2026-03-30 12:00:00,274.4244231910769
2026-03-30 13:00:00,276.25826540811875
2026-03-30 14:00:00,277.90903017017547
2026-03-30 15:00:00,279.21227763481846
2026-03-30 16:00:00,280.0294562112504
2026-03-30 17:00:00,280.2573272805768
2026-03-30 18:00:00,279.8348758914506
2026-03-30 19:00:00,278.74724505433926
2026-03-30 20:00:00,277.6337089069253
2026-03-30 21:00:00,276.56323634759707
2026-03-30 22:00:00,275.5339666599071
2026-03-30 23:00:00,274.5441347596117
2026-03-31 00:00:00,273.5920650805717
2026-03-31 01:00:00,272.62510734058264
2026-03-31 02:00:00,271.68948737686384
2026-03-31 03:00:00,270.7840461756532
2026-03-31 04:00:00,269.90767694354224
2026-03-31 05:00:00,269.05932213735963
2026-03-31 06:00:00,268.2379707041413
2026-03-31 07:00:00,267.713700877837
2026-03-31 08:00:00,267.8811377160524
2026-03-31 09:00:00,268.66618555954244
2026-03-31 10:00:00,269.95459464232687
2026-03-31 11:00:00,271.59953731140666
2026-03-31 12:00:00,273.4315119696673
2026-03-31 13:00:00,275.269899250417
2026-03-31 14:00:00,276.935355681556
2026-03-31 15:00:00,278.2621515040348
2026-03-31 16:00:00,279.1095534825701
2026-03-31 17:00:00,279.37142547748476
2026-03-31 18:00:00,278.983364243533
2026-03-31 19:00:00,277.92688957639376
2026-03-31 20:00:00,276.8175663423779
2026-03-31 21:00:00,275.74497145110917
2026-03-31 22:00:00,274.7076944968306
2026-03-31 23:00:00,273.7043921845193
2026-04-01 00:00:00,272.7337842625321
2026-04-01 01:00:00,271.83336530967506
2026-04-01 02:00:00,270.9654035828882
2026-04-01 03:00:00,270.12860617324225
2026-04-01 04:00:00,269.32174059733376
2026-04-01 05:00:00,268.543631319762
2026-04-01 06:00:00,267.79315652352
2026-04-01 07:00:00,267.36001064416746
2026-04-01 08:00:00,267.6170009996037
2026-04-01 09:00:00,268.48754368699736
2026-04-01 10:00:00,269.85525642050385
2026-04-01 11:00:00,271.5716771633047
2026-04-01 12:00:00,273.4662787034334
2026-04-01 13:00:00,275.35809431633385
2026-04-01 14:00:00,277.0681332877539
2026-04-01 15:00:00,278.4316901977286
2026-04-01 16:00:00,279.30965031174117
2026-04-01 17:00:00,279.59796970458024
2026-04-01 18:00:00,279.2346572587813
2026-04-01 19:00:00,278.20379003768596
2026-04-01 20:00:00,277.10335417472896
2026-04-01 21:00:00,276.0435540056795
2026-04-01 22:00:00,275.0226984375598
2026-04-01 23:00:00,274.03918093969565
2026-04-02 00:00:00,273.0914742485857
2026-04-02 01:00:00,272.23673435706496
2026-04-02 02:00:00,271.41791322650715
2026-04-02 03:00:00,270.63339136324447
2026-04-02 04:00:00,269.88163158412164
2026-04-02 05:00:00,269.16117404289207
2026-04-02 06:00:00,268.47063162390117
2026-04-02 07:00:00,268.1191082301138
2026-04-02 08:00:00,268.4566298382799
2026-04-02 09:00:00,269.40252061571556
2026-04-02 10:00:00,270.8369344210099
2026-04-02 11:00:00,272.60879264953627
2026-04-02 12:00:00,274.54596496961074
2026-04-02 13:00:00,276.46699359244707
2026-04-02 14:00:00,278.19353001696476
2026-04-02 15:00:00,279.5625844207038
2026-04-02 16:00:00,280.4376933543695
2026-04-02 17:00:00,280.7181948151485
2026-04-02 18:00:00,280.34595446184073
2026-04-02 19:00:00,279.30909528979225
2026-04-02 20:00:00,278.18947109420156
2026-04-02 21:00:00,277.11801953711125
2026-04-02 22:00:00,276.0924710304913
2026-04-02 23:00:00,275.11067999109207
2026-04-03 00:00:00,274.1706165721301
2026-04-03 01:00:00,273.28735955865886
2026-04-03 02:00:00,272.443072509385
2026-04-03 03:00:00,271.6359179700988
2026-04-03 04:00:00,270.8641555807747
2026-04-03 05:00:00,270.126136011806
2026-04-03 06:00:00,269.4202953616317
2026-04-03 07:00:00,269.0751606146359
2026-04-03 08:00:00,269.41916475676703
2026-04-03 09:00:00,270.37022573204337
2026-04-03 10:00:00,271.80733975157733
2026-04-03 11:00:00,273.57858685081607
2026-04-03 12:00:00,275.511360066696
2026-04-03 13:00:00,277.4241143872792
2026-04-03 14:00:00,279.13880151633197
2026-04-03 15:00:00,280.49308982832
2026-04-03 16:00:00,281.35147681358967
2026-04-03 17:00:00,281.6144871944438
2026-04-03 18:00:00,281.22530667502474
2026-04-03 19:00:00,280.1734111984302
2026-04-03 20:00:00,279.0218967328649
2026-04-03 21:00:00,277.92230922249325
2026-04-03 22:00:00,276.87209816826197
2026-04-03 23:00:00,275.868857321472
2026-04-04 00:00:00,274.910314787206
2026-04-04 01:00:00,273.997186652418
2026-04-04 02:00:00,273.12477731581777
2026-04-04 03:00:00,272.29114426363515
2026-04-04 04:00:00,271.49444900058194
2026-04-04 05:00:00,270.7329504558623
2026-04-04 06:00:00,270.004998898937
2026-04-04 07:00:00,269.6585543313497
2026-04-04 08:00:00,270.0010723738119
2026-04-04 09:00:00,270.9502015223336
2026-04-04 10:00:00,272.38474141475524
2026-04-04 11:00:00,274.1526585038185
2026-04-04 12:00:00,276.0813204324329
2026-04-04 13:00:00,277.9892446280512
2026-04-04 14:00:00,279.6985268507538
2026-04-04 15:00:00,281.04704919965104
2026-04-04 16:00:00,281.89957552242765
2026-04-04 17:00:00,282.1569285807645
2026-04-04 18:00:00,281.76260055049624
2026-04-04 19:00:00,280.70635861383477
2026-04-04 20:00:00,279.53154654509336
2026-04-04 21:00:00,278.4102317260638
2026-04-04 22:00:00,277.33975999752766
2026-04-04 23:00:00,276.3176288894169
2026-04-05 00:00:00,275.3414771008284
2026-04-05 01:00:00,274.4031964666199
2026-04-05 02:00:00,273.5061002805725
2026-04-05 03:00:00,272.6482464345078
2026-04-05 04:00:00,271.8277962560669
2026-04-05 05:00:00,271.0430079461862
2026-04-05 06:00:00,270.2922305259537
2026-04-05 07:00:00,269.9428551803942
2026-04-05 08:00:00,270.2819018927317
2026-04-05 09:00:00,271.22757260642743
2026-04-05 10:00:00,272.6591640524115
2026-04-05 11:00:00,274.42505310950423
2026-04-05 12:00:00,276.35290630708147
2026-04-05 13:00:00,278.2614110722278
2026-04-05 14:00:00,279.9726959528811
2026-04-05 15:00:00,281.32454005066927
2026-04-05 16:00:00,282.1814794693747
2026-04-05 17:00:00,282.44400413570827
2026-04-05 18:00:00,282.0551948529728
2026-04-05 19:00:00,281.00436014371513
2026-04-05 20:00:00,279.8144088357749
2026-04-05 21:00:00,278.67778964908285
2026-04-05 22:00:00,277.59188788211236
2026-04-05 23:00:00,276.55423729971744
2026-04-06 00:00:00,275.5625098561045
2026-04-06 01:00:00,274.596388622372
2026-04-06 02:00:00,273.67035319110863
2026-04-06 03:00:00,272.7825971383615
2026-04-06 04:00:00,271.93140740305296
2026-04-06 05:00:00,271.11515845505124
2026-04-06 06:00:00,270.3323069117855
2026-04-06 07:00:00,269.96969025179493
2026-04-06 08:00:00,270.2947399956807
2026-04-06 09:00:00,271.2273973383633
2026-04-06 10:00:00,272.64846058677495
2026-04-06 11:00:00,274.40747931967013
2026-04-06 12:00:00,276.33289313873775
2026-04-06 13:00:00,278.2437187738249
2026-04-06 14:00:00,279.9619570008378
2026-04-06 15:00:00,281.32482130459755
2026-04-06 16:00:00,282.195894904159
2026-04-06 17:00:00,282.474405429387
2026-04-06 18:00:00,282.1019606054354
2026-04-06 19:00:00,281.0662963927798
2026-04-06 20:00:00,279.8688520737405
2026-04-06 21:00:00,278.7221706164574
2026-04-06 22:00:00,277.6238718422236
2026-04-06 23:00:00,276.57170668984037
2026-04-07 00:00:00,275.56354830949454
2026-04-07 01:00:00,274.5953430419734
2026-04-07 02:00:00,273.66704433135476
2026-04-07 03:00:00,272.7768634641798
2026-04-07 04:00:00,271.9231038387406
2026-04-07 05:00:00,271.1041552233668
2026-04-07 06:00:00,270.3184884556557
2026-04-07 07:00:00,269.97220913299117
2026-04-07 08:00:00,270.3123624968366
2026-04-07 09:00:00,271.25916478988927
2026-04-07 10:00:00,272.6936816463047
2026-04-07 11:00:00,274.4657086859892
2026-04-07 12:00:00,276.40389768907346
2026-04-07 13:00:00,278.3274331459457
2026-04-07 14:00:00,280.0584315211877
2026-04-07 15:00:00,281.4341657832017
2026-04-07 16:00:00,282.31822210111477
2026-04-07 17:00:00,282.6097779211437
2026-04-07 18:00:00,282.250344375048
2026-04-07 19:00:00,281.22752382196677
2026-04-07 20:00:00,280.0227394936251
2026-04-07 21:00:00,278.86873093273806
2026-04-07 22:00:00,277.76312683415546
2026-04-07 23:00:00,276.7036863072015
2026-04-08 00:00:00,275.688290016247
2026-04-08 01:00:00,274.66184923348203
2026-04-08 02:00:00,273.6702794786113
2026-04-08 03:00:00,272.7122324724925
2026-04-08 04:00:00,271.7864232624816
2026-04-08 05:00:00,270.89162647354505
2026-04-08 06:00:00,270.0266728353501
2026-04-08 07:00:00,269.61716194326635
2026-04-08 08:00:00,269.8931445759269
2026-04-08 09:00:00,270.7799281580773
2026-04-08 10:00:00,272.1629676479065
2026-04-08 11:00:00,273.89547070940324
2026-04-08 12:00:00,275.80830953423697
2026-04-08 13:00:00,277.72156259220543
2026-04-08 14:00:00,279.4568715495839
2026-04-08 15:00:00,280.849721409598
2026-04-08 16:00:00,281.76074770279405
2026-04-08 17:00:00,282.0852481590752
2026-04-08 18:00:00,281.7602224992339
2026-04-08 19:00:00,280.76846668740836
2026-04-08 20:00:00,279.56685772273676
2026-04-08 21:00:00,278.4070733690079
2026-04-08 22:00:00,277.2874258228198
2026-04-08 23:00:00,276.20631165159347
2026-04-09 00:00:00,275.1622064218637
2026-04-09 01:00:00,274.1868479229121
2026-04-09 02:00:00,273.24867509192035
2026-04-09 03:00:00,272.34612393840746
2026-04-09 04:00:00,271.4777074874803
2026-04-09 05:00:00,270.6420111168605
2026-04-09 06:00:00,269.8376882435135
2026-04-09 07:00:00,269.5092265668886
2026-04-09 08:00:00,269.8644296363558
2026-04-09 09:00:00,270.8258237703035
2026-04-09 10:00:00,272.27651177336116
2026-04-09 11:00:00,274.0679334117923
2026-04-09 12:00:00,276.02989519965706
2026-04-09 13:00:00,277.9821825903318
2026-04-09 14:00:00,279.7469329770115
2026-04-09 15:00:00,281.16087502646843
2026-04-09 16:00:00,282.0865405525537
2026-04-09 17:00:00,282.42163367588716
2026-04-09 18:00:00,282.10589246795297
2026-04-09 19:00:00,281.12498386275274
2026-04-09 20:00:00,279.91885770372636
2026-04-09 21:00:00,278.7598933689268
2026-04-09 22:00:00,277.6460139475028
2026-04-09 23:00:00,276.5752523559377
2026-04-10 00:00:00,275.54574406765533
2026-04-10 01:00:00,274.58786376587926
2026-04-10 02:00:00,273.6706947616894
2026-04-10 03:00:00,272.7923662235009
2026-04-10 04:00:00,271.9511053065351
2026-04-10 05:00:00,271.1452309853501
2026-04-10 06:00:00,270.3731483632186
2026-04-10 07:00:00,270.09805918280597
2026-04-10 08:00:00,270.50529854788584
2026-04-10 09:00:00,271.51447923066445
2026-04-10 10:00:00,273.0062729092935
2026-04-10 11:00:00,274.8303248440917
2026-04-10 12:00:00,276.81539765711307
2026-04-10 13:00:00,278.78104718659625
2026-04-10 14:00:00,280.5500022232453
2026-04-10 15:00:00,281.96035160316444
2026-04-10 16:00:00,282.8766479925631
2026-04-10 17:00:00,283.199121409479
2026-04-10 18:00:00,282.87035035366483
2026-04-10 19:00:00,281.87894685413085
2026-04-10 20:00:00,280.6480469328796
2026-04-10 21:00:00,279.47074138561777
2026-04-10 22:00:00,278.34445462139723
2026-04-10 23:00:00,277.26675608580746
2026-04-11 00:00:00,276.23535021033047
2026-04-11 01:00:00,275.17597046338784
2026-04-11 02:00:00,274.15043641831045
2026-04-11 03:00:00,273.157491269152
2026-04-11 04:00:00,272.19593615422133
2026-04-11 05:00:00,271.2646267503305
2026-04-11 06:00:00,270.36247011596043
2026-04-11 07:00:00,269.97196877911506
2026-04-11 08:00:00,270.26386433993804
2026-04-11 09:00:00,271.16509848717806
2026-04-11 10:00:00,272.56265590659
2026-04-11 11:00:00,274.31107575443895
2026-04-11 12:00:00,276.2422816446538
2026-04-11 13:00:00,278.1770600913902
2026-04-11 14:00:00,279.93737798674044
2026-04-11 15:00:00,281.35865054551255
2026-04-11 16:00:00,282.3010645044227
2026-04-11 17:00:00,282.65913239671806
2026-04-11 18:00:00,282.3687975860803
2026-04-11 19:00:00,281.41161069308407
2026-04-11 20:00:00,280.1841607223516
2026-04-11 21:00:00,278.9969750712967
2026-04-11 22:00:00,277.84848902460027
2026-04-11 23:00:00,276.73721474437866
2026-04-12 00:00:00,275.66173641720314
2026-04-12 01:00:00,274.61274040966566
2026-04-12 02:00:00,273.59602167492193
2026-04-12 03:00:00,272.61041538449746
2026-04-12 04:00:00,271.6548093569611
2026-04-12 05:00:00,270.7281410126906
2026-04-12 06:00:00,269.82939454758815
2026-04-12 07:00:00,269.45985677198536
2026-04-12 08:00:00,269.7710270736486
2026-04-12 09:00:00,270.6907407038856
2026-04-12 10:00:00,272.10679670744486
2026-04-12 11:00:00,273.87442116185224
2026-04-12 12:00:00,275.8260562728919
2026-04-12 13:00:00,277.78280868141616
2026-04-12 14:00:00,279.5667503156217
2026-04-12 15:00:00,281.01318493097136
2026-04-12 16:00:00,281.9819854877429
2026-04-12 17:00:00,282.36717706703683
2026-04-12 18:00:00,282.1040825042049
2026-04-12 19:00:00,281.1735478213423
2026-04-12 20:00:00,279.9519446903238
2026-04-12 21:00:00,278.76903903361847
2026-04-12 22:00:00,277.6233633923235
2026-04-12 23:00:00,276.5135213032252
2026-04-13 00:00:00,275.43818287142733
2026-04-13 01:00:00,274.3790335538834
2026-04-13 02:00:00,273.3500465094624
2026-04-13 03:00:00,272.35018745748914
2026-04-13 04:00:00,271.378467574138
2026-04-13 05:00:00,270.4339409136368
2026-04-13 06:00:00,269.51570201098974
2026-04-13 07:00:00,269.14372828177596
2026-04-13 08:00:00,269.4510475165704
2026-04-13 09:00:00,270.36715126439753
2026-04-13 10:00:00,271.7813238532587
2026-04-13 11:00:00,273.5500114940205
2026-04-13 12:00:00,275.5065334299929
2026-04-13 13:00:00,277.4724749645181
2026-04-13 14:00:00,279.26996068975507
2026-04-13 15:00:00,280.73392389879973
2026-04-13 16:00:00,281.723477527939
2026-04-13 17:00:00,282.13155870111865
2026-04-13 18:00:00,281.89215883787193
2026-04-13 19:00:00,280.9846492600751
2026-04-13 20:00:00,279.764503297978
2026-04-13 21:00:00,278.58021884297943
2026-04-13 22:00:00,277.43050032021847
2026-04-13 23:00:00,276.31411312732445
2026-04-14 00:00:00,275.2298799135147
2026-04-14 01:00:00,274.21637320923463
2026-04-14 02:00:00,273.23687601045657
2026-04-14 03:00:00,272.2900879834554
2026-04-14 04:00:00,271.3747692636015
2026-04-14 05:00:00,270.48973690868445
2026-04-14 06:00:00,269.63386161092905
2026-04-14 07:00:00,269.34536471901833
2026-04-14 08:00:00,269.73468450130173
2026-04-14 09:00:00,270.7279193691648
2026-04-14 10:00:00,272.2114513354956
2026-04-14 11:00:00,274.03950781981416
2026-04-14 12:00:00,276.0440220813902
2026-04-14 13:00:00,278.0461193943536
2026-04-14 14:00:00,279.86841840616603
2026-04-14 15:00:00,281.34725984677266
2026-04-14 16:00:00,282.3439700237937
2026-04-14 17:00:00,282.75433932506553
2026-04-14 18:00:00,282.5156411776238
2026-04-14 19:00:00,281.61071864379005
2026-04-14 20:00:00,280.3791705863472
2026-04-14 21:00:00,279.1902413734385
2026-04-14 22:00:00,278.0422109338161
2026-04-14 23:00:00,276.9334456962068
2026-04-15 00:00:00,275.86239303382695
2026-04-15 01:00:00,274.810788177452
2026-04-15 02:00:00,273.79210361251864
2026-04-15 03:00:00,272.8051361466302
2026-04-15 04:00:00,271.8487374242094
2026-04-15 05:00:00,270.92181073402685
2026-04-15 06:00:00,270.02330804780394
2026-04-15 07:00:00,269.70984666513573
2026-04-15 08:00:00,270.07362179300077
2026-04-15 09:00:00,271.0423576036634
2026-04-15 10:00:00,272.50389261888546
2026-04-15 11:00:00,274.31364605413944
2026-04-15 12:00:00,276.30439950375234
2026-04-15 13:00:00,278.29772759689274
2026-04-15 14:00:00,280.116271942335
2026-04-15 15:00:00,281.5959731608085
2026-04-15 16:00:00,282.5973684101822
2026-04-15 17:00:00,283.01513182916864
2026-04-15 18:00:00,282.7851780796157
2026-04-15 19:00:00,281.88884909977907
2026-04-15 20:00:00,280.6450265994928
2026-04-15 21:00:00,279.4413801438177
2026-04-15 22:00:00,278.27636054227224
2026-04-15 23:00:00,277.14849463965874
2026-04-16 00:00:00,276.0563805095
2026-04-16 01:00:00,275.07855299468184
2026-04-16 02:00:00,274.1426209063811
2026-04-16 03:00:00,273.24664231499366
2026-04-16 04:00:00,272.38877796550776
2026-04-16 05:00:00,271.56728474874274
2026-04-16 06:00:00,270.78050968271515
2026-04-16 07:00:00,270.60268159451954
2026-04-16 08:00:00,271.0993314301829
2026-04-16 09:00:00,272.1904639961025
2026-04-16 10:00:00,273.7573704472024
2026-04-16 11:00:00,275.6505187927681
2026-04-16 12:00:00,277.69965844686715
2026-04-16 13:00:00,279.72544440259884
2026-04-16 14:00:00,281.55175632373266
2026-04-16 15:00:00,283.0178201446306
2026-04-16 16:00:00,283.9892459820263
2026-04-16 17:00:00,284.36717992180246
2026-04-16 18:00:00,284.09492180216284
2026-04-16 19:00:00,283.1615689818454
2026-04-16 20:00:00,281.8745027239941
2026-04-16 21:00:00,280.64409132517505
2026-04-16 22:00:00,279.4675741539951
2026-04-16 23:00:00,278.3423487948002
2026-04-17 00:00:00,277.26595985694155
2026-04-17 01:00:00,276.23017026875925
2026-04-17 02:00:00,275.2378925557678
2026-04-17 03:00:00,274.28713241853086
2026-04-17 04:00:00,273.37600104487944
2026-04-17 05:00:00,272.5027083290804
2026-04-17 06:00:00,271.6655566288114
2026-04-17 07:00:00,271.45676330075963
2026-04-17 08:00:00,271.9228409415425
2026-04-17 09:00:00,272.9844398216721
2026-04-17 10:00:00,274.5234518028191
2026-04-17 11:00:00,276.39085761578076
2026-04-17 12:00:00,278.41679422426665
2026-04-17 13:00:00,280.42215080546674
2026-04-17 14:00:00,282.2308708635454
2026-04-17 15:00:00,283.68206934827447
2026-04-17 16:00:00,284.6410787978484
2026-04-17 17:00:00,285.0086212127384
2026-04-17 18:00:00,284.72745598264976
2026-04-17 19:00:00,283.7860613605661
2026-04-17 20:00:00,282.4722135954625
2026-04-17 21:00:00,281.2149826728348
2026-04-17 22:00:00,280.0116492737927
2026-04-17 23:00:00,278.8596490087101
2026-04-18 00:00:00,277.7565614560979
2026-04-18 01:00:00,276.672075082206
2026-04-18 02:00:00,275.62743399560276
2026-04-18 03:00:00,274.62098969800036
2026-04-18 04:00:00,273.65117556211527
2026-04-18 05:00:00,272.71650174317557
2026-04-18 06:00:00,271.8155504834497
2026-04-18 07:00:00,271.55867906445116
2026-04-18 08:00:00,271.9765462002867
2026-04-18 09:00:00,272.9934621164682
2026-04-18 10:00:00,274.49448505460276
2026-04-18 11:00:00,276.33306621607767
2026-04-18 12:00:00,278.34095878519184
2026-04-18 13:00:00,280.3397131712848
2026-04-18 14:00:00,282.1529454823223
2026-04-18 15:00:00,283.6184921635199
2026-04-18 16:00:00,284.599562609455
2026-04-18 17:00:00,284.9940779152089
2026-04-18 18:00:00,284.74153210886334
2026-04-18 19:00:00,283.82691570583086
2026-04-18 20:00:00,282.5157223044892
2026-04-18 21:00:00,281.2540329194647
2026-04-18 22:00:00,280.03969769625706
2026-04-18 23:00:00,278.87068152345796
2026-04-19 00:00:00,277.7450562625961
2026-04-19 01:00:00,276.65150685259454
2026-04-19 02:00:00,275.59615860548166
2026-04-19 03:00:00,274.5774889029815
2026-04-19 04:00:00,273.5940490565057
2026-04-19 05:00:00,272.64445977520546
2026-04-19 06:00:00,271.7274069795166
2026-04-19 07:00:00,271.47106694595146
2026-04-19 08:00:00,271.8882161015506
2026-04-19 09:00:00,272.9044939049475
2026-04-19 10:00:00,274.4061531910931
2026-04-19 11:00:00,276.2476304586213
2026-04-19 12:00:00,278.2613930559455
2026-04-19 13:00:00,280.2693905832945
2026-04-19 14:00:00,282.09530146462276
2026-04-19 15:00:00,283.5766898072431
2026-04-19 16:00:00,284.5761844153228
2026-04-19 17:00:00,284.9908659468946
2026-04-19 18:00:00,284.7591943765042
2026-04-19 19:00:00,283.86501097341693
2026-04-19 20:00:00,282.55393642281183
2026-04-19 21:00:00,281.2900032066415
2026-04-19 22:00:00,280.0712346587479
2026-04-19 23:00:00,278.8957573880525
2026-04-20 00:00:00,277.76179438692907
2026-04-20 01:00:00,276.69633375958637
2026-04-20 02:00:00,275.6739310818191
2026-04-20 03:00:00,274.69266913346763
2026-04-20 04:00:00,273.75073049043436
2026-04-20 05:00:00,272.84639114469286
2026-04-20 06:00:00,271.978014629236
2026-04-20 07:00:00,271.79103490222457
2026-04-20 08:00:00,272.27543354175697
2026-04-20 09:00:00,273.35327032413556
2026-04-20 10:00:00,274.9078007910595
2026-04-20 11:00:00,276.79124190483293
2026-04-20 12:00:00,278.83476484239225
2026-04-20 13:00:00,280.8600294438576
2026-04-20 14:00:00,282.6914428916569
2026-04-20 15:00:00,284.16825505477146
2026-04-20 16:00:00,285.1556061498391
2026-04-20 17:00:00,285.5537229384166
2026-04-20 18:00:00,285.30461129419984
2026-04-20 19:00:00,284.3957985686879
2026-04-20 20:00:00,283.0579127643462
2026-04-20 21:00:00,281.77557676392996
2026-04-20 22:00:00,280.54619230495996
2026-04-20 23:00:00,279.3673071152621
2026-04-21 00:00:00,278.23660464047214
2026-04-21 01:00:00,277.1403335080749
2026-04-21 02:00:00,276.08578875567
2026-04-21 03:00:00,275.07119336799997
2026-04-21 04:00:00,274.09486049995974
2026-04-21 05:00:00,273.1551877784596
2026-04-21 06:00:00,272.25065205144654
2026-04-21 07:00:00,272.0441845703584
2026-04-21 08:00:00,272.5085717092883
2026-04-21 09:00:00,273.56755787116543
2026-04-21 10:00:00,275.10589052995095
2026-04-21 11:00:00,276.9769900034791
2026-04-21 12:00:00,279.01286456266945
2026-04-21 13:00:00,281.03559193925344
2026-04-21 14:00:00,282.86955457749167
2026-04-21 15:00:00,284.3535434339278
2026-04-21 16:00:00,285.3518455391203
2026-04-21 17:00:00,285.7635082341711
2026-04-21 18:00:00,285.5291221040694
2026-04-21 19:00:00,284.63466847626
2026-04-21 20:00:00,283.290799201141
2026-04-21 21:00:00,281.99952184190727
2026-04-21 22:00:00,280.7584822351607
2026-04-21 23:00:00,279.5654549675709
2026-04-22 00:00:00,278.41833446953484
2026-04-22 01:00:00,277.32341997577345
2026-04-22 02:00:00,276.2721954927102
2026-04-22 03:00:00,275.2627296053388
2026-04-22 04:00:00,274.2931914120687
2026-04-22 05:00:00,273.361844065815
2026-04-22 06:00:00,272.4801555561355
2026-04-22 07:00:00,272.3014136816039
2026-04-22 08:00:00,272.7920073132579
2026-04-22 09:00:00,273.87456030943594
2026-04-22 10:00:00,275.4329284731087
2026-04-22 11:00:00,277.3199280010119
2026-04-22 12:00:00,279.36729066000487
2026-04-22 13:00:00,281.397163053192
2026-04-22 14:00:00,283.2343352093916
2026-04-22 15:00:00,284.71831315474856
2026-04-22 16:00:00,285.71435270569174
2026-04-22 17:00:00,286.1226515217576
2026-04-22 18:00:00,285.8850472698879
2026-04-22 19:00:00,284.98877461770996
2026-04-22 20:00:00,283.62739502882596
2026-04-22 21:00:00,282.32183907571925
2026-04-22 22:00:00,281.0695140988883
2026-04-22 23:00:00,279.867972984061
2026-04-23 00:00:00,278.71490389093236
2026-04-23 01:00:00,277.59820969558996
2026-04-23 02:00:00,276.523545176793
2026-04-23 03:00:00,275.48913173899365
2026-04-23 04:00:00,274.49328098121765
2026-04-23 05:00:00,273.5343889791658
2026-04-23 06:00:00,272.641933183605
2026-04-23 07:00:00,272.44996083057066
2026-04-23 08:00:00,272.9265645389728
2026-04-23 09:00:00,273.9959935710747
2026-04-23 10:00:00,275.54354875690893
2026-04-23 11:00:00,277.42321869312894
2026-04-23 12:00:00,279.4675597501214
2026-04-23 13:00:00,281.4991435784403
2026-04-23 14:00:00,283.3427620117513
2026-04-23 15:00:00,284.8375064108793
2026-04-23 16:00:00,285.84783838696126
2026-04-23 17:00:00,286.2728458773996
2026-04-23 18:00:00,286.0530269332211
2026-04-23 19:00:00,285.1741467347193
2026-04-23 20:00:00,283.81016943674666
2026-04-23 21:00:00,282.4990115092079
2026-04-23 22:00:00,281.23832131446966
2026-04-23 23:00:00,280.02587583484825
2026-04-24 00:00:00,278.85957174879246
2026-04-24 01:00:00,277.7318316688108
2026-04-24 02:00:00,276.6450419689153
2026-04-24 03:00:00,275.59751444759183
2026-04-24 04:00:00,274.5876452293223
2026-04-24 05:00:00,273.61390946297126
2026-04-24 06:00:00,272.72357739956294
2026-04-24 07:00:00,272.5316011957433
2026-04-24 08:00:00,273.0070926764131
2026-04-24 09:00:00,274.07529946212026
2026-04-24 10:00:00,275.62243805953943
2026-04-24 11:00:00,277.5032723014657
2026-04-24 12:00:00,279.55094416902637
2026-04-24 13:00:00,281.5883847431698
2026-04-24 14:00:00,283.44049836049584
2026-04-24 15:00:00,284.9462389204846
2026-04-24 16:00:00,285.9696956234274
2026-04-24 17:00:00,286.40938079876827
2026-04-24 18:00:00,286.20505936444107
2026-04-24 19:00:00,285.34166150116613
2026-04-24 20:00:00,283.97433372328294
2026-04-24 21:00:00,282.65815028455813
2026-04-24 22:00:00,281.39088942722384
2026-04-24 23:00:00,280.17044918027455
2026-04-25 00:00:00,278.9948391253725
2026-04-25 01:00:00,277.86013323643976
2026-04-25 02:00:00,276.7660779359112
2026-04-25 03:00:00,275.7110128746472
2026-04-25 04:00:00,274.69336025272673
2026-04-25 05:00:00,273.7116196398435
2026-04-25 06:00:00,272.8306304631689
2026-04-25 07:00:00,272.64635680761376
2026-04-25 08:00:00,273.1283208597358
2026-04-25 09:00:00,274.202207507763
2026-04-25 10:00:00,275.7546711996135
2026-04-25 11:00:00,277.6408874324835
2026-04-25 12:00:00,279.69435793486645
2026-04-25 13:00:00,281.738299296873
2026-04-25 14:00:00,283.5978099139194
2026-04-25 15:00:00,285.11193556839436
2026-04-25 16:00:00,286.14475173506474
2026-04-25 17:00:00,286.5946554148729
2026-04-25 18:00:00,286.401205525154
2026-04-25 19:00:00,285.54905236373156
2026-04-25 20:00:00,284.1752365811821
2026-04-25 21:00:00,282.8521574985545
2026-04-25 22:00:00,281.5776290164108
2026-04-25 23:00:00,280.3495824629411
2026-04-26 00:00:00,279.16605853553034
2026-04-26 01:00:00,278.0046967973037
2026-04-26 02:00:00,276.87876069619233
2026-04-26 03:00:00,275.7869538912353
2026-04-26 04:00:00,274.7280406647459
2026-04-26 05:00:00,273.70084226605525
2026-04-26 06:00:00,272.7878687666992
2026-04-26 07:00:00,272.5669541292451
2026-04-26 08:00:00,273.011491152277
2026-04-26 09:00:00,274.05082912080195
2026-04-26 10:00:00,275.57484634068953
2026-04-26 11:00:00,277.44129178880195
2026-04-26 12:00:00,279.4854214238842
2026-04-26 13:00:00,281.5312731577405
2026-04-26 14:00:00,283.4037857818809
2026-04-26 15:00:00,284.9408873768538
2026-04-26 16:00:00,286.00467029217145
2026-04-26 17:00:00,286.4908380814576
2026-04-26 18:00:00,286.3357503143162
2026-04-26 19:00:00,285.52058864504994
2026-04-26 20:00:00,284.1613070263673
2026-04-26 21:00:00,282.84495111374287
2026-04-26 22:00:00,281.56985706760935
2026-04-26 23:00:00,280.33444498642876
2026-04-27 00:00:00,279.1372134167913
2026-04-27 01:00:00,277.9918310852333
2026-04-27 02:00:00,276.8858593949984
2026-04-27 03:00:00,275.8177337323161
2026-04-27 04:00:00,274.7859660502187
2026-04-27 05:00:00,273.7891401080153
2026-04-27 06:00:00,272.92672618364884
2026-04-27 07:00:00,272.75735787670425
2026-04-27 08:00:00,273.25169177160853
2026-04-27 09:00:00,274.3365814780407
2026-04-27 10:00:00,275.8998134392475
2026-04-27 11:00:00,277.79758804404946
2026-04-27 12:00:00,279.864260444351
2026-04-27 13:00:00,281.9236759693595
2026-04-27 14:00:00,283.80129940365276
2026-04-27 15:00:00,285.33626161424036
2026-04-27 16:00:00,286.3924431263129
2026-04-27 17:00:00,286.86778711293005
2026-04-27 18:00:00,286.701178698032
2026-04-27 19:00:00,285.87642751644916
2026-04-27 20:00:00,284.49461298868994
2026-04-27 21:00:00,283.1619200814185
2026-04-27 22:00:00,281.87628522215874
2026-04-27 23:00:00,280.635754217656
2026-04-28 00:00:00,279.43847481002933
2026-04-28 01:00:00,278.30372054366234
2026-04-28 02:00:00,277.2147704865224
2026-04-28 03:00:00,276.1695724698548
2026-04-28 04:00:00,275.16618281750374
2026-04-28 05:00:00,274.2027592510556
2026-04-28 06:00:00,273.3953674926902
2026-04-28 07:00:00,273.2830868700465
2026-04-28 08:00:00,273.83236444008867
2026-04-28 09:00:00,274.9662295078926
2026-04-28 10:00:00,276.56927463016217
2026-04-28 11:00:00,278.4953449240586
2026-04-28 12:00:00,280.5774332941228
2026-04-28 13:00:00,282.6391028320322
2026-04-28 14:00:00,284.5066267884824
2026-04-28 15:00:00,286.0209668879281
2026-04-28 16:00:00,287.0487138609287
2026-04-28 17:00:00,287.49119387990135
2026-04-28 18:00:00,287.2910948506743
2026-04-28 19:00:00,286.43617030727586
2026-04-28 20:00:00,285.0140711485717
2026-04-28 21:00:00,283.65105866224354
2026-04-28 22:00:00,282.3443436076614
2026-04-28 23:00:00,281.09129645453174
2026-04-29 00:00:00,279.8894358623745
2026-04-29 01:00:00,278.73870873562447
2026-04-29 02:00:00,277.6353639929063
2026-04-29 03:00:00,276.5772411735607
2026-04-29 04:00:00,275.5622957191749
2026-04-29 05:00:00,274.58859129875685
2026-04-29 06:00:00,273.7889043563079
2026-04-29 07:00:00,273.68373867846856
2026-04-29 08:00:00,274.23901826961213
2026-04-29 09:00:00,275.37735752854337
2026-04-29 10:00:00,276.98306824945337
2026-04-29 11:00:00,278.9098665990777
2026-04-29 12:00:00,280.9907761153684
2026-04-29 13:00:00,283.0495470198365
2026-04-29 14:00:00,284.9127820521435
2026-04-29 15:00:00,286.42189030557824
2026-04-29 16:00:00,287.4439945854245
2026-04-29 17:00:00,287.88099847405124
2026-04-29 18:00:00,287.67617016907644
2026-04-29 19:00:00,286.81780421906285
2026-04-29 20:00:00,285.3769761893245
2026-04-29 21:00:00,283.9971690293755
2026-04-29 22:00:00,282.6754548661198
2026-04-29 23:00:00,281.4090756953956
2026-04-30 00:00:00,280.1954309892111
2026-04-30 01:00:00,279.0112384856042
2026-04-30 02:00:00,277.867070002653
2026-04-30 03:00:00,276.76134800117933
2026-04-30 04:00:00,275.692572406972
2026-04-30 05:00:00,274.6593157531631
2026-04-30 06:00:00,273.81142756479665
2026-04-30 07:00:00,273.65277919999096
2026-04-30 08:00:00,274.1546242935462
2026-04-30 09:00:00,275.24455886762433
2026-04-30 10:00:00,276.811210755502
2026-04-30 11:00:00,278.7116668067073
2026-04-30 12:00:00,280.78115620201913
2026-04-30 13:00:00,282.8443290021761
2026-04-30 14:00:00,284.72733337954634
2026-04-30 15:00:00,286.2698187935987
2026-04-30 16:00:00,287.3359877557373
2026-04-30 17:00:00,287.82389071410404
2026-04-30 18:00:00,287.6723019059228
2026-04-30 19:00:00,286.8647129550107
2026-04-30 20:00:00,285.450593108075
2026-04-30 21:00:00,284.085876257932
2026-04-30 22:00:00,282.7685015521317
2026-04-30 23:00:00,281.49651760721775
2026-05-01 00:00:00,280.26807501774516
2026-05-01 01:00:00,279.09045222167487
2026-05-01 02:00:00,277.95654019643564
2026-05-01 03:00:00,276.86449520731844
2026-05-01 04:00:00,275.8125678510929
2026-05-01 05:00:00,274.79909697711236
2026-05-01 06:00:00,273.99010342795196
2026-05-01 07:00:00,273.870821990646
2026-05-01 08:00:00,274.41020502381855
2026-05-01 09:00:00,275.53377747930006
2026-05-01 10:00:00,277.1284612326135
2026-05-01 11:00:00,279.0501154060193
2026-05-01 12:00:00,281.13330185605815
2026-05-01 13:00:00,283.20260763834955
2026-05-01 14:00:00,285.0847233063562
2026-05-01 15:00:00,286.620403167918
2026-05-01 16:00:00,287.67543289207686
2026-05-01 17:00:00,288.1498055689806
2026-05-01 18:00:00,287.98445382199685
2026-05-01 19:00:00,287.1650865070622
2026-05-01 20:00:00,285.726655881963
2026-05-01 21:00:00,284.34330719341204
2026-05-01 22:00:00,283.0125857599299
2026-05-01 23:00:00,281.7321729519717
2026-05-02 00:00:00,280.499876568129
2026-05-02 01:00:00,279.3067816751647
2026-05-02 02:00:00,278.15475287817463
2026-05-02 03:00:00,277.0421482483947
2026-05-02 04:00:00,275.9674073341808
2026-05-02 05:00:00,274.92904600687814
2026-05-02 06:00:00,274.10942915907896
2026-05-02 07:00:00,273.9767321681454
2026-05-02 08:00:00,274.50188144995707
2026-05-02 09:00:00,275.61229397763054
2026-05-02 10:00:00,277.1965810265558
2026-05-02 11:00:00,279.111978928326
2026-05-02 12:00:00,281.1940246069303
2026-05-02 13:00:00,283.26781523843437
2026-05-02 14:00:00,285.16005652064797
2026-05-02 15:00:00,286.71102866698465
2026-05-02 16:00:00,287.7855953578173
2026-05-02 17:00:00,288.2824533201911
2026-05-02 18:00:00,288.14096379552626
2026-05-02 19:00:00,287.3451060134223
2026-05-02 20:00:00,285.92432278423445
2026-05-02 21:00:00,284.5414276040101
2026-05-02 22:00:00,283.20740702676613
2026-05-02 23:00:00,281.9202156465262
2026-05-03 00:00:00,280.67791625921865
2026-05-03 01:00:00,279.49392979211007
2026-05-03 02:00:00,278.35851204596776
2026-05-03 03:00:00,277.26944768538317
2026-05-03 04:00:00,276.2246408746095
2026-05-03 05:00:00,275.22210729086873
2026-05-03 06:00:00,274.4597045080094
2026-05-03 07:00:00,274.3863949971561
2026-05-03 08:00:00,274.96848243743887
2026-05-03 09:00:00,276.12918488493693
2026-05-03 10:00:00,277.7536086740539
2026-05-03 11:00:00,279.69640839621746
2026-05-03 12:00:00,281.7916321985032
2026-05-03 13:00:00,283.8640767376451
2026-05-03 14:00:00,285.7413465853053
2026-05-03 15:00:00,287.2657443409615
2026-05-03 16:00:00,288.30512155445933
2026-05-03 17:00:00,288.76190063535125
2026-05-03 18:00:00,288.57962788449026
2026-05-03 19:00:00,287.74662068950903
2026-05-03 20:00:00,286.2965030736089
2026-05-03 21:00:00,284.8787367527274
2026-05-03 22:00:00,283.5204817228721
2026-05-03 23:00:00,282.2189082895397
2026-05-04 00:00:00,280.9713494215518
2026-05-04 01:00:00,279.76930606477634
2026-05-04 02:00:00,278.6130852537416
2026-05-04 03:00:00,277.50070888368504
2026-05-04 04:00:00,276.4303020289934
2026-05-04 05:00:00,275.40008617985006
2026-05-04 06:00:00,274.62384770231347
2026-05-04 07:00:00,274.5340267689083
2026-05-04 08:00:00,275.09904709567115
2026-05-04 09:00:00,276.24413973107846
2026-05-04 10:00:00,277.85618917349996
2026-05-04 11:00:00,279.7912785705745
2026-05-04 12:00:00,281.88444234662296
2026-05-04 13:00:00,283.960958434066
2026-05-04 14:00:00,285.84838060740645
2026-05-04 15:00:00,287.3884399738066
2026-05-04 16:00:00,288.4479451122458
2026-05-04 17:00:00,288.9278869454771
2026-05-04 18:00:00,288.77010135383307
2026-05-04 19:00:00,287.96104334598215
2026-05-04 20:00:00,286.53245686837425
2026-05-04 21:00:00,285.11516970823305
2026-05-04 22:00:00,283.75325306831166
2026-05-04 23:00:00,282.4442102251965
2026-05-05 00:00:00,281.1856833162351
2026-05-05 01:00:00,279.96575034892317
2026-05-05 02:00:00,278.78584699794646
2026-05-05 03:00:00,277.6444192148349
2026-05-05 04:00:00,276.5399891396516
2026-05-05 05:00:00,275.47115030403836
2026-05-05 06:00:00,274.6675461630955
2026-05-05 07:00:00,274.5461244053177
2026-05-05 08:00:00,275.0791106401599
2026-05-05 09:00:00,276.1953235191544
2026-05-05 10:00:00,277.7847907461095
2026-05-05 11:00:00,279.70608918003893
2026-05-05 12:00:00,281.7959335873235
2026-05-05 13:00:00,283.8803601218751
2026-05-05 14:00:00,285.7867150647375
2026-05-05 15:00:00,287.3555826566136
2026-05-05 16:00:00,288.45178012166974
2026-05-05 17:00:00,288.97361824670753
2026-05-05 18:00:00,288.85976727880745
2026-05-05 19:00:00,288.093264879811
2026-05-05 20:00:00,286.702431549595
2026-05-05 21:00:00,285.29826050943905
2026-05-05 22:00:00,283.9414895606361
2026-05-05 23:00:00,282.63018815088924
2026-05-06 00:00:00,281.3625267219985
2026-05-06 01:00:00,280.1391610519088
2026-05-06 02:00:00,278.9577606712577
2026-05-06 03:00:00,277.81664438035597
2026-05-06 04:00:00,276.7142150121203
2026-05-06 05:00:00,275.6489540646524
2026-05-06 06:00:00,274.8656739868024
2026-05-06 07:00:00,274.7641247219054
2026-05-06 08:00:00,275.3155404545793
2026-05-06 09:00:00,276.4478821138492
2026-05-06 10:00:00,278.050510072291
2026-05-06 11:00:00,279.98156923988563
2026-05-06 12:00:00,282.07760739592703
2026-05-06 13:00:00,284.16477006321225
2026-05-06 14:00:00,286.070780977547
2026-05-06 15:00:00,287.6368420942132
2026-05-06 16:00:00,288.7285830711931
2026-05-06 17:00:00,289.24526209358277
2026-05-06 18:00:00,289.12656262662347
2026-05-06 19:00:00,288.35652842220276
2026-05-06 20:00:00,286.96440786341395
2026-05-06 21:00:00,285.5455654622543
2026-05-06 22:00:00,284.17675443047693
2026-05-06 23:00:00,282.8558733276328
2026-05-07 00:00:00,281.58093287128673
2026-05-07 01:00:00,280.35321302269386
2026-05-07 02:00:00,279.17039126680436
2026-05-07 03:00:00,278.0305827639641
2026-05-07 04:00:00,276.9319997063719
2026-05-07 05:00:00,275.8729449879362
2026-05-07 06:00:00,275.1130986163131
2026-05-07 07:00:00,275.03495128178133
2026-05-07 08:00:00,275.608202399662
2026-05-07 09:00:00,276.7594563520328
2026-05-07 10:00:00,278.37698367436417
2026-05-07 11:00:00,280.3181784875094
2026-05-07 12:00:00,282.41922710223906
2026-05-07 13:00:00,284.50632651144923
2026-05-07 14:00:00,286.40765913606594
2026-05-07 15:00:00,287.96525745760334
2026-05-07 16:00:00,289.04589080505554
2026-05-07 17:00:00,289.5501810450267
2026-05-07 18:00:00,289.41929872315256
2026-05-07 19:00:00,288.6387901865085
2026-05-07 20:00:00,287.23931520720043
2026-05-07 21:00:00,285.8012830634966
2026-05-07 22:00:00,284.41723387869774
2026-05-07 23:00:00,283.08479534519864
2026-05-08 00:00:00,281.80172555608294
2026-05-08 01:00:00,280.56369898775245
2026-05-08 02:00:00,279.36871515896786
2026-05-08 03:00:00,278.21502953489954
2026-05-08 04:00:00,277.1009856468307
2026-05-08 05:00:00,276.0250094154311
2026-05-08 06:00:00,275.26168668976464
2026-05-08 07:00:00,275.1778267489206
2026-05-08 08:00:00,275.7444506025171
2026-05-08 09:00:00,276.88945207109634
2026-05-08 10:00:00,278.5022766796475
2026-05-08 11:00:00,280.44130274736216
2026-05-08 12:00:00,282.5434455455809
2026-05-08 13:00:00,284.6353285577323
2026-05-08 14:00:00,286.5452323278347
2026-05-08 15:00:00,288.11495693240204
2026-05-08 16:00:00,289.2107306555977
2026-05-08 17:00:00,289.7323697235133
2026-05-08 18:00:00,289.62003675820904
2026-05-08 19:00:00,288.8581431256944
2026-05-08 20:00:00,287.47616860538164
2026-05-08 21:00:00,286.0374459683103
2026-05-08 22:00:00,284.65014553421867
2026-05-08 23:00:00,283.31208170850834
2026-05-09 00:00:00,282.0211867679003
2026-05-09 01:00:00,280.77771994514046
2026-05-09 02:00:00,279.58034800079423
2026-05-09 03:00:00,278.42711247754704
2026-05-09 04:00:00,277.31615679273546
2026-05-09 05:00:00,276.24571952853614
2026-05-09 06:00:00,275.50475196432524
2026-05-09 07:00:00,275.4432231542733
2026-05-09 08:00:00,276.0306005429497
2026-05-09 09:00:00,277.1934059339236
2026-05-09 10:00:00,278.8199838079051
2026-05-09 11:00:00,280.767955406512
2026-05-09 12:00:00,282.8738734721865
2026-05-09 13:00:00,284.96441705020635
2026-05-09 14:00:00,286.86833414886195
2026-05-09 15:00:00,288.42826802023995
2026-05-09 16:00:00,289.5116020434697
2026-05-09 17:00:00,290.0195330536062
2026-05-09 18:00:00,289.8937278539666
2026-05-09 19:00:00,289.1201164039521
2026-05-09 20:00:00,287.7296036398944
2026-05-09 21:00:00,286.27107076198695
2026-05-09 22:00:00,284.8680354559457
2026-05-09 23:00:00,283.5180293882608
2026-05-10 00:00:00,282.218721349423
2026-05-10 01:00:00,280.96637048279257
2026-05-10 02:00:00,279.7580215750209
2026-05-10 03:00:00,278.59187417899057
2026-05-10 04:00:00,277.4662195141212
2026-05-10 05:00:00,276.37943450957357
2026-05-10 06:00:00,275.6348862911056
2026-05-10 07:00:00,275.5674845544898
2026-05-10 08:00:00,276.148105472917
2026-05-10 09:00:00,277.30463952127394
2026-05-10 10:00:00,278.92667244294074
2026-05-10 11:00:00,280.87285869826974
2026-05-10 12:00:00,282.9805085780064
2026-05-10 13:00:00,285.0767339897249
2026-05-10 14:00:00,286.9903650172357
2026-05-10 15:00:00,288.5637754702424
2026-05-10 16:00:00,289.6637526232979
2026-05-10 17:00:00,290.1906188536371
2026-05-10 18:00:00,290.084955667755
2026-05-10 19:00:00,289.33147781863084
2026-05-10 20:00:00,287.9598329259588
2026-05-10 21:00:00,286.50226258834624
2026-05-10 22:00:00,285.09734576719114
2026-05-10 23:00:00,283.7428225943903
2026-05-11 00:00:00,282.43655617985
2026-05-11 01:00:00,281.1773045168525
2026-05-11 02:00:00,279.9640880977553
2026-05-11 03:00:00,278.79496693353246
2026-05-11 04:00:00,277.66810172799757
2026-05-11 05:00:00,276.58174723965953
2026-05-11 06:00:00,275.8531827687786
2026-05-11 07:00:00,275.80128213045964
2026-05-11 08:00:00,276.39598718580197
2026-05-11 09:00:00,277.5643893054417
2026-05-11 10:00:00,279.19546280548013
2026-05-11 11:00:00,281.14747926358194
2026-05-11 12:00:00,283.2576204819076
2026-05-11 13:00:00,285.3531326161912
2026-05-11 14:00:00,287.26323234624107
2026-05-11 15:00:00,288.8309036101352
2026-05-11 16:00:00,289.9237220563813
2026-05-11 17:00:00,290.4429184326577
2026-05-11 18:00:00,290.3300361185716
2026-05-11 19:00:00,289.5707358758207
2026-05-11 20:00:00,288.19552860324234
2026-05-11 21:00:00,286.7222110544876
2026-05-11 22:00:00,285.3042168740391
2026-05-11 23:00:00,283.9391033251417
2026-05-12 00:00:00,282.6245631491157
2026-05-12 01:00:00,281.3567010583413
2026-05-12 02:00:00,280.12944129330197
2026-05-12 03:00:00,278.94122085566136
2026-05-12 04:00:00,277.7905537806146
2026-05-12 05:00:00,276.67602623730204
2026-05-12 06:00:00,275.9289906489942
2026-05-12 07:00:00,275.8549099678667
2026-05-12 08:00:00,276.42692789931476
2026-05-12 09:00:00,277.5751736728406
2026-05-12 10:00:00,279.1912993710252
2026-05-12 11:00:00,281.1357183616077
2026-05-12 12:00:00,283.2470764473159
2026-05-12 13:00:00,285.3533102183078
2026-05-12 14:00:00,287.2835122250236
2026-05-12 15:00:00,288.87974581948936
2026-05-12 16:00:00,290.00794592490666
2026-05-12 17:00:00,290.56711068231454
2026-05-12 18:00:00,290.49612819114344
2026-05-12 19:00:00,289.77777712315225
2026-05-12 20:00:00,288.4396662864171
2026-05-12 21:00:00,286.9819758633134
2026-05-12 22:00:00,285.5724334579979
2026-05-12 23:00:00,284.20908794673664
2026-05-13 00:00:00,282.89009109113607
2026-05-13 01:00:00,281.61413528084296
2026-05-13 02:00:00,280.3842620514174
2026-05-13 03:00:00,279.19854216211525
2026-05-13 04:00:00,278.0551464143982
2026-05-13 05:00:00,276.95233904439385
2026-05-13 06:00:00,276.2346629386988
2026-05-13 07:00:00,276.19100634059
2026-05-13 08:00:00,276.7917308767991
2026-05-13 09:00:00,277.9644467963997
2026-05-13 10:00:00,279.5987143906194
2026-05-13 11:00:00,281.55342104246887
2026-05-13 12:00:00,283.666354349241
2026-05-13 13:00:00,285.76531677897043
2026-05-13 14:00:00,287.6799956939285
2026-05-13 15:00:00,289.2537299718939
2026-05-13 16:00:00,290.3543125837221
2026-05-13 17:00:00,290.88304183805934
2026-05-13 18:00:00,290.78137715963084
2026-05-13 19:00:00,290.03475229252473
2026-05-13 20:00:00,288.67332579730174
2026-05-13 21:00:00,287.18492334534074
2026-05-13 22:00:00,285.7517649121582
2026-05-13 23:00:00,284.37142573492616
2026-05-14 00:00:00,283.04161543244766
2026-05-14 01:00:00,281.76015015485734
2026-05-14 02:00:00,280.5255624273404
2026-05-14 03:00:00,279.3358701179711
2026-05-14 04:00:00,278.18919461001093
2026-05-14 05:00:00,277.0837539259106
2026-05-14 06:00:00,276.3772661835116
2026-05-14 07:00:00,276.3437747523691
2026-05-14 08:00:00,276.95337568588184
2026-05-14 09:00:00,278.1334981110691
2026-05-14 10:00:00,279.773618436863
2026-05-14 11:00:00,281.73264382485115
2026-05-14 12:00:00,283.84848469510877
2026-05-14 13:00:00,285.94916153438584
2026-05-14 14:00:00,287.8646601898825
2026-05-14 15:00:00,289.43867780354014
2026-05-14 16:00:00,290.539400213921
2026-05-14 17:00:00,291.06852544249296
2026-05-14 18:00:00,290.96789129022
2026-05-14 19:00:00,290.22326211394915
2026-05-14 20:00:00,288.8650566097452
2026-05-14 21:00:00,287.36693182296193
2026-05-14 22:00:00,285.92512049981195
2026-05-14 23:00:00,284.5371264385317
2026-05-15 00:00:00,283.20059279578834
2026-05-15 01:00:00,281.91299391380323
2026-05-15 02:00:00,280.6744457521122
2026-05-15 03:00:00,279.4828102159857
2026-05-15 04:00:00,278.33606311728335
2026-05-15 05:00:00,277.2322864977672
2026-05-15 06:00:00,276.54201100182166
2026-05-15 07:00:00,276.5242492165507
2026-05-15 08:00:00,277.14810686805185
2026-05-15 09:00:00,278.34016382722297
2026-05-15 10:00:00,279.9892441256751
2026-05-15 11:00:00,281.95384303637877
2026-05-15 12:00:00,284.07172733412176
2026-05-15 13:00:00,286.1710513394576
2026-05-15 14:00:00,288.0822016197842
2026-05-15 15:00:00,289.64951282639083
2026-05-15 16:00:00,290.7419975722572
2026-05-15 17:00:00,291.2623086861485
2026-05-15 18:00:00,291.15329685297667
2026-05-15 19:00:00,290.4017243669021
2026-05-15 20:00:00,289.0389224679787
2026-05-15 21:00:00,287.525258849117
2026-05-15 22:00:00,286.070788182943
2026-05-15 23:00:00,284.67280883558755
2026-05-16 00:00:00,283.32877297298035
2026-05-16 01:00:00,282.0369351730089
2026-05-16 02:00:00,280.7917452317987
2026-05-16 03:00:00,279.59124633832533
2026-05-16 04:00:00,278.43358357819324
2026-05-16 05:00:00,277.31699716842115
2026-05-16 06:00:00,276.6248218626794
2026-05-16 07:00:00,276.60291042878714
2026-05-16 08:00:00,277.22179628557984
2026-05-16 09:00:00,278.409440045551
2026-05-16 10:00:00,280.0559114891868
2026-05-16 11:00:00,282.02073581969137
2026-05-16 12:00:00,284.1424266375181
2026-05-16 13:00:00,286.2495538389102
2026-05-16 14:00:00,288.17256357285805
2026-05-16 15:00:00,289.7554951007431
2026-05-16 16:00:00,290.8667375472654
2026-05-16 17:00:00,291.4080425786148
2026-05-16 18:00:00,291.32115159065455
2026-05-16 19:00:00,290.5915921741403
2026-05-16 20:00:00,289.2494246444449
2026-05-16 21:00:00,287.74003813474843
2026-05-16 22:00:00,286.2867060496407
2026-05-16 23:00:00,284.8869602687452
2026-05-17 00:00:00,283.53847021194315
2026-05-17 01:00:00,282.23959361465114
2026-05-17 02:00:00,280.9863131396542
2026-05-17 03:00:00,279.776751996367
2026-05-17 04:00:00,278.6091301535229
2026-05-17 05:00:00,277.4817579534215
2026-05-17 06:00:00,276.7904041243961
2026-05-17 07:00:00,276.76765299755107
2026-05-17 08:00:00,277.38478258166884
2026-05-17 09:00:00,278.5705059259283
2026-05-17 10:00:00,280.2156049734002
2026-05-17 11:00:00,282.18023040747465
2026-05-17 12:00:00,284.3033934892702
2026-05-17 13:00:00,286.4140014023533
2026-05-17 14:00:00,288.3426559633461
2026-05-17 15:00:00,289.9333623592478
2026-05-17 16:00:00,291.0542915661816
2026-05-17 17:00:00,291.6068118961885
2026-05-17 18:00:00,291.53214648664823
2026-05-17 19:00:00,290.8152088110199
2026-05-17 20:00:00,289.48539377546797
2026-05-17 21:00:00,287.97395906063997
2026-05-17 22:00:00,286.5171453195911
2026-05-17 23:00:00,285.1125899393816
2026-05-18 00:00:00,283.7580607159993
2026-05-18 01:00:00,282.4545001613317
2026-05-18 02:00:00,281.1914983724475
2026-05-18 03:00:00,279.96751310281206
2026-05-18 04:00:00,278.7810781816063
2026-05-18 05:00:00,277.6307986525654
2026-05-18 06:00:00,276.9247960717584
2026-05-18 07:00:00,276.8841479532061
2026-05-18 08:00:00,277.4829148558862
2026-05-18 09:00:00,278.65246133590904
2026-05-18 10:00:00,280.2859174298228
2026-05-18 11:00:00,282.2453231682003
2026-05-18 12:00:00,284.3709943119212
2026-05-18 13:00:00,286.49247141805256
2026-05-18 14:00:00,288.44027989941253
2026-05-18 15:00:00,290.05765170410456
2026-05-18 16:00:00,291.2113516794731
2026-05-18 17:00:00,291.80081877021945
2026-05-18 18:00:00,291.76496941778333
2026-05-18 19:00:00,291.08620286613467
2026-05-18 20:00:00,289.7913722784142
2026-05-18 21:00:00,288.2961863049024
2026-05-18 22:00:00,286.8490962093152
2026-05-18 23:00:00,285.44817131257014
2026-05-19 00:00:00,284.0915830106757
2026-05-19 01:00:00,282.7794277224258
2026-05-19 02:00:00,281.50597401789435
2026-05-19 03:00:00,280.2697950276244
2026-05-19 04:00:00,279.0695332309826
2026-05-19 05:00:00,277.9038960747509
2026-05-19 06:00:00,277.1928809166927
2026-05-19 07:00:00,277.1453021206905
2026-05-19 08:00:00,277.73636811847297
2026-05-19 09:00:00,278.8985798907469
2026-05-19 10:00:00,280.5261180311509
2026-05-19 11:00:00,282.48191722656554
2026-05-19 12:00:00,284.6069717488041
2026-05-19 13:00:00,286.7312389669818
2026-05-19 14:00:00,288.685372432269
2026-05-19 15:00:00,290.3124375609302
2026-05-19 16:00:00,291.4787535445963
2026-05-19 17:00:00,292.0830702390947
2026-05-19 18:00:00,292.0634241944251
2026-05-19 19:00:00,291.401208958651
2026-05-19 20:00:00,290.1222182494219
2026-05-19 21:00:00,288.62827495884983
2026-05-19 22:00:00,287.1799728603527
2026-05-19 23:00:00,285.77553280661186
2026-05-20 00:00:00,284.4132682836052
2026-05-20 01:00:00,283.09015594592086
2026-05-20 02:00:00,281.80747369778663
2026-05-20 03:00:00,280.5636957952648
2026-05-20 04:00:00,279.35737176783397
2026-05-20 05:00:00,278.1871215988975
2026-05-20 06:00:00,277.4843385534342
2026-05-20 07:00:00,277.44460242373196
2026-05-20 08:00:00,278.04244194241136
2026-05-20 09:00:00,279.2097826775301
2026-05-20 10:00:00,280.84037203822845
2026-05-20 11:00:00,282.7968828712637
2026-05-20 12:00:00,284.92023682500167
2026-05-20 13:00:00,287.04051274265413
2026-05-20 14:00:00,288.9886708046034
2026-05-20 15:00:00,290.6082457283817
2026-05-20 16:00:00,291.76615414897196
2026-05-20 17:00:00,292.36182757343425
2026-05-20 18:00:00,292.33401861552807
2026-05-20 19:00:00,291.6648196768042
2026-05-20 20:00:00,290.38065670322715
2026-05-20 21:00:00,288.87134427133867
2026-05-20 22:00:00,287.409731230407
2026-05-20 23:00:00,285.99391736246395
2026-05-21 00:00:00,284.622102810607
2026-05-21 01:00:00,283.2871208205604
2026-05-21 02:00:00,281.99747277569315
2026-05-21 03:00:00,280.7513247758252
2026-05-21 04:00:00,279.54693718672775
2026-05-21 05:00:00,278.38265840273766
2026-05-21 06:00:00,277.70079960381497
2026-05-21 07:00:00,277.68280589243244
2026-05-21 08:00:00,278.30093369948094
2026-05-21 09:00:00,279.48505047834936
2026-05-21 10:00:00,281.12719472189366
2026-05-21 11:00:00,283.0887936316603
2026-05-21 12:00:00,285.2100704319445
2026-05-21 13:00:00,287.32099917181534
2026-05-21 14:00:00,289.2530329834098
2026-05-21 15:00:00,290.85075778586383
2026-05-21 16:00:00,291.9826191201746
2026-05-21 17:00:00,292.54993990611723
2026-05-21 18:00:00,292.4935864158299
2026-05-21 19:00:00,291.7978332354927
2026-05-21 20:00:00,290.4912019972299
2026-05-21 21:00:00,288.9531625805172
2026-05-21 22:00:00,287.46893472383636
2026-05-21 23:00:00,286.03622975561547
2026-05-22 00:00:00,284.6528847979578
2026-05-22 01:00:00,283.3162508879641
2026-05-22 02:00:00,282.02550158929944
2026-05-22 03:00:00,280.778766702604
2026-05-22 04:00:00,279.57427260654043
2026-05-22 05:00:00,278.4103358444431
2026-05-22 06:00:00,277.7401018313071
2026-05-22 07:00:00,277.73273080598835
2026-05-22 08:00:00,278.3602752739085
2026-05-22 09:00:00,279.5524709844331
2026-05-22 10:00:00,281.201306840396
2026-05-22 11:00:00,283.1682470020803
2026-05-22 12:00:00,285.2936366753688
2026-05-22 13:00:00,287.40764934582916
2026-05-22 14:00:00,289.34200181413206
2026-05-22 15:00:00,290.9415898886585
2026-05-22 16:00:00,292.07519372541384
2026-05-22 17:00:00,292.6444722458231
2026-05-22 18:00:00,292.5906057389982
2026-05-22 19:00:00,291.89813920825657
2026-05-22 20:00:00,290.595802818193
2026-05-22 21:00:00,289.0513172997379
2026-05-22 22:00:00,287.5614607609365
2026-05-22 23:00:00,286.1238915493644
2026-05-23 00:00:00,284.7363974142755
2026-05-23 01:00:00,283.3888437419353
2026-05-23 02:00:00,282.09380943226466
2026-05-23 03:00:00,280.84894970293044
2026-05-23 04:00:00,279.65204787978837
2026-05-23 05:00:00,278.50100653612543
2026-05-23 06:00:00,277.8591350461194
2026-05-23 07:00:00,277.88131465783994
2026-05-23 08:00:00,278.5364802776494
2026-05-23 09:00:00,279.75154650103144
2026-05-23 10:00:00,281.41616132909746
2026-05-23 11:00:00,283.3900832507212
2026-05-23 12:00:00,285.5127006042227
2026-05-23 13:00:00,287.61404089967897
2026-05-23 14:00:00,289.52649010643563
2026-05-23 15:00:00,291.09637316437045
2026-05-23 16:00:00,292.19454843318175
2026-05-23 17:00:00,292.72524443033467
2026-05-23 18:00:00,292.6325111450069
2026-05-23 19:00:00,291.90385429060495
2026-05-23 20:00:00,290.57084527882495
2026-05-23 21:00:00,288.9921798958617
2026-05-23 22:00:00,287.4766523162092
2026-05-23 23:00:00,286.02131286992596
2026-05-24 00:00:00,284.6233839204014
2026-05-24 01:00:00,283.2879867352299
2026-05-24 02:00:00,281.99824347504557
2026-05-24 03:00:00,280.75229883532745
2026-05-24 04:00:00,279.5483931349149
2026-05-24 05:00:00,278.3848559759973
2026-05-24 06:00:00,277.7356302505232
2026-05-24 07:00:00,277.74679256226824
2026-05-24 08:00:00,278.3905857220955
2026-05-24 09:00:00,279.59703342992196
2026-05-24 10:00:00,281.2584943606482
2026-05-24 11:00:00,283.2368623509449
2026-05-24 12:00:00,285.37294562593553
2026-05-24 13:00:00,287.49738470880214
2026-05-24 14:00:00,289.44233753185375
2026-05-24 15:00:00,291.0530868591863
2026-05-24 16:00:00,292.19872114103026
2026-05-24 17:00:00,292.78111002355047
2026-05-24 18:00:00,292.74153490411913
2026-05-24 19:00:00,292.0645277669066
2026-05-24 20:00:00,290.7786947158671
2026-05-24 21:00:00,289.2287686034668
2026-05-24 22:00:00,287.73350413721226
2026-05-24 23:00:00,286.29056068228266
2026-05-25 00:00:00,284.89772700878876
2026-05-25 01:00:00,283.5618802005992
2026-05-25 02:00:00,282.2654538835629
2026-05-25 03:00:00,281.0069873591585
2026-05-25 04:00:00,279.785091494407
2026-05-25 05:00:00,278.59844416162247
2026-05-25 06:00:00,277.9312294116187
2026-05-25 07:00:00,277.92105368253186
2026-05-25 08:00:00,278.54335964138113
2026-05-25 09:00:00,279.73121121664684
2026-05-25 10:00:00,281.3796483309454
2026-05-25 11:00:00,283.3527081724822
2026-05-25 12:00:00,285.49266000135253
2026-05-25 13:00:00,287.63082528232417
2026-05-25 14:00:00,289.5992205397184
2026-05-25 15:00:00,291.24218243889567
2026-05-25 16:00:00,292.427125313958
2026-05-25 17:00:00,293.05364601613707
2026-05-25 18:00:00,293.06032534000803
2026-05-25 19:00:00,292.42876478182654
2026-05-25 20:00:00,291.18461912927626
2026-05-25 21:00:00,289.65898299861124
2026-05-25 22:00:00,288.1800585470023
2026-05-25 23:00:00,286.74601146369747
2026-05-26 00:00:00,285.3551039404613
2026-05-26 01:00:00,284.0043988543721
2026-05-26 02:00:00,282.6943987041402
2026-05-26 03:00:00,281.42357208333175
2026-05-26 04:00:00,280.19046347505065
2026-05-26 05:00:00,278.9936883639942
2026-05-26 06:00:00,278.3269614119193
2026-05-26 07:00:00,278.3168725299249
2026-05-26 08:00:00,278.9384800023931
2026-05-26 09:00:00,280.124543409392
2026-05-26 10:00:00,281.7698978940328
2026-05-26 11:00:00,283.7384887211245
2026-05-26 12:00:00,285.8726119797761
2026-05-26 13:00:00,288.00373250770826
2026-05-26 14:00:00,289.96411627686257
2026-05-26 15:00:00,291.59843725000115
2026-05-26 16:00:00,292.7745101367096
2026-05-26 17:00:00,293.39236578163684
2026-05-26 18:00:00,293.39102078289085
2026-05-26 19:00:00,292.7524826550923
2026-05-26 20:00:00,291.5027535096484
2026-05-26 21:00:00,289.9626685618316
2026-05-26 22:00:00,288.4706683776854
2026-05-26 23:00:00,287.02483937547635
2026-05-27 00:00:00,285.62336963006663
2026-05-27 01:00:00,284.23931499814546
2026-05-27 02:00:00,282.91034089955014
2026-05-27 03:00:00,281.63393957678335
2026-05-27 04:00:00,280.4077428050264
2026-05-27 05:00:00,279.2295120706201
2026-05-27 06:00:00,278.60142381460696
2026-05-27 07:00:00,278.63414002987065
2026-05-27 08:00:00,279.2962242441978
2026-05-27 09:00:00,280.5144729326406
2026-05-27 10:00:00,282.1786776326983
2026-05-27 11:00:00,284.14899289622906
2026-05-27 12:00:00,286.26542916801316
2026-05-27 13:00:00,288.3588196622873
2026-05-27 14:00:00,290.2624838657076
2026-05-27 15:00:00,291.8237427036099
2026-05-27 16:00:00,292.9144427976018
2026-05-27 17:00:00,293.4397234359916
2026-05-27 18:00:00,293.34440386275605
2026-05-27 19:00:00,292.61656405529817
2026-05-27 20:00:00,291.28811557957476
2026-05-27 21:00:00,289.67505802105813
2026-05-27 22:00:00,288.12780093708113
2026-05-27 23:00:00,286.64321541241424
2026-05-28 00:00:00,285.2183579096955
2026-05-28 01:00:00,283.8562605477318
2026-05-28 02:00:00,282.54471166329324
2026-05-28 03:00:00,281.2815291123007
2026-05-28 04:00:00,280.06464785159426
2026-05-28 05:00:00,278.8921119212451
2026-05-28 06:00:00,278.2752916694904
2026-05-28 07:00:00,278.3164361154856
2026-05-28 08:00:00,278.9859844358348
2026-05-28 09:00:00,280.21250526010397
2026-05-28 10:00:00,281.88734794185683
2026-05-28 11:00:00,283.87191155935204
2026-05-28 12:00:00,286.00705855480265
2026-05-28 13:00:00,288.1240288468361
2026-05-28 14:00:00,290.0560819585256
2026-05-28 15:00:00,291.65002455452225
2026-05-28 16:00:00,292.77678014540066
2026-05-28 17:00:00,293.34023080843843
2026-05-28 18:00:00,293.28370206375683
2026-05-28 19:00:00,292.59365576815986
2026-05-28 20:00:00,291.300378581452
2026-05-28 21:00:00,289.7085368033251
2026-05-28 22:00:00,288.1774716754626
2026-05-28 23:00:00,286.7044277520733
2026-05-29 00:00:00,285.28680792565564
2026-05-29 01:00:00,283.91523282098296
2026-05-29 02:00:00,282.5987290580004
2026-05-29 03:00:00,281.33477621845054
2026-05-29 04:00:00,280.1209942917894
2026-05-29 05:00:00,278.95513380195985
2026-05-29 06:00:00,278.35688724207824
2026-05-29 07:00:00,278.4170226900281
2026-05-29 08:00:00,279.10396882499884
2026-05-29 09:00:00,280.34449588524154
2026-05-29 10:00:00,282.02848422568877
2026-05-29 11:00:00,284.01629059897493
2026-05-29 12:00:00,286.1482310971101
2026-05-29 13:00:00,288.255530341273
2026-05-29 14:00:00,290.1719607259496
2026-05-29 15:00:00,291.745328520498
2026-05-29 16:00:00,292.8479664652574
2026-05-29 17:00:00,293.38546892375217
2026-05-29 18:00:00,293.3030496152668
2026-05-29 19:00:00,292.5890972464332
2026-05-29 20:00:00,291.2757273134706
2026-05-29 21:00:00,289.6597552610807
2026-05-29 22:00:00,288.11036661624513
2026-05-29 23:00:00,286.62437188769894
2026-05-30 00:00:00,285.19877144658915
2026-05-30 01:00:00,283.82559119217143
2026-05-30 02:00:00,282.51074155135547
2026-05-30 03:00:00,281.2514361154539
2026-05-30 04:00:00,280.0450480520168
2026-05-30 05:00:00,278.8890986744557
2026-05-30 06:00:00,278.3113257087356
2026-05-30 07:00:00,278.3917723651361
2026-05-30 08:00:00,279.09734532264156
2026-05-30 09:00:00,280.35347110982224
2026-05-30 10:00:00,282.0489529885817
2026-05-30 11:00:00,284.04340914793465
2026-05-30 12:00:00,286.1768051740774
2026-05-30 13:00:00,288.28042584317734
2026-05-30 14:00:00,290.1885075146502
2026-05-30 15:00:00,291.74968786293704
2026-05-30 16:00:00,292.83743518360296
2026-05-30 17:00:00,293.35869844129525
2026-05-30 18:00:00,293.2601651458943
2026-05-30 19:00:00,292.5317105225272
2026-05-30 20:00:00,291.20684447383866
2026-05-30 21:00:00,289.57449849150714
2026-05-30 22:00:00,288.01321082567625
2026-05-30 23:00:00,286.51943499597047
2026-05-31 00:00:00,285.0898413784218
2026-05-31 01:00:00,283.72816158912065
2026-05-31 02:00:00,282.41982869925096
2026-05-31 03:00:00,281.1624479109148
2026-05-31 04:00:00,279.9537560240256
2026-05-31 05:00:00,278.7916122799811
2026-05-31 06:00:00,278.211986201628
2026-05-31 07:00:00,278.2880591090428
2026-05-31 08:00:00,278.98901190221045
2026-05-31 09:00:00,280.2423969039017
2026-05-31 10:00:00,281.9388595431453
2026-05-31 11:00:00,283.9394576200302
2026-05-31 12:00:00,286.08510062077926
2026-05-31 13:00:00,288.20746214597807
2026-05-31 14:00:00,290.14059231521
2026-05-31 15:00:00,291.73238922815176
2026-05-31 16:00:00,292.8550903165974
2026-05-31 17:00:00,293.41401959936064
2026-05-31 18:00:00,293.3539695871281
2026-05-31 19:00:00,292.6627908675118
2026-05-31 20:00:00,291.3719847068723
2026-05-31 21:00:00,289.75990891142044
2026-05-31 22:00:00,288.2127680896775
2026-05-31 23:00:00,286.72750181013186
2026-06-01 00:00:00,285.3012300057135
2026-06-01 01:00:00,283.9282163744833
2026-06-01 02:00:00,282.61084688620065
2026-06-01 03:00:00,281.3465567531584
2026-06-01 04:00:00,280.1329247406373
2026-06-01 05:00:00,278.96766303878803
2026-06-01 06:00:00,278.3941780983246
2026-06-01 07:00:00,278.4762685893731
2026-06-01 08:00:00,279.18224539323256
2026-06-01 09:00:00,280.43890928681975
2026-06-01 10:00:00,282.1363212336543
2026-06-01 11:00:00,284.13515993404144
2026-06-01 12:00:00,286.27618589449514
2026-06-01 13:00:00,288.3911627163111
2026-06-01 14:00:00,290.314461275381
2026-06-01 15:00:00,291.8945061061652
2026-06-01 16:00:00,293.00422658820526
2026-06-01 17:00:00,293.54975213982397
2026-06-01 18:00:00,293.4767344532225
2026-06-01 19:00:00,292.7738746611918
2026-06-01 20:00:00,291.4734556067301
2026-06-01 21:00:00,289.8461454698374
2026-06-01 22:00:00,288.28654962281115
2026-06-01 23:00:00,286.7913977828151
2026-06-02 00:00:00,285.35761561263206
2026-06-02 01:00:00,283.97922399185177
2026-06-02 02:00:00,282.6585115727152
2026-06-02 03:00:00,281.3927531496467
2026-06-02 04:00:00,280.1793786047041
2026-06-02 05:00:00,279.01596183618585
2026-06-02 06:00:00,278.45300814213465
2026-06-02 07:00:00,278.5453218297785
2026-06-02 08:00:00,279.26036846042484
2026-06-02 09:00:00,280.5242193918539
2026-06-02 10:00:00,282.2263699558243
2026-06-02 11:00:00,284.2271346988036
2026-06-02 12:00:00,286.36713577179256
2026-06-02 13:00:00,288.4782328542578
2026-06-02 14:00:00,290.395119143556
2026-06-02 15:00:00,291.966742992918
2026-06-02 16:00:00,293.06671956834055
2026-06-02 17:00:00,293.6019748890608
2026-06-02 18:00:00,293.5190094973584
2026-06-02 19:00:00,292.80736439848727
2026-06-02 20:00:00,291.50009415245387
2026-06-02 21:00:00,289.86054617893126
2026-06-02 22:00:00,288.2913738102266
2026-06-02 23:00:00,286.7890977027038
2026-06-03 00:00:00,285.3504502790256
2026-06-03 01:00:00,283.9772835910526
2026-06-03 02:00:00,282.65869955933675
2026-06-03 03:00:00,281.3922183056397
2026-06-03 04:00:00,280.1754975073126
2026-06-03 05:00:00,279.00632275012276
2026-06-03 06:00:00,278.4422744201295
2026-06-03 07:00:00,278.5317483726281
2026-06-03 08:00:00,279.2436571466643
2026-06-03 09:00:00,280.5054366715325
2026-06-03 10:00:00,282.20777740838975
2026-06-03 11:00:00,284.21194217454325
2026-06-03 12:00:00,286.35919289153975
2026-06-03 13:00:00,288.481679896437
2026-06-03 14:00:00,290.4140220920106
2026-06-03 15:00:00,292.00473922518677
2026-06-03 16:00:00,293.1266999990319
2026-06-03 17:00:00,293.68582532135355
2026-06-03 18:00:00,293.6274288204053
2026-06-03 19:00:00,292.9397707733347
2026-06-03 20:00:00,291.6546233128886
2026-06-03 21:00:00,290.02654850047355
2026-06-03 22:00:00,288.46499378807306
2026-06-03 23:00:00,286.96678715766393
2026-06-04 00:00:00,285.52894527142115
2026-06-04 01:00:00,284.16241119450865
2026-06-04 02:00:00,282.84280876712734
2026-06-04 03:00:00,281.5682159524106
2026-06-04 04:00:00,280.33681082591124
2026-06-04 05:00:00,279.14686486084594
2026-06-04 06:00:00,278.56293895006434
2026-06-04 07:00:00,278.6295631071705
2026-06-04 08:00:00,279.31929290219017
2026-06-04 09:00:00,280.5629637508263
2026-06-04 10:00:00,282.25420022336385
2026-06-04 11:00:00,284.2565392616024
2026-06-04 12:00:00,286.41270505901457
2026-06-04 13:00:00,288.55540226650453
2026-06-04 14:00:00,290.51886481250057
2026-06-04 15:00:00,292.15032532747205
2026-06-04 16:00:00,293.3205664674882
2026-06-04 17:00:00,293.9327849044465
2026-06-04 18:00:00,293.92913637803946
2026-06-04 19:00:00,293.2945207844142
2026-06-04 20:00:00,292.05738679250874
2026-06-04 21:00:00,290.46203347982663
2026-06-04 22:00:00,288.9233107746427
2026-06-04 23:00:00,287.4387674396774
2026-06-05 00:00:00,286.0060896887699
2026-06-05 01:00:00,284.6204241153943
2026-06-05 02:00:00,283.28369077615304
2026-06-05 03:00:00,281.99384218329277
2026-06-05 04:00:00,280.748939208055
2026-06-05 05:00:00,279.5471437108689
2026-06-05 06:00:00,278.9590862601584
2026-06-05 07:00:00,279.0217265344977
2026-06-05 08:00:00,279.70699905324733
2026-06-05 09:00:00,280.9452041352306
2026-06-05 10:00:00,282.62955095066246
2026-06-05 11:00:00,284.6233071813787
2026-06-05 12:00:00,286.76909086434495
2026-06-05 13:00:00,288.8996694429175
2026-06-05 14:00:00,290.8495024550589
2026-06-05 15:00:00,292.4661929650511
2026-06-05 16:00:00,293.62101022918665
2026-06-05 17:00:00,294.2177165938738
2026-06-05 18:00:00,294.19907006911006
2026-06-05 19:00:00,293.5505650503891
2026-06-05 20:00:00,292.30119418907714
2026-06-05 21:00:00,290.6888927762222
2026-06-05 22:00:00,289.13532389201833
2026-06-05 23:00:00,287.6378975567688
2026-06-06 00:00:00,286.1941709154855
2026-06-06 01:00:00,284.8029544200021
2026-06-06 02:00:00,283.4604251954769
2026-06-06 03:00:00,282.16455670101914
2026-06-06 04:00:00,280.9134294380606
2026-06-06 05:00:00,279.7052236753521
2026-06-06 06:00:00,279.1164030325499
2026-06-06 07:00:00,279.1775938776957
2026-06-06 08:00:00,279.86096894443045
2026-06-06 09:00:00,281.09708531723334
2026-06-06 10:00:00,282.77941063064526
2026-06-06 11:00:00,284.771455460634
2026-06-06 12:00:00,286.9160487798222
2026-06-06 13:00:00,289.04612277175966
2026-06-06 14:00:00,290.9962445584288
2026-06-06 15:00:00,292.61406081126114
2026-06-06 16:00:00,293.77081824362483
2026-06-06 17:00:00,294.37019307912806
2026-06-06 18:00:00,294.3548006229843
2026-06-06 19:00:00,293.70994674136745
2026-06-06 20:00:00,292.4644033337425
2026-06-06 21:00:00,290.8494394949803
2026-06-06 22:00:00,289.2927886010618
2026-06-06 23:00:00,287.79189239716817
2026-06-07 00:00:00,286.3443376228082
2026-06-07 01:00:00,284.95102813244824
2026-06-07 02:00:00,283.6051898964116
2026-06-07 03:00:00,282.3048810854074
2026-06-07 04:00:00,281.0482614795912
2026-06-07 05:00:00,279.8335856086709
2026-06-07 06:00:00,279.24284379164516
2026-06-07 07:00:00,279.3011367769619
2026-06-07 08:00:00,279.9812785315864
2026-06-07 09:00:00,281.21445445907443
2026-06-07 10:00:00,282.8947065293145
2026-06-07 11:00:00,284.88602747895743
2026-06-07 12:00:00,287.0316039228671
2026-06-07 13:00:00,289.1645773282416
2026-06-07 14:00:00,291.1195624637825
2026-06-07 15:00:00,292.74409049575564
2026-06-07 16:00:00,293.90913989221366
2026-06-07 17:00:00,294.5179873011979
2026-06-07 18:00:00,294.51274761717724
2026-06-07 19:00:00,293.87816240441254
2026-06-07 20:00:00,292.64241576258064
2026-06-07 21:00:00,291.030171317515
2026-06-07 22:00:00,289.4746606308696
2026-06-07 23:00:00,287.97343490617976
2026-06-08 00:00:00,286.5241828872721
2026-06-08 01:00:00,285.13113171015345
2026-06-08 02:00:00,283.78305324622454
2026-06-08 03:00:00,282.4781699869199
2026-06-08 04:00:00,281.2147956926448
2026-06-08 05:00:00,279.9913293198443
2026-06-08 06:00:00,279.3949930986595
2026-06-08 07:00:00,279.44634519118597
2026-06-08 08:00:00,280.11940919623333
2026-06-08 09:00:00,281.3465269814243
2026-06-08 10:00:00,283.0227677841006
2026-06-08 11:00:00,285.0129537187683
2026-06-08 12:00:00,287.1608469273792
2026-06-08 13:00:00,289.2998720085912
2026-06-08 14:00:00,291.2646167878364
2026-06-08 15:00:00,292.90228035224084
2026-06-08 16:00:00,294.0832312594105
2026-06-08 17:00:00,294.70990577322056
2026-06-08 18:00:00,294.72341122068866
2026-06-08 19:00:00,294.10738825154584
2026-06-08 20:00:00,292.88890514700853
2026-06-08 21:00:00,291.28593349984124
2026-06-08 22:00:00,289.7365277051616
2026-06-08 23:00:00,288.23844857727164
2026-06-09 00:00:00,286.78958042556036
2026-06-09 01:00:00,285.38299957572417
2026-06-09 02:00:00,284.0237198411789
2026-06-09 03:00:00,282.7098186767934
2026-06-09 04:00:00,281.4394740463753
2026-06-09 05:00:00,280.21288243326495
2026-06-09 06:00:00,279.61796794532756
2026-06-09 07:00:00,279.67106158912594
2026-06-09 08:00:00,280.3453147966468
2026-06-09 09:00:00,281.5722889674335
2026-06-09 10:00:00,283.2464153405582
2026-06-09 11:00:00,285.2320626550844
2026-06-09 12:00:00,287.37275442403256
2026-06-09 13:00:00,289.5019067455258
2026-06-09 14:00:00,291.45432804662073
2026-06-09 15:00:00,293.0776493566264
2026-06-09 16:00:00,294.2428491964908
2026-06-09 17:00:00,294.85310558695573
2026-06-09 18:00:00,294.85034412363797
2026-06-09 19:00:00,294.21904048559264
2026-06-09 20:00:00,292.9870552581992
2026-06-09 21:00:00,291.36781522064484
2026-06-09 22:00:00,289.80481501231213
2026-06-09 23:00:00,288.2956436068462
2026-06-10 00:00:00,286.8380250962949
2026-06-10 01:00:00,285.41434820838356
2026-06-10 02:00:00,284.04429240553293
2026-06-10 03:00:00,282.7255001499295
2026-06-10 04:00:00,281.45574320258316
2026-06-10 05:00:00,280.23958340407484
2026-06-10 06:00:00,279.65928711934777
2026-06-10 07:00:00,279.72846456066765
2026-06-10 08:00:00,280.41760364460936
2026-06-10 09:00:00,281.65583002468355
2026-06-10 10:00:00,283.33552618920004
2026-06-10 11:00:00,285.3195351853726
2026-06-10 12:00:00,287.4504798291288
2026-06-10 13:00:00,289.5615593924545
2026-06-10 14:00:00,291.48805935021267
2026-06-10 15:00:00,293.0787409948176
2026-06-10 16:00:00,294.20627775946014
2026-06-10 17:00:00,294.7759779729748
2026-06-10 18:00:00,294.73217391089776
2026-06-10 19:00:00,294.0618487455054
2026-06-10 20:00:00,292.79529313975036
2026-06-10 21:00:00,291.1432805660196
2026-06-10 22:00:00,289.55523728763774
2026-06-10 23:00:00,288.02821353075416
2026-06-11 00:00:00,286.55943236690837
2026-06-11 01:00:00,285.142385299413
2026-06-11 02:00:00,283.7801896531648
2026-06-11 03:00:00,282.47038857895194
2026-06-11 04:00:00,281.21066131535474
2026-06-11 05:00:00,280.00983212445084
2026-06-11 06:00:00,279.44522161217566
2026-06-11 07:00:00,279.5297395581999
2026-06-11 08:00:00,280.2332050992882
2026-06-11 09:00:00,281.4841514624856
2026-06-11 10:00:00,283.17448557654967
2026-06-11 11:00:00,285.1667249825895
2026-06-11 12:00:00,287.3033401489629
2026-06-11 13:00:00,289.417562096643
2026-06-11 14:00:00,291.3448897579792
2026-06-11 15:00:00,292.93446383764103
2026-06-11 16:00:00,294.0594751748439
2026-06-11 17:00:00,294.6258496074904
2026-06-11 18:00:00,294.57859234963394
2026-06-11 19:00:00,293.9053671148945
2026-06-11 20:00:00,292.6371054020718
2026-06-11 21:00:00,290.98070421136117
2026-06-11 22:00:00,289.3902040657847
2026-06-11 23:00:00,287.8625090911076
2026-06-12 00:00:00,286.39470683029145
2026-06-12 01:00:00,285.00638307938885
2026-06-12 02:00:00,283.6626302195002
2026-06-12 03:00:00,282.36169411494103
2026-06-12 04:00:00,281.10191040339913
2026-06-12 05:00:00,279.8966674228295
2026-06-12 06:00:00,279.3195446692115
2026-06-12 07:00:00,279.38787900523397
2026-06-12 08:00:00,280.0758889317339
2026-06-12 09:00:00,281.3161988486376
2026-06-12 10:00:00,283.0042321932285
2026-06-12 11:00:00,285.00521559916984
2026-06-12 12:00:00,287.1633407252202
2026-06-12 13:00:00,289.312459195383
2026-06-12 14:00:00,291.28755576399567
2026-06-12 15:00:00,292.93617073973275
2026-06-12 16:00:00,294.1289365347789
2026-06-12 17:00:00,294.7684597924377
2026-06-12 18:00:00,294.7959152699626
2026-06-12 19:00:00,294.1949057413317
2026-06-12 20:00:00,292.9923609617116
2026-06-12 21:00:00,291.3874846130523
2026-06-12 22:00:00,289.83601623299273
2026-06-12 23:00:00,288.3357278061167
2026-06-13 00:00:00,286.88451411391696
2026-06-13 01:00:00,285.4887374727965
2026-06-13 02:00:00,284.1348896559809
2026-06-13 03:00:00,282.8213822755034
2026-06-13 04:00:00,281.5467067317931
2026-06-13 05:00:00,280.3279480944742
2026-06-13 06:00:00,279.7349178378549
2026-06-13 07:00:00,279.7863042740033
2026-06-13 08:00:00,280.4576998879885
2026-06-13 09:00:00,281.68303529662546
2026-06-13 10:00:00,283.35888464779606
2026-06-13 11:00:00,285.3513911274364
2026-06-13 12:00:00,287.5053654391014
2026-06-13 13:00:00,289.65493801041106
2026-06-13 14:00:00,291.6350138591882
2026-06-13 15:00:00,293.2927029724897
2026-06-13 16:00:00,294.4978905627514
2026-06-13 17:00:00,295.1521757988593
2026-06-13 18:00:00,295.19554029584856
2026-06-13 19:00:00,294.6102943311761
2026-06-13 20:00:00,293.4220669495711
2026-06-13 21:00:00,291.82522184570524
2026-06-13 22:00:00,290.2782118265064
2026-06-13 23:00:00,288.7790326713784
2026-06-14 00:00:00,287.3257884443592
2026-06-14 01:00:00,285.8915352871839
2026-06-14 02:00:00,284.5088126405482
2026-06-14 03:00:00,283.1754240169246
2026-06-14 04:00:00,281.8892914815676
2026-06-14 05:00:00,280.67011497356964
2026-06-14 06:00:00,280.0835860406094
2026-06-14 07:00:00,280.1444616545641
2026-06-14 08:00:00,280.82444872113876
2026-06-14 09:00:00,282.053886244491
2026-06-14 10:00:00,283.72628502270254
2026-06-14 11:00:00,285.70545626274173
2026-06-14 12:00:00,287.8347657975621
2026-06-14 13:00:00,289.9478811755383
2026-06-14 14:00:00,291.8802513848699
2026-06-14 15:00:00,293.48048860575545
2026-06-14 16:00:00,294.62081946474274
2026-06-14 17:00:00,295.2058440811997
2026-06-14 18:00:00,295.1789794531664
2026-06-14 19:00:00,294.5261540530516
2026-06-14 20:00:00,293.27653988554385
2026-06-14 21:00:00,291.6245119656591
2026-06-14 22:00:00,290.0335925647033
2026-06-14 23:00:00,288.50104568205126
2026-06-15 00:00:00,287.02429310561286
2026-06-15 01:00:00,285.5656891984271
2026-06-15 02:00:00,284.1721724224886
2026-06-15 03:00:00,282.8404870843101
2026-06-15 04:00:00,281.56757201061725
2026-06-15 05:00:00,280.3749588436606
2026-06-15 06:00:00,279.82421572843293
2026-06-15 07:00:00,279.9241890976666
2026-06-15 08:00:00,280.6408105115227
2026-06-15 09:00:00,281.8991451303399
2026-06-15 10:00:00,283.5882730795977
2026-06-15 11:00:00,285.56870929439646
2026-06-15 12:00:00,287.6818748707625
2026-06-15 13:00:00,289.76096809021124
2026-06-15 14:00:00,291.64246265711256
2026-06-15 15:00:00,293.17739909902787
2026-06-15 16:00:00,294.24164316167673
2026-06-15 17:00:00,294.74436536668514
2026-06-15 18:00:00,294.6341419206797
2026-06-15 19:00:00,293.90227224094855
2026-06-15 20:00:00,292.5831288832645
2026-06-15 21:00:00,290.8729573912033
2026-06-15 22:00:00,289.2407810513943
2026-06-15 23:00:00,287.682542451532
2026-06-16 00:00:00,286.19444137200236
2026-06-16 01:00:00,284.76990800222114
2026-06-16 02:00:00,283.41007688440834
2026-06-16 03:00:00,282.1116764271936
2026-06-16 04:00:00,280.8716309933809
2026-06-16 05:00:00,279.7137999238364
2026-06-16 06:00:00,279.1970862429307
2026-06-16 07:00:00,279.32983683375903
2026-06-16 08:00:00,280.0774998898727
2026-06-16 09:00:00,281.36471040237393
2026-06-16 10:00:00,283.0802054412308
2026-06-16 11:00:00,285.0842720825259
2026-06-16 12:00:00,287.2182386638774
2026-06-16 13:00:00,289.31535580745185
2026-06-16 14:00:00,291.2122938273892
2026-06-16 15:00:00,292.7604224733058
2026-06-16 16:00:00,293.8360477920172
2026-06-16 17:00:00,294.34886208244404
2026-06-16 18:00:00,294.2480095849338
2026-06-16 19:00:00,293.5253659726505
2026-06-16 20:00:00,292.2158502625247
2026-06-16 21:00:00,290.5138019014365
2026-06-16 22:00:00,288.89086606620594
2026-06-16 23:00:00,287.34287186584913
2026-06-17 00:00:00,285.8659146929443
2026-06-17 01:00:00,284.4671805074524
2026-06-17 02:00:00,283.12660553901594
2026-06-17 03:00:00,281.8414494291479
2026-06-17 04:00:00,280.60912798254844
2026-06-17 05:00:00,279.4558908129135
2026-06-17 06:00:00,278.93899521315944
2026-06-17 07:00:00,279.0694275331129
2026-06-17 08:00:00,279.8152102070701
2026-06-17 09:00:00,281.10332768135606
2026-06-17 10:00:00,282.82449302252707
2026-06-17 11:00:00,284.8404692364573
2026-06-17 12:00:00,286.9934662687691
2026-06-17 13:00:00,289.1169684671427
2026-06-17 14:00:00,291.0472244796235
2026-06-17 15:00:00,292.6345670591391
2026-06-17 16:00:00,293.7537347698142
2026-06-17 17:00:00,294.3124445915965
2026-06-17 18:00:00,294.2576076690689
2026-06-17 19:00:00,293.57877379418596
2026-06-17 20:00:00,292.3086102831629
2026-06-17 21:00:00,290.6374622418315
2026-06-17 22:00:00,289.03769949152513
2026-06-17 23:00:00,287.5057935998803
2026-06-18 00:00:00,286.03843185772615
2026-06-18 01:00:00,284.6456243321912
2026-06-18 02:00:00,283.30475677195346
2026-06-18 03:00:00,282.0135703437532
2026-06-18 04:00:00,280.769928634312
2026-06-18 05:00:00,279.60202683981476
2026-06-18 06:00:00,279.0659259525608
2026-06-18 07:00:00,279.17549744917426
2026-06-18 08:00:00,279.90160572658874
2026-06-18 09:00:00,281.1738519915039
2026-06-18 10:00:00,282.8851696317375
2026-06-18 11:00:00,284.8989979454257
2026-06-18 12:00:00,287.05856708750576
2026-06-18 13:00:00,289.1976587569514
2026-06-18 14:00:00,291.1520810306368
2026-06-18 15:00:00,292.7710269654678
2026-06-18 16:00:00,293.9274862858636
2026-06-18 17:00:00,294.52695172720416
2026-06-18 18:00:00,294.5138009229774
2026-06-18 19:00:00,293.8749255839038
2026-06-18 20:00:00,292.6403990779371
2026-06-18 21:00:00,290.9966564909428
2026-06-18 22:00:00,289.4161334409502
2026-06-18 23:00:00,287.8959307102541
2026-06-19 00:00:00,286.4333182180804
2026-06-19 01:00:00,285.0265331113351
2026-06-19 02:00:00,283.6719734332444
2026-06-19 03:00:00,282.36737099966876
2026-06-19 04:00:00,281.1105807621434
2026-06-19 05:00:00,279.93091162086654
2026-06-19 06:00:00,279.38316978560164
2026-06-19 07:00:00,279.4813266837729
2026-06-19 08:00:00,280.19635637597645
2026-06-19 09:00:00,281.45797050698616
2026-06-19 10:00:00,283.15920458283637
2026-06-19 11:00:00,285.1635831898059
2026-06-19 12:00:00,287.31439770007165
2026-06-19 13:00:00,289.4454615577548
2026-06-19 14:00:00,291.39258195836186
2026-06-19 15:00:00,293.0049177554221
2026-06-19 16:00:00,294.15539291636446
2026-06-19 17:00:00,294.749406905764
2026-06-19 18:00:00,294.73122252505107
2026-06-19 19:00:00,294.08760247991785
2026-06-19 20:00:00,292.84848524342556
2026-06-19 21:00:00,291.1990296423402
2026-06-19 22:00:00,289.6126863068459
2026-06-19 23:00:00,288.0865685995359
2026-06-20 00:00:00,286.61795820457013
2026-06-20 01:00:00,285.1913908358316
2026-06-20 02:00:00,283.82291457830684
2026-06-20 03:00:00,282.5098267007663
2026-06-20 04:00:00,281.2495779367696
2026-06-20 05:00:00,280.0718148871992
2026-06-20 06:00:00,279.5300804240045
2026-06-20 07:00:00,279.6359117108411
2026-06-20 08:00:00,280.3578983856825
2026-06-20 09:00:00,281.62356827640815
2026-06-20 10:00:00,283.324114668761
2026-06-20 11:00:00,285.3216822041181
2026-06-20 12:00:00,287.45873521537936
2026-06-20 13:00:00,289.56886564512854
2026-06-20 14:00:00,291.4882741685315
2026-06-20 15:00:00,293.06709273563104
2026-06-20 16:00:00,294.17972026841215
2026-06-20 17:00:00,294.73341926439207
2026-06-20 18:00:00,294.6745634781023
2026-06-20 19:00:00,293.9921196351379
2026-06-20 20:00:00,292.71816597043164
2026-06-20 21:00:00,291.03906004651236
2026-06-20 22:00:00,289.43014355832827
2026-06-20 23:00:00,287.8879967541089
2026-06-21 00:00:00,286.4094074625979
2026-06-21 01:00:00,285.0013860965544
2026-06-21 02:00:00,283.6465082927652
2026-06-21 03:00:00,282.34243865569914
2026-06-21 04:00:00,281.08696948612146
2026-06-21 05:00:00,279.9103713690746
2026-06-21 06:00:00,279.36623641757717
2026-06-21 07:00:00,279.4681201706825
2026-06-21 08:00:00,280.18659229518914
2026-06-21 09:00:00,281.45099766834653
2026-06-21 10:00:00,283.15406685960875
2026-06-21 11:00:00,285.1591018026008
2026-06-21 12:00:00,287.30926854150533
2026-06-21 13:00:00,289.43836081733866
2026-06-21 14:00:00,291.3822724738779
2026-06-21 15:00:00,292.99034831144894
2026-06-21 16:00:00,294.13578320338434
2026-06-21 17:00:00,294.7243120233215
2026-06-21 18:00:00,294.7005726335181
2026-06-21 19:00:00,294.05171526175394
2026-06-21 20:00:00,292.80805096668536
2026-06-21 21:00:00,291.1540300614441
2026-06-21 22:00:00,289.5643148535911
2026-06-21 23:00:00,288.03593141714595
2026-06-22 00:00:00,286.56608042397426
2026-06-22 01:00:00,285.1608529454417
2026-06-22 02:00:00,283.8052632073555
2026-06-22 03:00:00,282.4972279585921
2026-06-22 04:00:00,281.2347747989862
2026-06-22 05:00:00,280.0482920614861
2026-06-22 06:00:00,279.4917695488746
2026-06-22 07:00:00,279.5803792247623
2026-06-22 08:00:00,280.2862876354432
2026-06-22 09:00:00,281.54031391716836
2026-06-22 10:00:00,283.23644305752197
2026-06-22 11:00:00,285.2389274768562
2026-06-22 12:00:00,287.3915155655792
2026-06-22 13:00:00,289.52817650026986
2026-06-22 14:00:00,291.4845630231663
2026-06-22 15:00:00,293.10938311421177
2026-06-22 16:00:00,294.27484894902517
2026-06-22 17:00:00,294.8854415813804
2026-06-22 18:00:00,294.88436724927976
2026-06-22 19:00:00,294.2572708471652
2026-06-22 20:00:00,293.032991043104
2026-06-22 21:00:00,291.3947442737461
2026-06-22 22:00:00,289.8162503907435
2026-06-22 23:00:00,288.2948626568219
2026-06-23 00:00:00,286.8280857401607
2026-06-23 01:00:00,285.4017326560104
2026-06-23 02:00:00,284.03023570581183
2026-06-23 03:00:00,282.7111463877146
2026-06-23 04:00:00,281.44215175664675
2026-06-23 05:00:00,280.25281222966663
2026-06-23 06:00:00,279.69729034338206
2026-06-23 07:00:00,279.78864652657063
2026-06-23 08:00:00,280.49696529499636
2026-06-23 09:00:00,281.7511448416541
2026-06-23 10:00:00,283.4435342726208
2026-06-23 11:00:00,285.43714236578785
2026-06-23 12:00:00,287.5749479073049
2026-06-23 13:00:00,289.6906738144416
2026-06-23 14:00:00,291.620261942552
2026-06-23 15:00:00,293.2132177807577
2026-06-23 16:00:00,294.3429952075712
2026-06-23 17:00:00,294.9156650061052
2026-06-23 18:00:00,294.876251219056
2026-06-23 19:00:00,294.21231094256257
2026-06-23 20:00:00,292.95455266559475
2026-06-23 21:00:00,291.28841063101527
2026-06-23 22:00:00,289.6881601667253
2026-06-23 23:00:00,288.1507146934
2026-06-24 00:00:00,286.6731704952239
2026-06-24 01:00:00,285.27843657285905
2026-06-24 02:00:00,283.92757116785856
2026-06-24 03:00:00,282.6188673158215
2026-06-24 04:00:00,281.35070499731523
2026-06-24 05:00:00,280.1523748304439
2026-06-24 06:00:00,279.57988835907
2026-06-24 07:00:00,279.65098579910017
2026-06-24 08:00:00,280.3403785508331
2026-06-24 09:00:00,281.5812425264221
2026-06-24 10:00:00,283.26957562226687
2026-06-24 11:00:00,285.27116396964925
2026-06-24 12:00:00,287.43070640075445
2026-06-24 13:00:00,289.5824754240449
2026-06-24 14:00:00,291.56176247551673
2026-06-24 15:00:00,293.2162806658526
2026-06-24 16:00:00,294.4166913722123
2026-06-24 17:00:00,295.0654867456754
2026-06-24 18:00:00,295.103594018336
2026-06-24 19:00:00,294.5142547583806
2026-06-24 20:00:00,293.32395037543074
2026-06-24 21:00:00,291.715205251059
2026-06-24 22:00:00,290.15896915351806
2026-06-24 23:00:00,288.65307388527646
2026-06-25 00:00:00,287.1954702244411
2026-06-25 01:00:00,285.7686301905795
2026-06-25 02:00:00,284.3920985395276
2026-06-25 03:00:00,283.0637598915012
2026-06-25 04:00:00,281.78161200926013
2026-06-25 05:00:00,280.57326210724995
2026-06-25 06:00:00,279.9957469078307
2026-06-25 07:00:00,280.06426914320565
2026-06-25 08:00:00,280.7510180896827
2026-06-25 09:00:00,281.98682270367857
2026-06-25 10:00:00,283.6656609629358
2026-06-25 11:00:00,285.65175893307554
2026-06-25 12:00:00,287.7888184779897
2026-06-25 13:00:00,289.91074301951807
2026-06-25 14:00:00,291.8531029157048
2026-06-25 15:00:00,293.4645111056801
2026-06-25 16:00:00,294.61707702177534
2026-06-25 17:00:00,295.2151767682769
2026-06-25 18:00:00,295.20191504205917
2026-06-25 19:00:00,294.56284397377476
2026-06-25 20:00:00,293.3267230834431
2026-06-25 21:00:00,291.67951572047593
2026-06-25 22:00:00,290.09218834397024
2026-06-25 23:00:00,288.56209070235315
2026-06-26 00:00:00,287.08672432956723
2026-06-26 01:00:00,285.66283918348114
2026-06-26 02:00:00,284.289441898855
2026-06-26 03:00:00,282.9644024792423
2026-06-26 04:00:00,281.6857050025802
2026-06-26 05:00:00,280.47921172232253
2026-06-26 06:00:00,279.90387283488377
2026-06-26 07:00:00,279.9747619359676
2026-06-26 08:00:00,280.6639296617747
2026-06-26 09:00:00,281.9020659669839
2026-06-26 10:00:00,283.58301883863925
2026-06-26 11:00:00,285.5709022695078
2026-06-26 12:00:00,287.7093317172246
2026-06-26 13:00:00,289.83215583041954
2026-06-26 14:00:00,291.77492551810303
2026-06-26 15:00:00,293.3862707043063
2026-06-26 16:00:00,294.53835268819114
2026-06-26 17:00:00,295.13563026601884
2026-06-26 18:00:00,295.1213154631551
2026-06-26 19:00:00,294.48108459077963
2026-06-26 20:00:00,293.2438294470774
2026-06-26 21:00:00,291.5974113458317
2026-06-26 22:00:00,290.01117876013626
2026-06-26 23:00:00,288.4824589820944
2026-06-27 00:00:00,287.0087326239154
2026-06-27 01:00:00,285.60945374440854
2026-06-27 02:00:00,284.25215344608887
2026-06-27 03:00:00,282.93524155766147
2026-06-27 04:00:00,281.65720784446256
2026-06-27 05:00:00,280.4422505998968
2026-06-27 06:00:00,279.8522887877019
2026-06-27 07:00:00,279.906023351092
2026-06-27 08:00:00,280.57910011261396
2026-06-27 09:00:00,281.8055406958815
2026-06-27 10:00:00,283.4820422497065
2026-06-27 11:00:00,285.47489499746575
2026-06-27 12:00:00,287.62907101012905
2026-06-27 13:00:00,289.77886563304776
2026-06-27 14:00:00,291.759341269496
2026-06-27 15:00:00,293.41774717970577
2026-06-27 16:00:00,294.62408043310074
2026-06-27 17:00:00,295.28001728347664
2026-06-27 18:00:00,295.32557675975664
2026-06-27 19:00:00,294.74306474419154
2026-06-27 20:00:00,293.558064784543
2026-06-27 21:00:00,291.95760151924515
2026-06-27 22:00:00,290.40702790226754
2026-06-27 23:00:00,288.9043373577734
2026-06-28 00:00:00,287.4476318059041
2026-06-28 01:00:00,286.0067499024046
2026-06-28 02:00:00,284.61839089468424
2026-06-28 03:00:00,283.28029195087055
2026-06-28 04:00:00,281.9903132679471
2026-06-28 05:00:00,280.7695201385515
2026-06-28 06:00:00,280.181951148381
2026-06-28 07:00:00,280.24200659470154
2026-06-28 08:00:00,280.92105056888306
2026-06-28 09:00:00,282.1491145398871
2026-06-28 10:00:00,283.81945663342225
2026-06-28 11:00:00,285.79570654140343
2026-06-28 12:00:00,287.92113142137265
2026-06-28 13:00:00,290.0293890012066
2026-06-28 14:00:00,291.95600700179267
2026-06-28 15:00:00,293.5497581401856
2026-06-28 16:00:00,294.6830986408226
2026-06-28 17:00:00,295.26090956675205
2026-06-28 18:00:00,295.22691900279466
2026-06-28 19:00:00,294.56737372309726
2026-06-28 20:00:00,293.31174840959176
2026-06-28 21:00:00,291.65323268422884
2026-06-28 22:00:00,290.05690841878845
2026-06-28 23:00:00,288.51996448388047
2026-06-29 00:00:00,287.03975288022576
2026-06-29 01:00:00,285.6270916898469
2026-06-29 02:00:00,284.2611695156991
2026-06-29 03:00:00,282.94010434895716
2026-06-29 04:00:00,281.6621121879343
2026-06-29 05:00:00,280.4456440682228
2026-06-29 06:00:00,279.85840541547617
2026-06-29 07:00:00,279.91706285433975
2026-06-29 08:00:00,280.5952037389682
2026-06-29 09:00:00,281.8248990680193
2026-06-29 10:00:00,283.50113103324674
2026-06-29 11:00:00,285.4888248759977
2026-06-29 12:00:00,287.63202946894376
2026-06-29 13:00:00,289.7646203044042
2026-06-29 14:00:00,291.7217689620886
2026-06-29 15:00:00,293.35134999056277
2026-06-29 16:00:00,294.52445104495706
2026-06-29 17:00:00,295.1442197751062
2026-06-29 18:00:00,295.15241655575335
2026-06-29 19:00:00,294.53323075942956
2026-06-29 20:00:00,293.31413712865674
2026-06-29 21:00:00,291.6895272498945
2026-06-29 22:00:00,290.1204884621767
2026-06-29 23:00:00,288.60465778675626
2026-06-30 00:00:00,287.1398042508041
2026-06-30 01:00:00,285.6955892154805
2026-06-30 02:00:00,284.3090271927903
2026-06-30 03:00:00,282.97746941900454
2026-06-30 04:00:00,281.69841679415765
2026-06-30 05:00:00,280.48630325976785
2026-06-30 06:00:00,279.9118208644394
2026-06-30 07:00:00,279.98703325486366
2026-06-30 08:00:00,280.68096854755305
2026-06-30 09:00:00,281.92147161431603
2026-06-30 10:00:00,283.5999056639934
2026-06-30 11:00:00,285.5784224227197
2026-06-30 12:00:00,287.6993262594624
2026-06-30 13:00:00,289.7958900677386
2026-06-30 14:00:00,291.70385619692405
2026-06-30 15:00:00,293.27278928747404
2026-06-30 16:00:00,294.3764504352836
2026-06-30 17:00:00,294.92143738985436
2026-06-30 18:00:00,294.85347750155296
2026-06-30 19:00:00,294.1609528965042
2026-06-30 20:00:00,292.8754575442157
2026-06-30 21:00:00,291.19855875962105
2026-06-30 22:00:00,289.5903104270792
2026-06-30 23:00:00,288.047416450359
2026-07-01 00:00:00,286.5667790697658
2026-07-01 01:00:00,285.16152682539115
2026-07-01 02:00:00,283.8059133671053
2026-07-01 03:00:00,282.4978553876896
2026-07-01 04:00:00,281.23538043475753
2026-07-01 05:00:00,280.0296629383189
2026-07-01 06:00:00,279.45610855474234
2026-07-01 07:00:00,279.5299068413602
2026-07-01 08:00:00,280.22313584044997
2026-07-01 09:00:00,281.4664230097211
2026-07-01 10:00:00,283.1534686194918
2026-07-01 11:00:00,285.1481641758719
2026-07-01 12:00:00,287.29384345826924
2026-07-01 13:00:00,289.4240339635975
2026-07-01 14:00:00,291.3739485328614
2026-07-01 15:00:00,292.99188595316184
2026-07-01 16:00:00,294.1497067551193
2026-07-01 17:00:00,294.75162064359193
2026-07-01 18:00:00,294.7406598302624
2026-07-01 19:00:00,294.1024026977666
2026-07-01 20:00:00,292.865731747132
2026-07-01 21:00:00,291.2336083423197
2026-07-01 22:00:00,289.6609649071903
2026-07-01 23:00:00,288.1451704437679
2026-07-02 00:00:00,286.68374418449446
2026-07-02 01:00:00,285.27307432517665
2026-07-02 02:00:00,283.9127495886493
2026-07-02 03:00:00,282.60064071727953
2026-07-02 04:00:00,281.3347323663506
2026-07-02 05:00:00,280.12200913063145
2026-07-02 06:00:00,279.54245844861765
2026-07-02 07:00:00,279.6110255572598
2026-07-02 08:00:00,280.29952561682035
2026-07-02 09:00:00,281.53832029663533
2026-07-02 10:00:00,283.22085747196894
2026-07-02 11:00:00,285.2108054556306
2026-07-02 12:00:00,287.3513181588076
2026-07-02 13:00:00,289.4757978312117
2026-07-02 14:00:00,291.41939418933976
2026-07-02 15:00:00,293.0304080567167
2026-07-02 16:00:00,294.18076546290433
2026-07-02 17:00:00,294.7747988109463
2026-07-02 18:00:00,294.75570997967657
2026-07-02 19:00:00,294.1092807252808
2026-07-02 20:00:00,292.8646154653473
2026-07-02 21:00:00,291.22913155282924
2026-07-02 22:00:00,289.653813154519
2026-07-02 23:00:00,288.1359819260261
2026-07-03 00:00:00,286.67311306703823
2026-07-03 01:00:00,285.2573908138176
2026-07-03 02:00:00,283.8942847782016
2026-07-03 03:00:00,282.58150535791157
2026-07-03 04:00:00,281.31688758955084
2026-07-03 05:00:00,280.10272920300395
2026-07-03 06:00:00,279.5239461752113
2026-07-03 07:00:00,279.5944920488554
2026-07-03 08:00:00,280.2851782322896
2026-07-03 09:00:00,281.5254139980695
2026-07-03 10:00:00,283.2078077137561
2026-07-03 11:00:00,285.1953561986806
2026-07-03 12:00:00,287.33075424966796
2026-07-03 13:00:00,289.44718723563136
2026-07-03 14:00:00,291.3798428505072
2026-07-03 15:00:00,292.9773088371728
2026-07-03 16:00:00,294.1120229715348
2026-07-03 17:00:00,294.68901394633593
2026-07-03 18:00:00,294.6523115149415
2026-07-03 19:00:00,293.9885957580065
2026-07-03 20:00:00,292.7278754620809
2026-07-03 21:00:00,291.0830517600987
2026-07-03 22:00:00,289.50112714330425
2026-07-03 23:00:00,287.9792275099874
2026-07-04 00:00:00,286.51464612928646
2026-07-04 01:00:00,285.10116845359425
2026-07-04 02:00:00,283.7416571645079
2026-07-04 03:00:00,282.43371968984303
2026-07-04 04:00:00,281.17509509349355
2026-07-04 05:00:00,279.9636448418419
2026-07-04 06:00:00,279.3885002984337
2026-07-04 07:00:00,279.4635545769535
2026-07-04 08:00:00,280.1589215857201
2026-07-04 09:00:00,281.40333929383394
2026-07-04 10:00:00,283.08881474874016
2026-07-04 11:00:00,285.07785331069806
2026-07-04 12:00:00,287.21280100860827
2026-07-04 13:00:00,289.3266601801704
2026-07-04 14:00:00,291.25461245308117
2026-07-04 15:00:00,292.845414816283
2026-07-04 16:00:00,293.9718351502413
2026-07-04 17:00:00,294.5393671091625
2026-07-04 18:00:00,294.49260499754024
2026-07-04 19:00:00,293.8188515091414
2026-07-04 20:00:00,292.54875164461083
2026-07-04 21:00:00,290.9008512368907
2026-07-04 22:00:00,289.3176299020073
2026-07-04 23:00:00,287.79607979069954
2026-07-05 00:00:00,286.33337000715295
2026-07-05 01:00:00,284.9218612811811
2026-07-05 02:00:00,283.5663040978198
2026-07-05 03:00:00,282.26415050878626
2026-07-05 04:00:00,281.01299499345134
2026-07-05 05:00:00,279.81056436303044
2026-07-05 06:00:00,279.24094926021615
2026-07-05 07:00:00,279.3226094563038
2026-07-05 08:00:00,280.02466017636226
2026-07-05 09:00:00,281.2748908634999
2026-07-05 10:00:00,282.96447189227746
2026-07-05 11:00:00,284.9552391116875
2026-07-05 12:00:00,287.0890807360989
2026-07-05 13:00:00,289.19878298910584
2026-07-05 14:00:00,291.1195658519454
2026-07-05 15:00:00,292.7004733797
2026-07-05 16:00:00,293.8147853187625
2026-07-05 17:00:00,294.36869195344934
2026-07-05 18:00:00,294.3076162979165
2026-07-05 19:00:00,293.61976095556105
2026-07-05 20:00:00,292.33667780941994
2026-07-05 21:00:00,290.68320300583554
2026-07-05 22:00:00,289.09702685130236
2026-07-05 23:00:00,287.5749395501001
2026-07-06 00:00:00,286.11392301792733
2026-07-06 01:00:00,284.7240321870306
2026-07-06 02:00:00,283.38342865170927
2026-07-06 03:00:00,282.09004297363003
2026-07-06 04:00:00,280.84191553856374
2026-07-06 05:00:00,279.6371890681033
2026-07-06 06:00:00,279.0550655193619
2026-07-06 07:00:00,279.12274870684695
2026-07-06 08:00:00,279.8121165766727
2026-07-06 09:00:00,281.0534694496629
2026-07-06 10:00:00,282.7400737855456
2026-07-06 11:00:00,284.73530863767417
2026-07-06 12:00:00,286.88195049553826
2026-07-06 13:00:00,289.01296194263426
2026-07-06 14:00:00,290.96302123438005
2026-07-06 15:00:00,292.57995881777856
2026-07-06 16:00:00,293.7352643753594
2026-07-06 17:00:00,294.33289856735985
2026-07-06 18:00:00,294.31578205924114
2026-07-06 19:00:00,293.6695253033069
2026-07-06 20:00:00,292.4231828262504
2026-07-06 21:00:00,290.80519831790326
2026-07-06 22:00:00,289.24639832439533
2026-07-06 23:00:00,287.74416400203074
2026-07-07 00:00:00,286.296025694361
2026-07-07 01:00:00,284.88530909559574
2026-07-07 02:00:00,283.5307999149972
2026-07-07 03:00:00,282.22992917439353
2026-07-07 04:00:00,280.98027180297856
2026-07-07 05:00:00,279.7795364232828
2026-07-07 06:00:00,279.2008830977367
2026-07-07 07:00:00,279.27495664205117
2026-07-07 08:00:00,279.9706737967258
2026-07-07 09:00:00,281.2155754165469
2026-07-07 10:00:00,282.9005477501311
2026-07-07 11:00:00,284.88712438558696
2026-07-07 12:00:00,287.01689215797415
2026-07-07 13:00:00,289.1223560208967
2026-07-07 14:00:00,291.0384927721873
2026-07-07 15:00:00,292.6141567139949
2026-07-07 16:00:00,293.7225028166167
2026-07-07 17:00:00,294.269668488851
2026-07-07 18:00:00,294.20109766149983
2026-07-07 19:00:00,293.5050845277211
2026-07-07 20:00:00,292.2133355088714
2026-07-07 21:00:00,290.56296193856946
2026-07-07 22:00:00,288.9800706443291
2026-07-07 23:00:00,287.46143397504034
2026-07-08 00:00:00,286.0040172748846
2026-07-08 01:00:00,284.6202769540736
2026-07-08 02:00:00,283.28454760753004
2026-07-08 03:00:00,281.99484447028135
2026-07-08 04:00:00,280.7492870568395
2026-07-08 05:00:00,279.54609210778386
2026-07-08 06:00:00,278.9528998723484
2026-07-08 07:00:00,279.0104873111953
2026-07-08 08:00:00,279.69118503962244
2026-07-08 09:00:00,280.9256420343725
2026-07-08 10:00:00,282.6073454526856
2026-07-08 11:00:00,284.59975143477186
2026-07-08 12:00:00,286.74556402023165
2026-07-08 13:00:00,288.87752838744456
2026-07-08 14:00:00,290.82997550609673
2026-07-08 15:00:00,292.45028332647894
2026-07-08 16:00:00,293.60941631255344
2026-07-08 17:00:00,294.2107749691766
2026-07-08 18:00:00,294.1967249344189
2026-07-08 19:00:00,293.55236594184214
2026-07-08 20:00:00,292.3063214558251
2026-07-08 21:00:00,290.6995693515794
2026-07-08 22:00:00,289.15035948744827
2026-07-08 23:00:00,287.6561832695578
2026-07-09 00:00:00,286.21467359963947
2026-07-09 01:00:00,284.8295141063337
2026-07-09 02:00:00,283.4899155179951
2026-07-09 03:00:00,282.19405827076235
2026-07-09 04:00:00,280.94021660631483
2026-07-09 05:00:00,279.7267523154196
2026-07-09 06:00:00,279.1150920602781
2026-07-09 07:00:00,279.15428982315416
2026-07-09 08:00:00,279.8178473309949
2026-07-09 09:00:00,281.037464817697
2026-07-09 10:00:00,282.7074901538097
2026-07-09 11:00:00,284.69199068226624
2026-07-09 12:00:00,286.83398970452487
2026-07-09 13:00:00,288.96623760308745
2026-07-09 14:00:00,290.9227569684543
2026-07-09 15:00:00,292.5503272635725
2026-07-09 16:00:00,293.71906918660727
2026-07-09 17:00:00,294.33135676024494
2026-07-09 18:00:00,294.32842150384454
2026-07-09 19:00:00,293.6942028276855
2026-07-09 20:00:00,292.4562191019193
2026-07-09 21:00:00,290.86148731231793
2026-07-09 22:00:00,289.320976527397
2026-07-09 23:00:00,287.8324003306748
2026-07-10 00:00:00,286.3935987671794
2026-07-10 01:00:00,284.98992453914883
2026-07-10 02:00:00,283.6376759349136
2026-07-10 03:00:00,282.3346408256602
2026-07-10 04:00:00,281.07872643669674
2026-07-10 05:00:00,279.8679510987284
2026-07-10 06:00:00,279.2567171027982
2026-07-10 07:00:00,279.29920591894336
2026-07-10 08:00:00,279.96637903289536
2026-07-10 09:00:00,281.18754484620035
2026-07-10 10:00:00,282.8549621575889
2026-07-10 11:00:00,284.831049022056
2026-07-10 12:00:00,286.95772810380316
2026-07-10 13:00:00,289.06726923993494
2026-07-10 14:00:00,290.99386194961676
2026-07-10 15:00:00,292.585080372857
2026-07-10 16:00:00,293.7124019527577
2026-07-10 17:00:00,294.28001332373594
2026-07-10 18:00:00,294.2312768988544
2026-07-10 19:00:00,293.5524239507147
2026-07-10 20:00:00,292.2732612720083
2026-07-10 21:00:00,290.65033057018746
2026-07-10 22:00:00,289.0885487110186
2026-07-10 23:00:00,287.5851562823915
2026-07-11 00:00:00,286.13755287723706
2026-07-11 01:00:00,284.7398195892101
2026-07-11 02:00:00,283.3947756568735
2026-07-11 03:00:00,282.10011068334126
2026-07-11 04:00:00,280.85364021025333
2026-07-11 05:00:00,279.65329695876954
2026-07-11 06:00:00,279.0463500825328
2026-07-11 07:00:00,279.0942427064571
2026-07-11 08:00:00,279.7671913589939
2026-07-11 09:00:00,280.9937742259943
2026-07-11 10:00:00,282.66558226975076
2026-07-11 11:00:00,284.64447240398533
2026-07-11 12:00:00,286.77195038084693
2026-07-11 13:00:00,288.8800410233287
2026-07-11 14:00:00,290.8028761608769
2026-07-11 15:00:00,292.3881613757411
2026-07-11 16:00:00,293.50768269994916
2026-07-11 17:00:00,294.06608780775707
2026-07-11 18:00:00,294.0073174050084
2026-07-11 19:00:00,293.3182556403903
2026-07-11 20:00:00,292.0293900653577
2026-07-11 21:00:00,290.4057052395949
2026-07-11 22:00:00,288.8449182030879
2026-07-11 23:00:00,287.3441380858062
2026-07-12 00:00:00,285.9006423071085
2026-07-12 01:00:00,284.5288337508608
2026-07-12 02:00:00,283.20065750672387
2026-07-12 03:00:00,281.91441111748856
2026-07-12 04:00:00,280.6684785494846
2026-07-12 05:00:00,279.46132450526983
2026-07-12 06:00:00,278.8333154751036
2026-07-12 07:00:00,278.8578691388322
2026-07-12 08:00:00,279.50911857673697
2026-07-12 09:00:00,280.71922636572947
2026-07-12 10:00:00,282.3828018645645
2026-07-12 11:00:00,284.36395427690536
2026-07-12 12:00:00,286.5055252330437
2026-07-12 13:00:00,288.6398716825449
2026-07-12 14:00:00,290.60043809618287
2026-07-12 15:00:00,292.23328185967483
2026-07-12 16:00:00,293.40770911822193
2026-07-12 17:00:00,294.0252451539125
2026-07-12 18:00:00,294.0262990496947
2026-07-12 19:00:00,293.394072034601
2026-07-12 20:00:00,292.1554796125584
2026-07-12 21:00:00,290.580452808352
2026-07-12 22:00:00,289.0572679964837
2026-07-12 23:00:00,287.58378689190164
2026-07-13 00:00:00,286.1579877000843
2026-07-13 01:00:00,284.76296979309706
2026-07-13 02:00:00,283.419003336923
2026-07-13 03:00:00,282.1238965280501
2026-07-13 04:00:00,280.8755755017457
2026-07-13 05:00:00,279.67207620575925
2026-07-13 06:00:00,279.0456171871916
2026-07-13 07:00:00,279.0753410860837
2026-07-13 08:00:00,279.732126169326
2026-07-13 09:00:00,280.9450726472124
2026-07-13 10:00:00,282.6061176555042
2026-07-13 11:00:00,284.5772636835599
2026-07-13 12:00:00,286.6999503368105
2026-07-13 13:00:00,288.80592836998414
2026-07-13 14:00:00,290.7288665067988
2026-07-13 15:00:00,292.31585103520786
2026-07-13 16:00:00,293.4379369279404
2026-07-13 17:00:00,293.99898155268875
2026-07-13 18:00:00,293.9421324628605
2026-07-13 19:00:00,293.25353363968657
2026-07-13 20:00:00,291.9630365257571
2026-07-13 21:00:00,290.3518320190725
2026-07-13 22:00:00,288.8012443288492
2026-07-13 23:00:00,287.3085449233061
2026-07-14 00:00:00,285.87116196304225
2026-07-14 01:00:00,284.50499153293345
2026-07-14 02:00:00,283.18003272900665
2026-07-14 03:00:00,281.89472954579105
2026-07-14 04:00:00,280.6476034964287
2026-07-14 05:00:00,279.43724859171783
2026-07-14 06:00:00,278.7883186833994
2026-07-14 07:00:00,278.7928991777765
2026-07-14 08:00:00,279.42615336381255
2026-07-14 09:00:00,280.6211154155219
2026-07-14 10:00:00,282.27304846581865
2026-07-14 11:00:00,284.2464522155894
2026-07-14 12:00:00,286.38426765334486
2026-07-14 13:00:00,288.5186523861223
2026-07-14 14:00:00,290.482566789322
2026-07-14 15:00:00,292.1213342897556
2026-07-14 16:00:00,293.30333059185807
2026-07-14 17:00:00,293.92902174504974
2026-07-14 18:00:00,293.9377053087207
2026-07-14 19:00:00,293.311497844676
2026-07-14 20:00:00,292.07633274455065
2026-07-14 21:00:00,290.5187700500584
2026-07-14 22:00:00,289.0099063000172
2026-07-14 23:00:00,287.5477955939473
2026-07-15 00:00:00,286.1305959890741
2026-07-15 01:00:00,284.7549084862638
2026-07-15 02:00:00,283.42150824750854
2026-07-15 03:00:00,282.1287779290058
2026-07-15 04:00:00,280.875181483005
2026-07-15 05:00:00,279.6592588488992
2026-07-15 06:00:00,278.99718558549114
2026-07-15 07:00:00,278.9901001072654
2026-07-15 08:00:00,279.6127455852712
2026-07-15 09:00:00,280.7977176701288
2026-07-15 10:00:00,282.4398493838768
2026-07-15 11:00:00,284.40324568924194
2026-07-15 12:00:00,286.53051332669065
2026-07-15 13:00:00,288.65355743028084
2026-07-15 14:00:00,290.60518334387535
2026-07-15 15:00:00,292.23066558741874
2026-07-15 16:00:00,293.39843803069124
2026-07-15 17:00:00,294.0091251500212
2026-07-15 18:00:00,294.00226933944646
2026-07-15 19:00:00,293.360298842995
2026-07-15 20:00:00,292.10950205943203
2026-07-15 21:00:00,290.5460852064692
2026-07-15 22:00:00,289.0323849301843
2026-07-15 23:00:00,287.5663940542777
2026-07-16 00:00:00,286.14621332034085
2026-07-16 01:00:00,284.74115407381925
2026-07-16 02:00:00,283.392186989838
2026-07-16 03:00:00,282.09674629290583
2026-07-16 04:00:00,280.852409874161
2026-07-16 05:00:00,279.6568891054947
2026-07-16 06:00:00,279.0168205400917
2026-07-16 07:00:00,279.0377085286394
2026-07-16 08:00:00,279.68804363891985
2026-07-16 09:00:00,280.8945850001789
2026-07-16 10:00:00,282.5471223901948
2026-07-16 11:00:00,284.50584201004
2026-07-16 12:00:00,286.61081515908995
2026-07-16 13:00:00,288.69295909576925
2026-07-16 14:00:00,290.5856930330247
2026-07-16 15:00:00,292.1364447454896
2026-07-16 16:00:00,293.21716577497494
2026-07-16 17:00:00,293.7330895065741
2026-07-16 18:00:00,293.6291104088832
2026-07-16 19:00:00,292.89335825682844
2026-07-16 20:00:00,291.55776445323494
2026-07-16 21:00:00,289.93336345930413
2026-07-16 22:00:00,288.37536059462843
2026-07-16 23:00:00,286.88059002461165
2026-07-17 00:00:00,285.44607410623644
2026-07-17 01:00:00,284.0660309080829
2026-07-17 02:00:00,282.7425942506305
2026-07-17 03:00:00,281.4731293078528
2026-07-17 04:00:00,280.25514980939033
2026-07-17 05:00:00,279.08630749773636
2026-07-17 06:00:00,278.46408714221724
2026-07-17 07:00:00,278.50359369220956
2026-07-17 08:00:00,279.1725386715675
2026-07-17 09:00:00,280.396911093662
2026-07-17 10:00:00,282.0657917186718
2026-07-17 11:00:00,284.03876765023193
2026-07-17 12:00:00,286.1554626480665
2026-07-17 13:00:00,288.2465290584253
2026-07-17 14:00:00,290.1453217231202
2026-07-17 15:00:00,291.6994078449823
2026-07-17 16:00:00,292.78107057861075
2026-07-17 17:00:00,293.29604172093354
2026-07-17 18:00:00,293.1898440719062
2026-07-17 19:00:00,292.4513204206669
2026-07-17 20:00:00,291.11314985368233
2026-07-17 21:00:00,289.4970927196042
2026-07-17 22:00:00,287.9489300408714
2026-07-17 23:00:00,286.46536438612264
2026-07-18 00:00:00,285.04329621176856
2026-07-18 01:00:00,283.7053884988812
2026-07-18 02:00:00,282.40552028419916
2026-07-18 03:00:00,281.1423109010441
2026-07-18 04:00:00,279.9144466248964
2026-07-18 05:00:00,278.7206764460345
2026-07-18 06:00:00,278.05008694959884
2026-07-18 07:00:00,278.0355058816149
2026-07-18 08:00:00,278.65311896232856
2026-07-18 09:00:00,279.8367146490824
2026-07-18 10:00:00,281.481991117173
2026-07-18 11:00:00,283.4535333697175
2026-07-18 12:00:00,285.5940108951215
2026-07-18 13:00:00,287.7349707192466
2026-07-18 14:00:00,289.7084656075617
2026-07-18 15:00:00,291.3586782858359
2026-07-18 16:00:00,292.5526920528576
2026-07-18 17:00:00,293.1896215352001
2026-07-18 18:00:00,293.2074505580989
2026-07-18 19:00:00,292.58711274810474
2026-07-18 20:00:00,291.3535717971505
2026-07-18 21:00:00,289.8319503239733
2026-07-18 22:00:00,288.35528687235563
2026-07-18 23:00:00,286.9218499879236
2026-07-19 00:00:00,285.5299983462175
2026-07-19 01:00:00,284.16816666943646
2026-07-19 02:00:00,282.85055524527587
2026-07-19 03:00:00,281.5754191835286
2026-07-19 04:00:00,280.3411025295346
2026-07-19 05:00:00,279.1460323988175
2026-07-19 06:00:00,278.469240497618
2026-07-19 07:00:00,278.45215841353405
2026-07-19 08:00:00,279.068206402321
2026-07-19 09:00:00,280.24853682173926
2026-07-19 10:00:00,281.8865112262872
2026-07-19 11:00:00,283.8448309423016
2026-07-19 12:00:00,285.96485959254295
2026-07-19 13:00:00,288.0775019224834
2026-07-19 14:00:00,290.01487083522204
2026-07-19 15:00:00,291.6218993969312
2026-07-19 16:00:00,292.76704859572214
2026-07-19 17:00:00,293.3513297414446
2026-07-19 18:00:00,293.31499783588566
2026-07-19 19:00:00,292.6414638937316
2026-07-19 20:00:00,291.35819685858405
2026-07-19 21:00:00,289.8033753897384
2026-07-19 22:00:00,288.3006399143927
2026-07-19 23:00:00,286.84782729867396
2026-07-20 00:00:00,285.4428922001227
2026-07-20 01:00:00,284.0830383303603
2026-07-20 02:00:00,282.7677988539624
2026-07-20 03:00:00,281.4954022856482
2026-07-20 04:00:00,280.2641677057628
2026-07-20 05:00:00,279.07249877469263
2026-07-20 06:00:00,278.3893308228243
2026-07-20 07:00:00,278.36712983199135
2026-07-20 08:00:00,278.97904441774887
2026-07-20 09:00:00,280.15591891411236
2026-07-20 10:00:00,281.79078963302675
2026-07-20 11:00:00,283.7460362117582
2026-07-20 12:00:00,285.86272500378897
2026-07-20 13:00:00,287.97150727787584
2026-07-20 14:00:00,289.9043026180791
2026-07-20 15:00:00,291.5059230002293
2026-07-20 16:00:00,292.6447874095118
2026-07-20 17:00:00,293.2219454376459
2026-07-20 18:00:00,293.1777662463601
2026-07-20 19:00:00,292.49584140243013
2026-07-20 20:00:00,291.20387311580225
2026-07-20 21:00:00,289.65135177013445
2026-07-20 22:00:00,288.1513426749958
2026-07-20 23:00:00,286.70165327515156
2026-07-21 00:00:00,285.300210688089
2026-07-21 01:00:00,283.94669204632885
2026-07-21 02:00:00,282.6365824402398
2026-07-21 03:00:00,281.3681847296748
2026-07-21 04:00:00,280.1398876903049
2026-07-21 05:00:00,278.9501603821086
2026-07-21 06:00:00,278.25760647039834
2026-07-21 07:00:00,278.2266521979125
2026-07-21 08:00:00,278.83090331432004
2026-07-21 09:00:00,280.0015732974727
2026-07-21 10:00:00,281.63195480499326
2026-07-21 11:00:00,283.58455338727924
2026-07-21 12:00:00,285.70042195400816
2026-07-21 13:00:00,287.8100597364397
2026-07-21 14:00:00,289.74510640338394
2026-07-21 15:00:00,291.3499862496015
2026-07-21 16:00:00,292.4926509153764
2026-07-21 17:00:00,293.0736369082327
2026-07-21 18:00:00,293.0327915976612
2026-07-21 19:00:00,292.3532132355837
2026-07-21 20:00:00,291.0621736913756
2026-07-21 21:00:00,289.52020748173203
2026-07-21 22:00:00,288.02925946655614
2026-07-21 23:00:00,286.5872307945965
2026-07-22 00:00:00,285.1921360608742
2026-07-22 01:00:00,283.83544509011915
2026-07-22 02:00:00,282.52635455536983
2026-07-22 03:00:00,281.2628896312834
2026-07-22 04:00:00,280.04317892089045
2026-07-22 05:00:00,278.8654474992749
2026-07-22 06:00:00,278.17736196230845
2026-07-22 07:00:00,278.15367467987613
2026-07-22 08:00:00,278.7658907848505
2026-07-22 09:00:00,279.94321412788094
2026-07-22 10:00:00,281.5771484524286
2026-07-22 11:00:00,283.5287485769042
2026-07-22 12:00:00,285.6380508616072
2026-07-22 13:00:00,287.7350386527312
2026-07-22 14:00:00,289.6513673770614
2026-07-22 15:00:00,291.23200109424903
2026-07-22 16:00:00,292.34590927489864
2026-07-22 17:00:00,292.8950439272513
2026-07-22 18:00:00,292.82095772401453
2026-07-22 19:00:00,292.1086178741856
2026-07-22 20:00:00,290.78719460285157
2026-07-22 21:00:00,289.2307344336945
2026-07-22 22:00:00,287.7304136678697
2026-07-22 23:00:00,286.2837915850571
2026-07-23 00:00:00,284.8885636757122
2026-07-23 01:00:00,283.53948281952484
2026-07-23 02:00:00,282.2398568274748
2026-07-23 03:00:00,280.98757280849344
2026-07-23 04:00:00,279.7806302913276
2026-07-23 05:00:00,278.6171335865566
2026-07-23 06:00:00,277.9336170555644
2026-07-23 07:00:00,277.91630069116394
2026-07-23 08:00:00,278.53556557959615
2026-07-23 09:00:00,279.719515626626
2026-07-23 10:00:00,281.3586498060527
2026-07-23 11:00:00,283.3131794044528
2026-07-23 12:00:00,285.42251438649043
2026-07-23 13:00:00,287.51626997120275
2026-07-23 14:00:00,289.42601453666384
2026-07-23 15:00:00,290.9969085931371
2026-07-23 16:00:00,292.0983833256464
2026-07-23 17:00:00,292.63308044918443
2026-07-23 18:00:00,292.5434173466886
2026-07-23 19:00:00,291.8153367971603
2026-07-23 20:00:00,290.47902534113246
2026-07-23 21:00:00,288.92156176005346
2026-07-23 22:00:00,287.42271717667916
2026-07-23 23:00:00,285.9798708301138
2026-07-24 00:00:00,284.5905505095453
2026-07-24 01:00:00,283.24768569373686
2026-07-24 02:00:00,281.95797712479833
2026-07-24 03:00:00,280.7190253975806
2026-07-24 04:00:00,279.52856299787965
2026-07-24 05:00:00,278.3844451491931
2026-07-24 06:00:00,277.71164745027727
2026-07-24 07:00:00,277.70753510782197
2026-07-24 08:00:00,278.34042769360445
2026-07-24 09:00:00,279.53646997321096
2026-07-24 10:00:00,281.1844300711827
2026-07-24 11:00:00,283.1431298076537
2026-07-24 12:00:00,285.25102236898186
2026-07-24 13:00:00,287.337260689637
2026-07-24 14:00:00,289.2334720668306
2026-07-24 15:00:00,290.7853860261895
2026-07-24 16:00:00,291.8634645807148
2026-07-24 17:00:00,292.37176069329485
2026-07-24 18:00:00,292.2543759513003
2026-07-24 19:00:00,291.4990858434252
2026-07-24 20:00:00,290.1379266113966
2026-07-24 21:00:00,288.5720849837454
2026-07-24 22:00:00,287.06974190255306
2026-07-24 23:00:00,285.62790628488307
2026-07-25 00:00:00,284.2437619784411
2026-07-25 01:00:00,282.9274860046221
2026-07-25 02:00:00,281.64965778274046
2026-07-25 03:00:00,280.4088666724644
2026-07-25 04:00:00,279.2037704801518
2026-07-25 05:00:00,278.0330911392213
2026-07-25 06:00:00,277.31098745910487
2026-07-25 07:00:00,277.2528792360303
2026-07-25 08:00:00,277.83414705809304
2026-07-25 09:00:00,278.9874248258803
2026-07-25 10:00:00,280.60697684458245
2026-07-25 11:00:00,282.55576558075353
2026-07-25 12:00:00,284.67475429731803
2026-07-25 13:00:00,286.79381191317196
2026-07-25 14:00:00,288.7434516436096
2026-07-25 15:00:00,290.36655609529134
2026-07-25 16:00:00,291.5292317490008
2026-07-25 17:00:00,292.1300006005423
2026-07-25 18:00:00,292.10667195778024
2026-07-25 19:00:00,291.4404283086108
2026-07-25 20:00:00,290.1568827148771
2026-07-25 21:00:00,288.66410373586825
2026-07-25 22:00:00,287.21647518136757
2026-07-25 23:00:00,285.8122469894305
2026-07-26 00:00:00,284.44975993252575
2026-07-26 01:00:00,283.1244788123981
2026-07-26 02:00:00,281.84066151997376
2026-07-26 03:00:00,280.5967197580069
2026-07-26 04:00:00,279.39114426456644
2026-07-26 05:00:00,278.222499716606
2026-07-26 06:00:00,277.492868682846
2026-07-26 07:00:00,277.42987327718373
2026-07-26 08:00:00,278.00742878573504
2026-07-26 09:00:00,279.15673913852265
2026-07-26 10:00:00,280.77076539128007
2026-07-26 11:00:00,282.7113783251107
2026-07-26 12:00:00,284.8187328502908
2026-07-26 13:00:00,286.92222564090804
2026-07-26 14:00:00,288.85226289357604
2026-07-26 15:00:00,290.4519880901558
2026-07-26 16:00:00,291.5881122320046
2026-07-26 17:00:00,292.16005635318464
2026-07-26 18:00:00,292.10675364824317
2026-07-26 19:00:00,291.4106511882766
2026-07-26 20:00:00,290.09867562304026
2026-07-26 21:00:00,288.59316802215596
2026-07-26 22:00:00,287.13625270231626
2026-07-26 23:00:00,285.725971660287
2026-07-27 00:00:00,284.3604708339992
2026-07-27 01:00:00,283.03562054075627
2026-07-27 02:00:00,281.75451027732987
2026-07-27 03:00:00,280.515406080759
2026-07-27 04:00:00,279.3166619204287
2026-07-27 05:00:00,278.15671394487356
2026-07-27 06:00:00,277.4253012100156
2026-07-27 07:00:00,277.3627716758959
2026-07-27 08:00:00,277.9418051972101
2026-07-27 09:00:00,279.092392402895
2026-07-27 10:00:00,280.7063809836954
2026-07-27 11:00:00,282.6447009954989
2026-07-27 12:00:00,284.74680124734766
2026-07-27 13:00:00,286.8416531118852
2026-07-27 14:00:00,288.75954463958044
2026-07-27 15:00:00,290.3438124301072
2026-07-27 16:00:00,291.46165326032394
2026-07-27 17:00:00,292.0132269008325
2026-07-27 18:00:00,291.9384009973357
2026-07-27 19:00:00,291.22068296458735
2026-07-27 20:00:00,289.8881090102468
2026-07-27 21:00:00,288.3774110107646
2026-07-27 22:00:00,286.91804878266055
2026-07-27 23:00:00,285.5078871595758
2026-07-28 00:00:00,284.1449063385803
2026-07-28 01:00:00,282.8279892197134
2026-07-28 02:00:00,281.5535867179013
2026-07-28 03:00:00,280.32003999158763
2026-07-28 04:00:00,279.12577343998623
2026-07-28 05:00:00,277.9692893050786
2026-07-28 06:00:00,277.2278759298545
2026-07-28 07:00:00,277.15606325042154
2026-07-28 08:00:00,277.7269856001415
2026-07-28 09:00:00,278.8709937750446
2026-07-28 10:00:00,280.48017726501905
2026-07-28 11:00:00,282.41557302314476
2026-07-28 12:00:00,284.5165942980779
2026-07-28 13:00:00,286.6120367525015
2026-07-28 14:00:00,288.5318849165962
2026-07-28 15:00:00,290.11906577558074
2026-07-28 16:00:00,291.24028999033965
2026-07-28 17:00:00,291.7951899269647
2026-07-28 18:00:00,291.72310257596257
2026-07-28 19:00:00,291.0070392899349
2026-07-28 20:00:00,289.6746095659515
2026-07-28 21:00:00,288.1758288643114
2026-07-28 22:00:00,286.72688137065865
2026-07-28 23:00:00,285.32572571646676
2026-07-29 00:00:00,283.97042968862525
2026-07-29 01:00:00,282.65369061212056
2026-07-29 02:00:00,281.38684523998324
2026-07-29 03:00:00,280.1677195753266
2026-07-29 04:00:00,278.99425600456
2026-07-29 05:00:00,277.86450539346873
2026-07-29 06:00:00,277.14253458028236
2026-07-29 07:00:00,277.0945611021623
2026-07-29 08:00:00,277.68978508455245
2026-07-29 09:00:00,278.8548480365982
2026-07-29 10:00:00,280.4785936518093
2026-07-29 11:00:00,282.4194888602328
2026-07-29 12:00:00,284.5152218477077
2026-07-29 13:00:00,286.59381988220207
2026-07-29 14:00:00,288.48549967800324
2026-07-29 15:00:00,290.0343922829766
2026-07-29 16:00:00,291.10928461760784
2026-07-29 17:00:00,291.6125950418334
2026-07-29 18:00:00,291.4869449302738
2026-07-29 19:00:00,290.7188859906032
2026-07-29 20:00:00,289.3395699226001
2026-07-29 21:00:00,287.81621684091465
2026-07-29 22:00:00,286.3520082242705
2026-07-29 23:00:00,284.9442549961916
2026-07-30 00:00:00,283.5904210715386
2026-07-30 01:00:00,282.289689437752
2026-07-30 02:00:00,281.03468617163713
2026-07-30 03:00:00,279.82352661464085
2026-07-30 04:00:00,278.6544233818969
2026-07-30 05:00:00,277.52567993579447
2026-07-30 06:00:00,276.7885197744382
2026-07-30 07:00:00,276.72485857497117
2026-07-30 08:00:00,277.30574301741996
2026-07-30 09:00:00,278.4594546344795
2026-07-30 10:00:00,280.07616526747006
2026-07-30 11:00:00,282.015271544909
2026-07-30 12:00:00,284.11493218662775
2026-07-30 13:00:00,286.2031565148007
2026-07-30 14:00:00,288.10966019118945
2026-07-30 15:00:00,289.67763061688663
2026-07-30 16:00:00,290.7745414219048
2026-07-30 17:00:00,291.30122766585663
2026-07-30 18:00:00,291.19857550584084
2026-07-30 19:00:00,290.45137637529484
2026-07-30 20:00:00,289.08912232749003
2026-07-30 21:00:00,287.5917878925154
2026-07-30 22:00:00,286.14852371380294
2026-07-30 23:00:00,284.75699678122925
2026-07-31 00:00:00,283.4150023521427
2026-07-31 01:00:00,282.1227639612798
2026-07-31 02:00:00,280.86872690058937
2026-07-31 03:00:00,279.65148638845267
2026-07-31 04:00:00,278.4697055157426
2026-07-31 05:00:00,277.3221109856337
2026-07-31 06:00:00,276.54696811592686
2026-07-31 07:00:00,276.4432399681896
2026-07-31 08:00:00,276.98579298572616
2026-07-31 09:00:00,278.1064051529875
2026-07-31 10:00:00,279.6981933794648
2026-07-31 11:00:00,281.6227524984898
2026-07-31 12:00:00,283.71954533250386
2026-07-31 13:00:00,285.816905060952
2026-07-31 14:00:00,287.7438744490486
2026-07-31 15:00:00,289.3420272870902
2026-07-31 16:00:00,290.47640795262924
2026-07-31 17:00:00,291.04479078153616
2026-07-31 18:00:00,290.9845976429462
2026-07-31 19:00:00,290.27700486753304
2026-07-31 20:00:00,288.94799615967383
2026-07-31 21:00:00,287.4888701978856
2026-07-31 22:00:00,286.0742840038131
2026-07-31 23:00:00,284.7025138354323
2026-08-01 00:00:00,283.3719247103619
2026-08-01 01:00:00,282.08103262323897
2026-08-01 02:00:00,280.82805598445475
2026-08-01 03:00:00,279.61160626608984
2026-08-01 04:00:00,278.43036185791084
2026-08-01 05:00:00,277.2830638764394
2026-08-01 06:00:00,276.49436328059795
2026-08-01 07:00:00,276.3782790071841
2026-08-01 08:00:00,276.90976158961854
2026-08-01 09:00:00,278.0206048315946
2026-08-01 10:00:00,279.6038707466132
2026-08-01 11:00:00,281.5210309283769
2026-08-01 12:00:00,283.61136376863476
2026-08-01 13:00:00,285.70296836881795
2026-08-01 14:00:00,287.6246189675529
2026-08-01 15:00:00,289.2176041880663
2026-08-01 16:00:00,290.34668573354895
2026-08-01 17:00:00,290.9093768000129
2026-08-01 18:00:00,290.8428771858695
2026-08-01 19:00:00,290.1281949719295
2026-08-01 20:00:00,288.79121038549897
2026-08-01 21:00:00,287.337950131223
2026-08-01 22:00:00,285.92874400003757
2026-08-01 23:00:00,284.5618955527082
2026-08-02 00:00:00,283.23579537006145
2026-08-02 01:00:00,281.94810740830025
2026-08-02 02:00:00,280.70262239431315
2026-08-02 03:00:00,279.497685312212
2026-08-02 04:00:00,278.3317239233798
2026-08-02 05:00:00,277.20324343019814
2026-08-02 06:00:00,276.4227776037295
2026-08-02 07:00:00,276.3183274423217
2026-08-02 08:00:00,276.8624316620996
2026-08-02 09:00:00,277.9845654145851
2026-08-02 10:00:00,279.57571486426
2026-08-02 11:00:00,281.4956549400941
2026-08-02 12:00:00,283.58245904360786
2026-08-02 13:00:00,285.66359218438555
2026-08-02 14:00:00,287.5678042792762
2026-08-02 15:00:00,289.13696406040503
2026-08-02 16:00:00,290.2369682491129
2026-08-02 17:00:00,290.7669303681513
2026-08-02 18:00:00,290.66599392557305
2026-08-02 19:00:00,289.91731023863247
2026-08-02 20:00:00,288.54894815390287
2026-08-02 21:00:00,287.0840475930787
2026-08-02 22:00:00,285.6685074508663
2026-08-02 23:00:00,284.3003002657259
2026-08-03 00:00:00,282.9775064182886
2026-08-03 01:00:00,281.6983442561432
2026-08-03 02:00:00,280.4631849322808
2026-08-03 03:00:00,279.270247645647
2026-08-03 04:00:00,278.11784214426257
2026-08-03 05:00:00,277.00436282393
2026-08-03 06:00:00,276.22608227858035
2026-08-03 07:00:00,276.1259937167793
2026-08-03 08:00:00,276.6754481952217
2026-08-03 09:00:00,277.8027508773707
2026-08-03 10:00:00,279.3978105696181
2026-08-03 11:00:00,281.3194877562007
2026-08-03 12:00:00,283.40516446879377
2026-08-03 13:00:00,285.48188253516264
2026-08-03 14:00:00,287.37826306001205
2026-08-03 15:00:00,288.936345222894
2026-08-03 16:00:00,290.02247856080993
2026-08-03 17:00:00,290.5364746101659
2026-08-03 18:00:00,290.41836596454624
2026-08-03 19:00:00,289.6523177034574
2026-08-03 20:00:00,288.26746385213204
2026-08-03 21:00:00,286.80328412043684
2026-08-03 22:00:00,285.3908110762514
2026-08-03 23:00:00,284.0278564594216
2026-08-04 00:00:00,282.71235030384264
2026-08-04 01:00:00,281.4419906116126
2026-08-04 02:00:00,280.2137630327927
2026-08-04 03:00:00,279.02600676227433
2026-08-04 04:00:00,277.87714400966934
2026-08-04 05:00:00,276.7656746619729
2026-08-04 06:00:00,275.97355611705376
2026-08-04 07:00:00,275.8600918413201
2026-08-04 08:00:00,276.3974419985798
2026-08-04 09:00:00,277.51459810993464
2026-08-04 10:00:00,279.1019876405614
2026-08-04 11:00:00,281.0187874542854
2026-08-04 12:00:00,283.1024723659954
2026-08-04 13:00:00,285.17994741955584
2026-08-04 14:00:00,287.07947773038524
2026-08-04 15:00:00,288.64255363865436
2026-08-04 16:00:00,289.7348235726027
2026-08-04 17:00:00,290.25529738197247
2026-08-04 18:00:00,290.143164036135
2026-08-04 19:00:00,289.3817639162349
2026-08-04 20:00:00,287.9994836411421
2026-08-04 21:00:00,286.55074172306564
2026-08-04 22:00:00,285.1513709289252
2026-08-04 23:00:00,283.7993340402453
2026-08-05 00:00:00,282.4927021249661
2026-08-05 01:00:00,281.22979001228464
2026-08-05 02:00:00,280.0090718045148
2026-08-05 03:00:00,278.82887790111465
2026-08-05 04:00:00,277.68762221269793
2026-08-05 05:00:00,276.5837967943979
2026-08-05 06:00:00,275.7846852832439
2026-08-05 07:00:00,275.6656284664959
2026-08-05 08:00:00,276.19856123260246
2026-08-05 09:00:00,277.31220016605533
2026-08-05 10:00:00,278.89666502767096
2026-08-05 11:00:00,280.81081169326814
2026-08-05 12:00:00,282.8918013767374
2026-08-05 13:00:00,284.9662532321792
2026-08-05 14:00:00,286.86219264550914
2026-08-05 15:00:00,288.42093157690266
2026-08-05 16:00:00,289.5080122452627
2026-08-05 17:00:00,290.0224161873029
2026-08-05 18:00:00,289.9033822963269
2026-08-05 19:00:00,289.1343742150122
2026-08-05 20:00:00,287.7439655401191
2026-08-05 21:00:00,286.30262214621
2026-08-05 22:00:00,284.91073893160416
2026-08-05 23:00:00,283.5662682845109
2026-08-06 00:00:00,282.26727147080004
2026-08-06 01:00:00,281.01007088675226
2026-08-06 02:00:00,279.7916677418344
2026-08-06 03:00:00,278.61060657539355
2026-08-06 04:00:00,277.4655024634653
2026-08-06 05:00:00,276.35503659547584
2026-08-06 06:00:00,275.5317571577517
2026-08-06 07:00:00,275.3881904535618
2026-08-06 08:00:00,275.8980052971444
2026-08-06 09:00:00,276.9914708420077
2026-08-06 10:00:00,278.55997667427704
2026-08-06 11:00:00,280.4632813264085
2026-08-06 12:00:00,282.5390208616486
2026-08-06 13:00:00,284.61383005074185
2026-08-06 14:00:00,286.51529181916226
2026-08-06 15:00:00,288.0838520740369
2026-08-06 16:00:00,289.1838290019693
2026-08-06 17:00:00,289.71271376653795
2026-08-06 18:00:00,289.6080986964428
2026-08-06 19:00:00,288.8517643136237
2026-08-06 20:00:00,287.4706842474107
2026-08-06 21:00:00,286.04997537129793
2026-08-06 22:00:00,284.6743837882928
2026-08-06 23:00:00,283.3421355646447
2026-08-07 00:00:00,282.05154812284906
2026-08-07 01:00:00,280.80286728059406
2026-08-07 02:00:00,279.5951021794913
2026-08-07 03:00:00,278.42665856928295
2026-08-07 04:00:00,277.29602099921783
2026-08-07 05:00:00,276.20174780756577
2026-08-07 06:00:00,275.38111617842014
2026-08-07 07:00:00,275.2426648868111
2026-08-07 08:00:00,275.75867197522984
2026-08-07 09:00:00,276.8580433666774
2026-08-07 10:00:00,278.43092030772215
2026-08-07 11:00:00,280.33600934102145
2026-08-07 12:00:00,282.41016015132806
2026-08-07 13:00:00,284.47953811987173
2026-08-07 14:00:00,286.371602805327
2026-08-07 15:00:00,287.92702678564734
2026-08-07 16:00:00,289.01068347001706
2026-08-07 17:00:00,289.52090266405423
2026-08-07 18:00:00,289.3963339698342
2026-08-07 19:00:00,288.61995495827523
2026-08-07 20:00:00,287.21998957995766
2026-08-07 21:00:00,285.79906735751086
2026-08-07 22:00:00,284.42596704824473
2026-08-07 23:00:00,283.0987395203626
2026-08-08 00:00:00,281.81553798847773
2026-08-08 01:00:00,280.5756124040928
2026-08-08 02:00:00,279.37731463707007
2026-08-08 03:00:00,278.21899782381837
2026-08-08 04:00:00,277.0990970782046
2026-08-08 05:00:00,276.0161242583373
2026-08-08 06:00:00,275.19192088101056
2026-08-08 07:00:00,275.05165268161244
2026-08-08 08:00:00,275.5669757197009
2026-08-08 09:00:00,276.6661519720157
2026-08-08 10:00:00,278.23869745368404
2026-08-08 11:00:00,280.1427524886532
2026-08-08 12:00:00,282.21469641324404
2026-08-08 13:00:00,284.28035062403177
2026-08-08 14:00:00,286.1669786938465
2026-08-08 15:00:00,287.71521620391064
2026-08-08 16:00:00,288.79005804383866
2026-08-08 17:00:00,289.29010214556644
2026-08-08 18:00:00,289.15439092021444
2026-08-08 19:00:00,288.36638933857876
2026-08-08 20:00:00,286.95486763921105
2026-08-08 21:00:00,285.53955210177116
2026-08-08 22:00:00,284.173000283658
2026-08-08 23:00:00,282.85319610608485
2026-08-09 00:00:00,281.5782300714404
2026-08-09 01:00:00,280.3412939605646
2026-08-09 02:00:00,279.141487074706
2026-08-09 03:00:00,277.9774458594902
2026-08-09 04:00:00,276.8478717689075
2026-08-09 05:00:00,275.75152724978614
2026-08-09 06:00:00,274.8948664737851
2026-08-09 07:00:00,274.7211150263518
2026-08-09 08:00:00,275.2043822508018
2026-08-09 09:00:00,276.2751566472255
2026-08-09 10:00:00,277.8248090996753
2026-08-09 11:00:00,279.7128402499035
2026-08-09 12:00:00,281.7764041508178
2026-08-09 13:00:00,283.84146012198187
2026-08-09 14:00:00,285.7347667548549
2026-08-09 15:00:00,287.2958523321377
2026-08-09 16:00:00,288.38808691598337
2026-08-09 17:00:00,288.9080484665649
2026-08-09 18:00:00,288.7925141827535
2026-08-09 19:00:00,288.02260367016055
2026-08-09 20:00:00,286.62482887720375
2026-08-09 21:00:00,285.2336590133394
2026-08-09 22:00:00,283.8854520027451
2026-08-09 23:00:00,282.57855536091915
2026-08-10 00:00:00,281.31140019382116
2026-08-10 01:00:00,280.0917303901112
2026-08-10 02:00:00,278.9152878730789
2026-08-10 03:00:00,277.78030089239667
2026-08-10 04:00:00,276.6850874284282
2026-08-10 05:00:00,275.6280494111158
2026-08-10 06:00:00,274.7994525528191
2026-08-10 07:00:00,274.6584267219771
2026-08-10 08:00:00,275.1751925625757
2026-08-10 09:00:00,276.27654998549417
2026-08-10 10:00:00,277.85061859147845
2026-08-10 11:00:00,279.7542978344937
2026-08-10 12:00:00,281.8229623283357
2026-08-10 13:00:00,283.8817297500892
2026-08-10 14:00:00,285.7575046874932
2026-08-10 15:00:00,287.2909273987097
2026-08-10 16:00:00,288.34735372691847
2026-08-10 17:00:00,288.82606601188513
2026-08-10 18:00:00,288.66705940225927
2026-08-10 19:00:00,287.8549474301747
2026-08-10 20:00:00,286.4197608222269
2026-08-10 21:00:00,285.0162434227294
2026-08-10 22:00:00,283.66369331722575
2026-08-10 23:00:00,282.3599314529678
2026-08-11 00:00:00,281.1028959268548
2026-08-11 01:00:00,279.87926105141446
2026-08-11 02:00:00,278.6916145272393
2026-08-11 03:00:00,277.5386547612209
2026-08-11 04:00:00,276.4191415031568
2026-08-11 05:00:00,275.33189209663044
2026-08-11 06:00:00,274.4514932925403
2026-08-11 07:00:00,274.2560843969481
2026-08-11 08:00:00,274.7201030272146
2026-08-11 09:00:00,275.77421884138306
2026-08-11 10:00:00,277.3098232360657
2026-08-11 11:00:00,279.1862737368809
2026-08-11 12:00:00,281.2404256958784
2026-08-11 13:00:00,283.29780297567703
2026-08-11 14:00:00,285.1846205553489
2026-08-11 15:00:00,286.73979153535953
2026-08-11 16:00:00,287.8260413002382
2026-08-11 17:00:00,288.3393181561456
2026-08-11 18:00:00,288.21582830306585
2026-08-11 19:00:00,287.43621845723993
2026-08-11 20:00:00,286.0266581556849
2026-08-11 21:00:00,284.65559541073895
2026-08-11 22:00:00,283.32601076572934
2026-08-11 23:00:00,282.0363340437347
2026-08-12 00:00:00,280.7850734852557
2026-08-12 01:00:00,279.58561435766524
2026-08-12 02:00:00,278.429386790173
2026-08-12 03:00:00,277.31460183910684
2026-08-12 04:00:00,276.2395613505791
2026-08-12 05:00:00,275.2026521212932
2026-08-12 06:00:00,274.36177082287986
2026-08-12 07:00:00,274.21130689510363
2026-08-12 08:00:00,274.7209376338781
2026-08-12 09:00:00,275.8168317570641
2026-08-12 10:00:00,277.38642857850283
2026-08-12 11:00:00,279.28594109812855
2026-08-12 12:00:00,281.3500952565623
2026-08-12 13:00:00,283.4034394970953
2026-08-12 14:00:00,285.27242481206343
2026-08-12 15:00:00,286.7973815109585
2026-08-12 16:00:00,287.8435169257325
2026-08-12 17:00:00,288.3101327623996
2026-08-12 18:00:00,288.13740633800967
2026-08-12 19:00:00,287.3102803085135
2026-08-12 20:00:00,285.8712744612986
2026-08-12 21:00:00,284.4857386798272
2026-08-12 22:00:00,283.1513394837777
2026-08-12 23:00:00,281.8658711631821
2026-08-13 00:00:00,280.6272468156559
2026-08-13 01:00:00,279.43076690835386
2026-08-13 02:00:00,278.27600614644786
2026-08-13 03:00:00,277.1612800719776
2026-08-13 04:00:00,276.08498837349566
2026-08-13 05:00:00,275.0456095354232
2026-08-13 06:00:00,274.18463163969204
2026-08-13 07:00:00,274.0147050111349
2026-08-13 08:00:00,274.5062859831166
2026-08-13 09:00:00,275.58620313005986
2026-08-13 10:00:00,277.14239279426937
2026-08-13 11:00:00,279.031368606143
2026-08-13 12:00:00,281.0879400611177
2026-08-13 13:00:00,283.1365163104952
2026-08-13 14:00:00,285.0031962882882
2026-08-13 15:00:00,286.5277710760849
2026-08-13 16:00:00,287.57476101072626
2026-08-13 17:00:00,288.0426832392321
2026-08-13 18:00:00,287.8708899471095
2026-08-13 19:00:00,287.04351730431074
2026-08-13 20:00:00,285.61909243279115
2026-08-13 21:00:00,284.2458952478778
2026-08-13 22:00:00,282.92174371362483
2026-08-13 23:00:00,281.64457330532315
2026-08-14 00:00:00,280.412428877588
2026-08-14 01:00:00,279.2162660522656
2026-08-14 02:00:00,278.05844342263487
2026-08-14 03:00:00,276.9375017762882
2026-08-14 04:00:00,275.8520522568365
2026-08-14 05:00:00,274.8007720023077
2026-08-14 06:00:00,273.9086372744535
2026-08-14 07:00:00,273.7070247871387
2026-08-14 08:00:00,274.16834507772353
2026-08-14 09:00:00,275.2211841119924
2026-08-14 10:00:00,276.7549248070999
2026-08-14 11:00:00,278.6271210210721
2026-08-14 12:00:00,280.6731467758348
2026-08-14 13:00:00,282.7174630431402
2026-08-14 14:00:00,284.58570711870163
2026-08-14 15:00:00,286.11673148919726
2026-08-14 16:00:00,287.17371242037774
2026-08-14 17:00:00,287.65351844405257
2026-08-14 18:00:00,287.49367072133236
2026-08-14 19:00:00,286.6764253392122
2026-08-14 20:00:00,285.2754542325312
2026-08-14 21:00:00,283.92088548712496
2026-08-14 22:00:00,282.6108529347531
2026-08-14 23:00:00,281.343587295136
2026-08-15 00:00:00,280.1174096681479
2026-08-15 01:00:00,278.9315733488911
2026-08-15 02:00:00,277.78403671812936
2026-08-15 03:00:00,276.6733369858133
2026-08-15 04:00:00,275.5980818784239
2026-08-15 05:00:00,274.55694527425896
2026-08-15 06:00:00,273.6580033762189
2026-08-15 07:00:00,273.4509434407068
2026-08-15 08:00:00,273.90794898060534
2026-08-15 09:00:00,274.957332758232
2026-08-15 10:00:00,276.48817515808145
2026-08-15 11:00:00,278.3577173443284
2026-08-15 12:00:00,280.4010305689853
2026-08-15 13:00:00,282.4423024648215
2026-08-15 14:00:00,284.3069438905206
2026-08-15 15:00:00,285.83364194394824
2026-08-15 16:00:00,286.8854783697823
2026-08-15 17:00:00,287.35930291121383
2026-08-15 18:00:00,287.19269336936446
2026-08-15 19:00:00,286.36803261343937
2026-08-15 20:00:00,284.97631529775873
2026-08-15 21:00:00,283.6310282896391
2026-08-15 22:00:00,282.3302984738475
2026-08-15 23:00:00,281.0723499682659
2026-08-16 00:00:00,279.8554976000413
2026-08-16 01:00:00,278.6839289375592
2026-08-16 02:00:00,277.5523051236399
2026-08-16 03:00:00,276.4590448304841
2026-08-16 04:00:00,275.4026443888413
2026-08-16 05:00:00,274.3816729273956
2026-08-16 06:00:00,273.4870184350416
2026-08-16 07:00:00,273.28664093227775
2026-08-16 08:00:00,273.7513828473664
2026-08-16 09:00:00,274.80824743268374
2026-08-16 10:00:00,276.34512030652036
2026-08-16 11:00:00,278.21823987662697
2026-08-16 12:00:00,280.26193200628
2026-08-16 13:00:00,282.2999443760179
2026-08-16 14:00:00,284.1575799248098
2026-08-16 15:00:00,285.67375252268744
2026-08-16 16:00:00,286.71208373323566
2026-08-16 17:00:00,287.17023206744784
2026-08-16 18:00:00,286.9867903623477
2026-08-16 19:00:00,286.14528689529504
2026-08-16 20:00:00,284.75523439367623
2026-08-16 21:00:00,283.41406077219074
2026-08-16 22:00:00,282.119725345023
2026-08-16 23:00:00,280.87029537758195
2026-08-17 00:00:00,279.6639387427854
2026-08-17 01:00:00,278.50007284790036
2026-08-17 02:00:00,277.3762554427704
2026-08-17 03:00:00,276.2908923288009
2026-08-17 04:00:00,275.24246774202004
2026-08-17 05:00:00,274.2295394435473
2026-08-17 06:00:00,273.32570809568523
2026-08-17 07:00:00,273.11764414875324
2026-08-17 08:00:00,273.57590809417064
2026-08-17 09:00:00,274.6271821576395
2026-08-17 10:00:00,276.15901109691237
2026-08-17 11:00:00,278.02729368568686
2026-08-17 12:00:00,280.0660386912637
2026-08-17 13:00:00,282.0987191793719
2026-08-17 14:00:00,283.9504229948525
2026-08-17 15:00:00,285.4599212709249
2026-08-17 16:00:00,286.4907728936291
2026-08-17 17:00:00,286.94065584839785
2026-08-17 18:00:00,286.7482610927303
2026-08-17 19:00:00,285.89728501975264
2026-08-17 20:00:00,284.51497447540925
2026-08-17 21:00:00,283.18168987419796
2026-08-17 22:00:00,281.89537475004596
2026-08-17 23:00:00,280.65408155560164
2026-08-18 00:00:00,279.45596425334463
2026-08-18 01:00:00,278.29615757724724
2026-08-18 02:00:00,277.1752003579286
2026-08-18 03:00:00,276.0915766574548
2026-08-18 04:00:00,275.04384415510026
2026-08-18 05:00:00,274.030629584334
2026-08-18 06:00:00,273.1081405630015
2026-08-18 07:00:00,272.8820848872844
2026-08-18 08:00:00,273.32362584595154
2026-08-18 09:00:00,274.35994823109525
2026-08-18 10:00:00,275.8789657523194
2026-08-18 11:00:00,277.7367874166555
2026-08-18 12:00:00,279.76745878812113
2026-08-18 13:00:00,281.7943134314003
2026-08-18 14:00:00,283.64213302571056
2026-08-18 15:00:00,285.1492376464307
2026-08-18 16:00:00,286.1786227200411
2026-08-18 17:00:00,286.62733115240053
2026-08-18 18:00:00,286.43339306006436
2026-08-18 19:00:00,285.57986552493475
2026-08-18 20:00:00,284.2111094060462
2026-08-18 21:00:00,282.88962095821984
2026-08-18 22:00:00,281.61345661037114
2026-08-18 23:00:00,280.38077430002494
2026-08-19 00:00:00,279.1898266495586
2026-08-19 01:00:00,278.0506413962665
2026-08-19 02:00:00,276.95305991339393
2026-08-19 03:00:00,275.8953570787677
2026-08-19 04:00:00,274.87589445008484
2026-08-19 05:00:00,273.8931147827142
2026-08-19 06:00:00,272.98541974119973
2026-08-19 07:00:00,272.7773079909339
2026-08-19 08:00:00,273.2377033465088
2026-08-19 09:00:00,274.29165458693757
2026-08-19 10:00:00,275.82517816010653
2026-08-19 11:00:00,277.6928468334003
2026-08-19 12:00:00,279.7276305857012
2026-08-19 13:00:00,281.75231667726763
2026-08-19 14:00:00,283.59170118396986
2026-08-19 15:00:00,285.08467028197396
2026-08-19 16:00:00,286.09528812586626
2026-08-19 17:00:00,286.5220838340376
2026-08-19 18:00:00,286.30487728193236
2026-08-19 19:00:00,285.4286857114448
2026-08-19 20:00:00,284.05771720145447
2026-08-19 21:00:00,282.73826113114575
2026-08-19 22:00:00,281.468071512513
2026-08-19 23:00:00,280.24502379620014
2026-08-20 00:00:00,279.06710650325846
2026-08-20 01:00:00,277.89367782315713
2026-08-20 02:00:00,276.7515186095598
2026-08-20 03:00:00,275.6395742254781
2026-08-20 04:00:00,274.556837293982
2026-08-20 05:00:00,273.5023449415996
2026-08-20 06:00:00,272.49725614885057
2026-08-20 07:00:00,272.1861055064183
2026-08-20 08:00:00,272.54488019117326
2026-08-20 09:00:00,273.5051776517641
2026-08-20 10:00:00,274.9586262890074
2026-08-20 11:00:00,276.76410582203346
2026-08-20 12:00:00,278.7573027675414
2026-08-20 13:00:00,280.76195245278825
2026-08-20 14:00:00,282.60197693235347
2026-08-20 15:00:00,284.1136443335308
2026-08-20 16:00:00,285.1568622394098
2026-08-20 17:00:00,285.6247816681787
2026-08-20 18:00:00,285.45102517411993
2026-08-20 19:00:00,284.61404785657544
2026-08-20 20:00:00,283.28962520196654
2026-08-20 21:00:00,282.00173792255754
2026-08-20 22:00:00,280.7490855118415
2026-08-20 23:00:00,279.53042968387183
2026-08-21 00:00:00,278.34459049373174
2026-08-21 01:00:00,277.2410080504829
2026-08-21 02:00:00,276.17869326074214
2026-08-21 03:00:00,275.15591126530364
2026-08-21 04:00:00,274.17101458996484
2026-08-21 05:00:00,273.2224376435928
2026-08-21 06:00:00,272.3128050043533
2026-08-21 07:00:00,272.1053346610523
2026-08-21 08:00:00,272.56820846998863
2026-08-21 09:00:00,273.62567420080785
2026-08-21 10:00:00,275.1629388413564
2026-08-21 11:00:00,277.03380937986003
2026-08-21 12:00:00,279.070583396576
2026-08-21 13:00:00,281.09551255480727
2026-08-21 14:00:00,282.9330279069029
2026-08-21 15:00:00,284.4218427355258
2026-08-21 16:00:00,285.42604826810407
2026-08-21 17:00:00,285.8443944680551
2026-08-21 18:00:00,285.6170964646194
2026-08-21 19:00:00,284.7297104788628
2026-08-21 20:00:00,283.38329512660385
2026-08-21 21:00:00,282.08867073318976
2026-08-21 22:00:00,280.8435474980499
2026-08-21 23:00:00,279.6457599480139
2026-08-22 00:00:00,278.49325837550896
2026-08-22 01:00:00,277.3494647050287
2026-08-22 02:00:00,276.2396764095588
2026-08-22 03:00:00,275.1626739793798
2026-08-22 04:00:00,274.1172940477831
2026-08-22 05:00:00,273.1024260529646
2026-08-22 06:00:00,272.11700914610395
2026-08-22 07:00:00,271.8157347521418
2026-08-22 08:00:00,272.18671001966953
2026-08-22 09:00:00,273.15925060676176
2026-08-22 10:00:00,274.62287553214395
2026-08-22 11:00:00,276.43466470198877
2026-08-22 12:00:00,278.4289325070742
2026-08-22 13:00:00,280.4285593104427
2026-08-22 14:00:00,282.25718254434173
2026-08-22 15:00:00,283.7513681638473
2026-08-22 16:00:00,284.7718738524746
2026-08-22 17:00:00,285.21318316078896
2026-08-22 18:00:00,285.0106302831142
2026-08-22 19:00:00,284.1446331607694
2026-08-22 20:00:00,282.8295592558719
2026-08-22 21:00:00,281.55483310295926
2026-08-22 22:00:00,280.3189305637078
2026-08-22 23:00:00,279.12040260108836
2026-08-23 00:00:00,277.95787047922767
2026-08-23 01:00:00,276.85561353779485
2026-08-23 02:00:00,275.79162696614566
2026-08-23 03:00:00,274.76439053355153
2026-08-23 04:00:00,273.77245779142095
2026-08-23 05:00:00,272.8144515449115
2026-08-23 06:00:00,271.88905967020105
2026-08-23 07:00:00,271.6332605318843
2026-08-23 08:00:00,272.0504860917866
2026-08-23 09:00:00,273.066571131338
2026-08-23 10:00:00,274.5679650595677
2026-08-23 11:00:00,276.40928961334265
2026-08-23 12:00:00,278.42317409801575
2026-08-23 13:00:00,280.4316964125539
2026-08-23 14:00:00,282.2586216199557
2026-08-23 15:00:00,283.7415537879613
2026-08-23 16:00:00,284.7431133128128
2026-08-23 17:00:00,285.16032577148417
2026-08-23 18:00:00,284.93155423788664
2026-08-23 19:00:00,284.0405088111748
2026-08-23 20:00:00,282.72335925814406
2026-08-23 21:00:00,281.4532824396624
2026-08-23 22:00:00,280.22831136137734
2026-08-23 23:00:00,279.0465817051545
2026-08-24 00:00:00,277.9063249759533
2026-08-24 01:00:00,276.8361474614095
2026-08-24 02:00:00,275.8094830860226
2026-08-24 03:00:00,274.8243837929088
2026-08-24 04:00:00,273.8790033936765
2026-08-24 05:00:00,272.9715910302197
2026-08-24 06:00:00,272.10048515592194
2026-08-24 07:00:00,271.88469612405447
2026-08-24 08:00:00,272.3426443144004
2026-08-24 09:00:00,273.3960462540331
2026-08-24 10:00:00,274.9277804862557
2026-08-24 11:00:00,276.7896723508795
2026-08-24 12:00:00,278.81250763495785
2026-08-24 13:00:00,280.8175880185538
2026-08-24 14:00:00,282.6290092513962
2026-08-24 15:00:00,284.0857729805592
2026-08-24 16:00:00,285.0528466542362
2026-08-24 17:00:00,285.4303669034916
2026-08-24 18:00:00,285.1603338846089
2026-08-24 19:00:00,284.2303501074862
2026-08-24 20:00:00,282.8990757536608
2026-08-24 21:00:00,281.62333661707305
2026-08-24 22:00:00,280.40052748651874
2026-08-24 23:00:00,279.22818966215004
2026-08-25 00:00:00,278.1040006506037
2026-08-25 01:00:00,277.0289911982251
2026-08-25 02:00:00,275.998434805053
2026-08-25 03:00:00,275.01031277812655
2026-08-25 04:00:00,274.0627131394513
2026-08-25 05:00:00,273.15382372054347
2026-08-25 06:00:00,272.2819258096272
2026-08-25 07:00:00,272.0481754239851
2026-08-25 08:00:00,272.48979120763073
2026-08-25 09:00:00,273.5279043161383
2026-08-25 10:00:00,275.04484241495055
2026-08-25 11:00:00,276.8919454023538
2026-08-25 12:00:00,278.8996064659552
2026-08-25 13:00:00,280.88884912512964
2026-08-25 14:00:00,282.6836193069055
2026-08-25 15:00:00,284.12290211500493
2026-08-25 16:00:00,285.07177727017154
2026-08-25 17:00:00,285.4306090680739
2026-08-25 18:00:00,285.14171961046986
2026-08-25 19:00:00,284.193100736582
2026-08-25 20:00:00,282.86259823097623
2026-08-25 21:00:00,281.5884669909289
2026-08-25 22:00:00,280.3680308428911
2026-08-25 23:00:00,279.1987652815206
2026-08-26 00:00:00,278.0782867490923
2026-08-26 01:00:00,276.95194729670493
2026-08-26 02:00:00,275.8601830298955
2026-08-26 03:00:00,274.8017312715816
2026-08-26 04:00:00,273.7753878539496
2026-08-26 05:00:00,272.78000363068134
2026-08-26 06:00:00,271.8144812473599
2026-08-26 07:00:00,271.4626035915397
2026-08-26 08:00:00,271.78782991635774
2026-08-26 09:00:00,272.71843781370035
2026-08-26 10:00:00,274.1428297710073
2026-08-26 11:00:00,275.9169571362581
2026-08-26 12:00:00,277.8740621852918
2026-08-26 13:00:00,279.8360749147593
2026-08-26 14:00:00,281.6258612546846
2026-08-26 15:00:00,283.0794391087735
2026-08-26 16:00:00,284.0572704127959
2026-08-26 17:00:00,284.4538066276482
2026-08-26 18:00:00,284.2046071469547
2026-08-26 19:00:00,283.2905494895943
2026-08-26 20:00:00,282.00141340144
2026-08-26 21:00:00,280.7529745865994
2026-08-26 22:00:00,279.54367518757005
2026-08-26 23:00:00,278.3720342353018
2026-08-27 00:00:00,277.23664274149746
2026-08-27 01:00:00,276.11634207312665
2026-08-27 02:00:00,275.0264227394972
2026-08-27 03:00:00,273.9658617707225
2026-08-27 04:00:00,272.93368138349166
2026-08-27 05:00:00,271.92894638884883
2026-08-27 06:00:00,270.9507617839635
2026-08-27 07:00:00,270.56499684702715
2026-08-27 08:00:00,270.85667484174644
2026-08-27 09:00:00,271.7564341539833
2026-08-27 10:00:00,273.1546849769405
2026-08-27 11:00:00,274.90890322836714
2026-08-27 12:00:00,276.8532727486918
2026-08-27 13:00:00,278.81002100285593
2026-08-27 14:00:00,280.60165104100594
2026-08-27 15:00:00,282.0631887482354
2026-08-27 16:00:00,283.0535521111763
2026-08-27 17:00:00,283.4652142008237
2026-08-27 18:00:00,283.2314698462338
2026-08-27 19:00:00,282.3308126806624
2026-08-27 20:00:00,281.06970129661977
2026-08-27 21:00:00,279.8438603342382
2026-08-27 22:00:00,278.65204232005567
2026-08-27 23:00:00,277.49305837931354
2026-08-28 00:00:00,276.3657746533865
2026-08-28 01:00:00,275.3068694182146
2026-08-28 02:00:00,274.282560399718
2026-08-28 03:00:00,273.2915419836952
2026-08-28 04:00:00,272.3325693530698
2026-08-28 05:00:00,271.40445488945255
2026-08-28 06:00:00,270.5060648395853
2026-08-28 07:00:00,270.184793308952
2026-08-28 08:00:00,270.54177493792474
2026-08-28 09:00:00,271.5037542894336
2026-08-28 10:00:00,272.9576998804681
2026-08-28 11:00:00,274.7583240118252
2026-08-28 12:00:00,276.7379081417734
2026-08-28 13:00:00,278.71776374243154
2026-08-28 14:00:00,280.52052012287095
2026-08-28 15:00:00,281.98235244517247
2026-08-28 16:00:00,282.96425733444875
2026-08-28 17:00:00,283.36155518867116
2026-08-28 18:00:00,283.11094258881747
2026-08-28 19:00:00,282.194619274757
2026-08-28 20:00:00,280.94191413792885
2026-08-28 21:00:00,279.73134598998774
2026-08-28 22:00:00,278.56124237246894
2026-08-28 23:00:00,277.4300144561211
2026-08-29 00:00:00,276.33615167528785
2026-08-29 01:00:00,275.28533004925237
2026-08-29 02:00:00,274.26995779024145
2026-08-29 03:00:00,273.2886666954475
2026-08-29 04:00:00,272.3401530760285
2026-08-29 05:00:00,271.4231739106177
2026-08-29 06:00:00,270.5365432840601
2026-08-29 07:00:00,270.20921811718006
2026-08-29 08:00:00,270.56135603186294
2026-08-29 09:00:00,271.51888361889365
2026-08-29 10:00:00,272.9680162576293
2026-08-29 11:00:00,274.76282456822486
2026-08-29 12:00:00,276.7350997226982
2026-08-29 13:00:00,278.70584426914684
2026-08-29 14:00:00,280.4975773442394
2026-08-29 15:00:00,281.946565896507
2026-08-29 16:00:00,282.91408896634755
2026-08-29 17:00:00,283.2959151124436
2026-08-29 18:00:00,283.02931859839504
2026-08-29 19:00:00,282.0971619407922
2026-08-29 20:00:00,280.84870836807556
2026-08-29 21:00:00,279.64356097846155
2026-08-29 22:00:00,278.47996477467063
2026-08-29 23:00:00,277.3562535289835
2026-08-30 00:00:00,276.2708440444496
2026-08-30 01:00:00,275.21748991062583
2026-08-30 02:00:00,274.19891688657077
2026-08-30 03:00:00,273.2138032623165
2026-08-30 04:00:00,272.26088906952907
2026-08-30 05:00:00,271.33897242257467
2026-08-30 06:00:00,270.44690612927167
2026-08-30 07:00:00,270.0951620966865
2026-08-30 08:00:00,270.4240729646707
2026-08-30 09:00:00,271.3599682222917
2026-08-30 10:00:00,272.78936607107454
2026-08-30 11:00:00,274.5665182833073
2026-08-30 12:00:00,276.5232618731328
2026-08-30 13:00:00,278.4805055187096
2026-08-30 14:00:00,280.26054025682714
2026-08-30 15:00:00,281.6992859568598
2026-08-30 16:00:00,282.6575796750983
2026-08-30 17:00:00,283.0306842313896
2026-08-30 18:00:00,282.75534021510964
2026-08-30 19:00:00,281.8138862098124
2026-08-30 20:00:00,280.57444669548397
2026-08-30 21:00:00,279.37706817192316
2026-08-30 22:00:00,278.22007431557694
2026-08-30 23:00:00,277.10187260319464
2026-08-31 00:00:00,276.0209489462321
2026-08-31 01:00:00,275.00705893498144
2026-08-31 02:00:00,274.0311405831558
2026-08-31 03:00:00,273.0916126151738
2026-08-31 04:00:00,272.18697162047135
2026-08-31 05:00:00,271.315787304128
2026-08-31 06:00:00,270.47669809686056
2026-08-31 07:00:00,270.1613251515544
2026-08-31 08:00:00,270.5274690613955
2026-08-31 09:00:00,271.4983301346622
2026-08-31 10:00:00,272.95769231323925
2026-08-31 11:00:00,274.75764232633867
2026-08-31 12:00:00,276.728560022427
2026-08-31 13:00:00,278.6906960399183
2026-08-31 14:00:00,280.4665178642304
2026-08-31 15:00:00,281.8929317603428
2026-08-31 16:00:00,282.8324878940479
2026-08-31 17:00:00,283.18275356789303
2026-08-31 18:00:00,282.883189079821
2026-08-31 19:00:00,281.9190655989831
2026-08-31 20:00:00,280.6808763795778
2026-08-31 21:00:00,279.4902628574939
2026-08-31 22:00:00,278.34515007011055
2026-08-31 23:00:00,277.24357269191205
2026-09-01 00:00:00,276.18366774276427
2026-09-01 01:00:00,275.1476456935807
2026-09-01 02:00:00,274.14801481529753
2026-09-01 03:00:00,273.1833298606827
2026-09-01 04:00:00,272.25221479782647
2026-09-01 05:00:00,271.35335865013366
2026-09-01 06:00:00,270.4855116471227
2026-09-01 07:00:00,270.1216276824809
2026-09-01 08:00:00,270.4407740716209
2026-09-01 09:00:00,271.36765955124974
2026-09-01 10:00:00,272.78732018984397
2026-09-01 11:00:00,274.5527551486773
2026-09-01 12:00:00,276.49485544303997
2026-09-01 13:00:00,278.4339472608187
2026-09-01 14:00:00,280.19213436775544
2026-09-01 15:00:00,281.6055481411896
2026-09-01 16:00:00,282.535610854398
2026-09-01 17:00:00,282.87849271159837
2026-09-01 18:00:00,282.57209039139303
2026-09-01 19:00:00,281.6000582034421
2026-09-01 20:00:00,280.370860915034
2026-09-01 21:00:00,279.1859382826404
2026-09-01 22:00:00,278.0434518447067
2026-09-01 23:00:00,276.94165716936374
2026-09-02 00:00:00,275.8788977460773
2026-09-02 01:00:00,274.8558680906987
2026-09-02 02:00:00,273.869048956447
2026-09-02 03:00:00,272.91699625694525
2026-09-02 04:00:00,271.998335079818
2026-09-02 05:00:00,271.1117555386261
2026-09-02 06:00:00,270.25600893392425
2026-09-02 07:00:00,269.88516113839546
2026-09-02 08:00:00,270.19825468081007
2026-09-02 09:00:00,271.11973075360686
2026-09-02 10:00:00,272.5343544865263
2026-09-02 11:00:00,274.29486702060194
2026-09-02 12:00:00,276.2319298982507
2026-09-02 13:00:00,278.1656821102635
2026-09-02 14:00:00,279.918093273059
2026-09-02 15:00:00,281.32522068774387
2026-09-02 16:00:00,282.2484754528102
2026-09-02 17:00:00,282.58407804997825
2026-09-02 18:00:00,282.2700314282348
2026-09-02 19:00:00,281.29014323725005
2026-09-02 20:00:00,280.07267796700546
2026-09-02 21:00:00,278.89938936695916
2026-09-02 22:00:00,277.7684359638249
2026-09-02 23:00:00,276.6780704860923
2026-09-03 00:00:00,275.62663375488387
2026-09-03 01:00:00,274.5942412703187
2026-09-03 02:00:00,273.59578375743376
2026-09-03 03:00:00,272.62998004934883
2026-09-03 04:00:00,271.6956083125352
2026-09-03 05:00:00,270.79150256472235
2026-09-03 06:00:00,269.91654944696734
2026-09-03 07:00:00,269.50594158020715
2026-09-03 08:00:00,269.7801472483857
2026-09-03 09:00:00,270.6652763393277
2026-09-03 10:00:00,272.04749468127596
2026-09-03 11:00:00,273.78058513817416
2026-09-03 12:00:00,275.6958236676175
2026-09-03 13:00:00,277.6134966392362
2026-09-03 14:00:00,279.3552469001207
2026-09-03 15:00:00,280.7563578123001
2026-09-03 16:00:00,281.6770789698469
2026-09-03 17:00:00,282.0121695587851
2026-09-03 18:00:00,281.69798032553024
2026-09-03 19:00:00,280.71659696066223
2026-09-03 20:00:00,279.51430519121976
2026-09-03 21:00:00,278.35253829901166
2026-09-03 22:00:00,277.2296977603321
2026-09-03 23:00:00,276.14426387483024
2026-09-04 00:00:00,275.0947907945598
2026-09-04 01:00:00,274.06801312145586
2026-09-04 02:00:00,273.07335272276714
2026-09-04 03:00:00,272.10964128894227
2026-09-04 04:00:00,271.1757633030532
2026-09-04 05:00:00,270.2706529989638
2026-09-04 06:00:00,269.3932915374386
2026-09-04 07:00:00,268.9598542093384
2026-09-04 08:00:00,269.21178746356486
2026-09-04 09:00:00,270.0762325754712
2026-09-04 10:00:00,271.44021234966976
2026-09-04 11:00:00,273.15813701887345
2026-09-04 12:00:00,275.06163941224884
2026-09-04 13:00:00,276.97106928406134
2026-09-04 14:00:00,278.70783672289855
2026-09-04 15:00:00,280.10671475920464
2026-09-04 16:00:00,281.0272039572721
2026-09-04 17:00:00,281.3631321535061
2026-09-04 18:00:00,281.0498058409653
2026-09-04 19:00:00,280.0682303760157
2026-09-04 20:00:00,278.88341406673766
2026-09-04 21:00:00,277.7366231291698
2026-09-04 22:00:00,276.6264117751259
2026-09-04 23:00:00,275.55140371372727
2026-09-05 00:00:00,274.5102878594151
2026-09-05 01:00:00,273.49408605759066
2026-09-05 02:00:00,272.5086496679177
2026-09-05 03:00:00,271.5528873577702
2026-09-05 04:00:00,270.62575623081176
2026-09-05 05:00:00,269.72625907706544
2026-09-05 06:00:00,268.8534418170649
2026-09-05 07:00:00,268.4043341002858
2026-09-05 08:00:00,268.64111356335127
2026-09-05 09:00:00,269.4915516439174
2026-09-05 10:00:00,270.8431841557773
2026-09-05 11:00:00,272.5507841751633
2026-09-05 12:00:00,274.44617346921183
2026-09-05 13:00:00,276.3497044748652
2026-09-05 14:00:00,278.0826041660225
2026-09-05 15:00:00,279.4792904048881
2026-09-05 16:00:00,280.39876292004953
2026-09-05 17:00:00,280.73424024899106
2026-09-05 18:00:00,280.4203562596089
2026-09-05 19:00:00,279.4374297859057
2026-09-05 20:00:00,278.26964484482176
2026-09-05 21:00:00,277.1381528619068
2026-09-05 22:00:00,276.0416075580684
2026-09-05 23:00:00,274.9787262032308
2026-09-06 00:00:00,273.94828575326187
2026-09-06 01:00:00,272.98947019853324
2026-09-06 02:00:00,272.0638738640993
2026-09-06 03:00:00,271.170204948503
2026-09-06 04:00:00,270.3072317174994
2026-09-06 05:00:00,269.4737790179797
2026-09-06 06:00:00,268.6687250432194
2026-09-06 07:00:00,268.2696397672947
2026-09-06 08:00:00,268.55719868502814
2026-09-06 09:00:00,269.4560701895585
2026-09-06 10:00:00,270.8510688840727
2026-09-06 11:00:00,272.5948037668619
2026-09-06 12:00:00,274.51763001745775
2026-09-06 13:00:00,276.4392245905537
2026-09-06 14:00:00,278.18096839789445
2026-09-06 15:00:00,279.578241483054
2026-09-06 16:00:00,280.4917342722741
2026-09-06 17:00:00,280.8169524762183
2026-09-06 18:00:00,280.4912401898787
2026-09-06 19:00:00,279.4978490125083
2026-09-06 20:00:00,278.3437920330701
2026-09-06 21:00:00,277.2307590358961
2026-09-06 22:00:00,276.15707981973515
2026-09-06 23:00:00,275.1211673604905
2026-09-07 00:00:00,274.12151256931617
2026-09-07 01:00:00,273.1519549170969
2026-09-07 02:00:00,272.21549912088597
2026-09-07 03:00:00,271.3108707002828
2026-09-07 04:00:00,270.4368541711233
2026-09-07 05:00:00,269.5922896248697
2026-09-07 06:00:00,268.77606955448493
2026-09-07 07:00:00,268.346386794352
2026-09-07 08:00:00,268.6045925471791
2026-09-07 09:00:00,269.47563683661537
2026-09-07 10:00:00,270.84454879297266
2026-09-07 11:00:00,272.56406772266683
2026-09-07 12:00:00,274.46458340494405
2026-09-07 13:00:00,276.3657068407808
2026-09-07 14:00:00,278.0886547878938
2026-09-07 15:00:00,279.46855449745937
2026-09-07 16:00:00,280.36577115935813
2026-09-07 17:00:00,280.6754344805128
2026-09-07 18:00:00,280.33448730663434
2026-09-07 19:00:00,279.3257821462209
2026-09-07 20:00:00,278.17590081906366
2026-09-07 21:00:00,277.06625020882973
2026-09-07 22:00:00,275.9952124760739
2026-09-07 23:00:00,274.9612496628061
2026-09-08 00:00:00,273.96289869136797
2026-09-08 01:00:00,273.0155830666473
2026-09-08 02:00:00,272.1023500347081
2026-09-08 03:00:00,271.22183610000485
2026-09-08 04:00:00,270.3727422636491
2026-09-08 05:00:00,269.55383024483683
2026-09-08 06:00:00,268.7639189768777
2026-09-08 07:00:00,268.341658379545
2026-09-08 08:00:00,268.6082262696069
2026-09-08 09:00:00,269.4872291298007
2026-09-08 10:00:00,270.86251172509066
2026-09-08 11:00:00,272.5858617853204
2026-09-08 12:00:00,274.4870094907873
2026-09-08 13:00:00,276.385237979538
2026-09-08 14:00:00,278.10178456875417
2026-09-08 15:00:00,279.4721373152883
2026-09-08 16:00:00,280.3573298073656
2026-09-08 17:00:00,280.65341323220355
2026-09-08 18:00:00,280.2984332128942
2026-09-08 19:00:00,279.2764432346444
2026-09-08 20:00:00,278.13522152429067
2026-09-08 21:00:00,277.03604250227147
2026-09-08 22:00:00,275.9771508270459
2026-09-08 23:00:00,274.95687978234616
2026-09-09 00:00:00,273.973645651598
2026-09-09 01:00:00,273.07364148329384
2026-09-09 02:00:00,272.2107787391998
2026-09-09 03:00:00,271.383401722842
2026-09-09 04:00:00,270.58993874756436
2026-09-09 05:00:00,269.8288970207
2026-09-09 06:00:00,269.0988579101901
2026-09-09 07:00:00,268.7186981383895
2026-09-09 08:00:00,269.0282882364832
2026-09-09 09:00:00,269.94748851869906
2026-09-09 10:00:00,271.3569215049612
2026-09-09 11:00:00,273.10587630989244
2026-09-09 12:00:00,275.0224627995003
2026-09-09 13:00:00,276.92531834469406
2026-09-09 14:00:00,278.63603757554046
2026-09-09 15:00:00,279.99142589280876
2026-09-09 16:00:00,280.854682029979
2026-09-09 17:00:00,281.12469746316395
2026-09-09 18:00:00,280.74281439583274
2026-09-09 19:00:00,279.6965920953889
2026-09-09 20:00:00,278.55729327272405
2026-09-09 21:00:00,277.4660677202182
2026-09-09 22:00:00,276.4206822517914
2026-09-09 23:00:00,275.4190248375945
2026-09-10 00:00:00,274.4590965367058
2026-09-10 01:00:00,273.53029628855535
2026-09-10 02:00:00,272.63894994697466
2026-09-10 03:00:00,271.7834156157305
2026-09-10 04:00:00,270.9621340522639
2026-09-10 05:00:00,270.17362363350713
2026-09-10 06:00:00,269.4164756993805
2026-09-10 07:00:00,268.98995254450983
2026-09-10 08:00:00,269.2549865293437
2026-09-10 09:00:00,270.13201292493176
2026-09-10 10:00:00,271.5021195360521
2026-09-10 11:00:00,273.2149158471567
2026-09-10 12:00:00,275.09866164850973
2026-09-10 13:00:00,276.9719601725554
2026-09-10 14:00:00,278.6561874807701
2026-09-10 15:00:00,279.9877591554891
2026-09-10 16:00:00,280.8293387536813
2026-09-10 17:00:00,281.07917387478415
2026-09-10 18:00:00,280.6778986885546
2026-09-10 19:00:00,279.61234919554596
2026-09-10 20:00:00,278.47315870607355
2026-09-10 21:00:00,277.3808592717943
2026-09-10 22:00:00,276.3333158988552
2026-09-10 23:00:00,275.3285078083586
2026-09-11 00:00:00,274.3645209022986
2026-09-11 01:00:00,273.4408973415994
2026-09-11 02:00:00,272.5546502027199
2026-09-11 03:00:00,271.70413697828633
2026-09-11 04:00:00,270.8877979254687
2026-09-11 05:00:00,270.10415102680076
2026-09-11 06:00:00,269.3517873287277
2026-09-11 07:00:00,268.910279605449
2026-09-11 08:00:00,269.1612993104174
2026-09-11 09:00:00,270.02511855295575
2026-09-11 10:00:00,271.3826644594245
2026-09-11 11:00:00,273.08339571077937
2026-09-11 12:00:00,274.95543812798354
2026-09-11 13:00:00,276.8172837627881
2026-09-11 14:00:00,278.49022476177623
2026-09-11 15:00:00,279.810622742061
2026-09-11 16:00:00,280.64111800522073
2026-09-11 17:00:00,280.8799644934473
2026-09-11 18:00:00,280.4678295330222
2026-09-11 19:00:00,279.39160492815756
2026-09-11 20:00:00,278.26208460000714
2026-09-11 21:00:00,277.179193586565
2026-09-11 22:00:00,276.1408058473835
2026-09-11 23:00:00,275.14490901568416
2026-09-12 00:00:00,274.18959691520894
2026-09-12 01:00:00,273.24699868674236
2026-09-12 02:00:00,272.3397279767277
2026-09-12 03:00:00,271.4663249288028
2026-09-12 04:00:00,270.62540026615505
2026-09-12 05:00:00,269.8156310984925
2026-09-12 06:00:00,269.03575703742285
2026-09-12 07:00:00,268.545740005547
2026-09-12 08:00:00,268.7489834656282
2026-09-12 09:00:00,269.5677972221489
2026-09-12 10:00:00,270.88482740055247
2026-09-12 11:00:00,272.5508240908756
2026-09-12 12:00:00,274.3946947824222
2026-09-12 13:00:00,276.23515523636206
2026-09-12 14:00:00,277.8931539112726
2026-09-12 15:00:00,279.20417247925735
2026-09-12 16:00:00,280.029505049732
2026-09-12 17:00:00,280.26569673973626
2026-09-12 18:00:00,279.85147229390606
2026-09-12 19:00:00,278.7716908772562
2026-09-12 20:00:00,277.6552800102495
2026-09-12 21:00:00,276.5815394254849
2026-09-12 22:00:00,275.548641720738
2026-09-12 23:00:00,274.5548529002208
2026-09-13 00:00:00,273.5985264217251
2026-09-13 01:00:00,272.65070339839866
2026-09-13 02:00:00,271.73555073249116
2026-09-13 03:00:00,270.85180494570875
2026-09-13 04:00:00,269.99826096053704
2026-09-13 05:00:00,269.17376873209827
2026-09-13 06:00:00,268.37723012129777
2026-09-13 07:00:00,267.84895540923503
2026-09-13 08:00:00,268.01400187429834
2026-09-13 09:00:00,268.7967513015578
2026-09-13 10:00:00,270.08161288692116
2026-09-13 11:00:00,271.7206805484694
2026-09-13 12:00:00,273.5437018711419
2026-09-13 13:00:00,275.36967766926557
2026-09-13 14:00:00,277.01927340889364
2026-09-13 15:00:00,278.3271471972281
2026-09-13 16:00:00,279.1532956454305
2026-09-13 17:00:00,279.3925933335371
2026-09-13 18:00:00,278.9818484855631
2026-09-13 19:00:00,277.9039006389288
2026-09-13 20:00:00,276.8058264447372
2026-09-13 21:00:00,275.7463643861756
2026-09-13 22:00:00,274.7239668909002
2026-09-13 23:00:00,273.73716186385343
2026-09-14 00:00:00,272.78454804259866
2026-09-14 01:00:00,271.8749140186957
2026-09-14 02:00:00,270.9974188751027
2026-09-14 03:00:00,270.15080145603054
2026-09-14 04:00:00,269.3338590344786
2026-09-14 05:00:00,268.5454439632885
2026-09-14 06:00:00,267.78446056424315
2026-09-14 07:00:00,267.2713690835807
2026-09-14 08:00:00,267.4517704800336
2026-09-14 09:00:00,268.2493994822098
2026-09-14 10:00:00,269.548090489066
2026-09-14 11:00:00,271.1994724911602
2026-09-14 12:00:00,273.03296839473165
2026-09-14 13:00:00,274.86741521904173
2026-09-14 14:00:00,276.52348467245815
2026-09-14 15:00:00,277.83600804995245
2026-09-14 16:00:00,278.6653070613524
2026-09-14 17:00:00,278.9067076556737
2026-09-14 18:00:00,278.4975616449723
2026-09-14 19:00:00,277.42130467528216
2026-09-14 20:00:00,276.345753389686
2026-09-14 21:00:00,275.3090037180463
2026-09-14 22:00:00,274.30947458637706
2026-09-14 23:00:00,273.34566252677973
2026-09-15 00:00:00,272.4161368999514
2026-09-15 01:00:00,271.48678885007206
2026-09-15 02:00:00,270.58734436123586
2026-09-15 03:00:00,269.71670982492225
2026-09-15 04:00:00,268.87384013782975
2026-09-15 05:00:00,268.0577359931502
2026-09-15 06:00:00,267.26744135993175
2026-09-15 07:00:00,266.70365269169423
2026-09-15 08:00:00,266.8335079771679
2026-09-15 09:00:00,267.5829261018028
2026-09-15 10:00:00,268.83761751473196
2026-09-15 11:00:00,270.4506594999325
2026-09-15 12:00:00,272.2524022832643
2026-09-15 13:00:00,274.06203040269753
2026-09-15 14:00:00,275.6999645291582
2026-09-15 15:00:00,277.00021030209825
2026-09-15 16:00:00,277.821754784575
2026-09-15 17:00:00,278.0581828130158
2026-09-15 18:00:00,277.64482985559704
2026-09-15 19:00:00,276.5629892750915
2026-09-15 20:00:00,275.49850186770544
2026-09-15 21:00:00,274.4689730068327
2026-09-15 22:00:00,273.47307727693266
2026-09-15 23:00:00,272.5095512356054
2026-09-16 00:00:00,271.5771897314
2026-09-16 01:00:00,270.67275378154824
2026-09-16 02:00:00,269.79713494876285
2026-09-16 03:00:00,268.94929129467664
2026-09-16 04:00:00,268.12822649099957
2026-09-16 05:00:00,267.3329873083969
2026-09-16 06:00:00,266.5626612772603
2026-09-16 07:00:00,265.99805392736477
2026-09-16 08:00:00,266.127110292335
2026-09-16 09:00:00,266.87593854489893
2026-09-16 10:00:00,268.13040135905084
2026-09-16 11:00:00,269.74368271018386
2026-09-16 12:00:00,271.5461878843684
2026-09-16 13:00:00,273.35710169574077
2026-09-16 14:00:00,274.99679059502006
2026-09-16 15:00:00,276.2991555482803
2026-09-16 16:00:00,277.12303630910117
2026-09-16 17:00:00,277.36183898968505
2026-09-16 18:00:00,276.9507027595905
2026-09-16 19:00:00,275.87232981919783
2026-09-16 20:00:00,274.8292421599455
2026-09-16 21:00:00,273.82010268093467
2026-09-16 22:00:00,272.8436369670507
2026-09-16 23:00:00,271.8986295486285
2026-09-17 00:00:00,270.9839204386617
2026-09-17 01:00:00,270.1432950938581
2026-09-17 02:00:00,269.332519348914
2026-09-17 03:00:00,268.5504273759168
2026-09-17 04:00:00,267.7959064493143
2026-09-17 05:00:00,267.0678939815704
2026-09-17 06:00:00,266.36537476352964
2026-09-17 07:00:00,265.84909472424073
2026-09-17 08:00:00,266.027017502195
2026-09-17 09:00:00,266.82264982144915
2026-09-17 10:00:00,268.1195956154919
2026-09-17 11:00:00,269.7692663214807
2026-09-17 12:00:00,271.6008938916963
2026-09-17 13:00:00,273.4331619620681
2026-09-17 14:00:00,275.08663411173325
2026-09-17 15:00:00,276.3960830418282
2026-09-17 16:00:00,277.22182252607763
2026-09-17 17:00:00,277.45921963315317
2026-09-17 18:00:00,277.04571246887804
2026-09-17 19:00:00,275.98646724661984
2026-09-17 20:00:00,274.96585721623694
2026-09-17 21:00:00,273.9822979409092
2026-09-17 22:00:00,273.0342828464922
2026-09-17 23:00:00,272.12037843855074
2026-09-18 00:00:00,271.239219884454
2026-09-18 01:00:00,270.4566053713158
2026-09-18 02:00:00,269.7062809300218
2026-09-18 03:00:00,268.9868231078217
2026-09-18 04:00:00,268.2968787523881
2026-09-18 05:00:00,267.63516091017846
2026-09-18 06:00:00,267.00044501627144
2026-09-18 07:00:00,266.533293542105
2026-09-18 08:00:00,266.7614426590778
2026-09-18 09:00:00,267.60431562382064
2026-09-18 10:00:00,268.94202243134663
2026-09-18 11:00:00,270.6232838910681
2026-09-18 12:00:00,272.47560872585376
2026-09-18 13:00:00,274.3170248830512
2026-09-18 14:00:00,275.96853418579326
2026-09-18 15:00:00,277.26639019634075
2026-09-18 16:00:00,278.073303947693
2026-09-18 17:00:00,278.2877647023468
2026-09-18 18:00:00,277.8508165747472
2026-09-18 19:00:00,276.7914584775451
2026-09-18 20:00:00,275.7769253700508
2026-09-18 21:00:00,274.8051458358838
2026-09-18 22:00:00,273.8741590741261
2026-09-18 23:00:00,272.982107712519
2026-09-19 00:00:00,272.12723119702025
2026-09-19 01:00:00,271.2935657095122
2026-09-19 02:00:00,270.4933153301436
2026-09-19 03:00:00,269.7250364031728
2026-09-19 04:00:00,268.987356046152
2026-09-19 05:00:00,268.2789679983601
2026-09-19 06:00:00,267.5986287677851
2026-09-19 07:00:00,267.0668749640794
2026-09-19 08:00:00,267.2324570348143
2026-09-19 09:00:00,268.01556688213196
2026-09-19 10:00:00,269.29696780976707
2026-09-19 11:00:00,270.9258691236171
2026-09-19 12:00:00,272.7300648166037
2026-09-19 13:00:00,274.5276407017626
2026-09-19 14:00:00,276.1394212628688
2026-09-19 15:00:00,277.40125696503253
2026-09-19 16:00:00,278.17525613480313
2026-09-19 17:00:00,278.3591465981745
2026-09-19 18:00:00,277.8931046912726
2026-09-19 19:00:00,276.82523952366824
2026-09-19 20:00:00,275.80116220151524
2026-09-19 21:00:00,274.81889926013247
2026-09-19 22:00:00,273.87658088179234
2026-09-19 23:00:00,272.9724342266387
2026-09-20 00:00:00,272.10477729446364
2026-09-20 01:00:00,271.2237637780146
2026-09-20 02:00:00,270.37415511413013
2026-09-20 03:00:00,269.5547146035815
2026-09-20 04:00:00,268.76426266166817
2026-09-20 05:00:00,268.0016735712524
2026-09-20 06:00:00,267.2658724644306
2026-09-20 07:00:00,266.65753293306284
2026-09-20 08:00:00,266.74684912227195
2026-09-20 09:00:00,267.4571263620958
2026-09-20 10:00:00,268.6717949011011
2026-09-20 11:00:00,270.24211650126074
2026-09-20 12:00:00,271.99719321843605
2026-09-20 13:00:00,273.7555939063805
2026-09-20 14:00:00,275.33777751117606
2026-09-20 15:00:00,276.5784172512795
2026-09-20 16:00:00,277.33772797642445
2026-09-20 17:00:00,277.51097477574115
2026-09-20 18:00:00,277.03548866113397
2026-09-20 19:00:00,275.9763912522766
2026-09-20 20:00:00,274.9558817354716
2026-09-20 21:00:00,273.97237897703974
2026-09-20 22:00:00,273.0243794968351
2026-09-20 23:00:00,272.11045270020423
2026-09-21 00:00:00,271.2292364737181
2026-09-21 01:00:00,270.3359024322998
2026-09-21 02:00:00,269.4709831027822
2026-09-21 03:00:00,268.6334542266965
2026-09-21 04:00:00,267.822336177976
2026-09-21 05:00:00,267.03669151905694
2026-09-21 06:00:00,266.2756227233438
2026-09-21 07:00:00,265.61994268993993
2026-09-21 08:00:00,265.66104374419734
2026-09-21 09:00:00,266.3249456612933
2026-09-21 10:00:00,267.49742733464365
2026-09-21 11:00:00,269.0315876929618
2026-09-21 12:00:00,270.75773980515396
2026-09-21 13:00:00,272.49496348440596
2026-09-21 14:00:00,274.06350259503495
2026-09-21 15:00:00,275.2971146695452
2026-09-21 16:00:00,276.0544742820882
2026-09-21 17:00:00,276.2288027934494
2026-09-21 18:00:00,275.75504064809877
2026-09-21 19:00:00,274.71577919650116
2026-09-21 20:00:00,273.710321700484
2026-09-21 21:00:00,272.7374004551588
2026-09-21 22:00:00,271.7958063042019
2026-09-21 23:00:00,270.88438520625726
2026-09-22 00:00:00,270.00203505178035
2026-09-22 01:00:00,269.17099650333427
2026-09-22 02:00:00,268.3677232362112
2026-09-22 03:00:00,267.5911845109525
2026-09-22 04:00:00,266.8403947854503
2026-09-22 05:00:00,266.1144112625299
2026-09-22 06:00:00,265.4123316025543
2026-09-22 07:00:00,264.7949352953447
2026-09-22 08:00:00,264.87412619340864
2026-09-22 09:00:00,265.574775370373
2026-09-22 10:00:00,266.78166471789956
2026-09-22 11:00:00,268.3471137786974
2026-09-22 12:00:00,270.10092552112513
2026-09-22 13:00:00,271.86197205353096
2026-09-22 14:00:00,273.4506035950656
2026-09-22 15:00:00,274.7009871842866
2026-09-22 16:00:00,275.4724773764842
2026-09-22 17:00:00,275.6591942268201
2026-09-22 18:00:00,275.1971289940245
2026-09-22 19:00:00,274.19002033671586
2026-09-22 20:00:00,273.2173852246813
2026-09-22 21:00:00,272.2778867152795
2026-09-22 22:00:00,271.3702505339884
2026-09-22 23:00:00,270.49326138293674
2026-09-23 00:00:00,269.6457595197761
2026-09-23 01:00:00,268.8380709195717
2026-09-23 02:00:00,268.05801518872164
2026-09-23 03:00:00,267.3045499245641
2026-09-23 04:00:00,266.5766787268607
2026-09-23 05:00:00,265.8734487037708
2026-09-23 06:00:00,265.19394814520456
2026-09-23 07:00:00,264.5789233124349
2026-09-23 08:00:00,264.6608506313825
2026-09-23 09:00:00,265.3640205802547
2026-09-23 10:00:00,266.57271904117493
2026-09-23 11:00:00,268.1388843151083
2026-09-23 12:00:00,269.8920757211151
2026-09-23 13:00:00,271.6510728053025
2026-09-23 14:00:00,273.2362872183308
2026-09-23 15:00:00,274.4820933726303
2026-09-23 16:00:00,275.24818072957004
2026-09-23 17:00:00,275.4291045396283
2026-09-23 18:00:00,274.96135774355207
2026-09-23 19:00:00,273.96921681424635
2026-09-23 20:00:00,273.01184949575025
2026-09-23 21:00:00,272.0878851662201
2026-09-23 22:00:00,271.19601795010993
2026-09-23 23:00:00,270.3350028949041
2026-09-24 00:00:00,269.5036524283621
2026-09-24 01:00:00,268.73045149770115
2026-09-24 02:00:00,267.9853851987072
2026-09-24 03:00:00,267.26734124880454
2026-09-24 04:00:00,266.57525781632205
2026-09-24 05:00:00,265.9081207544898
2026-09-24 06:00:00,265.2649610221353
2026-09-24 07:00:00,264.6664572197925
2026-09-24 08:00:00,264.76557667795424
2026-09-24 09:00:00,265.48505581613153
2026-09-24 10:00:00,266.70785017548195
2026-09-24 11:00:00,268.28487254024463
2026-09-24 12:00:00,270.04502366948634
2026-09-24 13:00:00,271.8068293031455
2026-09-24 14:00:00,273.3908618592746
2026-09-24 15:00:00,274.63205152183184
2026-09-24 16:00:00,275.3909907044666
2026-09-24 17:00:00,275.56341240572266
2026-09-24 18:00:00,275.08717104830026
2026-09-24 19:00:00,274.10797408828194
2026-09-24 20:00:00,273.16526712268796
2026-09-24 21:00:00,272.2575427966202
2026-09-24 22:00:00,271.3833671008304
2026-09-24 23:00:00,270.5413749635266
2026-09-25 00:00:00,269.7302661706336
2026-09-25 01:00:00,268.9673179305846
2026-09-25 02:00:00,268.23322363819426
2026-09-25 03:00:00,267.5268058957147
2026-09-25 04:00:00,266.8469418973128
2026-09-25 05:00:00,266.19256039649736
2026-09-25 06:00:00,265.5626388801674
2026-09-25 07:00:00,264.95780832472786
2026-09-25 08:00:00,265.0515711674335
2026-09-25 09:00:00,265.76563272572116
2026-09-25 10:00:00,266.98207659482483
2026-09-25 11:00:00,268.55115247437715
2026-09-25 12:00:00,270.30134382809086
2026-09-25 13:00:00,272.05102574733405
2026-09-25 14:00:00,273.6208892768382
2026-09-25 15:00:00,274.8462362168309
2026-09-25 16:00:00,275.588249377408
2026-09-25 17:00:00,275.7434214531032
2026-09-25 18:00:00,275.25047515424404
2026-09-25 19:00:00,274.27599090496454
2026-09-25 20:00:00,273.33920720796743
2026-09-25 21:00:00,272.43851952786696
2026-09-25 22:00:00,271.57240299572334
2026-09-25 23:00:00,270.73940755928766
2026-09-26 00:00:00,269.93815349854674
2026-09-26 01:00:00,269.20564250296735
2026-09-26 02:00:00,268.5030087935902
2026-09-26 03:00:00,267.82895454357714
2026-09-26 04:00:00,267.18224477995295
2026-09-26 05:00:00,266.56170380595654
2026-09-26 06:00:00,265.9662118706943
2026-09-26 07:00:00,265.3947020654662
2026-09-26 08:00:00,265.503733328853
2026-09-26 09:00:00,266.2320225385577
2026-09-26 10:00:00,267.45985304451847
2026-09-26 11:00:00,269.0361057965046
2026-09-26 12:00:00,270.7884061749529
2026-09-26 13:00:00,272.53482752668197
2026-09-26 14:00:00,274.09632302239174
2026-09-26 15:00:00,275.3089882618853
2026-09-26 16:00:00,276.03526149007325
2026-09-26 17:00:00,276.17324994810616
2026-09-26 18:00:00,275.66352329347507
2026-09-26 19:00:00,274.69453276895916
2026-09-26 20:00:00,273.76593869469343
2026-09-26 21:00:00,272.87591285929375
2026-09-26 22:00:00,272.0227218815275
2026-09-26 23:00:00,271.2047212688588
2026-09-27 00:00:00,270.42034993423454
2026-09-27 01:00:00,269.7421845332099
2026-09-27 02:00:00,269.09572683100737
2026-09-27 03:00:00,268.47942679949983
2026-09-27 04:00:00,267.8918164839387
2026-09-27 05:00:00,267.33150506552136
2026-09-27 06:00:00,266.79717427622484
2026-09-27 07:00:00,266.28757413571174
2026-09-27 08:00:00,266.4389580588542
2026-09-27 09:00:00,267.20681179971604
2026-09-27 10:00:00,268.46783390545625
2026-09-27 11:00:00,270.06820906580134
2026-09-27 12:00:00,271.833908110868
2026-09-27 13:00:00,273.5824765873138
2026-09-27 14:00:00,275.13547460862634
2026-09-27 15:00:00,276.3306676961892
2026-09-27 16:00:00,277.03307977609245
2026-09-27 17:00:00,277.14410809507643
2026-09-27 18:00:00,276.60805804276146
2026-09-27 19:00:00,275.63717265707925
2026-09-27 20:00:00,274.7126294337822
2026-09-27 21:00:00,273.83207206448776
2026-09-27 22:00:00,272.9932778705861
2026-09-27 23:00:00,272.19414889117377
2026-09-28 00:00:00,271.4327036931413
2026-09-28 01:00:00,270.6644068311693
2026-09-28 02:00:00,269.9293160365974
2026-09-28 03:00:00,269.2259083806865
2026-09-28 04:00:00,268.55273838084685
2026-09-28 05:00:00,267.9084333992656
2026-09-28 06:00:00,267.29168937235823
2026-09-28 07:00:00,266.7012668423463
2026-09-28 08:00:00,266.7532926199073
2026-09-28 09:00:00,267.426361004043
2026-09-28 10:00:00,268.59926285254153
2026-09-28 11:00:00,270.1197705309666
2026-09-28 12:00:00,271.81483368751753
2026-09-28 13:00:00,273.50230456788734
2026-09-28 14:00:00,275.0033615803938
2026-09-28 15:00:00,276.15473312177267
2026-09-28 16:00:00,276.81983092417244
2026-09-28 17:00:00,276.8979865801723
2026-09-28 18:00:00,276.33113950511984
2026-09-28 19:00:00,275.34889146368863
2026-09-28 20:00:00,274.4098593496536
2026-09-28 21:00:00,273.51199353375455
2026-09-28 22:00:00,272.6533547129194
2026-09-28 23:00:00,271.83210680210937
2026-09-29 00:00:00,271.04651038773164
2026-09-29 01:00:00,270.133865814445
2026-09-29 02:00:00,269.24830340046543
2026-09-29 03:00:00,268.38889355306156
2026-09-29 04:00:00,267.5547460986184
2026-09-29 05:00:00,266.7450081571265
2026-09-29 06:00:00,265.9588621592114
2026-09-29 07:00:00,265.19552399430233
2026-09-29 08:00:00,265.0514221720826
2026-09-29 09:00:00,265.5344972954803
2026-09-29 10:00:00,266.53194403434753
2026-09-29 11:00:00,267.89809143539765
2026-09-29 12:00:00,269.46419844182594
2026-09-29 13:00:00,271.0499259569921
2026-09-29 14:00:00,272.47567842692627
2026-09-29 15:00:00,273.57492791975193
2026-09-29 16:00:00,274.2056254088632
2026-09-29 17:00:00,274.2598723806716
2026-09-29 18:00:00,273.67116632310365
2026-09-29 19:00:00,272.67989438185464
2026-09-29 20:00:00,271.7184484525145
2026-09-29 21:00:00,270.7857798100434
2026-09-29 22:00:00,269.8808857487159
2026-09-29 23:00:00,269.00280700187665
2026-09-30 00:00:00,268.15062534156243
2026-09-30 01:00:00,267.4168361760503
2026-09-30 02:00:00,266.7091124466737
2026-09-30 03:00:00,266.0264491919656
2026-09-30 04:00:00,265.3678858425574
2026-09-30 05:00:00,264.7325038540231
2026-09-30 06:00:00,264.1194244950378
2026-09-30 07:00:00,263.5278067785697
2026-09-30 08:00:00,263.53391739258495
2026-09-30 09:00:00,264.162577347917
2026-09-30 10:00:00,265.29737225167366
2026-09-30 11:00:00,266.7898132710193
2026-09-30 12:00:00,268.4693173100336
2026-09-30 13:00:00,270.15479779791815
2026-09-30 14:00:00,271.6670484474587
2026-09-30 15:00:00,272.8410284041243
2026-09-30 16:00:00,273.53715574803715
2026-09-30 17:00:00,273.65079154569423
2026-09-30 18:00:00,273.1192430082561
2026-09-30 19:00:00,272.2067287982681
2026-09-30 20:00:00,271.327333380662
2026-09-30 21:00:00,270.47972818863525
2026-09-30 22:00:00,269.6626472014055
2026-09-30 23:00:00,268.874883317572
2026-10-01 00:00:00,268.1152849889828
2026-10-01 01:00:00,267.51348169260547
2026-10-01 02:00:00,266.93834381538056
2026-10-01 03:00:00,266.3886373307586
2026-10-01 04:00:00,265.86318996150453
2026-10-01 05:00:00,265.360887677028
2026-10-01 06:00:00,264.8806714259018
2026-10-01 07:00:00,264.42153408460683
2026-10-01 08:00:00,264.53950208612935
2026-10-01 09:00:00,265.2747769010912
2026-10-01 10:00:00,266.50564308975095
2026-10-01 11:00:00,268.07957519056714
2026-10-01 12:00:00,269.8234598280848
2026-10-01 13:00:00,271.55532932216835
2026-10-01 14:00:00,273.09677497809747
2026-10-01 15:00:00,274.28514324383843
2026-10-01 16:00:00,274.98462667020567
2026-10-01 17:00:00,275.0954471103767
2026-10-01 18:00:00,274.5604837870625
2026-10-01 19:00:00,273.66950866664297
2026-10-01 20:00:00,272.8189053898938
2026-10-01 21:00:00,272.00672437305735
2026-10-01 22:00:00,271.23112111180126
2026-10-01 23:00:00,270.4903495162641
2026-10-02 00:00:00,269.7827557599209
2026-10-02 01:00:00,268.9590539786128
2026-10-02 02:00:00,268.1628443992525
2026-10-02 03:00:00,267.3931083055552
2026-10-02 04:00:00,266.648871522862
2026-10-02 05:00:00,265.9292020100819
2026-10-02 06:00:00,265.2332076130542
2026-10-02 07:00:00,264.56003396633935
2026-10-02 08:00:00,264.445787484288
2026-10-02 09:00:00,264.9574250768252
2026-10-02 10:00:00,265.97992888721393
2026-10-02 11:00:00,267.3659607105966
2026-10-02 12:00:00,268.94575703092585
2026-10-02 13:00:00,270.5386572963866
2026-10-02 14:00:00,271.9654529786854
2026-10-02 15:00:00,273.060668957072
2026-10-02 16:00:00,273.6838848617843
2026-10-02 17:00:00,273.72927662445704
2026-10-02 18:00:00,273.1327023454751
2026-10-02 19:00:00,272.19608162876096
2026-10-02 20:00:00,271.29121307362783
2026-10-02 21:00:00,270.41688644621763
2026-10-02 22:00:00,269.57194677687835
2026-10-02 23:00:00,268.7552912065212
2026-10-03 00:00:00,267.9658660565684
2026-10-03 01:00:00,267.25014755541963
2026-10-03 02:00:00,266.5603805161118
2026-10-03 03:00:00,265.8955489095409
2026-10-03 04:00:00,265.25468195157646
2026-10-03 05:00:00,264.63685168706763
2026-10-03 06:00:00,264.04117073213763
2026-10-03 07:00:00,263.46679016226017
2026-10-03 08:00:00,263.429797056689
2026-10-03 09:00:00,264.0159345809606
2026-10-03 10:00:00,265.10844937712875
2026-10-03 11:00:00,266.55867845155234
2026-10-03 12:00:00,268.1960305760613
2026-10-03 13:00:00,269.83956705944036
2026-10-03 14:00:00,271.31036468902784
2026-10-03 15:00:00,272.44377074863763
2026-10-03 16:00:00,273.1006595153813
2026-10-03 17:00:00,273.17687556212604
2026-10-03 18:00:00,272.61019583588603
2026-10-03 19:00:00,271.72412083419454
2026-10-03 20:00:00,270.87081213927917
2026-10-03 21:00:00,270.0489393035459
2026-10-03 22:00:00,269.25723474363826
2026-10-03 23:00:00,268.4944901062021
2026-10-04 00:00:00,267.7595528934347
2026-10-04 01:00:00,267.06575122579915
2026-10-04 02:00:00,266.39774211737256
2026-10-04 03:00:00,265.7544963878663
2026-10-04 04:00:00,265.1350311712311
2026-10-04 05:00:00,264.5384074370015
2026-10-04 06:00:00,263.96372767376124
2026-10-04 07:00:00,263.41013372193515
2026-10-04 08:00:00,263.3737191877645
2026-10-04 09:00:00,263.9600777748963
2026-10-04 10:00:00,265.05194094767484
2026-10-04 11:00:00,266.50028057823107
2026-10-04 12:00:00,268.1343100676433
2026-10-04 13:00:00,269.7730734842064
2026-10-04 14:00:00,271.23780455322725
2026-10-04 15:00:00,272.3641654689246
2026-10-04 16:00:00,273.01347608481024
2026-10-04 17:00:00,273.0821209684469
2026-10-04 18:00:00,272.5084692180346
2026-10-04 19:00:00,271.63609456460455
2026-10-04 20:00:00,270.79679216873035
2026-10-04 21:00:00,269.9891933486424
2026-10-04 22:00:00,269.21199483027766
2026-10-04 23:00:00,268.46395494731826
2026-10-05 00:00:00,267.74389011362723
2026-10-05 01:00:00,266.9689876060655
2026-10-05 02:00:00,266.21873692539543
2026-10-05 03:00:00,265.4922654366714
2026-10-05 04:00:00,264.7887370522055
2026-10-05 05:00:00,264.1073503354164
2026-10-05 06:00:00,263.4473367267018
2026-10-05 07:00:00,262.807958881907
2026-10-05 08:00:00,262.6654851009295
2026-10-05 09:00:00,263.1484876294455
2026-10-05 10:00:00,264.1430819039136
2026-10-05 11:00:00,265.5029261078413
2026-10-05 12:00:00,267.059053284923
2026-10-05 13:00:00,268.63134804465835
2026-10-05 14:00:00,270.04086009289205
2026-10-05 15:00:00,271.1220698926144
2026-10-05 16:00:00,271.73421632169647
2026-10-05 17:00:00,271.7708667774519
2026-10-05 18:00:00,271.16705178854954
2026-10-05 19:00:00,270.2821250083734
2026-10-05 20:00:00,269.42581788200556
2026-10-05 21:00:00,268.59708675645146
2026-10-05 22:00:00,267.7949337226335
2026-10-05 23:00:00,267.01840410483817
2026-10-06 00:00:00,266.26658412139426
2026-10-06 01:00:00,265.58884874305164
2026-10-06 02:00:00,264.9345600272111
2026-10-06 03:00:00,264.30284019298944
2026-10-06 04:00:00,263.6928489515946
2026-10-06 05:00:00,263.1037815807155
2026-10-06 06:00:00,262.5348671203998
2026-10-06 07:00:00,261.9853666811778
2026-10-06 08:00:00,261.9116622867379
2026-10-06 09:00:00,262.46108359304134
2026-10-06 10:00:00,263.5180785010323
2026-10-06 11:00:00,264.93503316174446
2026-10-06 12:00:00,266.5421861013775
2026-10-06 13:00:00,268.15915460955927
2026-10-06 14:00:00,269.607261091671
2026-10-06 15:00:00,270.72177309885996
2026-10-06 16:00:00,271.36316854827567
2026-10-06 17:00:00,271.42661140316125
2026-10-06 18:00:00,270.84896738136865
2026-10-06 19:00:00,270.0108314354795
2026-10-06 20:00:00,269.20227957203446
2026-10-06 21:00:00,268.42216233851923
2026-10-06 22:00:00,267.6693824174839
2026-10-06 23:00:00,266.942891726286
2026-10-07 00:00:00,266.24168871646583
2026-10-07 01:00:00,265.6155671356166
2026-10-07 02:00:00,265.0130028542941
2026-10-07 03:00:00,264.4330529357746
2026-10-07 04:00:00,263.87481645528845
2026-10-07 05:00:00,263.3374323041196
2026-10-07 06:00:00,262.82007713292256
2026-10-07 07:00:00,262.32196342360703
2026-10-07 08:00:00,262.27960174816695
2026-10-07 09:00:00,262.85898113021045
2026-10-07 10:00:00,263.94274561657187
2026-10-07 11:00:00,265.3819196786681
2026-10-07 12:00:00,267.0059025239135
2026-10-07 13:00:00,268.63404033427247
2026-10-07 14:00:00,270.08795953717106
2026-10-07 15:00:00,271.2037732915945
2026-10-07 16:00:00,271.8432746382479
2026-10-07 17:00:00,271.9033069813338
2026-10-07 18:00:00,271.3226498246578
2026-10-07 19:00:00,270.503108698356
2026-10-07 20:00:00,269.71504007856055
2026-10-07 21:00:00,268.9571348631912
2026-10-07 22:00:00,268.22814616032
2026-10-07 23:00:00,267.526885728171
2026-10-08 00:00:00,266.85222066556236
2026-10-08 01:00:00,266.15355065101045
2026-10-08 02:00:00,265.4790865662025
2026-10-08 03:00:00,264.82791867374027
2026-10-08 04:00:00,264.19917637720863
2026-10-08 05:00:00,263.592026189865
2026-10-08 06:00:00,263.005669832996
2026-10-08 07:00:00,262.4393424539649
2026-10-08 08:00:00,262.3098141516717
2026-10-08 09:00:00,262.804387916196
2026-10-08 10:00:00,263.80760924713576
2026-10-08 11:00:00,265.1720273657404
2026-10-08 12:00:00,266.728089600332
2026-10-08 13:00:00,268.2956451517627
2026-10-08 14:00:00,269.6962474650108
2026-10-08 15:00:00,270.76537067820277
2026-10-08 16:00:00,271.3636535263479
2026-10-08 17:00:00,271.38635774710053
2026-10-08 18:00:00,270.7703720170926
2026-10-08 19:00:00,269.9345474696408
2026-10-08 20:00:00,269.12818320595744
2026-10-08 21:00:00,268.3501362616272
2026-10-08 22:00:00,267.59931543456065
2026-10-08 23:00:00,266.87467840994765
2026-10-09 00:00:00,266.17522908279756
2026-10-09 01:00:00,265.60334618851545
2026-10-09 02:00:00,265.0547349706407
2026-10-09 03:00:00,264.528401432051
2026-10-09 04:00:00,264.0233978532823
2026-10-09 05:00:00,263.53882032531646
2026-10-09 06:00:00,263.073806439322
2026-10-09 07:00:00,262.62753312133106
2026-10-09 08:00:00,262.5970287222335
2026-10-09 09:00:00,263.1869462978602
2026-10-09 10:00:00,264.2781888859883
2026-10-09 11:00:00,265.72053053317177
2026-10-09 12:00:00,267.34267825048977
2026-10-09 13:00:00,268.963875123196
2026-10-09 14:00:00,270.4062241355064
2026-10-09 15:00:00,271.50684463061344
2026-10-09 16:00:00,272.1289781527011
2026-10-09 17:00:00,272.171241025025
2026-10-09 18:00:00,271.57437097905415
2026-10-09 19:00:00,270.7802748720807
2026-10-09 20:00:00,270.0191493612941
2026-10-09 21:00:00,269.289531447464
2026-10-09 22:00:00,268.59003088718356
2026-10-09 23:00:00,267.9193259167298
2026-10-10 00:00:00,267.27615928210656
2026-10-10 01:00:00,266.66350267426816
2026-10-10 02:00:00,266.07604121501066
2026-10-10 03:00:00,265.51268443117357
2026-10-10 04:00:00,264.9723935143832
2026-10-10 05:00:00,264.45417850347155
2026-10-10 06:00:00,263.9570956509599
2026-10-10 07:00:00,263.4802449591235
2026-10-10 08:00:00,263.40097102211973
2026-10-10 09:00:00,263.94358633415277
2026-10-10 10:00:00,264.9887782781571
2026-10-10 11:00:00,266.3862007649431
2026-10-10 12:00:00,267.964532283921
2026-10-10 13:00:00,269.5430698994821
2026-10-10 14:00:00,270.9440390481343
2026-10-10 15:00:00,272.004731791397
2026-10-10 16:00:00,272.58859147029233
2026-10-10 17:00:00,272.5944427070453
2026-10-10 18:00:00,271.9632158824576
2026-10-10 19:00:00,271.15586400469044
2026-10-10 20:00:00,270.3822963706162
2026-10-10 21:00:00,269.64100179421956
2026-10-10 22:00:00,268.9305448706772
2026-10-10 23:00:00,268.2495614836488
2026-10-11 00:00:00,267.5967546371189
2026-10-11 01:00:00,266.90688902487085
2026-10-11 02:00:00,266.2425573856157
2026-10-11 03:00:00,265.602745168182
2026-10-11 04:00:00,264.9864832936742
2026-10-11 05:00:00,264.39284573117186
2026-10-11 06:00:00,263.82094723140443
2026-10-11 07:00:00,263.2699412059809
2026-10-11 08:00:00,263.0976943321474
2026-10-11 09:00:00,263.5498401302324
2026-10-11 10:00:00,264.5096755528522
2026-10-11 11:00:00,265.8289211460664
2026-10-11 12:00:00,267.3376505357942
2026-10-11 13:00:00,268.8557997035273
2026-10-11 14:00:00,270.2054437622785
2026-10-11 15:00:00,271.2229577871014
2026-10-11 16:00:00,271.77017889715324
2026-10-11 17:00:00,271.7437629430352
2026-10-11 18:00:00,271.0820749556177
2026-10-11 19:00:00,270.26207007952064
2026-10-11 20:00:00,269.472855800584
2026-10-11 21:00:00,268.71317541053037
2026-10-11 22:00:00,267.98183108615746
2026-10-11 23:00:00,267.2776805521977
2026-10-12 00:00:00,266.59963397708134
2026-10-12 01:00:00,265.8822695417253
2026-10-12 02:00:00,265.18852895501
2026-10-12 03:00:00,264.51755924258674
2026-10-12 04:00:00,263.86854319467307
2026-10-12 05:00:00,263.24069753484775
2026-10-12 06:00:00,262.6332712046911
2026-10-12 07:00:00,262.0455437554501
2026-10-12 08:00:00,261.81606459371204
2026-10-12 09:00:00,262.2115463646152
2026-10-12 10:00:00,263.1179271018436
2026-10-12 11:00:00,264.38905003503197
2026-10-12 12:00:00,265.85646564724806
2026-10-12 13:00:00,267.3408546574291
2026-10-12 14:00:00,268.66426773915686
2026-10-12 15:00:00,269.66230297103766
2026-10-12 16:00:00,270.1953381882622
2026-10-12 17:00:00,270.15800675806526
2026-10-12 18:00:00,269.48624663157057
2026-10-12 19:00:00,268.673016143264
2026-10-12 20:00:00,267.8869250027755
2026-10-12 21:00:00,267.12696914672676
2026-10-12 22:00:00,266.3921882650154
2026-10-12 23:00:00,265.681663446474
2026-10-13 00:00:00,264.9945149815588
2026-10-13 01:00:00,264.42004038803503
2026-10-13 02:00:00,263.86722544414073
2026-10-13 03:00:00,263.3352062827729
2026-10-13 04:00:00,262.82315705496245
2026-10-13 05:00:00,262.33028798599634
2026-10-13 06:00:00,261.85584355135876
2026-10-13 07:00:00,261.39910076358467
2026-10-13 08:00:00,261.2792695087976
2026-10-13 09:00:00,261.78085590450036
2026-10-13 10:00:00,262.7869368191924
2026-10-13 11:00:00,264.14917262469214
2026-10-13 12:00:00,265.6977456549889
2026-10-13 13:00:00,267.25286525821195
2026-10-13 14:00:00,268.6370275726362
2026-10-13 15:00:00,269.6871482119197
2026-10-13 16:00:00,270.2656876541192
2026-10-13 17:00:00,270.26996588262244
2026-10-13 18:00:00,269.63900879941815
2026-10-13 19:00:00,268.88755724577277
2026-10-13 20:00:00,268.16496696563536
2026-10-13 21:00:00,267.4700460066442
2026-10-13 22:00:00,266.8016580813825
2026-10-13 23:00:00,266.15871946747467
2026-10-14 00:00:00,265.5401961189529
2026-10-14 01:00:00,264.7787368402909
2026-10-14 02:00:00,264.0387840709161
2026-10-14 03:00:00,263.3196459673979
2026-10-14 04:00:00,262.62065773362826
2026-10-14 05:00:00,261.94118028825307
2026-10-14 06:00:00,261.28059901373797
2026-10-14 07:00:00,260.6383225810882
2026-10-14 08:00:00,260.3144483125386
2026-10-14 09:00:00,260.61583941950744
2026-10-14 10:00:00,261.43157522136886
2026-10-14 11:00:00,262.61810585383625
2026-10-14 12:00:00,264.0088907834924
2026-10-14 13:00:00,265.42570241165663
2026-10-14 14:00:00,266.6908012335245
2026-10-14 15:00:00,267.63911029826613
2026-10-14 16:00:00,268.1295079204491
2026-10-14 17:00:00,268.0544233838503
2026-10-14 18:00:00,267.34705628145895
2026-10-14 19:00:00,266.53420883093094
2026-10-14 20:00:00,265.74454142268024
2026-10-14 21:00:00,264.97729559384925
2026-10-14 22:00:00,264.2317432821235
2026-10-14 23:00:00,263.50718528324467
2026-10-15 00:00:00,262.8029498058619
2026-10-15 01:00:00,262.2071972925912
2026-10-15 02:00:00,261.63065201416106
2026-10-15 03:00:00,261.07264435955847
2026-10-15 04:00:00,260.5325313216976
2026-10-15 05:00:00,260.0096952278873
2026-10-15 06:00:00,259.50354254467
2026-10-15 07:00:00,259.0135027517792
2026-10-15 08:00:00,258.8205678916955
2026-10-15 09:00:00,259.2494600650558
2026-10-15 10:00:00,260.1868497493728
2026-10-15 11:00:00,261.4873258659384
2026-10-15 12:00:00,262.98315757090586
2026-10-15 13:00:00,264.4956756026024
2026-10-15 14:00:00,265.8474728401445
2026-10-15 15:00:00,266.8745491222057
2026-10-15 16:00:00,267.4375211036451
2026-10-15 17:00:00,267.4310881816756
2026-10-15 18:00:00,266.79108527583554
2026-10-15 19:00:00,266.06537391911826
2026-10-15 20:00:00,265.36349135150374
2026-10-15 21:00:00,264.68457827312943
2026-10-15 22:00:00,264.0278114480383
2026-10-15 23:00:00,263.39240185258586
2026-10-16 00:00:00,262.7775929413708
2026-10-16 01:00:00,262.22898563068406
2026-10-16 02:00:00,261.69932221212434
2026-10-16 03:00:00,261.1879059717385
2026-10-16 04:00:00,260.6940687642158
2026-10-16 05:00:00,260.2171696362973
2026-10-16 06:00:00,259.7565935307114
2026-10-16 07:00:00,259.31175006495334
2026-10-16 08:00:00,259.1446030411909
2026-10-16 09:00:00,259.59819897968526
2026-10-16 10:00:00,260.5578903379066
2026-10-16 11:00:00,261.87729008924464
2026-10-16 12:00:00,263.3880905428226
2026-10-16 13:00:00,264.91147548230066
2026-10-16 14:00:00,266.27032212774304
2026-10-16 15:00:00,267.3013171094948
2026-10-16 16:00:00,267.8661089330653
2026-10-16 17:00:00,267.8606922041511
2026-10-16 18:00:00,267.22236078745385
2026-10-16 19:00:00,266.5185942912239
2026-10-16 20:00:00,265.8395962163509
2026-10-16 21:00:00,265.1844225773763
2026-10-16 22:00:00,264.55217047771094
2026-10-16 23:00:00,263.9419759569473
2026-10-17 00:00:00,263.3530119767738
2026-10-17 01:00:00,262.87047988316044
2026-10-17 02:00:00,262.40676600481953
2026-10-17 03:00:00,261.96110358995827
2026-10-17 04:00:00,261.53275968543727
2026-10-17 05:00:00,261.12103344675904
2026-10-17 06:00:00,260.7252545481309
2026-10-17 07:00:00,260.34478168548685
2026-10-17 08:00:00,260.2226440565933
2026-10-17 09:00:00,260.7195938116715
2026-10-17 10:00:00,261.7183331416825
2026-10-17 11:00:00,263.0704755612696
2026-10-17 12:00:00,264.60647929207283
2026-10-17 13:00:00,266.14712431331947
2026-10-17 14:00:00,267.5157229482974
2026-10-17 15:00:00,268.55018589475765
2026-10-17 16:00:00,269.1140688676743
2026-10-17 17:00:00,269.10580282802204
2026-10-17 18:00:00,268.46545701764774
2026-10-17 19:00:00,267.781369905384
2026-10-17 20:00:00,267.12448574976287
2026-10-17 21:00:00,266.4936543557469
2026-10-17 22:00:00,265.8877796171672
2026-10-17 23:00:00,265.3058165352161
2026-10-18 00:00:00,264.74676843620074
2026-10-18 01:00:00,264.1222107751144
2026-10-18 02:00:00,263.5191417412627
2026-10-18 03:00:00,262.93676601701503
2026-10-18 04:00:00,262.3743215856376
2026-10-18 05:00:00,261.8310780680882
2026-10-18 06:00:00,261.30633516147145
2026-10-18 07:00:00,260.7994211716581
2026-10-18 08:00:00,260.53457519012477
2026-10-18 09:00:00,260.8923722832564
2026-10-18 10:00:00,261.75844320248416
2026-10-18 11:00:00,262.9867466026499
2026-10-18 12:00:00,264.40935023133267
2026-10-18 13:00:00,265.8478043608261
2026-10-18 14:00:00,267.1253065153123
2026-10-18 15:00:00,268.078784214769
2026-10-18 16:00:00,268.57002060217724
2026-10-18 17:00:00,268.4950202760573
2026-10-18 18:00:00,267.7909539938166
2026-10-18 19:00:00,267.06080405246144
2026-10-18 20:00:00,266.3561105746283
2026-10-18 21:00:00,265.67590786673344
2026-10-18 22:00:00,265.0192723468449
2026-10-18 23:00:00,264.38532032131087
2026-10-19 00:00:00,263.7732059059934
2026-10-19 01:00:00,263.1762114340409
2026-10-19 02:00:00,262.5994872809698
2026-10-19 03:00:00,262.04229437496014
2026-10-19 04:00:00,261.5039240528726
2026-10-19 05:00:00,260.9836965716083
2026-10-19 06:00:00,260.48095970854075
2026-10-19 07:00:00,259.99508744459075
2026-10-19 08:00:00,259.731737626106
2026-10-19 09:00:00,260.09015438700675
2026-10-19 10:00:00,260.9563710287157
2026-10-19 11:00:00,262.1847283310164
2026-10-19 12:00:00,263.607633265796
2026-10-19 13:00:00,265.0469118313725
2026-10-19 14:00:00,266.32595687596114
2026-10-19 15:00:00,267.2817992845724
2026-10-19 16:00:00,267.77622864083696
2026-10-19 17:00:00,267.705161304611
2026-10-19 18:00:00,267.00559443267105
2026-10-19 19:00:00,266.2979080055158
2026-10-19 20:00:00,265.6145927340727
2026-10-19 21:00:00,264.9547362744997
2026-10-19 22:00:00,264.31746549322975
2026-10-19 23:00:00,263.7019444290877
2026-10-20 00:00:00,263.1073723858185
2026-10-20 01:00:00,262.57752819351754
2026-10-20 02:00:00,262.06681050815337
2026-10-20 03:00:00,261.57448918190323
2026-10-20 04:00:00,261.09986480892786
2026-10-20 05:00:00,260.6422672224411
2026-10-20 06:00:00,260.20105408031816
2026-10-20 07:00:00,259.7756095329531
2026-10-20 08:00:00,259.55311811670464
2026-10-20 09:00:00,259.95078826086666
2026-10-20 10:00:00,260.853444802484
2026-10-20 11:00:00,262.11454873347816
2026-10-20 12:00:00,263.56600841523766
2026-10-20 13:00:00,265.0295594828815
2026-10-20 14:00:00,266.32891157554604
2026-10-20 15:00:00,267.3017897717911
2026-10-20 16:00:00,267.81099876522086
2026-10-20 17:00:00,267.7537119686596
2026-10-20 18:00:00,267.0683302337372
2026-10-20 19:00:00,266.3941557744571
2026-10-20 20:00:00,265.7447163486525
2026-10-20 21:00:00,265.1190383261763
2026-10-20 22:00:00,264.5161912697568
2026-10-20 23:00:00,263.9352856577481
2026-10-21 00:00:00,263.3754707535601
2026-10-21 01:00:00,262.8534120855791
2026-10-21 02:00:00,262.3506851603514
2026-10-21 03:00:00,261.8665355475501
2026-10-21 04:00:00,261.40024111570494
2026-10-21 05:00:00,260.9511104365316
2026-10-21 06:00:00,260.51848128384995
2026-10-21 07:00:00,260.1017192203355
2026-10-21 08:00:00,259.8696547659248
2026-10-21 09:00:00,260.25756249395886
2026-10-21 10:00:00,261.1498070179236
2026-10-21 11:00:00,262.3995593248615
2026-10-21 12:00:00,263.8386199164953
2026-10-21 13:00:00,265.2887987777037
2026-10-21 14:00:00,266.5740498784912
2026-10-21 15:00:00,267.5324886686998
2026-10-21 16:00:00,268.02742222738783
2026-10-21 17:00:00,267.9565968222521
2026-10-21 18:00:00,267.26312417237943
2026-10-21 19:00:00,266.59580653867556
2026-10-21 20:00:00,265.95358715609325
2026-10-21 21:00:00,265.3354572779802
2026-10-21 22:00:00,264.74045358851265
2026-10-21 23:00:00,264.1676557852943
2026-10-22 00:00:00,263.61618431861723
2026-10-22 01:00:00,263.0131145414108
2026-10-22 02:00:00,262.4301517977205
2026-10-22 03:00:00,261.8665738574352
2026-10-22 04:00:00,261.3216879012289
2026-10-22 05:00:00,260.79482908907596
2026-10-22 06:00:00,260.28535921411134
2026-10-22 07:00:00,259.7926654356995
2026-10-22 08:00:00,259.46741421934314
2026-10-22 09:00:00,259.7635522657885
2026-10-22 10:00:00,260.56785669745574
2026-10-22 11:00:00,261.73546092681954
2026-10-22 12:00:00,263.099554784021
2026-10-22 13:00:00,264.482678492572
2026-10-22 14:00:00,265.70881587487804
2026-10-22 15:00:00,266.61541960955157
2026-10-22 16:00:00,267.0644985702268
2026-10-22 17:00:00,266.95196808621324
2026-10-22 18:00:00,266.2366830351748
2026-10-22 19:00:00,265.54560337463096
2026-10-22 20:00:00,264.8778353223837
2026-10-22 21:00:00,264.2325231786161
2026-10-22 22:00:00,263.608847354919
2026-10-22 23:00:00,263.0060225291279
2026-10-23 00:00:00,262.42329591629664
2026-10-23 01:00:00,261.7891711409884
2026-10-23 02:00:00,261.17389307374845
2026-10-23 03:00:00,260.5768444747223
2026-10-23 04:00:00,259.99743172922285
2026-10-23 05:00:00,259.43508373802695
2026-10-23 06:00:00,258.88925087216205
2026-10-23 07:00:00,258.359403987676
2026-10-23 08:00:00,257.9782646977182
2026-10-23 09:00:00,258.21817672748216
2026-10-23 10:00:00,258.96831649827107
2026-10-23 11:00:00,260.0857917191301
2026-10-23 12:00:00,261.40522230603
2026-10-23 13:00:00,262.7499492707845
2026-10-23 14:00:00,263.9440846933491
2026-10-23 15:00:00,264.8245403435095
2026-10-23 16:00:00,265.2521659515483
2026-10-23 17:00:00,265.1211947461221
2026-10-23 18:00:00,264.4062117479245
2026-10-23 19:00:00,263.7127644486428
2026-10-23 20:00:00,263.0401301765688
2026-10-23 21:00:00,262.3876149927935
2026-10-23 22:00:00,261.75455227475607
2026-10-23 23:00:00,261.1403013864164
2026-10-24 00:00:00,260.54424642869066
2026-10-24 01:00:00,260.0257103764929
2026-10-24 02:00:00,259.5238295155009
2026-10-24 03:00:00,259.0380313577896
2026-10-24 04:00:00,258.5677655098843
2026-10-24 05:00:00,258.11250266341415
2026-10-24 06:00:00,257.67173364196714
2026-10-24 07:00:00,257.2449685003706
2026-10-24 08:00:00,256.9471085019384
2026-10-24 09:00:00,257.2678284688863
2026-10-24 10:00:00,258.0949394528705
2026-10-24 11:00:00,259.28453392261275
2026-10-24 12:00:00,260.670633438309
2026-10-24 13:00:00,262.07643584311495
2026-10-24 14:00:00,263.3263716540118
2026-10-24 15:00:00,264.25810631422047
2026-10-24 16:00:00,264.733621093558
2026-10-24 17:00:00,264.6485746127269
2026-10-24 18:00:00,263.9968002545713
2026-10-24 19:00:00,263.3663531408251
2026-10-24 20:00:00,262.75647434302147
2026-10-24 21:00:00,262.1664359532741
2026-10-24 22:00:00,261.595539550377
2026-10-24 23:00:00,261.04311475930024
2026-10-25 00:00:00,260.50851789722924
2026-10-25 01:00:00,260.0048835753064
2026-10-25 02:00:00,259.5177316723751
2026-10-25 03:00:00,259.0464874046831
2026-10-25 04:00:00,258.59059835128556
2026-10-25 05:00:00,258.14953343096556
2026-10-25 06:00:00,257.7227819359927
2026-10-25 07:00:00,257.3098526189101
2026-10-25 08:00:00,257.00795893839853
2026-10-25 09:00:00,257.32415388801473
2026-10-25 10:00:00,258.14600334834137
2026-10-25 11:00:00,259.3294798310089
2026-10-25 12:00:00,260.7086142095591
2026-10-25 13:00:00,262.10673827172116
2026-10-25 14:00:00,263.34852787381305
2026-10-25 15:00:00,264.27198418172895
2026-10-25 16:00:00,264.7394873041003
2026-10-25 17:00:00,264.64712638486486
2026-10-25 18:00:00,264.006621725599
2026-10-25 19:00:00,263.38746760095313
2026-10-25 20:00:00,262.7888933962595
2026-10-25 21:00:00,262.21016025523517
2026-10-25 22:00:00,261.6505595051053
2026-10-25 23:00:00,261.109411177682
2026-10-26 00:00:00,260.5860626193499
2026-10-26 01:00:00,260.05774681232515
2026-10-26 02:00:00,259.54620436604745
2026-10-26 03:00:00,259.0508637574113
2026-10-26 04:00:00,258.57117541926937
2026-10-26 05:00:00,258.1066107378234
2026-10-26 06:00:00,257.6566611059414
2026-10-26 07:00:00,257.22083702863574
2026-10-26 08:00:00,256.8788443808188
2026-10-26 09:00:00,257.155072790411
2026-10-26 10:00:00,257.93783028838595
2026-10-26 11:00:00,259.0837518202407
2026-10-26 12:00:00,260.4274065407337
2026-10-26 13:00:00,261.79250370638704
2026-10-26 14:00:00,263.00390995698615
2026-10-26 15:00:00,263.8996177608908
2026-10-26 16:00:00,264.3418006203116
2026-10-26 17:00:00,264.22615918764484
2026-10-26 18:00:00,263.58114931122844
2026-10-26 19:00:00,262.9569617335804
2026-10-26 20:00:00,262.3528646128767
2026-10-26 21:00:00,261.76815569824913
2026-10-26 22:00:00,261.2021608804124
2026-10-26 23:00:00,260.65423282975024
2026-10-27 00:00:00,260.1237497155011
2026-10-27 01:00:00,259.4751833322845
2026-10-27 02:00:00,258.8433330166106
2026-10-27 03:00:00,258.2277088948443
2026-10-27 04:00:00,257.62783850394004
2026-10-27 05:00:00,257.04326601273016
2026-10-27 06:00:00,256.4735514865116
2026-10-27 07:00:00,255.9182701920501
2026-10-27 08:00:00,255.43986377627778
2026-10-27 09:00:00,255.58019929920192
2026-10-27 10:00:00,256.23146710300284
2026-10-27 11:00:00,257.2534847860602
2026-10-27 12:00:00,258.48310539724525
2026-10-27 13:00:00,259.745281605421
2026-10-27 14:00:00,260.8650111505313
2026-10-27 15:00:00,261.67931086215884
2026-10-27 16:00:00,262.04835618576396
2026-10-27 17:00:00,261.86498495628905
2026-10-27 18:00:00,261.171234187188
2026-10-27 19:00:00,260.4955396563981
2026-10-27 20:00:00,259.8373630067277
2026-10-27 21:00:00,259.19618550628746
2026-10-27 22:00:00,258.571507143969
2026-10-27 23:00:00,257.9628457767678
2026-10-28 00:00:00,257.3697363253992
2026-10-28 01:00:00,256.7176407426565
2026-10-28 02:00:00,256.08020705154956
2026-10-28 03:00:00,255.45704687721062
2026-10-28 04:00:00,254.84778477281424
2026-10-28 05:00:00,254.25205766835538
2026-10-28 06:00:00,253.6695143486431
2026-10-28 07:00:00,253.0998149586657
2026-10-28 08:00:00,252.5883468279349
2026-10-28 09:00:00,252.6939308219876
2026-10-28 10:00:00,253.3109560840415
2026-10-28 11:00:00,254.30109316413146
2026-10-28 12:00:00,255.50259011157706
2026-10-28 13:00:00,256.7412520800463
2026-10-28 14:00:00,257.8423373491258
2026-10-28 15:00:00,258.64252239865726
2026-10-28 16:00:00,259.00107519186633
2026-10-28 17:00:00,258.8094338640473
2026-10-28 18:00:00,258.12475110018784
2026-10-28 19:00:00,257.4556032754844
2026-10-28 20:00:00,256.80157249493146
2026-10-28 21:00:00,256.1622550724016
2026-10-28 22:00:00,255.53726091035463
2026-10-28 23:00:00,254.9262129131969
2026-10-29 00:00:00,254.32874643211827
2026-10-29 01:00:00,253.79433216515412
2026-10-29 02:00:00,253.27263688389849
2026-10-29 03:00:00,252.7633194151775
2026-10-29 04:00:00,252.26604957376497
2026-10-29 05:00:00,251.7805077198684
2026-10-29 06:00:00,251.30638433875043
2026-10-29 07:00:00,250.84337964115826
2026-10-29 08:00:00,250.41997960509252
2026-10-29 09:00:00,250.6114605648579
2026-10-29 10:00:00,251.31150685595335
2026-10-29 11:00:00,252.3812831761034
2026-10-29 12:00:00,253.65876944353363
2026-10-29 13:00:00,254.96976184728558
2026-10-29 14:00:00,256.1397713718313
2026-10-29 15:00:00,257.00597242601793
2026-10-29 16:00:00,257.42834225994665
2026-10-29 17:00:00,257.2991911891236
2026-10-29 18:00:00,256.69334624181664
2026-10-29 19:00:00,256.1021719653193
2026-10-29 20:00:00,255.52526256989867
2026-10-29 21:00:00,254.9622259445519
2026-10-29 22:00:00,254.41268307518328
2026-10-29 23:00:00,253.8762674935523
2026-10-30 00:00:00,253.35262475504595
2026-10-30 01:00:00,252.85889587818835
2026-10-30 02:00:00,252.3771430713075
2026-10-30 03:00:00,251.9070432732644
2026-10-30 04:00:00,251.44828372244373
2026-10-30 05:00:00,251.00056155054304
2026-10-30 06:00:00,250.56358339621957
2026-10-30 07:00:00,250.13706503742847
2026-10-30 08:00:00,249.73276916546703
2026-10-30 09:00:00,249.9422500822824
2026-10-30 10:00:00,250.65904427692587
2026-10-30 11:00:00,251.74427083564072
2026-10-30 12:00:00,253.03596983091873
2026-10-30 13:00:00,254.36009918134374
2026-10-30 14:00:00,255.5424215204955
2026-10-30 15:00:00,256.4204346309446
2026-10-30 16:00:00,256.8544876216829
2026-10-30 17:00:00,256.7372847555639
2026-10-30 18:00:00,256.16053616474875
2026-10-30 19:00:00,255.59804869687898
2026-10-30 20:00:00,255.0494241476891
2026-10-30 21:00:00,254.51427769311493
2026-10-30 22:00:00,253.99223732623835
2026-10-30 23:00:00,253.48294332367016
2026-10-31 00:00:00,252.98604773952658
2026-10-31 01:00:00,252.69514916537568
2026-10-31 02:00:00,252.41317567465228
2026-10-31 03:00:00,252.1398422569591
2026-10-31 04:00:00,251.87487368712354
2026-10-31 05:00:00,251.61800414722137
2026-10-31 06:00:00,251.36897686576586
2026-10-31 07:00:00,251.12754377312936
2026-10-31 08:00:00,250.89346517232357
2026-10-31 09:00:00,251.26529617266158
2026-10-31 10:00:00,252.13737515049655
2026-10-31 11:00:00,253.3678250383924
2026-10-31 12:00:00,254.79271624598178
2026-10-31 13:00:00,256.2371872703513
2026-10-31 14:00:00,257.5273771926658
2026-10-31 15:00:00,258.50231811182783
2026-10-31 16:00:00,259.0249308244119
2026-10-31 17:00:00,258.99133377877547
2026-10-31 18:00:00,258.51352412369175
2026-10-31 19:00:00,258.0507748302932
2026-10-31 20:00:00,257.6025796772585
2026-10-31 21:00:00,257.16845144935735
2026-10-31 22:00:00,256.74792109735705
2026-10-31 23:00:00,256.34053694305095
2026-11-01 00:00:00,255.94586392648407
2026-11-01 01:00:00,255.50792913676835
2026-11-01 02:00:00,255.08270855340237
2026-11-01 03:00:00,254.66980708547445
2026-11-01 04:00:00,254.26884342997758
2026-11-01 05:00:00,253.8794495022007
2026-11-01 06:00:00,253.50126989479787
2026-11-01 07:00:00,253.13396136379365
2026-11-01 08:00:00,252.7771923399064
2026-11-01 09:00:00,253.0122386526114
2026-11-01 10:00:00,253.75138019536163
2026-11-01 11:00:00,254.85373942428703
2026-11-01 12:00:00,256.15615800696526
2026-11-01 13:00:00,257.48425654729607
2026-11-01 14:00:00,258.66432694787244
2026-11-01 15:00:00,259.5352084929435
2026-11-01 16:00:00,259.9592922203226
2026-11-01 17:00:00,259.8318629845014
2026-11-01 18:00:00,259.27990543693323
2026-11-01 19:00:00,258.7442765164949
2026-11-01 20:00:00,258.2244507267241
2026-11-01 21:00:00,257.7199220035902
2026-11-01 22:00:00,257.2302028460517
2026-11-01 23:00:00,256.75482349450783
2026-11-02 00:00:00,256.29333115396577
2026-11-02 01:00:00,255.76786076678292
2026-11-02 02:00:00,255.25614513224494
2026-11-02 03:00:00,254.75778657504748
2026-11-02 04:00:00,254.27240089459755
2026-11-02 05:00:00,253.79961680363755
2026-11-02 06:00:00,253.33907539581523
2026-11-02 07:00:00,252.89042964040542
2026-11-02 08:00:00,252.45334390251773
2026-11-02 09:00:00,252.5921125298378
2026-11-02 10:00:00,253.23739781957602
2026-11-02 11:00:00,254.24994679073978
2026-11-02 12:00:00,255.46782113255992
2026-11-02 13:00:00,256.717376705802
2026-11-02 14:00:00,257.8251083492498
2026-11-02 15:00:00,258.6295155362221
2026-11-02 16:00:00,258.9921350405588
2026-11-02 17:00:00,258.8069483808916
2026-11-02 18:00:00,258.2151347176343
2026-11-02 19:00:00,257.6390230206917
2026-11-02 20:00:00,257.0781480632985
2026-11-02 21:00:00,256.5320609934163
2026-11-02 22:00:00,256.00032861798877
2026-11-02 23:00:00,255.48253272601428
2026-11-03 00:00:00,254.97826944790765
2026-11-03 01:00:00,254.67350378755538
2026-11-03 02:00:00,254.3786905782858
2026-11-03 03:00:00,254.09349238664757
2026-11-03 04:00:00,253.81758402812582
2026-11-03 05:00:00,253.55065206966157
2026-11-03 06:00:00,253.29239435580806
2026-11-03 07:00:00,253.04251955718271
2026-11-03 08:00:00,252.80074673996242
2026-11-03 09:00:00,253.11466698775607
2026-11-03 10:00:00,253.92774979895418
2026-11-03 11:00:00,255.0977379972789
2026-11-03 12:00:00,256.4607344186122
2026-11-03 13:00:00,257.84230265564133
2026-11-03 14:00:00,259.0693535846926
2026-11-03 15:00:00,259.98196818124364
2026-11-03 16:00:00,260.44430450968645
2026-11-03 17:00:00,260.35380536957786
2026-11-03 18:00:00,259.87131562716377
2026-11-03 19:00:00,259.4049486374431
2026-11-03 20:00:00,258.95413325728384
2026-11-03 21:00:00,258.5183207425831
2026-11-03 22:00:00,258.0969837239969
2026-11-03 23:00:00,257.6896152392575
2026-11-04 00:00:00,257.2957278183083
2026-11-04 01:00:00,256.85577353850084
2026-11-04 02:00:00,256.42931580038925
2026-11-04 03:00:00,256.0159141485222
2026-11-04 04:00:00,255.6151441243711
2026-11-04 05:00:00,255.22659658503426
2026-11-04 06:00:00,254.84987705711535
2026-11-04 07:00:00,254.48460512358594
2026-11-04 08:00:00,254.13041384160073
2026-11-04 09:00:00,254.31828102474864
2026-11-04 10:00:00,255.0090410637166
2026-11-04 11:00:00,256.0615901411054
2026-11-04 12:00:00,257.3129036338337
2026-11-04 13:00:00,258.58907209168365
2026-11-04 14:00:00,259.71714731338915
2026-11-04 15:00:00,260.53695231420005
2026-11-04 16:00:00,260.91200425571003
2026-11-04 17:00:00,260.7387657443185
2026-11-04 18:00:00,260.19222218979456
2026-11-04 19:00:00,259.66271393841697
2026-11-04 20:00:00,259.1496682067013
2026-11-04 21:00:00,258.6525340845903
2026-11-04 22:00:00,258.1707815354592
2026-11-04 23:00:00,257.7039004521577
2026-11-05 00:00:00,257.2513997653017
2026-11-05 01:00:00,256.75798647591427
2026-11-05 02:00:00,256.2786541753307
2026-11-05 03:00:00,255.81296770645227
2026-11-05 04:00:00,255.36050726740092
2026-11-05 05:00:00,254.9208677597045
2026-11-05 06:00:00,254.49365817046504
2026-11-05 07:00:00,254.07850098637397
2026-11-05 08:00:00,253.67503163759503
2026-11-05 09:00:00,253.7979330473729
2026-11-05 10:00:00,254.4252101319916
2026-11-05 11:00:00,255.41701868578855
2026-11-05 12:00:00,256.61129712643634
2026-11-05 13:00:00,257.83474058134294
2026-11-05 14:00:00,258.9146090292297
2026-11-05 15:00:00,259.69052686584746
2026-11-05 16:00:00,260.0254244010577
2026-11-05 17:00:00,259.81483569077614
2026-11-05 18:00:00,259.247702230627
2026-11-05 19:00:00,258.69696075400424
2026-11-05 20:00:00,258.16209263325555
2026-11-05 21:00:00,257.6425982525289
2026-11-05 22:00:00,257.13799615853713
2026-11-05 23:00:00,256.6478222581482
2026-11-06 00:00:00,256.1716290596925
2026-11-06 01:00:00,255.63048896833124
2026-11-06 02:00:00,255.10312345456188
2026-11-06 03:00:00,254.5891419813166
2026-11-06 04:00:00,254.08816712315897
2026-11-06 05:00:00,253.59983402089415
2026-11-06 06:00:00,253.12378986431014
2026-11-06 07:00:00,252.65969340130727
2026-11-06 08:00:00,252.20721447179943
2026-11-06 09:00:00,252.26501189686326
2026-11-06 10:00:00,252.828438806057
2026-11-06 11:00:00,253.7593960102356
2026-11-06 12:00:00,254.89713479643575
2026-11-06 13:00:00,256.06914991372406
2026-11-06 14:00:00,257.1029404496456
2026-11-06 15:00:00,257.8378007282511
2026-11-06 16:00:00,258.13579349932246
2026-11-06 17:00:00,257.89111813362734
2026-11-06 18:00:00,257.3059315955678
2026-11-06 19:00:00,256.7357827611727
2026-11-06 20:00:00,256.18023793591595
2026-11-06 21:00:00,255.63887837175983
2026-11-06 22:00:00,255.11129962493735
2026-11-06 23:00:00,254.59711094799687
2026-11-07 00:00:00,254.09593471391597
2026-11-07 01:00:00,253.69904837375114
2026-11-07 02:00:00,253.31341103560302
2026-11-07 03:00:00,252.93868281681367
2026-11-07 04:00:00,252.5745352986632
2026-11-07 05:00:00,252.22065107149402
2026-11-07 06:00:00,251.87672330175346
2026-11-07 07:00:00,251.5424553196805
2026-11-07 08:00:00,251.21756022644962
2026-11-07 09:00:00,251.38492863251722
2026-11-07 10:00:00,252.05392893144128
2026-11-07 11:00:00,253.0852083505742
2026-11-07 12:00:00,254.31724335060136
2026-11-07 13:00:00,255.577283242156
2026-11-07 14:00:00,256.69312498535714
2026-11-07 15:00:00,257.5048797124682
2026-11-07 16:00:00,257.87588469602275
2026-11-07 17:00:00,257.701977919947
2026-11-07 18:00:00,257.2018664333773
2026-11-07 19:00:00,256.7161815521801
2026-11-07 20:00:00,256.244472787464
2026-11-07 21:00:00,255.78630570392903
2026-11-07 22:00:00,255.34126123198243
2026-11-07 23:00:00,254.9089350160498
2026-11-08 00:00:00,254.48893679678486
2026-11-08 01:00:00,254.16717208855337
2026-11-08 02:00:00,253.85552033795784
2026-11-08 03:00:00,253.55364987680758
2026-11-08 04:00:00,253.26124078096854
2026-11-08 05:00:00,252.97798439991894
2026-11-08 06:00:00,252.70358290856726
2026-11-08 07:00:00,252.4377488800689
2026-11-08 08:00:00,252.18020487846286
2026-11-08 09:00:00,252.39829394321816
2026-11-08 10:00:00,253.11515095312706
2026-11-08 11:00:00,254.19010498981274
2026-11-08 12:00:00,255.46082736208868
2026-11-08 13:00:00,256.7543196340042
2026-11-08 14:00:00,257.89869528764746
2026-11-08 15:00:00,258.7349139601982
2026-11-08 16:00:00,259.1276235464267
2026-11-08 17:00:00,258.97433213865753
2026-11-08 18:00:00,258.5100629232091
2026-11-08 19:00:00,258.06067787833024
2026-11-08 20:00:00,257.6256700891478
2026-11-08 21:00:00,257.2045518137488
2026-11-08 22:00:00,256.7968536347091
2026-11-08 23:00:00,256.40212365608073
2026-11-09 00:00:00,256.0199267429001
2026-11-09 01:00:00,255.55892326481097
2026-11-09 02:00:00,255.11095043087843
2026-11-09 03:00:00,254.67561109607576
2026-11-09 04:00:00,254.2525218529321
2026-11-09 05:00:00,253.8413124631203
2026-11-09 06:00:00,253.4416253178563
2026-11-09 07:00:00,253.053114925349
2026-11-09 08:00:00,252.6754474236647
2026-11-09 09:00:00,252.76061311766185
2026-11-09 10:00:00,253.3482152405597
2026-11-09 11:00:00,254.29933737784287
2026-11-09 12:00:00,255.4529486621572
2026-11-09 13:00:00,256.63680455957694
2026-11-09 14:00:00,257.67917845898614
2026-11-09 15:00:00,258.42058753042755
2026-11-09 16:00:00,258.724669443443
2026-11-09 17:00:00,258.48742970843693
2026-11-09 18:00:00,257.95616420864934
2026-11-09 19:00:00,257.44010038070303
2026-11-09 20:00:00,256.938764263379
2026-11-09 21:00:00,256.4516989114514
2026-11-09 22:00:00,255.9784636552052
2026-11-09 23:00:00,255.51863339965405
2026-11-10 00:00:00,255.07179796089244
2026-11-10 01:00:00,254.56361392551554
2026-11-10 02:00:00,254.06837881104903
2026-11-10 03:00:00,253.58572776776387
2026-11-10 04:00:00,253.11530801069748
2026-11-10 05:00:00,252.65677832862045
2026-11-10 06:00:00,252.2098086177437
2026-11-10 07:00:00,251.77407943866774
2026-11-10 08:00:00,251.34928159518057
2026-11-10 09:00:00,251.37239654493152
2026-11-10 10:00:00,251.8989894957982
2026-11-10 11:00:00,252.79173563912224
2026-11-10 12:00:00,253.89081094412762
2026-11-10 13:00:00,255.0247182417385
2026-11-10 14:00:00,256.02197434984305
2026-11-10 15:00:00,256.7228261199203
2026-11-10 16:00:00,256.9901537325533
2026-11-10 17:00:00,256.7187796465375
2026-11-10 18:00:00,256.1683782176794
2026-11-10 19:00:00,255.63212819698904
2026-11-10 20:00:00,255.10962429240112
2026-11-10 21:00:00,254.60047495840297
2026-11-10 22:00:00,254.10430181831396
2026-11-10 23:00:00,253.62073911667318
2026-11-11 00:00:00,253.149433199851
2026-11-11 01:00:00,252.73372231201432
2026-11-11 02:00:00,252.3291034019599
2026-11-11 03:00:00,251.93525753601295
2026-11-11 04:00:00,251.55187617967832
2026-11-11 05:00:00,251.17866079241296
2026-11-11 06:00:00,250.81532244173212
2026-11-11 07:00:00,250.46158143553686
2026-11-11 08:00:00,250.11716697162527
2026-11-11 09:00:00,250.20433735389545
2026-11-11 10:00:00,250.79252310011833
2026-11-11 11:00:00,251.743987700193
2026-11-11 12:00:00,252.89871463123558
2026-11-11 13:00:00,254.08524757211404
2026-11-11 14:00:00,255.13237497446693
2026-11-11 15:00:00,255.8808270349452
2026-11-11 16:00:00,256.19414488618264
2026-11-11 17:00:00,255.96794305830048
2026-11-11 18:00:00,255.47639169431753
2026-11-11 19:00:00,254.998147519412
2026-11-11 20:00:00,254.53281747529718
2026-11-11 21:00:00,254.0800218956861
2026-11-11 22:00:00,253.63939395244935
2026-11-11 23:00:00,253.21057913000368
2026-11-12 00:00:00,252.79323472619794
2026-11-12 01:00:00,252.54890722429343
2026-11-12 02:00:00,252.31239904930464
2026-11-12 03:00:00,252.08345209458682
2026-11-12 04:00:00,251.86181727365326
2026-11-12 05:00:00,251.64725417296827
2026-11-12 06:00:00,251.43953072013687
2026-11-12 07:00:00,251.23842286668173
2026-11-12 08:00:00,251.0437142846484
2026-11-12 09:00:00,251.26323446009204
2026-11-12 10:00:00,251.97833930354776
2026-11-12 11:00:00,253.04887751832237
2026-11-12 12:00:00,254.31327046776892
2026-11-12 13:00:00,255.59944592341265
2026-11-12 14:00:00,256.73655216876614
2026-11-12 15:00:00,257.566616615822
2026-11-12 16:00:00,257.95531026226985
2026-11-12 17:00:00,257.80104615469133
2026-11-12 18:00:00,257.39460672638637
2026-11-12 19:00:00,257.00145730925834
2026-11-12 20:00:00,256.6211407657887
2026-11-12 21:00:00,256.2532171576876
2026-11-12 22:00:00,255.8972630018547
2026-11-12 23:00:00,255.55287056485537
2026-11-13 00:00:00,255.2196471935105
2026-11-13 01:00:00,255.07182258567693
2026-11-13 02:00:00,254.92970911960543
2026-11-13 03:00:00,254.79308324229146
2026-11-13 04:00:00,254.6617303728698
2026-11-13 05:00:00,254.5354445255921
2026-11-13 06:00:00,254.41402794993857
2026-11-13 07:00:00,254.29729078698793
2026-11-13 08:00:00,254.18505074122157
2026-11-13 09:00:00,254.47097316251998
2026-11-13 10:00:00,255.24770754718523
2026-11-13 11:00:00,256.3721242665219
2026-11-13 12:00:00,257.68075105184516
2026-11-13 13:00:00,259.0008028651458
2026-11-13 14:00:00,260.1619136993714
2026-11-13 15:00:00,261.00773049731947
2026-11-13 16:00:00,261.40653332073236
2026-11-13 17:00:00,261.26011977326317
2026-11-13 18:00:00,260.87624436141704
2026-11-13 19:00:00,260.5075281239169
2026-11-13 20:00:00,260.15335195948023
2026-11-13 21:00:00,259.81312365856496
2026-11-13 22:00:00,259.486276608378
2026-11-13 23:00:00,259.1722685702099
2026-11-14 00:00:00,258.8705805242891
2026-11-14 01:00:00,258.46751341632563
2026-11-14 02:00:00,258.0783308365314
2026-11-14 03:00:00,257.7025321774223
2026-11-14 04:00:00,257.3396364161343
2026-11-14 05:00:00,256.98918124208575
2026-11-14 06:00:00,256.65072223078806
2026-11-14 07:00:00,256.32383206086985
2026-11-14 08:00:00,256.0080997716015
2026-11-14 09:00:00,256.08306264264843
2026-11-14 10:00:00,256.6565643436451
2026-11-14 11:00:00,257.5876084512992
2026-11-14 12:00:00,258.71421292220987
2026-11-14 13:00:00,259.86433568263885
2026-11-14 14:00:00,260.8675542992114
2026-11-14 15:00:00,261.566664587741
2026-11-14 16:00:00,261.8283625020486
2026-11-14 17:00:00,261.5522429059947
2026-11-14 18:00:00,261.05619574221083
2026-11-14 19:00:00,260.5774275269223
2026-11-14 20:00:00,260.1153019050827
2026-11-14 21:00:00,259.66920836022405
2026-11-14 22:00:00,259.23856099679284
2026-11-14 23:00:00,258.8227973916084
2026-11-15 00:00:00,258.4213775097132
2026-11-15 01:00:00,257.8681175876596
2026-11-15 02:00:00,257.330144844818
2026-11-15 03:00:00,256.8069945709235
2026-11-15 04:00:00,256.29821852961834
2026-11-15 05:00:00,255.8033842431148
2026-11-15 06:00:00,255.32207431526297
2026-11-15 07:00:00,254.85388579054194
2026-11-15 08:00:00,254.39842954668094
2026-11-15 09:00:00,254.32165057713954
2026-11-15 10:00:00,254.74731873258472
2026-11-15 11:00:00,255.53800622654546
2026-11-15 12:00:00,256.53428020974314
2026-11-15 13:00:00,257.5654790358119
2026-11-15 14:00:00,258.4613204332942
2026-11-15 15:00:00,259.0635141001073
2026-11-15 16:00:00,259.23654391388607
2026-11-15 17:00:00,258.87684686936643
2026-11-15 18:00:00,258.3109685841531
2026-11-15 19:00:00,257.7607629147205
2026-11-15 20:00:00,257.2257513825132
2026-11-15 21:00:00,256.70547258665266
2026-11-15 22:00:00,256.19948145584294
2026-11-15 23:00:00,255.70734854081795
2026-11-16 00:00:00,255.2286593446881
2026-11-16 01:00:00,254.73260009264988
2026-11-16 02:00:00,254.24948029661778
2026-11-16 03:00:00,253.7789291683421
2026-11-16 04:00:00,253.32058828618347
2026-11-16 05:00:00,252.8741110907449
2026-11-16 06:00:00,252.439162405921
2026-11-16 07:00:00,252.015417983823
2026-11-16 08:00:00,251.60256407214698
2026-11-16 09:00:00,251.55330803484864
2026-11-16 10:00:00,252.00496240507675
2026-11-16 11:00:00,252.82105852558087
2026-11-16 12:00:00,253.8429287587275
2026-11-16 13:00:00,254.9004427194748
2026-11-16 14:00:00,255.82358942628397
2026-11-16 15:00:00,256.45408091426674
2026-11-16 16:00:00,256.6561442045872
2026-11-16 17:00:00,256.3257286807909
2026-11-16 18:00:00,255.80092934217672
2026-11-16 19:00:00,255.28989954427513
2026-11-16 20:00:00,254.79224046569675
2026-11-16 21:00:00,254.30756681363084
2026-11-16 22:00:00,253.83550625989665
2026-11-16 23:00:00,253.3756989060861
2026-11-17 00:00:00,252.9277967759935
2026-11-17 01:00:00,252.44050654516684
2026-11-17 02:00:00,251.96494504567326
2026-11-17 03:00:00,251.50079834974733
2026-11-17 04:00:00,251.0477624591791
2026-11-17 05:00:00,250.60554291681024
2026-11-17 06:00:00,250.17385443687022
2026-11-17 07:00:00,249.75242055305534
2026-11-17 08:00:00,249.34097328332751
2026-11-17 09:00:00,249.279261632292
2026-11-17 10:00:00,249.71794633029893
2026-11-17 11:00:00,250.52175095117155
2026-11-17 12:00:00,251.5329381830354
2026-11-17 13:00:00,252.5819918915052
2026-11-17 14:00:00,253.49916506485724
2026-11-17 15:00:00,254.12607279912987
2026-11-17 16:00:00,254.32649903279986
2026-11-17 17:00:00,253.99564366289786
2026-11-17 18:00:00,253.48253580029242
2026-11-17 19:00:00,252.98185330865653
2026-11-17 20:00:00,252.49325994874368
2026-11-17 21:00:00,252.0164302975783
2026-11-17 22:00:00,251.55104931624075
2026-11-17 23:00:00,251.0968119390795
2026-11-18 00:00:00,250.65342268307504
2026-11-18 01:00:00,250.48993200586094
2026-11-18 02:00:00,250.33169035260497
2026-11-18 03:00:00,250.17852573627616
2026-11-18 04:00:00,250.03027202545894
2026-11-18 05:00:00,249.88676873092058
2026-11-18 06:00:00,249.7478608008523
2026-11-18 07:00:00,249.61339842437576
2026-11-18 08:00:00,249.48323684292916
2026-11-18 09:00:00,249.6845560099815
2026-11-18 10:00:00,250.37767806732722
2026-11-18 11:00:00,251.4235586620594
2026-11-18 12:00:00,252.66194291110523
2026-11-18 13:00:00,253.92220597071346
2026-11-18 14:00:00,255.03496377279134
2026-11-18 15:00:00,255.8436262130614
2026-11-18 16:00:00,256.2150626535005
2026-11-18 17:00:00,256.0486158797677
2026-11-18 18:00:00,255.70983677014783
2026-11-18 19:00:00,255.38218441355463
2026-11-18 20:00:00,255.06527789198967
2026-11-18 21:00:00,254.75875034152898
2026-11-18 22:00:00,254.46224836707304
2026-11-18 23:00:00,254.1754314858317
2026-11-19 00:00:00,253.89797159785334
2026-11-19 01:00:00,253.8106858405809
2026-11-19 02:00:00,253.72678525660288
2026-11-19 03:00:00,253.64613755715536
2026-11-19 04:00:00,253.56861569972818
2026-11-19 05:00:00,253.49409767415762
2026-11-19 06:00:00,253.4224662978875
2026-11-19 07:00:00,253.3536090199723
2026-11-19 08:00:00,253.28741773341775
2026-11-19 09:00:00,253.5387381916742
2026-11-19 10:00:00,254.27787715432382
2026-11-19 11:00:00,255.36278682502467
2026-11-19 12:00:00,256.63129043100935
2026-11-19 13:00:00,257.91201726876903
2026-11-19 14:00:00,259.0360303574177
2026-11-19 15:00:00,259.8483149468547
2026-11-19 16:00:00,260.2183003991674
2026-11-19 17:00:00,260.04866124297206
2026-11-19 18:00:00,259.72011192518875
2026-11-19 19:00:00,259.40458798170783
2026-11-19 20:00:00,259.10155816305655
2026-11-19 21:00:00,258.8105140564773
2026-11-19 22:00:00,258.53096901180595
2026-11-19 23:00:00,258.2624571251462
2026-11-20 00:00:00,258.0045322766688
2026-11-20 01:00:00,257.8788621552701
2026-11-20 02:00:00,257.7587526236225
2026-11-20 03:00:00,257.6439555118324
2026-11-20 04:00:00,257.53423391089
2026-11-20 05:00:00,257.42936164557744
2026-11-20 06:00:00,257.3291227734517
2026-11-20 07:00:00,257.2333111084913
2026-11-20 08:00:00,257.14172976808266
2026-11-20 09:00:00,257.3570942263238
2026-11-20 10:00:00,258.05982239351545
2026-11-20 11:00:00,259.1054117843619
2026-11-20 12:00:00,260.33014827357806
2026-11-20 13:00:00,261.56209515103865
2026-11-20 14:00:00,262.6327123617516
2026-11-20 15:00:00,263.388272247044
2026-11-20 16:00:00,263.7002478874679
2026-11-20 17:00:00,263.4739290379652
2026-11-20 18:00:00,263.10401339872874
2026-11-20 19:00:00,262.75075682598566
2026-11-20 20:00:00,262.4133899158852
2026-11-20 21:00:00,262.09118050954476
2026-11-20 22:00:00,261.7834317368759
2026-11-20 23:00:00,261.4894801768357
2026-11-21 00:00:00,261.2086941259728
2026-11-21 01:00:00,260.6803301544734
2026-11-21 02:00:00,260.16926892114185
2026-11-21 03:00:00,259.6749046761531
2026-11-21 04:00:00,259.19665544446866
2026-11-21 05:00:00,258.7339619229879
2026-11-21 06:00:00,258.2862864400037
2026-11-21 07:00:00,257.85311197271574
2026-11-21 08:00:00,257.43394121889145
2026-11-21 09:00:00,257.31948250530826
2026-11-21 10:00:00,257.7049180038216
2026-11-21 11:00:00,258.45135427779263
2026-11-21 12:00:00,259.3988651510638
2026-11-21 13:00:00,260.37726248864794
2026-11-21 14:00:00,261.2176349354946
2026-11-21 15:00:00,261.7638302264148
2026-11-21 16:00:00,261.88305455258626
2026-11-21 17:00:00,261.4748291654455
2026-11-21 18:00:00,260.93773424173827
2026-11-21 19:00:00,260.41824874727246
2026-11-21 20:00:00,259.9157548265584
2026-11-21 21:00:00,259.4296589649804
2026-11-21 22:00:00,258.95939085366757
2026-11-21 23:00:00,258.50440231889036
2026-11-22 00:00:00,258.06416631155616
2026-11-22 01:00:00,257.75016511812606
2026-11-22 02:00:00,257.4477178356602
2026-11-22 03:00:00,257.1563859048205
2026-11-22 04:00:00,256.875748394881
2026-11-22 05:00:00,256.6054012229698
2026-11-22 06:00:00,256.3449564131643
2026-11-22 07:00:00,256.094041393026
2026-11-22 08:00:00,255.85229832533622
2026-11-22 09:00:00,255.89918813749026
2026-11-22 10:00:00,256.4399183625276
2026-11-22 11:00:00,257.33382515676556
2026-11-22 12:00:00,258.41988083254313
2026-11-22 13:00:00,259.52753294491157
2026-11-22 14:00:00,260.4882603295634
2026-11-22 15:00:00,261.14701966025353
2026-11-22 16:00:00,261.372758216787
2026-11-22 17:00:00,261.06723938157637
2026-11-22 18:00:00,260.64201385956505
2026-11-22 19:00:00,260.2326176085987
2026-11-22 20:00:00,259.83843621651687
2026-11-22 21:00:00,259.4588809872177
2026-11-22 22:00:00,259.09338772489986
2026-11-22 23:00:00,258.74141558612484
2026-11-23 00:00:00,258.40244599516205
2026-11-23 01:00:00,258.0735499899836
2026-11-23 02:00:00,257.7567391562048
2026-11-23 03:00:00,257.4515546618999
2026-11-23 04:00:00,257.15755617455085
2026-11-23 05:00:00,256.8743210359449
2026-11-23 06:00:00,256.6014434796592
2026-11-23 07:00:00,256.3385338885203
2026-11-23 08:00:00,256.0852180896148
2026-11-23 09:00:00,256.10989884291126
2026-11-23 10:00:00,256.628592921355
2026-11-23 11:00:00,257.50082418826486
2026-11-23 12:00:00,258.5657725137797
2026-11-23 13:00:00,259.6530956615736
2026-11-23 14:00:00,260.5944680530032
2026-11-23 15:00:00,261.23501123565535
2026-11-23 16:00:00,261.4437929595075
2026-11-23 17:00:00,261.1226424277933
2026-11-23 18:00:00,260.69318981030233
2026-11-23 19:00:00,260.2796847419407
2026-11-23 20:00:00,259.8815093423486
2026-11-23 21:00:00,259.49807157235773
2026-11-23 22:00:00,259.1288040116105
2026-11-23 23:00:00,258.77316270448637
2026-11-24 00:00:00,258.4306260697566
2026-11-24 01:00:00,258.2275633660132
2026-11-24 02:00:00,258.03301336617983
2026-11-24 03:00:00,257.84661361405165
2026-11-24 04:00:00,257.66801754875
2026-11-24 05:00:00,257.4968937692522
2026-11-24 06:00:00,257.33292533612934
2026-11-24 07:00:00,257.1758091083501
2026-11-24 08:00:00,257.0252551131531
2026-11-24 09:00:00,257.13905012659916
2026-11-24 10:00:00,257.7423828276595
2026-11-24 11:00:00,258.69248717722274
2026-11-24 12:00:00,259.8271130258944
2026-11-24 13:00:00,260.9754171576895
2026-11-24 14:00:00,261.9695092779661
2026-11-24 15:00:00,262.6558255075121
2026-11-24 16:00:00,262.9055093248071
2026-11-24 17:00:00,262.6230558536758
2026-11-24 18:00:00,262.2428923689285
2026-11-24 19:00:00,261.8788952075992
2026-11-24 20:00:00,261.5303567125745
2026-11-24 21:00:00,261.19660190745526
2026-11-24 22:00:00,260.87698684278763
2026-11-24 23:00:00,260.57089703818417
2026-11-25 00:00:00,260.2777460137643
2026-11-25 01:00:00,261.597900983103
2026-11-25 02:00:00,262.7691963906389
2026-11-25 03:00:00,263.8082011618287
2026-11-25 04:00:00,264.72968491728045
2026-11-25 05:00:00,265.546804147293
2026-11-25 06:00:00,266.2712709953237
2026-11-25 07:00:00,266.9135058968149
2026-11-25 08:00:00,267.4827753085008
2026-11-25 09:00:00,268.2350312419426
2026-11-25 10:00:00,269.39535271018735
2026-11-25 11:00:00,270.7949755414202
2026-11-25 12:00:00,272.2588787343475
2026-11-25 13:00:00,273.61665273892925
2026-11-25 14:00:00,274.7132124449562
2026-11-25 15:00:00,275.4185572004058
2026-11-25 16:00:00,275.6358592417009
2026-11-25 17:00:00,275.307300472126
2026-11-25 18:00:00,274.9169649382832
2026-11-25 19:00:00,274.57150499122235
2026-11-25 20:00:00,274.265740609918
2026-11-25 21:00:00,273.9950942481865
2026-11-25 22:00:00,273.7555197698511
2026-11-25 23:00:00,273.54343998351334
2026-11-26 00:00:00,273.3556916888645
2026-11-26 01:00:00,272.5011710124345
2026-11-26 02:00:00,271.68360164204
2026-11-26 03:00:00,270.90127569670705
2026-11-26 04:00:00,270.15257378368034
2026-11-26 05:00:00,269.43595957852546
2026-11-26 06:00:00,268.74997480973735
2026-11-26 07:00:00,268.0932346114233
2026-11-26 08:00:00,267.4644232114626
2026-11-26 09:00:00,267.10001071726805
2026-11-26 10:00:00,267.24411562074044
2026-11-26 11:00:00,267.75320201901354
2026-11-26 12:00:00,268.46450203610436
2026-11-26 13:00:00,269.20683523278944
2026-11-26 14:00:00,269.8120825926161
2026-11-26 15:00:00,270.1264897538446
2026-11-26 16:00:00,270.02098212370464
2026-11-26 17:00:00,269.39975129506445
2026-11-26 18:00:00,268.7153119880457
2026-11-26 19:00:00,268.06004755985543
2026-11-26 20:00:00,267.43264569951646
2026-11-26 21:00:00,266.8318589849509
2026-11-26 22:00:00,266.2565011712211
2026-11-26 23:00:00,265.70544373402106
2026-11-27 00:00:00,265.1776126472576
2026-11-27 01:00:00,264.5409050685277
2026-11-27 02:00:00,263.9262419617175
2026-11-27 03:00:00,263.3328017490403
2026-11-27 04:00:00,262.7597975266754
2026-11-27 05:00:00,262.20647531753974
2026-11-27 06:00:00,261.672112431859
2026-11-27 07:00:00,261.1560159275159
2026-11-27 08:00:00,260.6575211628482
2026-11-27 09:00:00,260.4040749687543
2026-11-27 10:00:00,260.65174800964434
2026-11-27 11:00:00,261.2616543802195
2026-11-27 12:00:00,262.07432929609735
2026-11-27 13:00:00,262.92043280851993
2026-11-27 14:00:00,263.6321974741344
2026-11-27 15:00:00,264.0548011259956
2026-11-27 16:00:00,264.05684559662217
2026-11-27 17:00:00,263.5391902765008
2026-11-27 18:00:00,262.95908477598476
2026-11-27 19:00:00,262.3989228707691
2026-11-27 20:00:00,261.85797104545105
2026-11-27 21:00:00,261.3355260629946
2026-11-27 22:00:00,260.8309134858018
2026-11-27 23:00:00,260.34348628482394
2026-11-28 00:00:00,259.8726235303889
2026-11-28 01:00:00,259.5551713314098
2026-11-28 02:00:00,259.2503531409188
2026-11-28 03:00:00,258.9576522993551
2026-11-28 04:00:00,258.6765743693261
2026-11-28 05:00:00,258.4066460930535
2026-11-28 06:00:00,258.1474144055823
2026-11-28 07:00:00,257.8984455002376
2026-11-28 08:00:00,257.65932394307777
2026-11-28 09:00:00,257.64846293165124
2026-11-28 10:00:00,258.1299805120111
2026-11-28 11:00:00,258.962689561939
2026-11-28 12:00:00,259.98567468954366
2026-11-28 13:00:00,261.02908918297834
2026-11-28 14:00:00,261.9256300766451
2026-11-28 15:00:00,262.5218696949007
2026-11-28 16:00:00,262.6886272173898
2026-11-28 17:00:00,262.32963711668725
2026-11-28 18:00:00,261.91389865184715
2026-11-28 19:00:00,261.5148535259206
2026-11-28 20:00:00,261.13180727005334
2026-11-28 21:00:00,260.7640962379921
2026-11-28 22:00:00,260.41108608292393
2026-11-28 23:00:00,260.0721703219827
2026-11-29 00:00:00,259.74676898240466
2026-11-29 01:00:00,259.29260364552476
2026-11-29 02:00:00,258.8537323177823
2026-11-29 03:00:00,258.4296114146775
2026-11-29 04:00:00,258.0197185954034
2026-11-29 05:00:00,257.62355180229997
2026-11-29 06:00:00,257.24062835250993
2026-11-29 07:00:00,256.87048407841814
2026-11-29 08:00:00,256.5126725137181
2026-11-29 09:00:00,256.3766688238592
2026-11-29 10:00:00,256.73659392045187
2026-11-29 11:00:00,257.45437320665343
2026-11-29 12:00:00,258.37126254268634
2026-11-29 13:00:00,259.31852875297085
2026-11-29 14:00:00,260.1288782479854
2026-11-29 15:00:00,260.647817631866
2026-11-29 16:00:00,260.74412922924245
2026-11-29 17:00:00,260.3187113674457
2026-11-29 18:00:00,259.8452429559422
2026-11-29 19:00:00,259.38775753422925
2026-11-29 20:00:00,258.9456843937697
2026-11-29 21:00:00,258.5184753096157
2026-11-29 22:00:00,258.105603511572
2026-11-29 23:00:00,257.70656271209583
2026-11-30 00:00:00,257.3208661871624
2026-11-30 01:00:00,256.9729290414419
2026-11-30 02:00:00,256.6369263985429
2026-11-30 03:00:00,256.31243244908296
2026-11-30 04:00:00,255.99903770048604
2026-11-30 05:00:00,255.6963482744738
2026-11-30 06:00:00,255.40398524007813
2026-11-30 07:00:00,255.12158398002552
2026-11-30 08:00:00,254.84879358849682
2026-11-30 09:00:00,254.78664570731573
2026-11-30 10:00:00,255.21749688584546
2026-11-30 11:00:00,256.0031293214422
2026-11-30 12:00:00,256.9847789688802
2026-11-30 13:00:00,257.99382352596064
2026-11-30 14:00:00,258.86320839436655
2026-11-30 15:00:00,259.4387949171315
2026-11-30 16:00:00,259.58981500380264
2026-11-30 17:00:00,259.2176837213427
2026-11-30 18:00:00,258.8043775441458
2026-11-30 19:00:00,258.4053593080024
2026-11-30 20:00:00,258.02011155068595
2026-11-30 21:00:00,257.6481371749576
2026-11-30 22:00:00,257.2889585343483
2026-11-30 23:00:00,256.942116567756
2026-12-01 00:00:00,256.60716997972423
2026-12-01 01:00:00,256.1268968986896
2026-12-01 02:00:00,255.66019076159066
2026-12-01 03:00:00,255.20663690090666
2026-12-01 04:00:00,254.76583510358932
2026-12-01 05:00:00,254.33739900560792
2026-12-01 06:00:00,253.92095551762705
2026-12-01 07:00:00,253.51614427988667
2026-12-01 08:00:00,253.12261714449403
2026-12-01 09:00:00,252.93324681440413
2026-12-01 10:00:00,253.23952335461962
2026-12-01 11:00:00,253.90634038707645
2026-12-01 12:00:00,254.77714883845707
2026-12-01 13:00:00,255.68451992621567
2026-12-01 14:00:00,256.46151362411075
2026-12-01 15:00:00,256.95304324852026
2026-12-01 16:00:00,257.0264207587768
2026-12-01 17:00:00,256.58032853750905
2026-12-01 18:00:00,256.1008145515555
2026-12-01 19:00:00,255.6348442588326
2026-12-01 20:00:00,255.18200380511942
2026-12-01 21:00:00,254.741893756439
2026-12-01 22:00:00,254.31412849537293
2026-12-01 23:00:00,253.8983356483981
2026-12-02 00:00:00,253.49415554232363
2026-12-02 01:00:00,253.28719944036803
2026-12-02 02:00:00,253.08730710526925
2026-12-02 03:00:00,252.8942317839322
2026-12-02 04:00:00,252.70773572572216
2026-12-02 05:00:00,252.52758982801586
2026-12-02 06:00:00,252.35357329746728
2026-12-02 07:00:00,252.18547332617413
2026-12-02 08:00:00,252.02308478198128
2026-12-02 09:00:00,252.0516375328831
2026-12-02 10:00:00,252.56912636067855
2026-12-02 11:00:00,253.43771880732365
2026-12-02 12:00:00,254.4990584613309
2026-12-02 13:00:00,255.58493976355305
2026-12-02 14:00:00,256.52871792956984
2026-12-02 15:00:00,257.1766402133847
2026-12-02 16:00:00,257.39828457531775
2026-12-02 17:00:00,257.0953589514848
2026-12-02 18:00:00,256.76452396587405
2026-12-02 19:00:00,256.4451461915013
2026-12-02 20:00:00,256.13681401318854
2026-12-02 21:00:00,255.8391316270016
2026-12-02 22:00:00,255.5517183619686
2026-12-02 23:00:00,255.27420803578283
2026-12-03 00:00:00,255.00624834245602
2026-12-03 01:00:00,254.78549841541528
2026-12-03 02:00:00,254.57262922169582
2026-12-03 03:00:00,254.36735292641137
2026-12-03 04:00:00,254.16939266717665
2026-12-03 05:00:00,253.9784821031781
2026-12-03 06:00:00,253.7943649850853
2026-12-03 07:00:00,253.61679474467982
2026-12-03 08:00:00,253.44553410314847
2026-12-03 09:00:00,253.4583831666322
2026-12-03 10:00:00,253.96022136620738
2026-12-03 11:00:00,254.81257022106638
2026-12-03 12:00:00,255.85668963458286
2026-12-03 13:00:00,256.9242649219873
2026-12-03 14:00:00,257.848811374236
2026-12-03 15:00:00,258.47698222181674
2026-12-03 16:00:00,258.67896720664555
2026-12-03 17:00:00,258.35723764850036
2026-12-03 18:00:00,258.0160075537052
2026-12-03 19:00:00,257.6871195026883
2026-12-03 20:00:00,257.37011119092756
2026-12-03 21:00:00,257.06453877556703
2026-12-03 22:00:00,256.7699760553542
2026-12-03 23:00:00,256.4860136929616
2026-12-04 00:00:00,256.2122584770809
2026-12-04 01:00:00,255.76019026530884
2026-12-04 02:00:00,255.32115544784628
2026-12-04 03:00:00,254.89475052800194
2026-12-04 04:00:00,254.4805861035106
2026-12-04 05:00:00,254.0782862809694
2026-12-04 06:00:00,253.68748811999438
2026-12-04 07:00:00,253.30784110527833
2026-12-04 08:00:00,252.93900664485952
2026-12-04 09:00:00,252.7516726972579
2026-12-04 10:00:00,253.0586640222551
2026-12-04 11:00:00,253.72495016444432
2026-12-04 12:00:00,254.59420922228753
2026-12-04 13:00:00,255.49937190850474
2026-12-04 14:00:00,256.2739617920055
2026-12-04 15:00:00,256.7634243654247
2026-12-04 16:00:00,256.8356321842327
2026-12-04 17:00:00,256.389814895165
2026-12-04 18:00:00,255.93261967888685
2026-12-04 19:00:00,255.48861704319734
2026-12-04 20:00:00,255.05739790395205
2026-12-04 21:00:00,254.6385675051398
2026-12-04 22:00:00,254.23174482136494
2026-12-04 23:00:00,253.8365619907879
2026-12-05 00:00:00,253.4526637766512
2026-12-05 01:00:00,253.04439191670164
2026-12-05 02:00:00,252.64724573996446
2026-12-05 03:00:00,252.26089986589037
2026-12-05 04:00:00,251.885039641893
2026-12-05 05:00:00,251.51936072304287
2026-12-05 06:00:00,251.163568671867
2026-12-05 07:00:00,250.8173785770946
2026-12-05 08:00:00,250.48051469026612
2026-12-05 09:00:00,250.31710086230748
2026-12-05 10:00:00,250.64666691187136
2026-12-05 11:00:00,251.33507709583796
2026-12-05 12:00:00,252.2266922021179
2026-12-05 13:00:00,253.15488032081544
2026-12-05 14:00:00,253.95333873646143
2026-12-05 15:00:00,254.46742192284847
2026-12-05 16:00:00,254.56466385743155
2026-12-05 17:00:00,254.14374275736986
2026-12-05 18:00:00,253.71658559738984
2026-12-05 19:00:00,253.30110934370072
2026-12-05 20:00:00,252.896970148832
2026-12-05 21:00:00,252.50383562567745
2026-12-05 22:00:00,252.12138439166063
2026-12-05 23:00:00,251.749305635085
2026-12-06 00:00:00,251.38729870236676
2026-12-06 01:00:00,251.44988538431446
2026-12-06 02:00:00,251.50996109985655
2026-12-06 03:00:00,251.5676260835613
2026-12-06 04:00:00,251.62297660835483
2026-12-06 05:00:00,251.6761051389992
2026-12-06 06:00:00,251.72710047986732
2026-12-06 07:00:00,251.77604791720805
2026-12-06 08:00:00,251.82302935608865
2026-12-06 09:00:00,252.0262820456593
2026-12-06 10:00:00,252.7095635752954
2026-12-06 11:00:00,253.73274639495762
2026-12-06 12:00:00,254.9361966586039
2026-12-06 13:00:00,256.1515186734287
2026-12-06 14:00:00,257.21296025183216
2026-12-06 15:00:00,257.96866395293966
2026-12-06 16:00:00,258.2909551379373
2026-12-06 17:00:00,258.0849308025636
2026-12-06 18:00:00,257.8757111363346
2026-12-06 19:00:00,257.67507837602045
2026-12-06 20:00:00,257.48267416670205
2026-12-06 21:00:00,257.2981555890472
2026-12-06 22:00:00,257.1211944553741
2026-12-06 23:00:00,256.9514766409864
2026-12-07 00:00:00,256.7887014487596
2026-12-07 01:00:00,256.5206812488081
2026-12-07 02:00:00,256.2624660702885
2026-12-07 03:00:00,256.0136875239503
2026-12-07 04:00:00,255.7739917651868
2026-12-07 05:00:00,255.54303886848047
2026-12-07 06:00:00,255.32050223247677
2026-12-07 07:00:00,255.10606801392092
2026-12-07 08:00:00,254.8994345888131
2026-12-07 09:00:00,254.8526334874973
2026-12-07 10:00:00,255.29536012403298
2026-12-07 11:00:00,256.0891149177505
2026-12-07 12:00:00,257.0753443018439
2026-12-07 13:00:00,258.08609894772127
2026-12-07 14:00:00,258.9553983889126
2026-12-07 15:00:00,259.5304903157031
2026-12-07 16:00:00,259.6821950047382
2026-12-07 17:00:00,259.3135946590648
2026-12-07 18:00:00,258.9526990134119
2026-12-07 19:00:00,258.60513501487225
2026-12-07 20:00:00,258.27039229086023
2026-12-07 21:00:00,257.9479813232781
2026-12-07 22:00:00,257.63743249911727
2026-12-07 23:00:00,257.3382952114281
2026-12-08 00:00:00,257.05013700747054
2026-12-08 01:00:00,257.0204627631435
2026-12-08 02:00:00,256.9921592128496
2026-12-08 03:00:00,256.9651629248679
2026-12-08 04:00:00,256.9394134135277
2026-12-08 05:00:00,256.91485300142114
2026-12-08 06:00:00,256.8914266881472
2026-12-08 07:00:00,256.86908202526917
2026-12-08 08:00:00,256.8477689971846
2026-12-08 09:00:00,256.9743219909394
2026-12-08 10:00:00,257.58251278454435
2026-12-08 11:00:00,258.5294538490494
2026-12-08 12:00:00,259.65376226729245
2026-12-08 13:00:00,260.7863550094429
2026-12-08 14:00:00,261.7618383010375
2026-12-08 15:00:00,262.4296742695425
2026-12-08 16:00:00,262.66431991350964
2026-12-08 17:00:00,262.37361248823646
2026-12-08 18:00:00,262.09597074630295
2026-12-08 19:00:00,261.83136459679304
2026-12-08 20:00:00,261.57917132147617
2026-12-08 21:00:00,261.33879893911507
2026-12-08 22:00:00,261.1096845963438
2026-12-08 23:00:00,260.89129305131377
2026-12-09 00:00:00,260.6831152439796
2026-12-09 01:00:00,260.43556195433126
2026-12-09 02:00:00,260.19902543694803
2026-12-09 03:00:00,259.9730069991279
2026-12-09 04:00:00,259.7570312616581
2026-12-09 05:00:00,259.5506450037684
2026-12-09 06:00:00,259.3534160710392
2026-12-09 07:00:00,259.1649323423357
2026-12-09 08:00:00,258.9848007521283
2026-12-09 09:00:00,258.95448941948354
2026-12-09 10:00:00,259.4126792444806
2026-12-09 11:00:00,260.2171930511796
2026-12-09 12:00:00,261.20709248280576
2026-12-09 13:00:00,262.2134279538408
2026-12-09 14:00:00,263.0706060694113
2026-12-09 15:00:00,263.62755925967787
2026-12-09 16:00:00,263.7579123449189
2026-12-09 17:00:00,263.3727646814485
2026-12-09 18:00:00,263.0049294486316
2026-12-09 19:00:00,262.65360762798673
2026-12-09 20:00:00,262.3180389330924
2026-12-09 21:00:00,261.9974997660188
2026-12-09 22:00:00,261.69130129638853
2026-12-09 23:00:00,261.3987876544101
2026-12-10 00:00:00,261.1193342299506
2026-12-10 01:00:00,260.77184879895213
2026-12-10 02:00:00,260.43856879267764
2026-12-10 03:00:00,260.11889676254026
2026-12-10 04:00:00,259.81226174416264
2026-12-10 05:00:00,259.51811797275514
2026-12-10 06:00:00,259.2359436697814
2026-12-10 07:00:00,258.9652398962402
2026-12-10 08:00:00,258.7055294682533
2026-12-10 09:00:00,258.5935626668534
2026-12-10 10:00:00,258.97299756579815
2026-12-10 11:00:00,259.70343969336216
2026-12-10 12:00:00,260.6251589402196
2026-12-10 13:00:00,261.56977821934737
2026-12-10 14:00:00,262.3716216771661
2026-12-10 15:00:00,262.87890978897923
2026-12-10 16:00:00,262.96399497203083
2026-12-10 17:00:00,262.5407986803121
2026-12-10 18:00:00,262.1350165611711
2026-12-10 19:00:00,261.7459069062357
2026-12-10 20:00:00,261.3727616551021
2026-12-10 21:00:00,261.0149046996211
2026-12-10 22:00:00,260.6716902874964
2026-12-10 23:00:00,260.3425015182656
2026-12-11 00:00:00,260.02674892530626
2026-12-11 01:00:00,259.65659048262603
2026-12-11 02:00:00,259.30042026298565
2026-12-11 03:00:00,258.9576907502685
2026-12-11 04:00:00,258.6278772805605
2026-12-11 05:00:00,258.31047698087934
2026-12-11 06:00:00,258.00500776526883
2026-12-11 07:00:00,257.71100738456033
2026-12-11 08:00:00,257.4280325263874
2026-12-11 09:00:00,257.28863327801014
2026-12-11 10:00:00,257.6410416252561
2026-12-11 11:00:00,258.34644786115496
2026-12-11 12:00:00,259.2462286592738
2026-12-11 13:00:00,260.17258472590413
2026-12-11 14:00:00,260.95987209259675
2026-12-11 15:00:00,261.45581686609034
2026-12-11 16:00:00,261.53180652883344
2026-12-11 17:00:00,261.1045648049139
2026-12-11 18:00:00,260.6935613184543
2026-12-11 19:00:00,260.29815344367495
2026-12-11 20:00:00,259.91772591532504
2026-12-11 21:00:00,259.5516895168469
2026-12-11 22:00:00,259.1994798425648
2026-12-11 23:00:00,258.86055612889277
2026-12-12 00:00:00,258.5344001499576
2026-12-12 01:00:00,258.1357090404051
2026-12-12 02:00:00,257.7506150003398
2026-12-12 03:00:00,257.3786325137151
2026-12-12 04:00:00,257.0192948851581
2026-12-12 05:00:00,256.67215340879056
2026-12-12 06:00:00,256.33677658066824
2026-12-12 07:00:00,256.012749352087
2026-12-12 08:00:00,255.69967242120939
2026-12-12 09:00:00,255.52631235656978
2026-12-12 10:00:00,255.84514029395783
2026-12-12 11:00:00,256.51922401148704
2026-12-12 12:00:00,257.3912571507924
2026-12-12 13:00:00,258.29413345887406
2026-12-12 14:00:00,259.06225499034787
2026-12-12 15:00:00,259.5427672647141
2026-12-12 16:00:00,259.60591409696315
2026-12-12 17:00:00,259.1705654701745
2026-12-12 18:00:00,258.750130687277
2026-12-12 19:00:00,258.3440726477948
2026-12-12 20:00:00,257.95187538727896
2026-12-12 21:00:00,257.5730431220915
2026-12-12 22:00:00,257.2070993458033
2026-12-12 23:00:00,256.8535859738491
2026-12-13 00:00:00,256.5120625333391
2026-12-13 01:00:00,256.0961296037396
2026-12-13 02:00:00,255.69291047011734
2026-12-13 03:00:00,255.30199303241443
2026-12-13 04:00:00,254.92297998435893
2026-12-13 05:00:00,254.55548819401173
2026-12-13 06:00:00,254.19914811565337
2026-12-13 07:00:00,253.8536032310987
2026-12-13 08:00:00,253.51850951866413
2026-12-13 09:00:00,253.3192699372397
2026-12-13 10:00:00,253.6121619165613
2026-12-13 11:00:00,254.26206016286304
2026-12-13 12:00:00,255.1129401600861
2026-12-13 13:00:00,255.99838865228193
2026-12-13 14:00:00,256.7528860080456
2026-12-13 15:00:00,257.22305685513606
2026-12-13 16:00:00,257.27808176852795
2026-12-13 17:00:00,256.83866935319793
2026-12-13 18:00:00,256.41273576308834
2026-12-13 19:00:00,255.9998411882351
2026-12-13 20:00:00,255.59956178798006
2026-12-13 21:00:00,255.2114890111085
2026-12-13 22:00:00,254.83522895107163
2026-12-13 23:00:00,254.47040173410954
2026-12-14 00:00:00,254.11664093825007
2026-12-14 01:00:00,253.7063667680067
2026-12-14 02:00:00,253.3075400336117
2026-12-14 03:00:00,252.91981881826803
2026-12-14 04:00:00,252.5428726758586
2026-12-14 05:00:00,252.17638217535384
2026-12-14 06:00:00,251.82003846727096
2026-12-14 07:00:00,251.4735428708981
2026-12-14 08:00:00,251.13660648108274
2026-12-14 09:00:00,250.9316793103781
2026-12-14 10:00:00,251.21831609637317
2026-12-14 11:00:00,251.8627629396077
2026-12-14 12:00:00,252.70998173969792
2026-12-14 13:00:00,253.59411115518577
2026-12-14 14:00:00,254.34972710747488
2026-12-14 15:00:00,254.82310208177432
2026-12-14 16:00:00,254.88265644622373
2026-12-14 17:00:00,254.45094585541523
2026-12-14 18:00:00,254.0313265201389
2026-12-14 19:00:00,253.62343472343738
2026-12-14 20:00:00,253.22691909627486
2026-12-14 21:00:00,252.84144011883853
2026-12-14 22:00:00,252.46666964644763
2026-12-14 23:00:00,252.10229045860478
2026-12-15 00:00:00,251.74799582982752
2026-12-15 01:00:00,251.4381742411819
2026-12-15 02:00:00,251.13724165999122
2026-12-15 03:00:00,250.8449304606047
2026-12-15 04:00:00,250.5609817964759
2026-12-15 05:00:00,250.28514527062265
2026-12-15 06:00:00,250.0171786208331
2026-12-15 07:00:00,249.75684741882407
2026-12-15 08:00:00,249.50392478260864
2026-12-15 09:00:00,249.37832690969975
2026-12-15 10:00:00,249.74205489852216
2026-12-15 11:00:00,250.46101655990384
2026-12-15 12:00:00,251.3799622215888
2026-12-15 13:00:00,252.33296477370646
2026-12-15 14:00:00,253.1546884196123
2026-12-15 15:00:00,253.6916449301579
2026-12-15 16:00:00,253.81263102218216
2026-12-15 17:00:00,253.44323524736393
2026-12-15 18:00:00,253.08454167528959
2026-12-15 19:00:00,252.73622205860548
2026-12-15 20:00:00,252.3979592712341
2026-12-15 21:00:00,252.069446870169
2026-12-15 22:00:00,251.75038867809047
2026-12-15 23:00:00,251.44049838560946
2026-12-16 00:00:00,251.1394991720271
2026-12-16 01:00:00,251.00104341512167
2026-12-16 02:00:00,250.86721903174342
2026-12-16 03:00:00,250.73786861351488
2026-12-16 04:00:00,250.61284026665373
2026-12-16 05:00:00,250.4919874078476
2026-12-16 06:00:00,250.37516856840745
2026-12-16 07:00:00,250.2622472063169
2026-12-16 08:00:00,250.15309152581497
2026-12-16 09:00:00,250.16552940232424
2026-12-16 10:00:00,250.66317005607462
2026-12-16 11:00:00,251.50967091312515
2026-12-16 12:00:00,252.5482551539656
2026-12-16 13:00:00,253.6122818709209
2026-12-16 14:00:00,254.5365503402866
2026-12-16 15:00:00,255.1685331677127
2026-12-16 16:00:00,255.3787324855244
2026-12-16 17:00:00,255.09719110281185
2026-12-16 18:00:00,254.8252303377454
2026-12-16 19:00:00,254.562513553279
2026-12-16 20:00:00,254.30871665948584
2026-12-16 21:00:00,254.0635275970533
2026-12-16 22:00:00,253.82664584534214
2026-12-16 23:00:00,253.5977819536228
2026-12-17 00:00:00,253.3766570941943
2026-12-17 01:00:00,253.0362278178762
2026-12-17 02:00:00,252.70582929585325
2026-12-17 03:00:00,252.38515059145553
2026-12-17 04:00:00,252.0738913120289
2026-12-17 05:00:00,251.7717611977868
2026-12-17 06:00:00,251.47847972984422
2026-12-17 07:00:00,251.19377575635693
2026-12-17 08:00:00,250.91738713575873
2026-12-17 09:00:00,250.76524882191933
2026-12-17 10:00:00,251.10304593237194
2026-12-17 11:00:00,251.79637086352122
2026-12-17 12:00:00,252.68978372099318
2026-12-17 13:00:00,253.61729693290332
2026-12-17 14:00:00,254.41364063652057
2026-12-17 15:00:00,254.9255073731492
2026-12-17 16:00:00,255.0219701298567
2026-12-17 17:00:00,254.63283357238402
2026-12-17 18:00:00,254.25525115137816
2026-12-17 19:00:00,253.88885946089258
2026-12-17 20:00:00,253.53330773341344
2026-12-17 21:00:00,253.1882573281206
2026-12-17 22:00:00,252.85338124415387
2026-12-17 23:00:00,252.52836365741126
2026-12-18 00:00:00,252.2128994795084
2026-12-18 01:00:00,251.96739498632815
2026-12-18 02:00:00,251.72957041509113
2026-12-18 03:00:00,251.4991776116285
2026-12-18 04:00:00,251.2759769324667
2026-12-18 05:00:00,251.0597369221755
2026-12-18 06:00:00,250.85023400485994
2026-12-18 07:00:00,250.64725218905988
2026-12-18 08:00:00,250.45058278536538
2026-12-18 09:00:00,250.37486077004527
2026-12-18 10:00:00,250.78690418217823
2026-12-18 11:00:00,251.55145208012746
2026-12-18 12:00:00,252.51248852226777
2026-12-18 13:00:00,253.503763990609
2026-12-18 14:00:00,254.36007608516232
2026-12-18 15:00:00,254.9285065127084
2026-12-18 16:00:00,255.0788086863171
2026-12-18 17:00:00,254.74303321908957
2026-12-18 18:00:00,254.41789348137615
2026-12-18 19:00:00,254.10303747138326
2026-12-18 20:00:00,253.79812579249298
2026-12-18 21:00:00,253.50283114118722
2026-12-18 22:00:00,253.21683781960363
2026-12-18 23:00:00,252.93984127130156
2026-12-19 00:00:00,252.6715476389121
2026-12-19 01:00:00,252.67994941380783
2026-12-19 02:00:00,252.68801336388657
2026-12-19 03:00:00,252.6957530634722
2026-12-19 04:00:00,252.703181542175
2026-12-19 05:00:00,252.71031130669303
2026-12-19 06:00:00,252.71715436174546
2026-12-19 07:00:00,252.723722230172
2026-12-19 08:00:00,252.73002597223137
2026-12-19 09:00:00,252.84997657218975
2026-12-19 10:00:00,253.4504551651569
2026-12-19 11:00:00,254.3920127362863
2026-12-19 12:00:00,255.51582927180195
2026-12-19 13:00:00,256.65438809409653
2026-12-19 14:00:00,257.64280718329223
2026-12-19 15:00:00,258.33001778989404
2026-12-19 16:00:00,258.5889866660567
2026-12-19 17:00:00,258.3569982286351
2026-12-19 18:00:00,258.1345281746357
2026-12-19 19:00:00,257.9211786549543
2026-12-19 20:00:00,257.71656904302347
2026-12-19 21:00:00,257.52033514098133
2026-12-19 22:00:00,257.332128426348
2026-12-19 23:00:00,257.15161533682937
2026-12-20 00:00:00,256.9784765910324
2026-12-20 01:00:00,256.8290400855066
2026-12-20 02:00:00,256.68579666452837
2026-12-20 03:00:00,256.54848667150753
2026-12-20 04:00:00,256.4168615811799
2026-12-20 05:00:00,256.29068350238214
2026-12-20 06:00:00,256.1697247046738
2026-12-20 07:00:00,256.05376716753034
2026-12-20 08:00:00,255.9426021509101
2026-12-20 09:00:00,255.9494098613915
2026-12-20 10:00:00,256.44125535051495
2026-12-20 11:00:00,257.2780044452772
2026-12-20 12:00:00,258.300346991655
2026-12-20 13:00:00,259.3404735846317
2026-12-20 14:00:00,260.23339900972996
2026-12-20 15:00:00,260.8281221464195
2026-12-20 16:00:00,260.9978191574393
2026-12-20 17:00:00,260.68059807446946
2026-12-20 18:00:00,260.3767049031607
2026-12-20 19:00:00,260.08556577527577
2026-12-20 20:00:00,259.8066326892859
2026-12-20 21:00:00,259.5393822476903
2026-12-20 22:00:00,259.283314464032
2026-12-20 23:00:00,259.037951635103
2026-12-21 00:00:00,258.80283727417674
2026-12-21 01:00:00,258.46635519501143
2026-12-21 02:00:00,258.14235574352324
2026-12-21 03:00:00,257.83036035192924
2026-12-21 04:00:00,257.52990994335346
2026-12-21 05:00:00,257.2405640532569
2026-12-21 06:00:00,256.96189999671947
2026-12-21 07:00:00,256.6935120787284
2026-12-21 08:00:00,256.43501084483717
2026-12-21 09:00:00,256.2992983740875
2026-12-21 10:00:00,256.6538884466474
2026-12-21 11:00:00,257.3606664540116
2026-12-21 12:00:00,258.2616529353282
2026-12-21 13:00:00,259.1896043624245
2026-12-21 14:00:00,259.97931241468734
2026-12-21 15:00:00,260.4787944066824
2026-12-21 16:00:00,260.55957020975836
2026-12-21 17:00:00,260.1576499072717
2026-12-21 18:00:00,259.7707409628808
2026-12-21 19:00:00,259.39826032769275
2026-12-21 20:00:00,259.03964926502584
2026-12-21 21:00:00,258.6943722119525
2026-12-21 22:00:00,258.36191570342635
2026-12-21 23:00:00,258.04178735487466
2026-12-22 00:00:00,257.73351489945924
2026-12-22 01:00:00,257.50612115501474
2026-12-22 02:00:00,257.2877550822563
2026-12-22 03:00:00,257.0780512816865
2026-12-22 04:00:00,256.87665969292715
2026-12-22 05:00:00,256.6832449075039
2026-12-22 06:00:00,256.49748551581956
2026-12-22 07:00:00,256.31907348635303
2026-12-22 08:00:00,256.1477135752515
2026-12-22 09:00:00,256.09671096945675
2026-12-22 10:00:00,256.5330548463081
2026-12-22 11:00:00,257.31740473861674
2026-12-22 12:00:00,258.29096528587536
2026-12-22 13:00:00,259.28613358187266
2026-12-22 14:00:00,260.1378141452825
2026-12-22 15:00:00,260.6945923398376
2026-12-22 16:00:00,260.8289623730344
2026-12-22 17:00:00,260.4779314661562
2026-12-22 18:00:00,260.1409917065363
2026-12-22 19:00:00,259.81756039887495
2026-12-22 20:00:00,259.50708030237655
2026-12-22 21:00:00,259.2090184099429
2026-12-22 22:00:00,258.92286479459443
2026-12-22 23:00:00,258.6481315187385
2026-12-23 00:00:00,258.38435160224145
2026-12-23 01:00:00,258.2626726827793
2026-12-23 02:00:00,258.1464873348937
2026-12-23 03:00:00,258.03554553649786
2026-12-23 04:00:00,257.92960882159934
2026-12-23 05:00:00,257.82844973043706
2026-12-23 06:00:00,257.731851287178
2026-12-23 07:00:00,257.63960650366994
2026-12-23 08:00:00,257.5515179078383
2026-12-23 09:00:00,257.5817136230621
2026-12-23 10:00:00,258.0959294732776
2026-12-23 11:00:00,258.9522488563665
2026-12-23 12:00:00,259.9901754243731
2026-12-23 13:00:00,261.0413589505434
2026-12-23 14:00:00,261.94092633897105
2026-12-23 15:00:00,262.538605469531
2026-12-23 16:00:00,262.70884030426004
2026-12-23 17:00:00,262.39051259393585
2026-12-23 18:00:00,262.0867545648028
2026-12-23 19:00:00,261.7968852703555
2026-12-23 20:00:00,261.52025686533585
2026-12-23 21:00:00,261.25625288077174
2026-12-23 22:00:00,261.00428659940303
2026-12-23 23:00:00,260.76379952471723
2026-12-24 00:00:00,260.5342599373547
2026-12-24 01:00:00,260.1562606149216
2026-12-24 02:00:00,259.7927650492886
2026-12-24 03:00:00,259.4431969631367
2026-12-24 04:00:00,259.1070044859943
2026-12-24 05:00:00,258.7836590046931
2026-12-24 06:00:00,258.47265407680817
2026-12-24 07:00:00,258.1735044029701
2026-12-24 08:00:00,257.88574485425283
2026-12-24 09:00:00,257.724390175941
2026-12-24 10:00:00,258.05462176854775
2026-12-24 11:00:00,258.7376400608411
2026-12-24 12:00:00,259.61497233956777
2026-12-24 13:00:00,260.5190912870365
2026-12-24 14:00:00,261.2847193112495
2026-12-24 15:00:00,261.76001023374494
2026-12-24 16:00:00,261.8168037522158
2026-12-24 17:00:00,261.38943645038506
2026-12-24 18:00:00,260.9785465049564
2026-12-24 19:00:00,260.5834731176828
2026-12-24 20:00:00,260.2035839502137
2026-12-24 21:00:00,259.83827374697455
2026-12-24 22:00:00,259.48696303630794
2026-12-24 23:00:00,259.1490969045536
2026-12-25 00:00:00,258.8241438381695
2026-12-25 01:00:00,258.26227061805014
2026-12-25 02:00:00,257.7160140728683
2026-12-25 03:00:00,257.184896394669
2026-12-25 04:00:00,256.6684568368172
2026-12-25 05:00:00,256.16625096730235
2026-12-25 06:00:00,255.67784996245584
2026-12-25 07:00:00,255.20283993845013
2026-12-25 08:00:00,254.74082131814743
2026-12-25 09:00:00,254.40842818099088
2026-12-25 10:00:00,254.57064173743586
2026-12-25 11:00:00,255.09385660731735
2026-12-25 12:00:00,255.82317984175478
2026-12-25 13:00:00,256.59286676865906
2026-12-25 14:00:00,257.2375604292168
2026-12-25 15:00:00,257.6035346514546
2026-12-25 16:00:00,257.55913448202017
2026-12-25 17:00:00,257.0323565917004
2026-12-25 18:00:00,256.52012518450965
2026-12-25 19:00:00,256.0220004646969
2026-12-25 20:00:00,255.53755804554189
2026-12-25 21:00:00,255.06638829143623
2026-12-25 22:00:00,254.60809569463746
2026-12-25 23:00:00,254.162298284497
2026-12-26 00:00:00,253.728627067124
2026-12-26 01:00:00,253.2124016512272
2026-12-26 02:00:00,252.70848867682588
2026-12-26 03:00:00,252.21655875887757
2026-12-26 04:00:00,251.73629303333138
2026-12-26 05:00:00,251.26738273844322
2026-12-26 06:00:00,250.80952881677342
2026-12-26 07:00:00,250.36244153664092
2026-12-26 08:00:00,249.9258401318928
2026-12-26 09:00:00,249.61844621780767
2026-12-26 10:00:00,249.80391277823244
2026-12-26 11:00:00,250.35056423295592
2026-12-26 12:00:00,251.10486401423464
2026-12-26 13:00:00,251.90178640453175
2026-12-26 14:00:00,252.57603191674374
2026-12-26 15:00:00,252.97329012110936
2026-12-26 16:00:00,252.9607440377348
2026-12-26 17:00:00,252.46281988680101
2026-12-26 18:00:00,251.97671922163525
2026-12-26 19:00:00,251.50212824392574
2026-12-26 20:00:00,251.0387430575948
2026-12-26 21:00:00,250.58626928060227
2026-12-26 22:00:00,250.14442167562922
2026-12-26 23:00:00,249.71292379853932
2026-12-27 00:00:00,249.29150766359115
2026-12-27 01:00:00,249.08694256936764
2026-12-27 02:00:00,248.88839300746787
2026-12-27 03:00:00,248.6956767004401
2026-12-27 04:00:00,248.50861720883464
2026-12-27 05:00:00,248.32704372574557
2026-12-27 06:00:00,248.15079087966146
2026-12-27 07:00:00,247.97969854522754
2026-12-27 08:00:00,247.81361166154397
2026-12-27 09:00:00,247.77376116807017
2026-12-27 10:00:00,248.22091513419815
2026-12-27 11:00:00,249.02062082769893
2026-12-27 12:00:00,250.0173730510329
2026-12-27 13:00:00,251.0451176080244
2026-12-27 14:00:00,251.93853379785844
2026-12-27 15:00:00,252.54429389944195
2026-12-27 16:00:00,252.73149320467022
2026-12-27 17:00:00,252.4249186180295
2026-12-27 18:00:00,252.12750105207496
2026-12-27 19:00:00,251.8389545919715
2026-12-27 20:00:00,251.55900298960336
2026-12-27 21:00:00,251.28737929245327
2026-12-27 22:00:00,251.02382548936382
2026-12-27 23:00:00,250.76809217226005
2026-12-28 00:00:00,250.51993821296972
2026-12-28 01:00:00,250.07964602317665
2026-12-28 02:00:00,249.64966320709445
2026-12-28 03:00:00,249.2297230084367
2026-12-28 04:00:00,248.81956676420032
2026-12-28 05:00:00,248.41894360270769
2026-12-28 06:00:00,248.02761015559014
2026-12-28 07:00:00,247.64533028293897
2026-12-28 08:00:00,247.27187481089976
2026-12-28 09:00:00,247.03120214836594
2026-12-28 10:00:00,247.28208487432033
2026-12-28 11:00:00,247.89296521222738
2026-12-28 12:00:00,248.71034888994367
2026-12-28 13:00:00,249.56918383980198
2026-12-28 14:00:00,250.3040857296967
2026-12-28 15:00:00,250.7606141541434
2026-12-28 16:00:00,250.80579324866676
2026-12-28 17:00:00,250.35879369440696
2026-12-28 18:00:00,249.92227773342833
2026-12-28 19:00:00,249.49597329194734
2026-12-28 20:00:00,249.07961658937774
2026-12-28 21:00:00,248.67295182706783
2026-12-28 22:00:00,248.2757308914996
2026-12-28 23:00:00,247.887713071142
2026-12-29 00:00:00,247.5086647862032
2026-12-29 01:00:00,247.210124346647
2026-12-29 02:00:00,246.9190600341798
2026-12-29 03:00:00,246.63527326308488
2026-12-29 04:00:00,246.35857129183282
2026-12-29 05:00:00,246.08876702243128
2026-12-29 06:00:00,245.82567880809714
2026-12-29 07:00:00,245.56913026883439
2026-12-29 08:00:00,245.31895011452647
2026-12-29 09:00:00,245.2023636727118
2026-12-29 10:00:00,245.57489418957277
2026-12-29 11:00:00,246.3041149758364
2026-12-29 12:00:00,247.2358897334643
2026-12-29 13:00:00,248.20479937367955
2026-12-29 14:00:00,249.0453961625511
2026-12-29 15:00:00,249.60348691321704
2026-12-29 16:00:00,249.74663849153646
2026-12-29 17:00:00,249.3916752726882
2026-12-29 18:00:00,249.04570609667664
2026-12-29 19:00:00,248.70848672622898
2026-12-29 20:00:00,248.3797803857905
2026-12-29 21:00:00,248.05935749121997
2026-12-29 22:00:00,247.74699539142617
2026-12-29 23:00:00,247.44247812130862
2026-12-30 00:00:00,247.1455961654066
2026-12-30 01:00:00,246.72765271669746
2026-12-30 02:00:00,246.3186543154472
2026-12-30 03:00:00,245.91838720075032
2026-12-30 04:00:00,245.5266436770571
2026-12-30 05:00:00,245.14322190061588
2026-12-30 06:00:00,244.76792567523984
2026-12-30 07:00:00,244.4005642569097
2026-12-30 08:00:00,244.04095216675307
2026-12-30 09:00:00,243.81992108749736
2026-12-30 10:00:00,244.08999723500298
2026-12-30 11:00:00,244.72049686812
2026-12-30 12:00:00,245.55849590826932
2026-12-30 13:00:00,246.43918227492705
2026-12-30 14:00:00,247.19707575795877
2026-12-30 15:00:00,247.67732085207197
2026-12-30 16:00:00,247.7462461964887
2026-12-30 17:00:00,247.31540679593434
2026-12-30 18:00:00,246.8938223674042
2026-12-30 19:00:00,246.48127027965427
2026-12-30 20:00:00,246.07753428248375
2026-12-30 21:00:00,245.68240427923865
2026-12-30 22:00:00,245.29567610937843
2026-12-30 23:00:00,244.91715134057168
2026-12-31 00:00:00,244.54663706981944
2026-12-31 01:00:00,244.30169655256503
2026-12-31 02:00:00,244.06266791661264
2026-12-31 03:00:00,243.82940099001738
2026-12-31 04:00:00,243.60174977620676
2026-12-31 05:00:00,243.37957232041518
2026-12-31 06:00:00,243.16273058123107
2026-12-31 07:00:00,242.95109030702142
2026-12-31 08:00:00,242.74452091701062
2026-12-31 09:00:00,242.67793567075125
2026-12-31 10:00:00,243.09966566770152
2026-12-31 11:00:00,243.87759401189533
2026-12-31 12:00:00,244.85774280995932
2026-12-31 13:00:00,245.87469914680963
2026-12-31 14:00:00,246.7628774698243
2026-12-31 15:00:00,247.36782026226436
2026-12-31 16:00:00,247.55672968461462
2026-12-31 17:00:00,247.23849777168905
2026-12-31 18:00:00,246.92807073300057
2026-12-31 19:00:00,246.62524421948672
2026-12-31 20:00:00,246.32981986693943
2026-12-31 21:00:00,246.04160508939805
2026-12-31 22:00:00,245.76041288121127
2026-12-31 23:00:00,245.48606162732975
2027-01-01 00:00:00,245.21837492141617
