Date,Température (K)
2026-01-01 00:00:00,283.0
2026-01-01 01:00:00,278.30813406387085
2026-01-01 02:00:00,274.39306717380975
2026-01-01 03:00:00,271.1158015274365
2026-01-01 04:00:00,268.3653716074308
2026-01-01 05:00:00,266.05223849207647
2026-01-01 06:00:00,264.1035204832864
2026-01-01 07:00:00,262.45946933391207
2026-01-01 08:00:00,261.07081471055375
2026-01-01 09:00:00,260.4406787774916
2026-01-01 10:00:00,261.8068928094292
2026-01-01 11:00:00,264.3918635762991
2026-01-01 12:00:00,267.43755151858767
2026-01-01 13:00:00,270.2415607786584
2026-01-01 14:00:00,272.19495070867043
2026-01-01 15:00:00,272.81533611505176
2026-01-01 16:00:00,271.77039782931394
2026-01-01 17:00:00,268.91524469400997
2026-01-01 18:00:00,266.51503512615045
2026-01-01 19:00:00,264.4936497988604
2026-01-01 20:00:00,262.7887744649083
2026-01-01 21:00:00,261.3490827346637
2026-01-01 22:00:00,260.13208392028156
2026-01-01 23:00:00,259.1024538207095
2026-01-02 00:00:00,258.23072304777827
2026-01-02 01:00:00,265.02758367684766
2026-01-02 02:00:00,268.7069239646574
2026-01-02 03:00:00,270.6879863638456
2026-01-02 04:00:00,271.7514440735357
2026-01-02 05:00:00,272.32138038275633
2026-01-02 06:00:00,272.6265521736494
2026-01-02 07:00:00,272.7898774554132
2026-01-02 08:00:00,272.8772651360825
2026-01-02 09:00:00,273.4868339599855
2026-01-02 10:00:00,275.7133515629168
2026-01-02 11:00:00,278.3324387453948
2026-01-02 12:00:00,280.5895744974496
2026-01-02 13:00:00,282.02409937567535
2026-01-02 14:00:00,282.3776068313984
2026-01-02 15:00:00,281.54329605296965
2026-01-02 16:00:00,279.53493177801334
2026-01-02 17:00:00,276.4722279671355
2026-01-02 18:00:00,274.8432951772816
2026-01-02 19:00:00,273.9746005139857
2026-01-02 20:00:00,273.51068142906195
2026-01-02 21:00:00,273.26274479999717
2026-01-02 22:00:00,273.1301852197143
2026-01-02 23:00:00,273.0592971330782
2026-01-03 00:00:00,273.02138446395173
2026-01-03 01:00:00,272.6487213728465
2026-01-03 02:00:00,272.43619458238226
2026-01-03 03:00:00,272.31495550402275
2026-01-03 04:00:00,272.24578092839755
2026-01-03 05:00:00,272.20630856930865
2026-01-03 06:00:00,272.18378361014834
2026-01-03 07:00:00,272.17092929832194
2026-01-03 08:00:00,272.1635935981153
2026-01-03 09:00:00,272.74265954534445
2026-01-03 10:00:00,274.9748669216442
2026-01-03 11:00:00,277.6777897336275
2026-01-03 12:00:00,280.07675222010937
2026-01-03 13:00:00,281.67232752167996
2026-01-03 14:00:00,282.16766142893044
2026-01-03 15:00:00,281.4252916103645
2026-01-03 16:00:00,279.4382335658487
2026-01-03 17:00:00,276.30764225593776
2026-01-03 18:00:00,274.5192618176892
2026-01-03 19:00:00,273.5021168834128
2026-01-03 20:00:00,272.9227577170745
2026-01-03 21:00:00,272.59248331974567
2026-01-03 22:00:00,272.4041153399939
2026-01-03 23:00:00,272.2966531068304
2026-01-04 00:00:00,272.23533749861065
2026-01-04 01:00:00,269.29146184877675
2026-01-04 02:00:00,266.8135071845648
2026-01-04 03:00:00,264.7238580250592
2026-01-04 04:00:00,262.9589632385215
2026-01-04 05:00:00,261.4664568978454
2026-01-04 06:00:00,260.2029629276829
2026-01-04 07:00:00,259.13239501732824
2026-01-04 08:00:00,258.2246223485721
2026-01-04 09:00:00,258.0596530862442
2026-01-04 10:00:00,259.8228726348739
2026-01-04 11:00:00,262.75097557598707
2026-01-04 12:00:00,266.09505637962144
2026-01-04 13:00:00,269.1583457897779
2026-01-04 14:00:00,271.33525182609316
2026-01-04 15:00:00,272.14542465057497
2026-01-04 16:00:00,271.2580041205948
2026-01-04 17:00:00,268.50347704457744
2026-01-04 18:00:00,266.149383340101
2026-01-04 19:00:00,264.1632122172823
2026-01-04 20:00:00,262.48503265484715
2026-01-04 21:00:00,261.0653788717688
2026-01-04 22:00:00,259.86322005702016
2026-01-04 23:00:00,258.84438147915466
2026-01-05 00:00:00,257.9803008141005
2026-01-05 01:00:00,256.5047272061979
2026-01-05 02:00:00,255.20785784908134
2026-01-05 03:00:00,254.0671099069821
2026-01-05 04:00:00,253.06296915833076
2026-01-05 05:00:00,252.17852405565222
2026-01-05 06:00:00,251.39908152393494
2026-01-05 07:00:00,250.71184776061236
2026-01-05 08:00:00,250.10566123885965
2026-01-05 09:00:00,250.19954741068705
2026-01-05 10:00:00,252.1871293525138
2026-01-05 11:00:00,255.37361517524144
2026-01-05 12:00:00,259.04438309116205
2026-01-05 13:00:00,262.5072396267059
2026-01-05 14:00:00,265.1367738759538
2026-01-05 15:00:00,266.41486173621155
2026-01-05 16:00:00,265.9621011755172
2026-01-05 17:00:00,263.55676515719404
2026-01-05 18:00:00,261.3953266136791
2026-01-05 19:00:00,259.5017267558142
2026-01-05 20:00:00,257.84069003897855
2026-01-05 21:00:00,256.38207356829224
2026-01-05 22:00:00,255.10000716802008
2026-01-05 23:00:00,253.97220332411962
2026-01-06 00:00:00,252.9793977010768
2026-01-06 01:00:00,252.24533950174157
2026-01-06 02:00:00,251.60186079298856
2026-01-06 03:00:00,251.03756034997372
2026-01-06 04:00:00,250.5425240669155
2026-01-06 05:00:00,250.10811890661077
2026-01-06 06:00:00,249.72681817810482
2026-01-06 07:00:00,249.39205275387428
2026-01-06 08:00:00,249.0980839006787
2026-01-06 09:00:00,249.4937452758517
2026-01-06 10:00:00,251.74754486379476
2026-01-06 11:00:00,255.16012319808442
2026-01-06 12:00:00,259.01532747202816
2026-01-06 13:00:00,262.6226911512593
2026-01-06 14:00:00,265.36165991784156
2026-01-06 15:00:00,266.721619804918
2026-01-06 16:00:00,266.3325692790777
2026-01-06 17:00:00,263.9831460437545
2026-01-06 18:00:00,261.85753688932505
2026-01-06 19:00:00,260.0057887776055
2026-01-06 20:00:00,258.390610016829
2026-01-06 21:00:00,256.9802729305028
2026-01-06 22:00:00,255.74766649083648
2026-01-06 23:00:00,254.66953799959091
2026-01-07 00:00:00,253.72587969999964
2026-01-07 01:00:00,253.23538499001288
2026-01-07 02:00:00,252.8112608191207
2026-01-07 03:00:00,252.4444275148194
2026-01-07 04:00:00,252.127072518852
2026-01-07 05:00:00,251.8524672395369
2026-01-07 06:00:00,251.61481196396383
2026-01-07 07:00:00,251.40910413741167
2026-01-07 08:00:00,251.23102619703272
2026-01-07 09:00:00,251.7572959282711
2026-01-07 10:00:00,254.12085475375648
2026-01-07 11:00:00,257.60112746053846
2026-01-07 12:00:00,261.4721426070493
2026-01-07 13:00:00,265.04408578698894
2026-01-07 14:00:00,267.7060549104373
2026-01-07 15:00:00,268.9639920618777
2026-01-07 16:00:00,268.4687936704622
2026-01-07 17:00:00,266.03165331282605
2026-01-07 18:00:00,263.83448292106067
2026-01-07 19:00:00,261.9480564575715
2026-01-07 20:00:00,260.32629367518587
2026-01-07 21:00:00,258.9305105309682
2026-01-07 22:00:00,257.7280839359379
2026-01-07 23:00:00,256.6913958305646
2026-01-08 00:00:00,255.79698855385183
2026-01-08 01:00:00,254.9636752149313
2026-01-08 02:00:00,254.24205974162854
2026-01-08 03:00:00,253.61688021347945
2026-01-08 04:00:00,253.0750327550795
2026-01-08 05:00:00,252.6052481589298
2026-01-08 06:00:00,252.19782149537036
2026-01-08 07:00:00,251.844384925398
2026-01-08 08:00:00,251.53771599763215
2026-01-08 09:00:00,251.98012740705227
2026-01-08 10:00:00,254.27377937933562
2026-01-08 11:00:00,257.6998456398478
2026-01-08 12:00:00,261.53233562245555
2026-01-08 13:00:00,265.0797666555591
2026-01-08 14:00:00,267.72818108152256
2026-01-08 15:00:00,268.97946570461517
2026-01-08 16:00:00,268.47992599769276
2026-01-08 17:00:00,266.0360987789679
2026-01-08 18:00:00,263.8001278970627
2026-01-08 19:00:00,261.87533891505615
2026-01-08 20:00:00,260.216208505599
2026-01-08 21:00:00,258.78444944173094
2026-01-08 22:00:00,257.54771102100085
2026-01-08 23:00:00,256.4785508902738
2026-01-09 00:00:00,255.55361220335482
2026-01-09 01:00:00,254.25107693043688
2026-01-09 02:00:00,253.09899452094527
2026-01-09 03:00:00,252.07925996550622
2026-01-09 04:00:00,251.17610571096944
2026-01-09 05:00:00,250.37576525974615
2026-01-09 06:00:00,249.6661926217158
2026-01-09 07:00:00,249.03682679117816
2026-01-09 08:00:00,248.47839283761203
2026-01-09 09:00:00,248.72088913635707
2026-01-09 10:00:00,250.84770363391036
2026-01-09 11:00:00,254.1729464777794
2026-01-09 12:00:00,257.9857356020309
2026-01-09 13:00:00,261.59322266088867
2026-01-09 14:00:00,264.36585735852026
2026-01-09 15:00:00,265.7789698115474
2026-01-09 16:00:00,265.4453700176603
2026-01-09 17:00:00,263.135404446746
2026-01-09 18:00:00,260.9393486745584
2026-01-09 19:00:00,259.00527335821346
2026-01-09 20:00:00,257.2997630449652
2026-01-09 21:00:00,255.7941510908715
2026-01-09 22:00:00,254.46373568763184
2026-01-09 23:00:00,253.28714931201665
2026-01-10 00:00:00,252.2458464050882
2026-01-10 01:00:00,251.33752600107493
2026-01-10 02:00:00,250.53309134448455
2026-01-10 03:00:00,249.82031501830213
2026-01-10 04:00:00,249.18848362154569
2026-01-10 05:00:00,248.62819412590486
2026-01-10 06:00:00,248.1311810794162
2026-01-10 07:00:00,247.69016926509607
2026-01-10 08:00:00,247.29874750982682
2026-01-10 09:00:00,247.72050458179353
2026-01-10 10:00:00,250.00839422437446
2026-01-10 11:00:00,253.47797547548208
2026-01-10 12:00:00,257.41925906768523
2026-01-10 13:00:00,261.1400752282366
2026-01-10 14:00:00,264.0115869972241
2026-01-10 15:00:00,265.51004316580395
2026-01-10 16:00:00,265.2494690722316
2026-01-10 17:00:00,263.0017346336201
2026-01-10 18:00:00,260.83070190372786
2026-01-10 19:00:00,258.9194982019158
2026-01-10 20:00:00,257.2349170702682
2026-01-10 21:00:00,255.74847230946853
2026-01-10 22:00:00,254.43561985889806
2026-01-10 23:00:00,253.27513158981213
2026-01-11 00:00:00,252.2485862488492
2026-01-11 01:00:00,251.91776908472988
2026-01-11 02:00:00,251.6310525235466
2026-01-11 03:00:00,251.38251295282504
2026-01-11 04:00:00,251.16703354801714
2026-01-11 05:00:00,250.98019161721814
2026-01-11 06:00:00,250.81816236452946
2026-01-11 07:00:00,250.67763651011833
2026-01-11 08:00:00,250.55574964542788
2026-01-11 09:00:00,251.25182419219365
2026-01-11 10:00:00,253.77098876556983
2026-01-11 11:00:00,257.395308834488
2026-01-11 12:00:00,261.39932543081653
2026-01-11 13:00:00,265.09226948174194
2026-01-11 14:00:00,267.8614445668531
2026-01-11 15:00:00,269.2107379428645
2026-01-11 16:00:00,268.7892112877327
2026-01-11 17:00:00,266.40677626342807
2026-01-11 18:00:00,264.13478014721943
2026-01-11 19:00:00,262.18159491907755
2026-01-11 20:00:00,260.5001951861587
2026-01-11 21:00:00,259.0510919778653
2026-01-11 22:00:00,257.8009682569162
2026-01-11 23:00:00,256.7216016357349
2026-01-12 00:00:00,255.78900384957365
2026-01-12 01:00:00,254.5037265928948
2026-01-12 02:00:00,253.36917467929374
2026-01-12 03:00:00,252.36696569375724
2026-01-12 04:00:00,251.4811157824221
2026-01-12 05:00:00,250.69769203135942
2026-01-12 06:00:00,250.00452278090918
2026-01-12 07:00:00,249.39095461809214
2026-01-12 08:00:00,248.84764730810477
2026-01-12 09:00:00,249.20221568561715
2026-01-12 10:00:00,251.43384014038344
2026-01-12 11:00:00,254.85231492288565
2026-01-12 12:00:00,258.7437011893932
2026-01-12 13:00:00,262.4135702638508
2026-01-12 14:00:00,265.23237609662283
2026-01-12 15:00:00,266.6769881646967
2026-01-12 16:00:00,266.3630677735283
2026-01-12 17:00:00,264.06475791694555
2026-01-12 18:00:00,261.7880324343427
2026-01-12 19:00:00,259.78774587465944
2026-01-12 20:00:00,258.02800217478267
2026-01-12 21:00:00,256.4780998514812
2026-01-12 22:00:00,255.11165873775158
2026-01-12 23:00:00,253.90592069372212
2026-01-13 00:00:00,252.84118368733107
2026-01-13 01:00:00,251.38839423602224
2026-01-13 02:00:00,250.0790622817296
2026-01-13 03:00:00,248.89811360038598
2026-01-13 04:00:00,247.83222895333466
2026-01-13 05:00:00,246.86960764474125
2026-01-13 06:00:00,245.9997688682139
2026-01-13 07:00:00,245.21338372870713
2026-01-13 08:00:00,244.50213236129585
2026-01-13 09:00:00,244.72985029898553
2026-01-13 10:00:00,246.855603263141
2026-01-13 11:00:00,250.22276412848495
2026-01-13 12:00:00,254.13468257615338
2026-01-13 13:00:00,257.89862842863016
2026-01-13 14:00:00,260.8727452473244
2026-01-13 15:00:00,262.5102430793115
2026-01-13 16:00:00,262.3953538670263
2026-01-13 17:00:00,260.26703907706116
2026-01-13 18:00:00,258.06396358913247
2026-01-13 19:00:00,256.08650087453924
2026-01-13 20:00:00,254.3093578457065
2026-01-13 21:00:00,252.71050249613927
2026-01-13 22:00:00,251.27066101877327
2026-01-13 23:00:00,249.97290818989111
2026-01-14 00:00:00,248.8023307298545
2026-01-14 01:00:00,247.4398331722092
2026-01-14 02:00:00,246.1969840325039
2026-01-14 03:00:00,245.0624884420533
2026-01-14 04:00:00,244.02625030844723
2026-01-14 05:00:00,243.0792228322091
2026-01-14 06:00:00,242.21328134242373
2026-01-14 07:00:00,241.42111451817576
2026-01-14 08:00:00,240.69613085667217
2026-01-14 09:00:00,240.94052242191427
2026-01-14 10:00:00,243.08619855747247
2026-01-14 11:00:00,246.49607077106674
2026-01-14 12:00:00,250.48424541028666
2026-01-14 13:00:00,254.36019077194217
2026-01-14 14:00:00,257.47637563205143
2026-01-14 15:00:00,259.27376068915885
2026-01-14 16:00:00,259.3196231744384
2026-01-14 17:00:00,257.3334648870341
2026-01-14 18:00:00,255.2006420686917
2026-01-14 19:00:00,253.2638959089345
2026-01-14 20:00:00,251.50316014159105
2026-01-14 21:00:00,249.9007792725085
2026-01-14 22:00:00,248.44115657009937
2026-01-14 23:00:00,247.11046423505965
2026-01-15 00:00:00,245.89640287358839
2026-01-15 01:00:00,245.35534231153537
2026-01-15 02:00:00,244.86941456253172
2026-01-15 03:00:00,244.4328823526924
2026-01-15 04:00:00,244.04062858818943
2026-01-15 05:00:00,243.68808483144812
2026-01-15 06:00:00,243.37116888731168
2026-01-15 07:00:00,243.08623017702595
2026-01-15 08:00:00,242.83000179913435
2026-01-15 09:00:00,243.54598547695494
2026-01-15 10:00:00,246.11402032456098
2026-01-15 11:00:00,249.8694359477053
2026-01-15 12:00:00,254.1111775337753
2026-01-15 13:00:00,258.1464114745101
2026-01-15 14:00:00,261.3376808491893
2026-01-15 15:00:00,263.1467923745905
2026-01-15 16:00:00,263.16998006048766
2026-01-15 17:00:00,261.1604575246156
2026-01-15 18:00:00,259.0037241816158
2026-01-15 19:00:00,257.08260148538756
2026-01-15 20:00:00,255.36926121814923
2026-01-15 21:00:00,253.83959438051633
2026-01-15 22:00:00,252.4726249751027
2026-01-15 23:00:00,251.2500342425803
2026-01-16 00:00:00,250.1557709290324
2026-01-16 01:00:00,249.02309299103658
2026-01-16 02:00:00,248.00275564800725
2026-01-16 03:00:00,247.0830754265516
2026-01-16 04:00:00,246.2536863345889
2026-01-16 05:00:00,245.5053719627678
2026-01-16 06:00:00,244.8299225779543
2026-01-16 07:00:00,244.22001283706533
2026-01-16 08:00:00,243.6690966308677
2026-01-16 09:00:00,244.15741520878794
2026-01-16 10:00:00,246.52516857746144
2026-01-16 11:00:00,250.11282674863284
2026-01-16 12:00:00,254.22126128910162
2026-01-16 13:00:00,258.1562081965852
2026-01-16 14:00:00,261.2755992006918
2026-01-16 15:00:00,263.03395140656124
2026-01-16 16:00:00,263.0183060329094
2026-01-16 17:00:00,260.97170858434265
2026-01-16 18:00:00,258.7333233915904
2026-01-16 19:00:00,256.72879062780527
2026-01-16 20:00:00,254.93141554485874
2026-01-16 21:00:00,253.31799922235012
2026-01-16 22:00:00,251.86829221396474
2026-01-16 23:00:00,250.56455078223993
2026-01-17 00:00:00,249.39117313104768
2026-01-17 01:00:00,249.62897120764396
2026-01-17 02:00:00,249.83403381935594
2026-01-17 03:00:00,250.01084487501294
2026-01-17 04:00:00,250.16327986097383
2026-01-17 05:00:00,250.29468692386655
2026-01-17 06:00:00,250.40795752614608
2026-01-17 07:00:00,250.5055879174066
2026-01-17 08:00:00,250.589732542174
2026-01-17 09:00:00,251.68939261153335
2026-01-17 10:00:00,254.56571366191326
2026-01-17 11:00:00,258.4925133341346
2026-01-17 12:00:00,262.74017586153195
2026-01-17 13:00:00,266.618297395712
2026-01-17 14:00:00,269.5190474941574
2026-01-17 15:00:00,270.95515056791913
2026-01-17 16:00:00,270.58748712474573
2026-01-17 17:00:00,268.2394883844444
2026-01-17 18:00:00,265.7914332158355
2026-01-17 19:00:00,263.7031017833149
2026-01-17 20:00:00,261.9189740823201
2026-01-17 21:00:00,260.3928270743221
2026-01-17 22:00:00,259.0859795795302
2026-01-17 23:00:00,257.96592151826854
2026-01-18 00:00:00,257.00522958125964
2026-01-18 01:00:00,255.93005562385267
2026-01-18 02:00:00,254.99632865347255
2026-01-18 03:00:00,254.18495199561957
2026-01-18 04:00:00,253.47952766860377
2026-01-18 05:00:00,252.86594533216794
2026-01-18 06:00:00,252.3320410768986
2026-01-18 07:00:00,251.86731246988035
2026-01-18 08:00:00,251.46267930819593
2026-01-18 09:00:00,252.1798203342882
2026-01-18 10:00:00,254.73572578453516
2026-01-18 11:00:00,258.41287128876724
2026-01-18 12:00:00,262.4826282069451
2026-01-18 13:00:00,266.2482752460212
2026-01-18 14:00:00,269.089369571311
2026-01-18 15:00:00,270.501335285328
2026-01-18 16:00:00,270.1250687198971
2026-01-18 17:00:00,267.76341954794236
2026-01-18 18:00:00,265.23867294766137
2026-01-18 19:00:00,263.05984129388435
2026-01-18 20:00:00,261.17666401058796
2026-01-18 21:00:00,259.5469179887635
2026-01-18 22:00:00,258.13494483508185
2026-01-18 23:00:00,256.9104948547874
2026-01-19 00:00:00,255.8478082417322
2026-01-19 01:00:00,254.06848234882773
2026-01-19 02:00:00,252.46572403614397
2026-01-19 03:00:00,251.02062123244474
2026-01-19 04:00:00,249.7165503563226
2026-01-19 05:00:00,248.53884987105974
2026-01-19 06:00:00,247.47454958344923
2026-01-19 07:00:00,246.51214448681782
2026-01-19 08:00:00,245.64140451616504
2026-01-19 09:00:00,245.9664824800278
2026-01-19 10:00:00,248.19470534092997
2026-01-19 11:00:00,251.66601770087408
2026-01-19 12:00:00,255.67941836348191
2026-01-19 13:00:00,259.53741822178665
2026-01-19 14:00:00,262.5935755515055
2026-01-19 15:00:00,264.2972406767958
2026-01-19 16:00:00,264.22992556427135
2026-01-19 17:00:00,262.1292101735946
2026-01-19 18:00:00,259.7132402419613
2026-01-19 19:00:00,257.5446313331036
2026-01-19 20:00:00,255.5953912758728
2026-01-19 21:00:00,253.8412131367534
2026-01-19 22:00:00,252.2608899693064
2026-01-19 23:00:00,250.83584158896005
2026-01-20 00:00:00,249.54972826912012
2026-01-20 01:00:00,248.89288274571962
2026-01-20 02:00:00,248.30922629590373
2026-01-20 03:00:00,247.79042559837623
2026-01-20 04:00:00,247.32913377250526
2026-01-20 05:00:00,246.91886568050734
2026-01-20 06:00:00,246.55389064974307
2026-01-20 07:00:00,246.22913984311413
2026-01-20 08:00:00,245.94012601338756
2026-01-20 09:00:00,246.8411879480064
2026-01-20 10:00:00,249.579587469601
2026-01-20 11:00:00,253.47156898903722
2026-01-20 12:00:00,257.8043014132664
2026-01-20 13:00:00,261.8807062376424
2026-01-20 14:00:00,265.0663863662497
2026-01-20 15:00:00,266.8326560798264
2026-01-20 16:00:00,266.7902135116214
2026-01-20 17:00:00,264.7097644847616
2026-01-20 18:00:00,262.3020529174524
2026-01-20 19:00:00,260.1805879520894
2026-01-20 20:00:00,258.30871016565567
2026-01-20 21:00:00,256.6550443994349
2026-01-20 22:00:00,255.19260652861146
2026-01-20 23:00:00,253.89809001978466
2026-01-21 00:00:00,252.7512898888629
2026-01-21 01:00:00,252.9135541686864
2026-01-21 02:00:00,253.05112063115774
2026-01-21 03:00:00,253.1677379848587
2026-01-21 04:00:00,253.26658889387642
2026-01-21 05:00:00,253.35037462098558
2026-01-21 06:00:00,253.42138724679205
2026-01-21 07:00:00,253.48157122256887
2026-01-21 08:00:00,253.53257578467557
2026-01-21 09:00:00,254.7804537472711
2026-01-21 10:00:00,257.7766678205185
2026-01-21 11:00:00,261.77083965350397
2026-01-21 12:00:00,266.0226680675081
2026-01-21 13:00:00,269.84323172603183
2026-01-21 14:00:00,272.6364100036544
2026-01-21 15:00:00,273.93424328703077
2026-01-21 16:00:00,273.4214498961598
2026-01-21 17:00:00,270.94669940083435
2026-01-21 18:00:00,268.25210836747794
2026-01-21 19:00:00,265.9921605531284
2026-01-21 20:00:00,264.09354259864773
2026-01-21 21:00:00,262.4962622560744
2026-01-21 22:00:00,261.1509445640379
2026-01-21 23:00:00,260.01675935586167
2026-01-22 00:00:00,259.0598093965576
2026-01-22 01:00:00,258.38755875224433
2026-01-22 02:00:00,257.8234988877411
2026-01-22 03:00:00,257.3500327605261
2026-01-22 04:00:00,256.95248034019704
2026-01-22 05:00:00,256.6185787919355
2026-01-22 06:00:00,256.3380731005404
2026-01-22 07:00:00,256.1023793738208
2026-01-22 08:00:00,255.90430694760056
2026-01-22 09:00:00,256.9900970339729
2026-01-22 10:00:00,259.8442290848097
2026-01-22 11:00:00,263.70081542226126
2026-01-22 12:00:00,267.81168524292906
2026-01-22 13:00:00,271.48634421116134
2026-01-22 14:00:00,274.131994512711
2026-01-22 15:00:00,275.28736642813436
2026-01-22 16:00:00,274.64566866639984
2026-01-22 17:00:00,272.0644314827562
2026-01-22 18:00:00,269.2502949128348
2026-01-22 19:00:00,266.90776209984136
2026-01-22 20:00:00,264.95431669673087
2026-01-22 21:00:00,263.322955062335
2026-01-22 22:00:00,261.9589397413786
2026-01-22 23:00:00,260.8173319574052
2026-01-23 00:00:00,259.8610871068747
2026-01-23 01:00:00,258.833112342167
2026-01-23 02:00:00,257.9608592602656
2026-01-23 03:00:00,257.22029719939724
2026-01-23 04:00:00,256.59122785077744
2026-01-23 05:00:00,256.05663928723067
2026-01-23 06:00:00,255.60217855660514
2026-01-23 07:00:00,255.2157184404784
2026-01-23 08:00:00,254.88699969352035
2026-01-23 09:00:00,255.90847112033845
2026-01-23 10:00:00,258.7218233348025
2026-01-23 11:00:00,262.57539727350274
2026-01-23 12:00:00,266.7250361665137
2026-01-23 13:00:00,270.4755881447406
2026-01-23 14:00:00,273.2228462660927
2026-01-23 15:00:00,274.48965381293607
2026-01-23 16:00:00,273.95126031034624
2026-01-23 17:00:00,271.4473832091003
2026-01-23 18:00:00,268.6239875430192
2026-01-23 19:00:00,266.2450963591254
2026-01-23 20:00:00,264.23717686112377
2026-01-23 21:00:00,262.5398956519394
2026-01-23 22:00:00,261.10344916033756
2026-01-23 23:00:00,259.8865193717193
2026-01-24 00:00:00,258.8546848582211
2026-01-24 01:00:00,257.92669824836787
2026-01-24 02:00:00,257.13679745742803
2026-01-24 03:00:00,256.4640763392997
2026-01-24 04:00:00,255.89089306466846
2026-01-24 05:00:00,255.4023330591395
2026-01-24 06:00:00,254.98576779556342
2026-01-24 07:00:00,254.6304903212106
2026-01-24 08:00:00,254.3274127356351
2026-01-24 09:00:00,255.42005143214533
2026-01-24 10:00:00,258.29935751099146
2026-01-24 11:00:00,262.21797966781105
2026-01-24 12:00:00,266.4333539892306
2026-01-24 13:00:00,270.2497553246381
2026-01-24 14:00:00,273.06082101625753
2026-01-24 15:00:00,274.38627432041125
2026-01-24 16:00:00,273.89788122690595
2026-01-24 17:00:00,271.43202523367626
2026-01-24 18:00:00,268.5859210405131
2026-01-24 19:00:00,266.18166747718413
2026-01-24 20:00:00,264.147046608929
2026-01-24 21:00:00,262.4226861052703
2026-01-24 22:00:00,260.9594760421272
2026-01-24 23:00:00,259.7165888875255
2026-01-25 00:00:00,258.6599390459288
2026-01-25 01:00:00,257.1290839391714
2026-01-25 02:00:00,255.78587854830926
2026-01-25 03:00:00,254.60630658232893
2026-01-25 04:00:00,253.5696598935659
2026-01-25 05:00:00,252.6580287544889
2026-01-25 06:00:00,251.8558829354882
2026-01-25 07:00:00,251.14972470393795
2026-01-25 08:00:00,250.5277993739438
2026-01-25 09:00:00,251.3824009480567
2026-01-25 10:00:00,254.08532450388134
2026-01-25 11:00:00,257.93168619875837
2026-01-25 12:00:00,262.195398476529
2026-01-25 13:00:00,266.1737503460865
2026-01-25 14:00:00,269.23378013432347
2026-01-25 15:00:00,270.85423853113446
2026-01-25 16:00:00,270.65768348388303
2026-01-25 17:00:00,268.429216577315
2026-01-25 18:00:00,265.67088758640716
2026-01-25 19:00:00,263.26449771629797
2026-01-25 20:00:00,261.1616544705541
2026-01-25 21:00:00,259.3214549584619
2026-01-25 22:00:00,257.70912768881226
2026-01-25 23:00:00,256.2949671393298
2026-01-26 00:00:00,255.0534873387766
2026-01-26 01:00:00,254.142713122723
2026-01-26 02:00:00,253.3478787454185
2026-01-26 03:00:00,252.65387731552903
2026-01-26 04:00:00,252.04765358835826
2026-01-26 05:00:00,251.5179054489015
2026-01-26 06:00:00,251.05483353313008
2026-01-26 07:00:00,250.6499301384264
2026-01-26 08:00:00,250.29580044287349
2026-01-26 09:00:00,251.44105892025314
2026-01-26 10:00:00,254.3955390884281
2026-01-26 11:00:00,258.44610968442856
2026-01-26 12:00:00,262.86352169463225
2026-01-26 13:00:00,266.9470494499543
2026-01-26 14:00:00,270.0704675506406
2026-01-26 15:00:00,271.72313880870183
2026-01-26 16:00:00,271.540847639511
2026-01-26 17:00:00,269.3230903229876
2026-01-26 18:00:00,266.537857754401
2026-01-26 19:00:00,264.1273276404856
2026-01-26 20:00:00,262.0375523142957
2026-01-26 21:00:00,260.2232421785871
2026-01-26 22:00:00,258.6461530172613
2026-01-26 23:00:00,257.2738284373877
2026-01-27 00:00:00,256.07860611592065
2026-01-27 01:00:00,254.59386154545578
2026-01-27 02:00:00,253.27425876418258
2026-01-27 03:00:00,252.10047639740458
2026-01-27 04:00:00,251.05565466805302
2026-01-27 05:00:00,250.12503949831472
2026-01-27 06:00:00,249.29568681579306
2026-01-27 07:00:00,248.55621511656838
2026-01-27 08:00:00,247.89659706019808
2026-01-27 09:00:00,248.81669730162594
2026-01-27 10:00:00,251.59338335850128
2026-01-27 11:00:00,255.5402569641554
2026-01-27 12:00:00,259.93932355412295
2026-01-27 13:00:00,264.0864805987305
2026-01-27 14:00:00,267.3393199482202
2026-01-27 15:00:00,269.1611067325718
2026-01-27 16:00:00,269.15530484084724
2026-01-27 17:00:00,267.08681072463486
2026-01-27 18:00:00,264.3409444780363
2026-01-27 19:00:00,261.915861336714
2026-01-27 20:00:00,259.7706021177535
2026-01-27 21:00:00,257.8702046709707
2026-01-27 22:00:00,256.1846577932381
2026-01-27 23:00:00,254.68807375415614
2026-01-28 00:00:00,253.35802602643318
2026-01-28 01:00:00,252.28165486217787
2026-01-28 02:00:00,251.3274867412073
2026-01-28 03:00:00,250.4811575988249
2026-01-28 04:00:00,249.7300970970561
2026-01-28 05:00:00,249.06328202308887
2026-01-28 06:00:00,248.47102837879376
2026-01-28 07:00:00,247.9448151039575
2026-01-28 08:00:00,247.47713386064635
2026-01-28 09:00:00,248.62488405145396
2026-01-28 10:00:00,251.60361245930184
2026-01-28 11:00:00,255.72215937171265
2026-01-28 12:00:00,260.2602428458533
2026-01-28 13:00:00,264.5142056555737
2026-01-28 14:00:00,267.84480323413624
2026-01-28 15:00:00,269.7208660259552
2026-01-28 16:00:00,269.75323399144924
2026-01-28 17:00:00,267.7152209786994
2026-01-28 18:00:00,264.9503327606583
2026-01-28 19:00:00,262.5193592098684
2026-01-28 20:00:00,260.378447947001
2026-01-28 21:00:00,258.4903070450033
2026-01-28 22:00:00,256.82304238457584
2026-01-28 23:00:00,255.3492412350878
2026-01-29 00:00:00,254.04524110307966
2026-01-29 01:00:00,253.05599865089033
2026-01-29 02:00:00,252.18508839766562
2026-01-29 03:00:00,251.41794328784258
2026-01-29 04:00:00,250.74188257338207
2026-01-29 05:00:00,250.1458465748126
2026-01-29 06:00:00,249.6201734123805
2026-01-29 07:00:00,249.1564100515126
2026-01-29 08:00:00,248.74715161618653
2026-01-29 09:00:00,250.00535701109183
2026-01-29 10:00:00,253.07714455395805
2026-01-29 11:00:00,257.260742607908
2026-01-29 12:00:00,261.83062825274874
2026-01-29 13:00:00,266.0831624474775
2026-01-29 14:00:00,269.3839083585564
2026-01-29 15:00:00,271.210402093418
2026-01-29 16:00:00,271.1848393129473
2026-01-29 17:00:00,269.09312174287965
2026-01-29 18:00:00,266.2396743797297
2026-01-29 19:00:00,263.7492984255737
2026-01-29 20:00:00,261.57204571510795
2026-01-29 21:00:00,259.6657354025405
2026-01-29 22:00:00,257.99453332248
2026-01-29 23:00:00,256.52784069840425
2026-01-30 00:00:00,255.2394135012467
2026-01-30 01:00:00,253.92246423720496
2026-01-30 02:00:00,252.75500523221396
2026-01-30 03:00:00,251.71932421686466
2026-01-30 04:00:00,250.79996731507305
2026-01-30 05:00:00,249.98341681606385
2026-01-30 06:00:00,249.25782216295917
2026-01-30 07:00:00,248.61277388095465
2026-01-30 08:00:00,248.03911245225754
2026-01-30 09:00:00,249.20524444022766
2026-01-30 10:00:00,252.20685890325146
2026-01-30 11:00:00,256.3519680764
2026-01-30 12:00:00,260.918725396354
2026-01-30 13:00:00,265.2013946586536
2026-01-30 14:00:00,268.5584162475314
2026-01-30 15:00:00,270.4563601865856
2026-01-30 16:00:00,270.5041106290291
2026-01-30 17:00:00,268.47349616615634
2026-01-30 18:00:00,265.60290073058036
2026-01-30 19:00:00,263.07748803289087
2026-01-30 20:00:00,260.85192809039904
2026-01-30 21:00:00,258.8877086206398
2026-01-30 22:00:00,257.15191505953317
2026-01-30 23:00:00,255.6162718491223
2026-01-31 00:00:00,254.2563796320331
2026-01-31 01:00:00,252.7275742562144
2026-01-31 02:00:00,251.35424631029167
2026-01-31 03:00:00,250.1195722006799
2026-01-31 04:00:00,249.0087446497067
2026-01-31 05:00:00,248.00869320362534
2026-01-31 06:00:00,247.10785066758794
2026-01-31 07:00:00,246.2959565842667
2026-01-31 08:00:00,245.5638908416949
2026-01-31 09:00:00,246.63810886068518
2026-01-31 10:00:00,249.5742985939982
2026-01-31 11:00:00,253.70030307138762
2026-01-31 12:00:00,258.30343181523335
2026-01-31 13:00:00,262.6768183027437
2026-01-31 14:00:00,266.1685688666626
2026-01-31 15:00:00,268.2275940413049
2026-01-31 16:00:00,268.4403148028669
2026-01-31 17:00:00,266.5540806778392
2026-01-31 18:00:00,263.7296982986231
2026-01-31 19:00:00,261.2101381805841
2026-01-31 20:00:00,258.9587788714448
2026-01-31 21:00:00,256.94415749809343
2026-01-31 22:00:00,255.13908920364764
2026-01-31 23:00:00,253.5199676892432
2026-02-01 00:00:00,252.06620338443184
2026-02-01 01:00:00,251.11748108509948
2026-02-01 02:00:00,250.27529967868225
2026-02-01 03:00:00,249.52731672779274
2026-02-01 04:00:00,248.8627000261568
2026-02-01 05:00:00,248.27192572544647
2026-02-01 06:00:00,247.7466070310145
2026-02-01 07:00:00,247.27934810502163
2026-02-01 08:00:00,246.8636189008041
2026-02-01 09:00:00,248.287371054911
2026-02-01 10:00:00,251.52428275733405
2026-02-01 11:00:00,255.88314181259017
2026-02-01 12:00:00,260.6420185649048
2026-02-01 13:00:00,265.0947920451402
2026-02-01 14:00:00,268.59968289064216
2026-02-01 15:00:00,270.6235638350542
2026-02-01 16:00:00,270.7763550299795
2026-02-01 17:00:00,268.831695660431
2026-02-01 18:00:00,265.92206540685777
2026-02-01 19:00:00,263.3637677315317
2026-02-01 20:00:00,261.1104464579089
2026-02-01 21:00:00,259.12275519460815
2026-02-01 22:00:00,257.3670956006
2026-02-01 23:00:00,255.81462746383656
2026-02-02 00:00:00,254.44048220617987
2026-02-02 01:00:00,253.23189506129575
2026-02-02 02:00:00,252.1607788945026
2026-02-02 03:00:00,251.2108747335922
2026-02-02 04:00:00,250.36798060693303
2026-02-02 05:00:00,249.6196624918785
2026-02-02 06:00:00,248.95501198605422
2026-02-02 07:00:00,248.3644418907843
2026-02-02 08:00:00,247.83951281030255
2026-02-02 09:00:00,249.22667944966395
2026-02-02 10:00:00,252.43290833462012
2026-02-02 11:00:00,256.7642591853946
2026-02-02 12:00:00,261.49676334825057
2026-02-02 13:00:00,265.92294594326233
2026-02-02 14:00:00,269.40035097778764
2026-02-02 15:00:00,271.3958013820665
2026-02-02 16:00:00,271.5196848026829
2026-02-02 17:00:00,269.5464666050312
2026-02-02 18:00:00,266.5539178260018
2026-02-02 19:00:00,263.92477991833874
2026-02-02 20:00:00,261.6107448949282
2026-02-02 21:00:00,259.5708795994031
2026-02-02 22:00:00,257.77028351565394
2026-02-02 23:00:00,256.1790390252752
2026-02-03 00:00:00,254.77137973384512
2026-02-03 01:00:00,253.4230029620863
2026-02-03 02:00:00,252.22330484484453
2026-02-03 03:00:00,251.1551110743677
2026-02-03 04:00:00,250.2033943844102
2026-02-03 05:00:00,249.35497208170614
2026-02-03 06:00:00,248.59825318473068
2026-02-03 07:00:00,247.92302563462803
2026-02-03 08:00:00,247.3202761513389
2026-02-03 09:00:00,248.6971007011143
2026-02-03 10:00:00,251.90241185669657
2026-02-03 11:00:00,256.2475967913011
2026-02-03 12:00:00,261.01056621441774
2026-02-03 13:00:00,265.482515689494
2026-02-03 14:00:00,269.0169157204894
2026-02-03 15:00:00,271.0744700360477
2026-02-03 16:00:00,271.25825999130046
2026-02-03 17:00:00,269.3351428649613
2026-02-03 18:00:00,266.3190391609453
2026-02-03 19:00:00,263.65792255721885
2026-02-03 20:00:00,261.30575122092847
2026-02-03 21:00:00,259.2233985811403
2026-02-03 22:00:00,257.3774069242389
2026-02-03 23:00:00,255.73901059575692
2026-02-04 00:00:00,254.2833607674221
2026-02-04 01:00:00,253.37232404025693
2026-02-04 02:00:00,252.57378084604738
2026-02-04 03:00:00,251.87349235931362
2026-02-04 04:00:00,251.2591029985187
2026-02-04 05:00:00,250.7198725421659
2026-02-04 06:00:00,250.24645067152528
2026-02-04 07:00:00,249.83068625157682
2026-02-04 08:00:00,249.46546526473097
2026-02-04 09:00:00,251.1217800860693
2026-02-04 10:00:00,254.5555802505736
2026-02-04 11:00:00,259.05648278807087
2026-02-04 12:00:00,263.89286859598326
2026-02-04 13:00:00,268.358360455455
2026-02-04 14:00:00,271.8196366165981
2026-02-04 15:00:00,273.7592153335187
2026-02-04 16:00:00,273.8076248215969
2026-02-04 17:00:00,271.7614921521973
2026-02-04 18:00:00,268.6060687771917
2026-02-04 19:00:00,265.8684371218321
2026-02-04 20:00:00,263.48865059506426
2026-02-04 21:00:00,261.41651098356635
2026-02-04 22:00:00,259.60970081177766
2026-02-04 23:00:00,258.0323415886485
2026-02-05 00:00:00,256.6538646715942
2026-02-05 01:00:00,255.55525255097757
2026-02-05 02:00:00,254.59805506041255
2026-02-05 03:00:00,253.76355839071192
2026-02-05 04:00:00,253.03564866722482
2026-02-05 05:00:00,252.4004209254877
2026-02-05 06:00:00,251.84585401019638
2026-02-05 07:00:00,251.36153862922188
2026-02-05 08:00:00,250.93844863878203
2026-02-05 09:00:00,252.60904783650815
2026-02-05 10:00:00,256.05030562875055
2026-02-05 11:00:00,260.54334808762434
2026-02-05 12:00:00,265.35239094378414
2026-02-05 13:00:00,269.77096583223704
2026-02-05 14:00:00,273.1692407949191
2026-02-05 15:00:00,275.03602152150114
2026-02-05 16:00:00,275.0099089148805
2026-02-05 17:00:00,272.8962989773173
2026-02-05 18:00:00,269.63028771401594
2026-02-05 19:00:00,266.8120453823756
2026-02-05 20:00:00,264.3752250018736
2026-02-05 21:00:00,262.2645796102058
2026-02-05 22:00:00,260.43378242577205
2026-02-05 23:00:00,258.843755418252
2026-02-06 00:00:00,257.46136808452457
2026-02-06 01:00:00,256.7644649350835
2026-02-06 02:00:00,256.1714448596873
2026-02-06 03:00:00,255.66662223753085
2026-02-06 04:00:00,255.23673529891664
2026-02-06 05:00:00,254.87055625242473
2026-02-06 06:00:00,254.55856833222225
2026-02-06 07:00:00,254.2926971408339
2026-02-06 08:00:00,254.06608634290745
2026-02-06 09:00:00,255.9772256527092
2026-02-06 10:00:00,259.5904944858724
2026-02-06 11:00:00,264.1576735928676
2026-02-06 12:00:00,268.9332754069964
2026-02-06 13:00:00,273.21900318465896
2026-02-06 14:00:00,276.4081301415173
2026-02-06 15:00:00,278.02337057718233
2026-02-06 16:00:00,277.7431623838243
2026-02-06 17:00:00,275.4137997877125
2026-02-06 18:00:00,271.9486625345164
2026-02-06 19:00:00,269.0322001677622
2026-02-06 20:00:00,266.5720588797637
2026-02-06 21:00:00,264.49303312444675
2026-02-06 22:00:00,262.73341522607836
2026-02-06 23:00:00,261.2422546886886
2026-02-07 00:00:00,259.97726386225906
2026-02-07 01:00:00,259.189135592166
2026-02-07 02:00:00,258.5293098310025
2026-02-07 03:00:00,257.9766446385488
2026-02-07 04:00:00,257.51355836613953
2026-02-07 05:00:00,257.12540718883383
2026-02-07 06:00:00,256.79997829367903
2026-02-07 07:00:00,256.52707523266554
2026-02-07 08:00:00,256.29817729080486
2026-02-07 09:00:00,258.27538783923654
2026-02-07 10:00:00,261.9209857214035
2026-02-07 11:00:00,266.46809232368247
2026-02-07 12:00:00,271.16571765964056
2026-02-07 13:00:00,275.32143790976437
2026-02-07 14:00:00,278.34340287758675
2026-02-07 15:00:00,279.7752699132357
2026-02-07 16:00:00,279.3192954836351
2026-02-07 17:00:00,276.845487350472
2026-02-07 18:00:00,273.2279914214513
2026-02-07 19:00:00,270.2311579223301
2026-02-07 20:00:00,267.7426103830785
2026-02-07 21:00:00,265.67217434669556
2026-02-07 22:00:00,263.946910086611
2026-02-07 23:00:00,262.50743457887864
2026-02-08 00:00:00,261.30514533646766
2026-02-08 01:00:00,260.2059441596801
2026-02-08 02:00:00,259.28160939047234
2026-02-08 03:00:00,258.50381906271804
2026-02-08 04:00:00,257.84898623762166
2026-02-08 05:00:00,257.29742396380004
2026-02-08 06:00:00,256.83267013340105
2026-02-08 07:00:00,256.4409380155283
2026-02-08 08:00:00,256.1106665626273
2026-02-08 09:00:00,258.0671646372953
2026-02-08 10:00:00,261.70700384584995
2026-02-08 11:00:00,266.2676913932506
2026-02-08 12:00:00,270.99828980847724
2026-02-08 13:00:00,275.2028358984634
2026-02-08 14:00:00,278.2832807850491
2026-02-08 15:00:00,279.7755001817742
2026-02-08 16:00:00,279.37347700703833
2026-02-08 17:00:00,276.9394034699674
2026-02-08 18:00:00,273.27938851360994
2026-02-08 19:00:00,270.2316082731931
2026-02-08 20:00:00,267.68757542442114
2026-02-08 21:00:00,265.5598966094138
2026-02-08 22:00:00,263.77759908470824
2026-02-08 23:00:00,262.2826637466631
2026-02-09 00:00:00,261.0274035593203
2026-02-09 01:00:00,259.83104762874575
2026-02-09 02:00:00,258.8171044200734
2026-02-09 03:00:00,257.95715942729737
2026-02-09 04:00:00,257.2273943102139
2026-02-09 05:00:00,256.6077954385076
2026-02-09 06:00:00,256.0815121455518
2026-02-09 07:00:00,255.63433270671837
2026-02-09 08:00:00,255.2542538563938
2026-02-09 09:00:00,257.23276964419483
2026-02-09 10:00:00,260.9076713087779
2026-02-09 11:00:00,265.5252945764951
2026-02-09 12:00:00,270.3366656957299
2026-02-09 13:00:00,274.64203379429784
2026-02-09 14:00:00,277.8351986203322
2026-02-09 15:00:00,279.4411416398092
2026-02-09 16:00:00,279.1418821800578
2026-02-09 17:00:00,276.78806779681787
2026-02-09 18:00:00,273.1135522094366
2026-02-09 19:00:00,270.0297000600399
2026-02-09 20:00:00,267.4353793875475
2026-02-09 21:00:00,265.2486093215364
2026-02-09 22:00:00,263.4023925667686
2026-02-09 23:00:00,261.8416105796875
2026-02-10 00:00:00,260.5206668676739
2026-02-10 01:00:00,258.74426724073135
2026-02-10 02:00:00,257.18601150797673
2026-02-10 03:00:00,255.81772850405602
2026-02-10 04:00:00,254.61520517136248
2026-02-10 05:00:00,253.55755657349485
2026-02-10 06:00:00,252.62671293321628
2026-02-10 07:00:00,251.80699825987284
2026-02-10 08:00:00,251.09939241542205
2026-02-10 09:00:00,252.83016059944478
2026-02-10 10:00:00,256.35183173728575
2026-02-10 11:00:00,260.95290020464364
2026-02-10 12:00:00,265.89748970671906
2026-02-10 13:00:00,270.47266417029766
2026-02-10 14:00:00,274.03727842927776
2026-02-10 15:00:00,276.06585835014835
2026-02-10 16:00:00,276.1817351320421
2026-02-10 17:00:00,274.175805898742
2026-02-10 18:00:00,270.66397151780455
2026-02-10 19:00:00,267.60865692347113
2026-02-10 20:00:00,264.94467057265314
2026-02-10 21:00:00,262.6175515584378
2026-02-10 22:00:00,260.5814603403666
2026-02-10 23:00:00,258.7975652221987
2026-02-11 00:00:00,257.2327889784413
2026-02-11 01:00:00,256.6150042333302
2026-02-11 02:00:00,256.090326884957
2026-02-11 03:00:00,255.6445677027145
2026-02-11 04:00:00,255.2657436577966
2026-02-11 05:00:00,254.94372266124168
2026-02-11 06:00:00,254.66992890630067
2026-02-11 07:00:00,254.4370975466901
2026-02-11 08:00:00,254.3185584502777
2026-02-11 09:00:00,256.57557509081016
2026-02-11 10:00:00,260.4935652679277
2026-02-11 11:00:00,265.32241693653845
2026-02-11 12:00:00,270.31541361248117
2026-02-11 13:00:00,274.7744778292601
2026-02-11 14:00:00,278.0950302818158
2026-02-11 15:00:00,279.8039715855979
2026-02-11 16:00:00,279.58569701377826
2026-02-11 17:00:00,277.29366729380575
2026-02-11 18:00:00,273.5378221528364
2026-02-11 19:00:00,270.38714793629833
2026-02-11 20:00:00,267.73765674226956
2026-02-11 21:00:00,265.5051554931514
2026-02-11 22:00:00,263.62090912448866
2026-02-11 23:00:00,262.0284179721446
2026-02-12 00:00:00,260.6809771124914
2026-02-12 01:00:00,258.5613898263075
2026-02-12 02:00:00,256.6713636678232
2026-02-12 03:00:00,254.9840221237318
2026-02-12 04:00:00,253.47604878800422
2026-02-12 05:00:00,252.12713122576508
2026-02-12 06:00:00,250.91950870275278
2026-02-12 07:00:00,249.83760101132756
2026-02-12 08:00:00,249.01286526648136
2026-02-12 09:00:00,250.6343028794762
2026-02-12 10:00:00,254.09054494661763
2026-02-12 11:00:00,258.69233576314093
2026-02-12 12:00:00,263.7123024568412
2026-02-12 13:00:00,268.4329905819161
2026-02-12 14:00:00,272.1974043370001
2026-02-12 15:00:00,274.4555961753289
2026-02-12 16:00:00,274.80124494798423
2026-02-12 17:00:00,272.99403862898265
2026-02-12 18:00:00,269.49164742989984
2026-02-12 19:00:00,266.3913759378825
2026-02-12 20:00:00,263.6411434343579
2026-02-12 21:00:00,261.1968881107935
2026-02-12 22:00:00,259.02105970158794
2026-02-12 23:00:00,257.0814531698349
2026-02-13 00:00:00,255.35029381153507
2026-02-13 01:00:00,254.49258874765496
2026-02-13 02:00:00,253.74703205908722
2026-02-13 03:00:00,253.0986522442971
2026-02-13 04:00:00,252.5345518872484
2026-02-13 05:00:00,252.0436018457782
2026-02-13 06:00:00,251.61618501473046
2026-02-13 07:00:00,251.24398056291506
2026-02-13 08:00:00,251.13139536539973
2026-02-13 09:00:00,253.39779492773138
2026-02-13 10:00:00,257.3759472855265
2026-02-13 11:00:00,262.34189280969014
2026-02-13 12:00:00,267.555585516789
2026-02-13 13:00:00,272.308522231255
2026-02-13 14:00:00,275.97205889860396
2026-02-13 15:00:00,278.03984547665226
2026-02-13 16:00:00,278.1587685614306
2026-02-13 17:00:00,276.14515694745745
2026-02-13 18:00:00,272.44560880770183
2026-02-13 19:00:00,269.26969289295135
2026-02-13 20:00:00,266.53684701048127
2026-02-13 21:00:00,264.18060215411276
2026-02-13 22:00:00,262.1456730969058
2026-02-13 23:00:00,260.3857631097685
2026-02-14 00:00:00,258.8618789597452
2026-02-14 01:00:00,257.6001020660906
2026-02-14 02:00:00,256.508580583121
2026-02-14 03:00:00,255.56366395810304
2026-02-14 04:00:00,254.7451581534613
2026-02-14 05:00:00,254.0357773045844
2026-02-14 06:00:00,253.420693123791
2026-02-14 07:00:00,252.8871620169829
2026-02-14 08:00:00,252.70302999352165
2026-02-14 09:00:00,254.91096035388193
2026-02-14 10:00:00,258.8338354848962
2026-02-14 11:00:00,263.74118478444416
2026-02-14 12:00:00,268.889555785421
2026-02-14 13:00:00,273.56986096377807
2026-02-14 14:00:00,277.15528013342526
2026-02-14 15:00:00,279.14310926498604
2026-02-14 16:00:00,279.1849881447191
2026-02-14 17:00:00,277.10236929324213
2026-02-14 18:00:00,273.2804322352908
2026-02-14 19:00:00,270.01086000618153
2026-02-14 20:00:00,267.2069334289509
2026-02-14 21:00:00,264.79739798059984
2026-02-14 22:00:00,262.7232130451068
2026-02-14 23:00:00,260.9351128669455
2026-02-15 00:00:00,259.3917436499461
2026-02-15 01:00:00,257.87967375246274
2026-02-15 02:00:00,256.56052151416685
2026-02-15 03:00:00,255.40868627859098
2026-02-15 04:00:00,254.40220149159987
2026-02-15 05:00:00,253.52216214279267
2026-02-15 06:00:00,252.75225577818895
2026-02-15 07:00:00,252.07837528738833
2026-02-15 08:00:00,251.83504209684364
2026-02-15 09:00:00,253.99286470751497
2026-02-15 10:00:00,257.89230681869617
2026-02-15 11:00:00,262.8128052838267
2026-02-15 12:00:00,268.0134665037211
2026-02-15 13:00:00,272.7810800415199
2026-02-15 14:00:00,276.47917966948995
2026-02-15 15:00:00,278.5915220682377
2026-02-15 16:00:00,278.75421771991876
2026-02-15 17:00:00,276.7730647773852
2026-02-15 18:00:00,272.9519747049926
2026-02-15 19:00:00,269.65347362822456
2026-02-15 20:00:00,266.7991300326346
2026-02-15 21:00:00,264.3240572079973
2026-02-15 22:00:00,262.174125768109
2026-02-15 23:00:00,260.3038607827961
2026-02-16 00:00:00,258.6748281452336
2026-02-16 01:00:00,257.26397807929175
2026-02-16 02:00:00,256.0331899270597
2026-02-16 03:00:00,254.9586277160444
2026-02-16 04:00:00,254.01981602444073
2026-02-16 05:00:00,253.19911704561417
2026-02-16 06:00:00,252.48130062642275
2026-02-16 07:00:00,251.85318808784578
2026-02-16 08:00:00,251.71873495990522
2026-02-16 09:00:00,253.97513360718682
2026-02-16 10:00:00,257.9627416934278
2026-02-16 11:00:00,262.96067570997724
2026-02-16 12:00:00,268.2277739963201
2026-02-16 13:00:00,273.05082241388
2026-02-16 14:00:00,276.7937639174385
2026-02-16 15:00:00,278.9412438301583
2026-02-16 16:00:00,279.1307144901729
2026-02-16 17:00:00,277.1696598963988
2026-02-16 18:00:00,273.2961259626972
2026-02-16 19:00:00,269.95474492555445
2026-02-16 20:00:00,267.06524566303176
2026-02-16 21:00:00,264.56129809620643
2026-02-16 22:00:00,262.38762685679893
2026-02-16 23:00:00,260.4978380927565
2026-02-17 00:00:00,258.85275473344257
2026-02-17 01:00:00,256.5565944434391
2026-02-17 02:00:00,254.47114768646395
2026-02-17 03:00:00,252.57468697894484
2026-02-17 04:00:00,250.84814245343887
2026-02-17 05:00:00,249.2747041557757
2026-02-17 06:00:00,247.83949640662516
2026-02-17 07:00:00,246.5293089474455
2026-02-17 08:00:00,245.81706892038704
2026-02-17 09:00:00,247.54328662360342
2026-02-17 10:00:00,251.13655349608635
2026-02-17 11:00:00,255.93248616703605
2026-02-17 12:00:00,261.2135801340584
2026-02-17 13:00:00,266.25798484368136
2026-02-17 14:00:00,270.39184459354976
2026-02-17 15:00:00,273.0388351210235
2026-02-17 16:00:00,273.7605323636931
2026-02-17 17:00:00,272.2828061693381
2026-02-17 18:00:00,268.6963444555935
2026-02-17 19:00:00,265.4644250822
2026-02-17 20:00:00,262.54567312886013
2026-02-17 21:00:00,259.90471307867796
2026-02-17 22:00:00,257.5110823375238
2026-02-17 23:00:00,255.3383820531868
2026-02-18 00:00:00,253.3636052728705
2026-02-18 01:00:00,252.79435053341305
2026-02-18 02:00:00,252.29955245717485
2026-02-18 03:00:00,251.86933866283718
2026-02-18 04:00:00,251.49517853252328
2026-02-18 05:00:00,251.1696928274738
2026-02-18 06:00:00,250.88649227058625
2026-02-18 07:00:00,250.64004022107952
2026-02-18 08:00:00,250.98020462799593
2026-02-18 09:00:00,253.6565723028671
2026-02-18 10:00:00,258.00235035927795
2026-02-18 11:00:00,263.292573595596
2026-02-18 12:00:00,268.78591999282816
2026-02-18 13:00:00,273.7733233014865
2026-02-18 14:00:00,277.62703426231195
2026-02-18 15:00:00,279.8434662198959
2026-02-18 16:00:00,280.07414798807616
2026-02-18 17:00:00,278.1415648030583
2026-02-18 18:00:00,274.1608118402717
2026-02-18 19:00:00,270.75187073560255
2026-02-18 20:00:00,267.8250710375639
2026-02-18 21:00:00,265.30681440640296
2026-02-18 22:00:00,263.1361620001778
2026-02-18 23:00:00,261.26228407496825
2026-02-19 00:00:00,259.64251883145926
2026-02-19 01:00:00,258.06728052833427
2026-02-19 02:00:00,256.6911085673433
2026-02-19 03:00:00,255.48777129403774
2026-02-19 04:00:00,254.4347493397525
2026-02-19 05:00:00,253.51264962386705
2026-02-19 06:00:00,252.70472601635169
2026-02-19 07:00:00,251.9964840343595
2026-02-19 08:00:00,252.00062881558463
2026-02-19 09:00:00,254.38757993548322
2026-02-19 10:00:00,258.5009154824902
2026-02-19 11:00:00,263.6206018201498
2026-02-19 12:00:00,269.0044590658306
2026-02-19 13:00:00,273.9369564441375
2026-02-19 14:00:00,277.77905025975286
2026-02-19 15:00:00,280.0123470469007
2026-02-19 16:00:00,280.2717174317338
2026-02-19 17:00:00,278.36284083098667
2026-02-19 18:00:00,274.3155567453919
2026-02-19 19:00:00,270.82002409395585
2026-02-19 20:00:00,267.7931316681194
2026-02-19 21:00:00,265.166290286051
2026-02-19 22:00:00,262.8823914647661
2026-02-19 23:00:00,260.893527236244
2026-02-20 00:00:00,259.1592500925833
2026-02-20 01:00:00,257.33200382767205
2026-02-20 02:00:00,255.71107324937915
2026-02-20 03:00:00,254.27169190176087
2026-02-20 04:00:00,252.9923808705815
2026-02-20 05:00:00,251.85444535842086
2026-02-20 06:00:00,250.84156238143171
2026-02-20 07:00:00,249.93944022331158
2026-02-20 08:00:00,249.8320283815651
2026-02-20 09:00:00,252.1225479995453
2026-02-20 10:00:00,256.18651143761
2026-02-20 11:00:00,261.32309592068776
2026-02-20 12:00:00,266.7966728357712
2026-02-20 13:00:00,271.88629627910865
2026-02-20 14:00:00,275.9371790687168
2026-02-20 15:00:00,278.40747141682334
2026-02-20 16:00:00,278.9041659863055
2026-02-20 17:00:00,277.20405084087946
2026-02-20 18:00:00,273.25883551165293
2026-02-20 19:00:00,269.77775802144527
2026-02-20 20:00:00,266.7154999121117
2026-02-20 21:00:00,264.01587195756144
2026-02-20 22:00:00,261.6315316801922
2026-02-20 23:00:00,259.5222973135116
2026-02-21 00:00:00,257.65384774884734
2026-02-21 01:00:00,257.0007569207224
2026-02-21 02:00:00,256.44696129386784
2026-02-21 03:00:00,255.97718871102285
2026-02-21 04:00:00,255.57856536006295
2026-02-21 05:00:00,255.2402252325413
2026-02-21 06:00:00,254.95298706903284
2026-02-21 07:00:00,254.70908605600187
2026-02-21 08:00:00,255.27024642618778
2026-02-21 09:00:00,258.13592197380996
2026-02-21 10:00:00,262.592777939802
2026-02-21 11:00:00,267.8894626114238
2026-02-21 12:00:00,273.27756754453793
2026-02-21 13:00:00,278.05854241094823
2026-02-21 14:00:00,281.62976130210706
2026-02-21 15:00:00,283.523091781029
2026-02-21 16:00:00,283.43080515398503
2026-02-21 17:00:00,281.2164512229915
2026-02-21 18:00:00,276.9115291908948
2026-02-21 19:00:00,273.22443720371444
2026-02-21 20:00:00,270.13477795011335
2026-02-21 21:00:00,267.5395283972823
2026-02-21 22:00:00,265.35529021701063
2026-02-21 23:00:00,263.51399957785543
2026-02-22 00:00:00,261.95973496674776
2026-02-22 01:00:00,266.40313003548323
2026-02-22 02:00:00,268.9387282353309
2026-02-22 03:00:00,270.3806872219676
2026-02-22 04:00:00,271.19906538358254
2026-02-22 05:00:00,271.6629962726649
2026-02-22 06:00:00,271.92582065771126
2026-02-22 07:00:00,272.07465896601065
2026-02-22 08:00:00,272.9995892126484
2026-02-22 09:00:00,275.91494382216894
2026-02-22 10:00:00,279.58964231042404
2026-02-22 11:00:00,283.18395649231934
2026-02-22 12:00:00,286.119031946878
2026-02-22 13:00:00,288.0099007538306
2026-02-22 14:00:00,288.62893496688224
2026-02-22 15:00:00,287.88303661816275
2026-02-22 16:00:00,285.79625853496435
2026-02-22 17:00:00,282.49395480289354
2026-02-22 18:00:00,278.18671833837635
2026-02-22 19:00:00,275.6080497751121
2026-02-22 20:00:00,274.15561408249306
2026-02-22 21:00:00,273.3357576401826
2026-02-22 22:00:00,272.87241610037904
2026-02-22 23:00:00,272.61038218597787
2026-02-23 00:00:00,272.4621376817371
2026-02-23 01:00:00,269.4236409461577
2026-02-23 02:00:00,266.8494864545238
2026-02-23 03:00:00,264.6645422008245
2026-02-23 04:00:00,262.8070153188391
2026-02-23 05:00:00,261.2257504201021
2026-02-23 06:00:00,259.8781671521002
2026-02-23 07:00:00,258.7286610675389
2026-02-23 08:00:00,258.6609092834874
2026-02-23 09:00:00,260.9977655863924
2026-02-23 10:00:00,265.02270183881836
2026-02-23 11:00:00,269.9788451759037
2026-02-23 12:00:00,275.1090333472883
2026-02-23 13:00:00,279.70262669206426
2026-02-23 14:00:00,283.1421344804101
2026-02-23 15:00:00,284.942832611262
2026-02-23 16:00:00,284.7799683732582
2026-02-23 17:00:00,282.5009014572858
2026-02-23 18:00:00,278.12279106280295
2026-02-23 19:00:00,274.2046180129994
2026-02-23 20:00:00,270.897386730279
2026-02-23 21:00:00,268.09868727908724
2026-02-23 22:00:00,265.72533751059666
2026-02-23 23:00:00,263.7091833346101
2026-02-24 00:00:00,261.9939810224393
2026-02-24 01:00:00,260.4942283679899
2026-02-24 02:00:00,259.21271048888514
2026-02-24 03:00:00,258.11670980270566
2026-02-24 04:00:00,257.1786742570918
2026-02-24 05:00:00,256.3753313190908
2026-02-24 06:00:00,255.68697274924247
2026-02-24 07:00:00,255.09687235358814
2026-02-24 08:00:00,255.57778583912366
2026-02-24 09:00:00,258.3876186762772
2026-02-24 10:00:00,262.82789672380915
2026-02-24 11:00:00,268.1534936744803
2026-02-24 12:00:00,273.6143135609953
2026-02-24 13:00:00,278.50338537102084
2026-02-24 14:00:00,282.2046274843178
2026-02-24 15:00:00,284.23349542296233
2026-02-24 16:00:00,284.2650486709597
2026-02-24 17:00:00,282.1467044377867
2026-02-24 18:00:00,277.8962520687647
2026-02-24 19:00:00,274.0042272160484
2026-02-24 20:00:00,270.71137307054704
2026-02-24 21:00:00,267.91838109950925
2026-02-24 22:00:00,265.54441618054295
2026-02-24 23:00:00,263.5231108910338
2026-02-25 00:00:00,261.799585562576
2026-02-25 01:00:00,260.3604982541644
2026-02-25 02:00:00,259.1328832320766
2026-02-25 03:00:00,258.0847827738379
2026-02-25 04:00:00,257.1893098076338
2026-02-25 05:00:00,256.42377753627125
2026-02-25 06:00:00,255.7689962076968
2026-02-25 07:00:00,255.20870027513436
2026-02-25 08:00:00,255.7899593998899
2026-02-25 09:00:00,258.68751611425705
2026-02-25 10:00:00,263.20035159341893
2026-02-25 11:00:00,268.5819342742545
2026-02-25 12:00:00,274.08205183406466
2026-02-25 13:00:00,278.99494167657446
2026-02-25 14:00:00,282.70694502249717
2026-02-25 15:00:00,284.73689218814764
2026-02-25 16:00:00,284.7637906126621
2026-02-25 17:00:00,282.6391561262607
2026-02-25 18:00:00,278.38464369110693
2026-02-25 19:00:00,274.4238144980375
2026-02-25 20:00:00,271.07987476505747
2026-02-25 21:00:00,268.2494261955791
2026-02-25 22:00:00,265.84850918836804
2026-02-25 23:00:00,263.80834618039125
2026-02-26 00:00:00,262.0721851102794
2026-02-26 01:00:00,260.4838091195795
2026-02-26 02:00:00,259.12073302386693
2026-02-26 03:00:00,257.9499145367912
2026-02-26 04:00:00,256.9434445631461
2026-02-26 05:00:00,256.0776738796192
2026-02-26 06:00:00,255.33250815441772
2026-02-26 07:00:00,254.6908338552177
2026-02-26 08:00:00,255.27329598197397
2026-02-26 09:00:00,258.1775968008878
2026-02-26 10:00:00,262.714260911975
2026-02-26 11:00:00,268.142652663966
2026-02-26 12:00:00,273.71325488340966
2026-02-26 13:00:00,278.7164854232276
2026-02-26 14:00:00,282.53135966909787
2026-02-26 15:00:00,284.6671544903095
2026-02-26 16:00:00,284.7924716972426
2026-02-26 17:00:00,282.7488127588501
2026-02-26 18:00:00,278.5491362291806
2026-02-26 19:00:00,274.53927682908306
2026-02-26 20:00:00,271.1333796544751
2026-02-26 21:00:00,268.23290204830994
2026-02-26 22:00:00,265.7574932060288
2026-02-26 23:00:00,263.64105086973575
2026-02-27 00:00:00,261.8287908834098
2026-02-27 01:00:00,260.3945286483446
2026-02-27 02:00:00,259.171672631686
2026-02-27 03:00:00,258.1281863963279
2026-02-27 04:00:00,257.2371284263489
2026-02-27 05:00:00,256.4757761331245
2026-02-27 06:00:00,255.82491824453248
2026-02-27 07:00:00,255.2682785325693
2026-02-27 08:00:00,256.0020996734579
2026-02-27 09:00:00,259.03484510142454
2026-02-27 10:00:00,263.66573378188343
2026-02-27 11:00:00,269.14817967944686
2026-02-27 12:00:00,274.7320237277927
2026-02-27 13:00:00,279.7119760879151
2026-02-27 14:00:00,283.4754702650905
2026-02-27 15:00:00,285.54310639472783
2026-02-27 16:00:00,285.59624753870895
2026-02-27 17:00:00,283.48914092150653
2026-02-27 18:00:00,279.24628421154915
2026-02-27 19:00:00,275.1516052361707
2026-02-27 20:00:00,271.69840989332715
2026-02-27 21:00:00,268.77834970876603
2026-02-27 22:00:00,266.3036493737912
2026-02-27 23:00:00,264.2025478926673
2026-02-28 00:00:00,262.415932762087
2026-02-28 01:00:00,260.08495973524026
2026-02-28 02:00:00,258.00603410466704
2026-02-28 03:00:00,256.149436706575
2026-02-28 04:00:00,254.48945747745879
2026-02-28 05:00:00,253.00375166803647
2026-02-28 06:00:00,251.6728200782913
2026-02-28 07:00:00,250.47958530980839
2026-02-28 08:00:00,250.69432264084287
2026-02-28 09:00:00,253.29434462816454
2026-02-28 10:00:00,257.6671616469633
2026-02-28 11:00:00,263.1167752667476
2026-02-28 12:00:00,268.9061071398631
2026-02-28 13:00:00,274.3077510809808
2026-02-28 14:00:00,278.65710255587936
2026-02-28 15:00:00,281.4010112725324
2026-02-28 16:00:00,282.1354694204959
2026-02-28 17:00:00,280.6279294582877
2026-02-28 18:00:00,276.82318127565145
2026-02-28 19:00:00,272.86633114610817
2026-02-28 20:00:00,269.36805649511166
2026-02-28 21:00:00,266.267487812405
2026-02-28 22:00:00,263.51350751763954
2026-02-28 23:00:00,261.0628277993478
2026-03-01 00:00:00,258.87852419994874
2026-03-01 01:00:00,257.8068210292195
2026-03-01 02:00:00,256.8883343078892
2026-03-01 03:00:00,256.1006765237982
2026-03-01 04:00:00,255.42486000656595
2026-03-01 05:00:00,254.84474638252377
2026-03-01 06:00:00,254.3465942015442
2026-03-01 07:00:00,253.9186849076086
2026-03-01 08:00:00,254.91190496709345
2026-03-01 09:00:00,258.17474852172904
2026-03-01 10:00:00,263.01747087603565
2026-03-01 11:00:00,268.69969984314577
2026-03-01 12:00:00,274.473573939392
2026-03-01 13:00:00,279.6330849546277
2026-03-01 14:00:00,283.5629025433832
2026-03-01 15:00:00,285.7798150835458
2026-03-01 16:00:00,285.961231589216
2026-03-01 17:00:00,283.9579891147763
2026-03-01 18:00:00,279.7921178742714
2026-03-01 19:00:00,275.60169389392826
2026-03-01 20:00:00,272.05667896804357
2026-03-01 21:00:00,269.0493791057895
2026-03-01 22:00:00,266.492430713932
2026-03-01 23:00:00,264.31429621946
2026-03-02 00:00:00,262.4559413522985
2026-03-02 01:00:00,261.0966256774566
2026-03-02 02:00:00,259.94925846179956
2026-03-02 03:00:00,258.9800127263403
2026-03-02 04:00:00,258.16068524601116
2026-03-02 05:00:00,257.4676967622771
2026-03-02 06:00:00,256.8812884232099
2026-03-02 07:00:00,256.38487079433213
2026-03-02 08:00:00,257.4013656807947
2026-03-02 09:00:00,260.6737819524599
2026-03-02 10:00:00,265.48589312800243
2026-03-02 11:00:00,271.0833320246034
2026-03-02 12:00:00,276.71583021409623
2026-03-02 13:00:00,281.685163732026
2026-03-02 14:00:00,285.39184771307987
2026-03-02 15:00:00,287.37378860172385
2026-03-02 16:00:00,287.33170734111286
2026-03-02 17:00:00,285.1390989427274
2026-03-02 18:00:00,280.83782522419284
2026-03-02 19:00:00,276.50867790029395
2026-03-02 20:00:00,272.8970124216037
2026-03-02 21:00:00,269.87519175461034
2026-03-02 22:00:00,267.34094510029655
2026-03-02 23:00:00,265.2115227254831
2026-03-03 00:00:00,263.4194347347873
2026-03-03 01:00:00,261.39778401879926
2026-03-03 02:00:00,259.6392429929858
2026-03-03 03:00:00,258.10776322694255
2026-03-03 04:00:00,256.77267655801427
2026-03-03 05:00:00,255.60778460546686
2026-03-03 06:00:00,254.59062807011
2026-03-03 07:00:00,253.70189434027645
2026-03-03 08:00:00,254.4381269317468
2026-03-03 09:00:00,257.49564901674023
2026-03-03 10:00:00,262.2126456747199
2026-03-03 11:00:00,267.862688255782
2026-03-03 12:00:00,273.6981589947524
2026-03-03 13:00:00,279.0007947102877
2026-03-03 14:00:00,283.1328369633022
2026-03-03 15:00:00,285.58179267142333
2026-03-03 16:00:00,285.99276464601485
2026-03-03 17:00:00,284.1849080490801
2026-03-03 18:00:00,280.15205511105734
2026-03-03 19:00:00,275.8629406740808
2026-03-03 20:00:00,272.1708730348356
2026-03-03 21:00:00,268.9838210148313
2026-03-03 22:00:00,266.2262463216317
2026-03-03 23:00:00,263.8355568548012
2026-03-04 00:00:00,261.75947101246436
2026-03-04 01:00:00,259.74692784090377
2026-03-04 02:00:00,257.97487554079413
2026-03-04 03:00:00,256.41277768901676
2026-03-04 04:00:00,255.03438089291495
2026-03-04 05:00:00,253.81702289840214
2026-03-04 06:00:00,252.74107257670624
2026-03-04 07:00:00,251.78947232198033
2026-03-04 08:00:00,252.5371931434808
2026-03-04 09:00:00,255.6147715710532
2026-03-04 10:00:00,260.38398963475987
2026-03-04 11:00:00,266.13201490824025
2026-03-04 12:00:00,272.11505510617354
2026-03-04 13:00:00,277.60963921879335
2026-03-04 14:00:00,281.96524395247854
2026-03-04 15:00:00,284.6512549873346
2026-03-04 16:00:00,285.2919349164362
2026-03-04 17:00:00,283.6854816674909
2026-03-04 18:00:00,279.8067594348572
2026-03-04 19:00:00,275.53499634571585
2026-03-04 20:00:00,271.815333161516
2026-03-04 21:00:00,268.5674364077658
2026-03-04 22:00:00,265.72482145500453
2026-03-04 23:00:00,263.23194992821226
2026-03-05 00:00:00,261.04205644923894
2026-03-05 01:00:00,259.12849534880246
2026-03-05 02:00:00,257.44404145257465
2026-03-05 03:00:00,255.9596464334188
2026-03-05 04:00:00,254.65031054242021
2026-03-05 05:00:00,253.49443601354216
2026-03-05 06:00:00,252.47330194440607
2026-03-05 07:00:00,251.57063390456537
2026-03-05 08:00:00,252.4390109600288
2026-03-05 09:00:00,255.6248255666478
2026-03-05 10:00:00,260.48952345576674
2026-03-05 11:00:00,266.31994221716644
2026-03-05 12:00:00,272.3722238819923
2026-03-05 13:00:00,277.9232912935191
2026-03-05 14:00:00,282.32359064888914
2026-03-05 15:00:00,285.0440683484674
2026-03-05 16:00:00,285.7110466289296
2026-03-05 17:00:00,284.12510157467733
2026-03-05 18:00:00,280.2635702495669
2026-03-05 19:00:00,275.9337217284029
2026-03-05 20:00:00,272.1671811282824
2026-03-05 21:00:00,268.88142546824645
2026-03-05 22:00:00,266.0082569122035
2026-03-05 23:00:00,263.4907796713524
2026-03-06 00:00:00,261.28114157245244
2026-03-06 01:00:00,259.62657270608906
2026-03-06 02:00:00,258.19235196484897
2026-03-06 03:00:00,256.94794737587455
2026-03-06 04:00:00,255.86735393920304
2026-03-06 05:00:00,254.9283485925664
2026-03-06 06:00:00,254.1118858955954
2026-03-06 07:00:00,253.40160354229477
2026-03-06 08:00:00,254.52737547329045
2026-03-06 09:00:00,257.92661692209487
2026-03-06 10:00:00,262.9324987302817
2026-03-06 11:00:00,268.815833924545
2026-03-06 12:00:00,274.82925981947767
2026-03-06 13:00:00,280.2581781562222
2026-03-06 14:00:00,284.4718537603455
2026-03-06 15:00:00,286.9676367135656
2026-03-06 16:00:00,287.4023396454699
2026-03-06 17:00:00,285.6075191942652
2026-03-06 18:00:00,281.5889544275838
2026-03-06 19:00:00,277.1030478992292
2026-03-06 20:00:00,273.2636417658644
2026-03-06 21:00:00,269.9677972043881
2026-03-06 22:00:00,267.13157389735375
2026-03-06 23:00:00,264.68583385591313
2026-03-07 00:00:00,262.57315052606225
2026-03-07 01:00:00,260.26423578011025
2026-03-07 02:00:00,258.20962094490517
2026-03-07 03:00:00,256.3788836201678
2026-03-07 04:00:00,254.74574420702947
2026-03-07 05:00:00,253.28739727508142
2026-03-07 06:00:00,251.98397215341467
2026-03-07 07:00:00,250.81809346693726
2026-03-07 08:00:00,251.5959220653034
2026-03-07 09:00:00,254.71348715985698
2026-03-07 10:00:00,259.55440535133675
2026-03-07 11:00:00,265.4183730331142
2026-03-07 12:00:00,271.5648946066972
2026-03-07 13:00:00,277.26519227517804
2026-03-07 14:00:00,281.8562158415746
2026-03-07 15:00:00,284.78970962405776
2026-03-07 16:00:00,285.6697153383864
2026-03-07 17:00:00,284.27412569673277
2026-03-07 18:00:00,280.559417073498
2026-03-07 19:00:00,276.1654925247972
2026-03-07 20:00:00,272.29862176324696
2026-03-07 21:00:00,268.8858930201008
2026-03-07 22:00:00,265.86664347453745
2026-03-07 23:00:00,263.1899224085418
2026-03-08 00:00:00,260.8125853308823
2026-03-08 01:00:00,259.2150193954107
2026-03-08 02:00:00,257.82943243394334
2026-03-08 03:00:00,256.62659323957894
2026-03-08 04:00:00,255.58157621008223
2026-03-08 05:00:00,254.67305895764534
2026-03-08 06:00:00,253.88275117722264
2026-03-08 07:00:00,253.1949262836232
2026-03-08 08:00:00,254.4950965060117
2026-03-08 09:00:00,258.04981620257377
2026-03-08 10:00:00,263.194425829955
2026-03-08 11:00:00,269.2008754612342
2026-03-08 12:00:00,275.32233187639554
2026-03-08 13:00:00,280.8444985111032
2026-03-08 14:00:00,285.1370392625631
2026-03-08 15:00:00,287.6980328577533
2026-03-08 16:00:00,288.1854521009412
2026-03-08 17:00:00,286.4324089995866
2026-03-08 18:00:00,282.4464910454788
2026-03-08 19:00:00,277.8354284700594
2026-03-08 20:00:00,273.89003097512
2026-03-08 21:00:00,270.50383169395326
2026-03-08 22:00:00,267.59016398615523
2026-03-08 23:00:00,265.0777455035962
2026-03-09 00:00:00,262.90743710004085
2026-03-09 01:00:00,261.15601318022595
2026-03-09 02:00:00,259.64989732289314
2026-03-09 03:00:00,258.35340096684735
2026-03-09 04:00:00,257.2363757684637
2026-03-09 05:00:00,256.27326270510264
2026-03-09 06:00:00,255.4423277336149
2026-03-09 07:00:00,254.72504157684799
2026-03-09 08:00:00,256.08248830597967
2026-03-09 09:00:00,259.678953228093
2026-03-09 10:00:00,264.8354965849142
2026-03-09 11:00:00,270.81628256168653
2026-03-09 12:00:00,276.873064262636
2026-03-09 13:00:00,282.29602072062096
2026-03-09 14:00:00,286.4641867128032
2026-03-09 15:00:00,288.8884187379989
2026-03-09 16:00:00,289.24109490996966
2026-03-09 17:00:00,287.36961553781
2026-03-09 18:00:00,283.29434038245216
2026-03-09 19:00:00,278.55757744780584
2026-03-09 20:00:00,274.53670310253204
2026-03-09 21:00:00,271.11264769660323
2026-03-09 22:00:00,268.1891809603006
2026-03-09 23:00:00,265.6876925027888
2026-03-10 00:00:00,263.54339141970513
2026-03-10 01:00:00,261.5778372503693
2026-03-10 02:00:00,259.875559638346
2026-03-10 03:00:00,258.3995955801602
2026-03-10 04:00:00,257.11859791067053
2026-03-10 05:00:00,256.0058753867427
2026-03-10 06:00:00,255.03862308795877
2026-03-10 07:00:00,254.19729913374974
2026-03-10 08:00:00,255.52005493723652
2026-03-10 09:00:00,259.09680681093124
2026-03-10 10:00:00,264.26152929868874
2026-03-10 11:00:00,270.2849515541528
2026-03-10 12:00:00,276.4192761744669
2026-03-10 13:00:00,281.94963194427606
2026-03-10 14:00:00,286.24560156691695
2026-03-10 15:00:00,288.80570466508493
2026-03-10 16:00:00,289.28880706508113
2026-03-10 17:00:00,287.52921013022893
2026-03-10 18:00:00,283.5357896667138
2026-03-10 19:00:00,278.76558853192154
2026-03-10 20:00:00,274.68644420872516
2026-03-10 21:00:00,271.187080382104
2026-03-10 22:00:00,268.1771301804989
2026-03-10 23:00:00,265.5824138423216
2026-03-11 00:00:00,263.34148886364443
2026-03-11 01:00:00,260.87428862491794
2026-03-11 02:00:00,258.6705838240498
2026-03-11 03:00:00,256.6994484037851
2026-03-11 04:00:00,254.93414918094635
2026-03-11 05:00:00,253.35146401397887
2026-03-11 06:00:00,251.93113331358245
2026-03-11 07:00:00,250.6554143667534
2026-03-11 08:00:00,251.64182416053353
2026-03-11 09:00:00,254.95558717583845
2026-03-11 10:00:00,259.98891680699745
2026-03-11 11:00:00,266.0460331833331
2026-03-11 12:00:00,272.38727392036657
2026-03-11 13:00:00,278.28159434718754
2026-03-11 14:00:00,283.0614199211304
2026-03-11 15:00:00,286.17273430770877
2026-03-11 16:00:00,287.21361062954975
2026-03-11 17:00:00,285.9565993938662
2026-03-11 18:00:00,282.35396199930955
2026-03-11 19:00:00,277.73892970852967
2026-03-11 20:00:00,273.66514733374777
2026-03-11 21:00:00,270.0582752165619
2026-03-11 22:00:00,266.85654691857627
2026-03-11 23:00:00,264.0081317983088
2026-03-12 00:00:00,261.4691615500677
2026-03-12 01:00:00,259.5105306633375
2026-03-12 02:00:00,257.787406133667
2026-03-12 03:00:00,256.2697721919031
2026-03-12 04:00:00,254.93182396089895
2026-03-12 05:00:00,253.75128959745606
2026-03-12 06:00:00,252.7088808927973
2026-03-12 07:00:00,251.78784380074265
2026-03-12 08:00:00,253.18498542068474
2026-03-12 09:00:00,256.84820379300044
2026-03-12 10:00:00,262.14060744266675
2026-03-12 11:00:00,268.349059198013
2026-03-12 12:00:00,274.72928373575905
2026-03-12 13:00:00,280.55842587396995
2026-03-12 14:00:00,285.1886704222312
2026-03-12 15:00:00,288.0947347658251
2026-03-12 16:00:00,288.90877525251307
2026-03-12 17:00:00,287.438812095642
2026-03-12 18:00:00,283.670450505018
2026-03-12 19:00:00,278.88896642371367
2026-03-12 20:00:00,274.74041252110743
2026-03-12 21:00:00,271.1295418872796
2026-03-12 22:00:00,267.97825355263524
2026-03-12 23:00:00,265.2218225373552
2026-03-13 00:00:00,262.8061226326014
2026-03-13 01:00:00,260.9796164449535
2026-03-13 02:00:00,259.40071758805345
2026-03-13 03:00:00,258.03440375064946
2026-03-13 04:00:00,256.85097587716075
2026-03-13 05:00:00,255.82515549229544
2026-03-13 06:00:00,254.9353583937932
2026-03-13 07:00:00,254.16310461950968
2026-03-13 08:00:00,255.78231888589977
2026-03-13 09:00:00,259.6172697749489
2026-03-13 10:00:00,265.0009408119357
2026-03-13 11:00:00,271.203821167959
2026-03-13 12:00:00,277.4792252125965
2026-03-13 13:00:00,283.1151205614141
2026-03-13 14:00:00,287.48575002226045
2026-03-13 15:00:00,290.09588972404043
2026-03-13 16:00:00,290.61174435231914
2026-03-13 17:00:00,288.87534668061875
2026-03-13 18:00:00,284.9029923534313
2026-03-13 19:00:00,279.9282927832214
2026-03-13 20:00:00,275.688112891904
2026-03-13 21:00:00,272.06181459344407
2026-03-13 22:00:00,268.95189528872345
2026-03-13 23:00:00,266.2786552703589
2026-03-14 00:00:00,263.9763306120592
2026-03-14 01:00:00,261.67638946574107
2026-03-14 02:00:00,259.65146853258284
2026-03-14 03:00:00,257.8662976571289
2026-03-14 04:00:00,256.2906675967914
2026-03-14 05:00:00,254.89858309584594
2026-03-14 06:00:00,253.66758428743307
2026-03-14 07:00:00,252.57819722216956
2026-03-14 08:00:00,253.98172687630762
2026-03-14 09:00:00,257.65477599337265
2026-03-14 10:00:00,262.9631615089726
2026-03-14 11:00:00,269.19492881082107
2026-03-14 12:00:00,275.6055275055233
2026-03-14 13:00:00,281.47057388317927
2026-03-14 14:00:00,286.1398049084479
2026-03-14 15:00:00,289.08498610558365
2026-03-14 16:00:00,289.9352336016523
2026-03-14 17:00:00,288.49577156298824
2026-03-14 18:00:00,284.74985201021764
2026-03-14 19:00:00,279.82686666684975
2026-03-14 20:00:00,275.5491525354495
2026-03-14 21:00:00,271.8198689521152
2026-03-14 22:00:00,268.5596841223321
2026-03-14 23:00:00,265.70289447054034
2026-03-15 00:00:00,263.194574068045
2026-03-15 01:00:00,261.1252159169045
2026-03-15 02:00:00,259.3168411708507
2026-03-15 03:00:00,257.73463423957696
2026-03-15 04:00:00,256.348875012439
2026-03-15 05:00:00,255.13408647819216
2026-03-15 06:00:00,254.0683496768694
2026-03-15 07:00:00,253.13274754190778
2026-03-15 08:00:00,254.7576579064975
2026-03-15 09:00:00,258.61581149755193
2026-03-15 10:00:00,264.0601886295134
2026-03-15 11:00:00,270.37178633665644
2026-03-15 12:00:00,276.80520921656614
2026-03-15 13:00:00,282.64135898193746
2026-03-15 14:00:00,287.2406721836899
2026-03-15 15:00:00,290.08966010477315
2026-03-15 16:00:00,290.8344040235999
2026-03-15 17:00:00,289.29738267339707
2026-03-15 18:00:00,285.47773870429893
2026-03-15 19:00:00,280.44092362119386
2026-03-15 20:00:00,276.10123016840095
2026-03-15 21:00:00,272.34943748021857
2026-03-15 22:00:00,269.0966950179994
2026-03-15 23:00:00,266.2698985452115
2026-03-16 00:00:00,263.8083212010851
2026-03-16 01:00:00,262.1829837296372
2026-03-16 02:00:00,260.8075719293686
2026-03-16 03:00:00,259.6425272745421
2026-03-16 04:00:00,258.65487417949396
2026-03-16 05:00:00,257.8170330379249
2026-03-16 06:00:00,257.10587297947427
2026-03-16 07:00:00,256.5019489075232
2026-03-16 08:00:00,258.5141612403323
2026-03-16 09:00:00,262.65475099340114
2026-03-16 10:00:00,268.2262233073366
2026-03-16 11:00:00,274.4853102069364
2026-03-16 12:00:00,280.68814560592216
2026-03-16 13:00:00,286.1407349363718
2026-03-16 14:00:00,290.24771421430876
2026-03-16 15:00:00,292.55240185902966
2026-03-16 16:00:00,292.7627937344599
2026-03-16 17:00:00,290.76129856507595
2026-03-16 18:00:00,286.59956571437925
2026-03-16 19:00:00,281.30738480376647
2026-03-16 20:00:00,276.89494057390175
2026-03-16 21:00:00,273.2025005402609
2026-03-16 22:00:00,270.103445673523
2026-03-16 23:00:00,267.49616707813556
2026-03-17 00:00:00,265.29830926545554
2026-03-17 01:00:00,262.94406728925185
2026-03-17 02:00:00,260.8869979275286
2026-03-17 03:00:00,259.0870950725674
2026-03-17 04:00:00,257.5103304162881
2026-03-17 05:00:00,256.12762031427997
2026-03-17 06:00:00,254.91400363263813
2026-03-17 07:00:00,253.84798015029077
2026-03-17 08:00:00,255.5147827006659
2026-03-17 09:00:00,259.4120786211375
2026-03-17 10:00:00,264.89412123478434
2026-03-17 11:00:00,271.2424012209073
2026-03-17 12:00:00,277.71137264804725
2026-03-17 13:00:00,283.5813368902866
2026-03-17 14:00:00,288.21191148469086
2026-03-17 15:00:00,291.0887926470396
2026-03-17 16:00:00,291.85741422155013
2026-03-17 17:00:00,290.3398473955109
2026-03-17 18:00:00,286.535049147881
2026-03-17 19:00:00,281.3532544552976
2026-03-17 20:00:00,276.88688675092993
2026-03-17 21:00:00,273.0235947542749
2026-03-17 22:00:00,269.6721316243898
2026-03-17 23:00:00,266.7575178220801
2026-03-18 00:00:00,264.2175295432619
2026-03-18 01:00:00,261.83362906425265
2026-03-18 02:00:00,259.72807526552833
2026-03-18 03:00:00,257.86579166322707
2026-03-18 04:00:00,256.2166898860403
2026-03-18 05:00:00,254.7548357323989
2026-03-18 06:00:00,253.4577814790535
2026-03-18 07:00:00,252.35128018993336
2026-03-18 08:00:00,254.00511439548197
2026-03-18 09:00:00,257.90745898751675
2026-03-18 10:00:00,263.4320325090838
2026-03-18 11:00:00,269.8712613141471
2026-03-18 12:00:00,276.48194602200795
2026-03-18 13:00:00,282.5386510651244
2026-03-18 14:00:00,287.3884461265641
2026-03-18 15:00:00,290.4996810231619
2026-03-18 16:00:00,291.4981022492761
2026-03-18 17:00:00,290.18617858068825
2026-03-18 18:00:00,286.54528263010246
2026-03-18 19:00:00,281.3934790630125
2026-03-18 20:00:00,276.90738530078306
2026-03-18 21:00:00,272.9873558861161
2026-03-18 22:00:00,269.55191154182336
2026-03-18 23:00:00,266.53365863046315
2026-03-19 00:00:00,263.8763058702689
2026-03-19 01:00:00,261.38591175917196
2026-03-19 02:00:00,259.1666780567884
2026-03-19 03:00:00,257.1862411929192
2026-03-19 04:00:00,255.4166850813648
2026-03-19 05:00:00,253.833810004591
2026-03-19 06:00:00,252.4165458748841
2026-03-19 07:00:00,251.26975653180008
2026-03-19 08:00:00,252.87882243095274
2026-03-19 09:00:00,256.75502256293595
2026-03-19 10:00:00,262.2887336842437
2026-03-19 11:00:00,268.7821145055137
2026-03-19 12:00:00,275.4945026536713
2026-03-19 13:00:00,281.69603413493365
2026-03-19 14:00:00,286.7233014940678
2026-03-19 15:00:00,290.0297366647909
2026-03-19 16:00:00,291.22379792204373
2026-03-19 17:00:00,290.09042087350844
2026-03-19 18:00:00,286.5949581489899
2026-03-19 19:00:00,281.46419713393516
2026-03-19 20:00:00,276.957312265714
2026-03-19 21:00:00,272.98475162759996
2026-03-19 22:00:00,269.472888543013
2026-03-19 23:00:00,266.36050535501926
2026-03-20 00:00:00,263.59620678368753
2026-03-20 01:00:00,260.93768745557225
2026-03-20 02:00:00,258.54086827316803
2026-03-20 03:00:00,256.37670808042736
2026-03-20 04:00:00,254.41999987636848
2026-03-20 05:00:00,252.64875101595882
2026-03-20 06:00:00,251.0436845374857
2026-03-20 07:00:00,249.78919212023015
2026-03-20 08:00:00,251.28823207332007
2026-03-20 09:00:00,255.08257409025177
2026-03-20 10:00:00,260.5852899065691
2026-03-20 11:00:00,267.11249551237347
2026-03-20 12:00:00,273.9280807242691
2026-03-20 13:00:00,280.2973204228749
2026-03-20 14:00:00,285.543467778509
2026-03-20 15:00:00,289.10007880383495
2026-03-20 16:00:00,290.55189472401884
2026-03-20 17:00:00,289.65921194815496
2026-03-20 18:00:00,286.3643604565214
2026-03-20 19:00:00,281.2964712696029
2026-03-20 20:00:00,276.79224529751843
2026-03-20 21:00:00,272.7754182169767
2026-03-20 22:00:00,269.1828184170855
2026-03-20 23:00:00,265.9615524988417
2026-03-21 00:00:00,263.0669146724969
2026-03-21 01:00:00,260.61087932973936
2026-03-21 02:00:00,258.4145289418183
2026-03-21 03:00:00,256.4476471313176
2026-03-21 04:00:00,254.68408595557466
2026-03-21 05:00:00,253.10110794184556
2026-03-21 06:00:00,251.67885616410527
2026-03-21 07:00:00,250.6793888886525
2026-03-21 08:00:00,252.41802023753263
2026-03-21 09:00:00,256.4160394975667
2026-03-21 10:00:00,262.07088305525684
2026-03-21 11:00:00,268.6889033158168
2026-03-21 12:00:00,275.5308854257299
2026-03-21 13:00:00,281.86594442901236
2026-03-21 14:00:00,287.02767830645183
2026-03-21 15:00:00,290.46523801861804
2026-03-21 16:00:00,291.78228400888406
2026-03-21 17:00:00,290.75913292242876
2026-03-21 18:00:00,287.3571858262399
2026-03-21 19:00:00,282.1441258093716
2026-03-21 20:00:00,277.5532057167578
2026-03-21 21:00:00,273.49592169695353
2026-03-21 22:00:00,269.89949248772206
2026-03-21 23:00:00,266.7033817300753
2026-03-22 00:00:00,263.85674079415435
2026-03-22 01:00:00,261.28774216738697
2026-03-22 02:00:00,258.98754364008363
2026-03-22 03:00:00,256.924980143489
2026-03-22 04:00:00,255.07310209722073
2026-03-22 05:00:00,253.40848643947865
2026-03-22 06:00:00,251.91068336098817
2026-03-22 07:00:00,250.9193470567847
2026-03-22 08:00:00,252.6639856214714
2026-03-22 09:00:00,256.6698735066566
2026-03-22 10:00:00,262.3373340922334
2026-03-22 11:00:00,268.974414980202
2026-03-22 12:00:00,275.8423685814037
2026-03-22 13:00:00,282.20961453212794
2026-03-22 14:00:00,287.4080798612908
2026-03-22 15:00:00,290.88456394178303
2026-03-22 16:00:00,292.24004619934567
2026-03-22 17:00:00,291.25216661939317
2026-03-22 18:00:00,287.8799046457376
2026-03-22 19:00:00,282.6108180347519
2026-03-22 20:00:00,277.9643271826867
2026-03-22 21:00:00,273.8522249244204
2026-03-22 22:00:00,270.201981747456
2026-03-22 23:00:00,266.953271278733
2026-03-23 00:00:00,264.05541683994085
2026-03-23 01:00:00,261.779831379974
2026-03-23 02:00:00,259.78053545690057
2026-03-23 03:00:00,258.02165493910996
2026-03-23 04:00:00,256.47250651611927
2026-03-23 05:00:00,255.1067252000111
2026-03-23 06:00:00,253.90156561910192
2026-03-23 07:00:00,253.27301314551727
2026-03-23 08:00:00,255.35566065977554
2026-03-23 09:00:00,259.62881751228815
2026-03-23 10:00:00,265.45945804350475
2026-03-23 11:00:00,272.13652974603264
2026-03-23 12:00:00,278.9174993703635
2026-03-23 13:00:00,285.0822142046421
2026-03-23 14:00:00,289.98754116276666
2026-03-23 15:00:00,293.11537355881177
2026-03-23 16:00:00,294.10739259001645
2026-03-23 17:00:00,292.78272027212984
2026-03-23 18:00:00,289.1384780126406
2026-03-23 19:00:00,283.61614101305327
2026-03-23 20:00:00,278.8420176534652
2026-03-23 21:00:00,274.69899635124847
2026-03-23 22:00:00,271.09222076860596
2026-03-23 23:00:00,267.9438920345736
2026-03-24 00:00:00,265.1895218351016
2026-03-24 01:00:00,263.34153586931956
2026-03-24 02:00:00,261.7780622160595
2026-03-24 03:00:00,260.453827360061
2026-03-24 04:00:00,259.33118187189785
2026-03-24 05:00:00,258.378696941954
2026-03-24 06:00:00,257.57005283170463
2026-03-24 07:00:00,257.39688301290204
2026-03-24 08:00:00,259.887545649646
2026-03-24 09:00:00,264.4360354822551
2026-03-24 10:00:00,270.3532015207808
2026-03-24 11:00:00,276.9020247438107
2026-03-24 12:00:00,283.3439414617873
2026-03-24 13:00:00,288.9902129057696
2026-03-24 14:00:00,293.2512843171338
2026-03-24 15:00:00,295.6770574753822
2026-03-24 16:00:00,295.98270936758666
2026-03-24 17:00:00,294.0579452268494
2026-03-24 18:00:00,289.96121595786906
2026-03-24 19:00:00,284.1043289196908
2026-03-24 20:00:00,279.229741058212
2026-03-24 21:00:00,275.1558899974365
2026-03-24 22:00:00,271.7399265286424
2026-03-24 23:00:00,268.8679001339506
2026-03-25 00:00:00,266.4478925268657
2026-03-25 01:00:00,264.0955939121603
2026-03-25 02:00:00,262.06278736325305
2026-03-25 03:00:00,260.3036070724379
2026-03-25 04:00:00,258.7794001973872
2026-03-25 05:00:00,257.45743338895176
2026-03-25 06:00:00,256.30987079997465
2026-03-25 07:00:00,255.90468463908027
2026-03-25 08:00:00,258.1900220633682
2026-03-25 09:00:00,262.60854099997493
2026-03-25 10:00:00,268.5021945037158
2026-03-25 11:00:00,275.1472979381399
2026-03-25 12:00:00,281.8013697458656
2026-03-25 13:00:00,287.75633267646623
2026-03-25 14:00:00,292.3912423519881
2026-03-25 15:00:00,295.21718675414604
2026-03-25 16:00:00,295.9082186074999
2026-03-25 17:00:00,294.31521926986824
2026-03-25 18:00:00,290.463440441173
2026-03-25 19:00:00,284.6608170964553
2026-03-25 20:00:00,279.7249102958027
2026-03-25 21:00:00,275.5091628013259
2026-03-25 22:00:00,271.8964875821184
2026-03-25 23:00:00,268.7920725672946
2026-03-26 00:00:00,266.11827942548086
2026-03-26 01:00:00,263.70146201926127
2026-03-26 02:00:00,261.59673899735395
2026-03-26 03:00:00,259.7611770450075
2026-03-26 04:00:00,258.15838698073935
2026-03-26 05:00:00,256.75737225641734
2026-03-26 06:00:00,255.53161652467264
2026-03-26 07:00:00,255.12798759039123
2026-03-26 08:00:00,257.41146386547035
2026-03-26 09:00:00,261.8437028707433
2026-03-26 10:00:00,267.7794893419141
2026-03-26 11:00:00,274.5016992985739
2026-03-26 12:00:00,281.26824479977194
2026-03-26 13:00:00,287.36581958073907
2026-03-26 14:00:00,292.16372164145656
2026-03-26 15:00:00,295.1603264726924
2026-03-26 16:00:00,296.01581719651256
2026-03-26 17:00:00,294.5677152335839
2026-03-26 18:00:00,290.8296561265253
2026-03-26 19:00:00,285.0223581721148
2026-03-26 20:00:00,280.0462062969955
2026-03-26 21:00:00,275.76489305950616
2026-03-26 22:00:00,272.0690257624493
2026-03-26 23:00:00,268.8696278161259
2026-03-27 00:00:00,266.0935125142622
2026-03-27 01:00:00,263.8084161264181
2026-03-27 02:00:00,261.8358255369226
2026-03-27 03:00:00,260.1306790221709
2026-03-27 04:00:00,258.6550072705321
2026-03-27 05:00:00,257.3766654871893
2026-03-27 06:00:00,256.26833007781886
2026-03-27 07:00:00,256.05412941505153
2026-03-27 08:00:00,258.50471152659003
2026-03-27 09:00:00,263.062818699401
2026-03-27 10:00:00,269.07066423637644
2026-03-27 11:00:00,275.8054151385738
2026-03-27 12:00:00,282.5263195883646
2026-03-27 13:00:00,288.5280485176159
2026-03-27 14:00:00,293.19338775351173
2026-03-27 15:00:00,296.0379137656126
2026-03-27 16:00:00,296.74055068378823
2026-03-27 17:00:00,295.156990184392
2026-03-27 18:00:00,291.3168213648095
2026-03-27 19:00:00,285.4082608740017
2026-03-27 20:00:00,280.35925809144135
2026-03-27 21:00:00,276.0547651202013
2026-03-27 22:00:00,272.37240356994045
2026-03-27 23:00:00,269.2133385801259
2026-03-28 00:00:00,266.49682687014223
2026-03-28 01:00:00,264.41393962894574
2026-03-28 02:00:00,262.6490120145224
2026-03-28 03:00:00,261.15161863105834
2026-03-28 04:00:00,259.879865953516
2026-03-28 05:00:00,258.7987976771429
2026-03-28 06:00:00,257.8791401063534
2026-03-28 07:00:00,257.9214040350413
2026-03-28 08:00:00,260.5932149652045
2026-03-28 09:00:00,265.2980710241618
2026-03-28 10:00:00,271.35339810883363
2026-03-28 11:00:00,278.02640243069715
2026-03-28 12:00:00,284.5809063831294
2026-03-28 13:00:00,290.3292394053667
2026-03-28 14:00:00,294.68211706896744
2026-03-28 15:00:00,297.18937074600535
2026-03-28 16:00:00,297.5660889907463
2026-03-28 17:00:00,295.7020204067805
2026-03-28 18:00:00,291.65578611362827
2026-03-28 19:00:00,285.63803872250213
2026-03-28 20:00:00,280.5135769675107
2026-03-28 21:00:00,276.2253887402508
2026-03-28 22:00:00,272.62435685251523
2026-03-28 23:00:00,269.5917424517714
2026-03-29 00:00:00,267.03187316963846
2026-03-29 01:00:00,265.1470046745884
2026-03-29 02:00:00,263.5835996189276
2026-03-29 03:00:00,262.28532562128004
2026-03-29 04:00:00,261.20619410382886
2026-03-29 05:00:00,260.30851329732855
2026-03-29 06:00:00,259.56129191845514
2026-03-29 07:00:00,259.84159208498284
2026-03-29 08:00:00,262.7100936953333
2026-03-29 09:00:00,267.52810976655786
2026-03-29 10:00:00,273.58854040005605
2026-03-29 11:00:00,280.1512803112773
2026-03-29 12:00:00,286.4889002230424
2026-03-29 13:00:00,291.9361677371881
2026-03-29 14:00:00,295.93623024055023
2026-03-29 15:00:00,298.0767019097491
2026-03-29 16:00:00,298.1110068815132
2026-03-29 17:00:00,295.9637237364807
2026-03-29 18:00:00,291.7220888017887
2026-03-29 19:00:00,285.6178856162413
2026-03-29 20:00:00,280.45082660352153
2026-03-29 21:00:00,276.2174895686606
2026-03-29 22:00:00,272.73668174449534
2026-03-29 23:00:00,269.8664775821758
2026-03-30 00:00:00,267.4943698621344
2026-03-30 01:00:00,264.97353483468896
2026-03-30 02:00:00,262.7923143335012
2026-03-30 03:00:00,260.9020911739492
2026-03-30 04:00:00,259.26193026569905
2026-03-30 05:00:00,257.8371833648657
2026-03-30 06:00:00,256.59839188306876
2026-03-30 07:00:00,256.5003580084897
2026-03-30 08:00:00,259.0491158866439
2026-03-30 09:00:00,263.69651673240077
2026-03-30 10:00:00,269.7910848049616
2026-03-30 11:00:00,276.6136869766618
2026-03-30 12:00:00,283.424903687891
2026-03-30 13:00:00,289.5187537786235
2026-03-30 14:00:00,294.27591922561896
2026-03-30 15:00:00,297.2090394887983
2026-03-30 16:00:00,297.99386039325884
2026-03-30 17:00:00,296.48310593236397
2026-03-30 18:00:00,292.70385900533427
2026-03-30 19:00:00,286.8423572372672
2026-03-30 20:00:00,281.5894875406878
2026-03-30 21:00:00,277.10119261006037
2026-03-30 22:00:00,273.25238734505587
2026-03-30 23:00:00,269.9421537482377
2026-03-31 00:00:00,267.08808916974834
2026-03-31 01:00:00,264.3056738058595
2026-03-31 02:00:00,261.84192010869054
2026-03-31 03:00:00,259.65674263160963
2026-03-31 04:00:00,257.7158737769481
2026-03-31 05:00:00,255.98985283541072
2026-03-31 06:00:00,254.45322587262993
2026-03-31 07:00:00,254.14098199901082
2026-03-31 08:00:00,256.49564261226305
2026-03-31 09:00:00,261.0231072119431
2026-03-31 10:00:00,267.1091898913053
2026-03-31 11:00:00,274.0540386111723
2026-03-31 12:00:00,281.11902175926036
2026-03-31 13:00:00,287.5814378892327
2026-03-31 14:00:00,292.7905940615403
2026-03-31 15:00:00,296.21769447277796
2026-03-31 16:00:00,297.49257969654127
2026-03-31 17:00:00,296.4230414993996
2026-03-31 18:00:00,292.99643500819843
2026-03-31 19:00:00,287.3669664037266
2026-03-31 20:00:00,282.12363622761035
2026-03-31 21:00:00,277.54096414088195
2026-03-31 22:00:00,273.52144575094195
2026-03-31 23:00:00,269.98528053649983
2026-04-01 00:00:00,266.86639375556155
2026-04-01 01:00:00,264.3325580287686
2026-04-01 02:00:00,262.12380347857135
2026-04-01 03:00:00,260.19551327090926
2026-04-01 04:00:00,258.5098953210165
2026-04-01 05:00:00,257.0347702341658
2026-04-01 06:00:00,255.74261401847352
2026-04-01 07:00:00,255.74377853034844
2026-04-01 08:00:00,258.3766942730301
2026-04-01 09:00:00,263.11224185289444
2026-04-01 10:00:00,269.311950218333
2026-04-01 11:00:00,276.2636923007304
2026-04-01 12:00:00,283.2292513985202
2026-04-01 13:00:00,289.49863797452065
2026-04-01 14:00:00,294.44439899415767
2026-04-01 15:00:00,297.56840931073845
2026-04-01 16:00:00,298.5346783145778
2026-04-01 17:00:00,297.1847086193738
2026-04-01 18:00:00,293.53592738749506
2026-04-01 19:00:00,287.7670105152186
2026-04-01 20:00:00,282.4066437050562
2026-04-01 21:00:00,277.79696499503206
2026-04-01 22:00:00,273.81825657282286
2026-04-01 23:00:00,270.3736590641279
2026-04-02 00:00:00,267.3838455378807
2026-04-02 01:00:00,265.12177671662954
2026-04-02 02:00:00,263.19979980981856
2026-04-02 03:00:00,261.5645359829773
2026-04-02 04:00:00,260.17161239847474
2026-04-02 05:00:00,258.98396791306686
2026-04-02 06:00:00,257.9705253554073
2026-04-02 07:00:00,258.31578636150147
2026-04-02 08:00:00,261.2412831248185
2026-04-02 09:00:00,266.1643967022049
2026-04-02 10:00:00,272.4124013512858
2026-04-02 11:00:00,279.2590502650431
2026-04-02 12:00:00,285.9720520012102
2026-04-02 13:00:00,291.8656213792248
2026-04-02 14:00:00,296.3510407362879
2026-04-02 15:00:00,298.9780205540175
2026-04-02 16:00:00,299.4613221491561
2026-04-02 17:00:00,297.6904269247398
2026-04-02 18:00:00,293.72380597511494
2026-04-02 19:00:00,287.7720006551332
2026-04-02 20:00:00,282.30745705127714
2026-04-02 21:00:00,277.7265112498648
2026-04-02 22:00:00,273.87168710726274
2026-04-02 23:00:00,270.6179053621929
2026-04-03 00:00:00,267.86454919818226
2026-04-03 01:00:00,265.6366633285145
2026-04-03 02:00:00,263.76008053759875
2026-04-03 03:00:00,262.17724462929084
2026-04-03 04:00:00,260.8406600297061
2026-04-03 05:00:00,259.7109497050781
2026-04-03 06:00:00,258.7553404980656
2026-04-03 07:00:00,259.23350873585855
2026-04-03 08:00:00,262.267531853536
2026-04-03 09:00:00,267.2589509945442
2026-04-03 10:00:00,273.52582924536887
2026-04-03 11:00:00,280.33942377112356
2026-04-03 12:00:00,286.9714030763313
2026-04-03 13:00:00,292.7455891472952
2026-04-03 14:00:00,297.08710225755374
2026-04-03 15:00:00,299.56184207258724
2026-04-03 16:00:00,299.901098019474
2026-04-03 17:00:00,298.00946787791025
2026-04-03 18:00:00,293.9579265696252
2026-04-03 19:00:00,287.9663244468921
2026-04-03 20:00:00,282.43494919132144
2026-04-03 21:00:00,277.83759483121105
2026-04-03 22:00:00,274.0017535356631
2026-04-03 23:00:00,270.79134812040695
2026-04-04 00:00:00,268.0976433388766
2026-04-04 01:00:00,265.85217040249796
2026-04-04 02:00:00,263.9639715555458
2026-04-04 03:00:00,262.37400783252104
2026-04-04 04:00:00,261.0336419469384
2026-04-04 05:00:00,259.90261632546054
2026-04-04 06:00:00,258.9474788346505
2026-04-04 07:00:00,259.5034854332298
2026-04-04 08:00:00,262.6011031938043
2026-04-04 09:00:00,267.64038138162505
2026-04-04 10:00:00,273.93890057752606
2026-04-04 11:00:00,280.76856407834424
2026-04-04 12:00:00,287.40283076104765
2026-04-04 13:00:00,293.1683396641766
2026-04-04 14:00:00,297.4937952691673
2026-04-04 15:00:00,299.9490766531442
2026-04-04 16:00:00,300.26943240559865
2026-04-04 17:00:00,298.363025791481
2026-04-04 18:00:00,294.3037386368888
2026-04-04 19:00:00,288.31353513149435
2026-04-04 20:00:00,282.7159733426998
2026-04-04 21:00:00,278.0720080753606
2026-04-04 22:00:00,274.2040479671075
2026-04-04 23:00:00,270.97228963738326
2026-04-05 00:00:00,268.26522619249647
2026-04-05 01:00:00,265.95151586160665
2026-04-05 02:00:00,263.99960187950995
2026-04-05 03:00:00,262.35056816105873
2026-04-05 04:00:00,260.95577105241335
2026-04-05 05:00:00,259.77485246424965
2026-04-05 06:00:00,258.77419285925373
2026-04-05 07:00:00,259.36462347837386
2026-04-05 08:00:00,262.49142027647105
2026-04-05 09:00:00,267.5628392369228
2026-04-05 10:00:00,273.90168140071427
2026-04-05 11:00:00,280.7822533919068
2026-04-05 12:00:00,287.4778483568143
2026-04-05 13:00:00,293.31278374786564
2026-04-05 14:00:00,297.71187991270085
2026-04-05 15:00:00,300.240279475228
2026-04-05 16:00:00,300.6283475545698
2026-04-05 17:00:00,298.77978775272675
2026-04-05 18:00:00,294.7648034562353
2026-04-05 19:00:00,288.80260752371834
2026-04-05 20:00:00,283.1370827883508
2026-04-05 21:00:00,278.4224653893717
2026-04-05 22:00:00,274.483532134688
2026-04-05 23:00:00,271.18214443722826
2026-04-06 00:00:00,268.40794497097556
2026-04-06 01:00:00,265.94151654506516
2026-04-06 02:00:00,263.83883397291737
2026-04-06 03:00:00,262.04355052499693
2026-04-06 04:00:00,260.50878955583426
2026-04-06 05:00:00,259.1953501962016
2026-04-06 06:00:00,258.07030737926306
2026-04-06 07:00:00,258.62028978146844
2026-04-06 08:00:00,261.71617058934595
2026-04-06 09:00:00,266.7887136666524
2026-04-06 10:00:00,273.1746293343843
2026-04-06 11:00:00,280.15359996341925
2026-04-06 12:00:00,286.9961985540142
2026-04-06 13:00:00,293.0170010159248
2026-04-06 14:00:00,297.6258428863658
2026-04-06 15:00:00,300.36993411497417
2026-04-06 16:00:00,300.96116657884966
2026-04-06 17:00:00,299.286280267983
2026-04-06 18:00:00,295.4013907595622
2026-04-06 19:00:00,289.5151249241368
2026-04-06 20:00:00,283.786699370971
2026-04-06 21:00:00,278.971127861687
2026-04-06 22:00:00,274.90666111986434
2026-04-06 23:00:00,271.4649664971225
2026-04-07 00:00:00,268.54285232658475
2026-04-07 01:00:00,266.0418839444076
2026-04-07 02:00:00,263.9074063299292
2026-04-07 03:00:00,262.0829293613802
2026-04-07 04:00:00,260.52142997767294
2026-04-07 05:00:00,259.1835592016463
2026-04-07 06:00:00,258.03624375155067
2026-04-07 07:00:00,258.6410596773788
2026-04-07 08:00:00,261.78271689092685
2026-04-07 09:00:00,266.8958454098334
2026-04-07 10:00:00,273.31987980595153
2026-04-07 11:00:00,280.336191047098
2026-04-07 12:00:00,287.21611704960986
2026-04-07 13:00:00,293.2742285169984
2026-04-07 14:00:00,297.9197876724493
2026-04-07 15:00:00,300.69909256631007
2026-04-07 16:00:00,301.32300222992376
2026-04-07 17:00:00,299.67726908664406
2026-04-07 18:00:00,295.8171604781499
2026-04-07 19:00:00,289.95062264933887
2026-04-07 20:00:00,284.15890768928375
2026-04-07 21:00:00,279.28583579792496
2026-04-07 22:00:00,275.168989574359
2026-04-07 23:00:00,271.67952454115573
2026-04-08 00:00:00,268.71383526392145
2026-04-08 01:00:00,265.8074851992499
2026-04-08 02:00:00,263.2496328644365
2026-04-08 03:00:00,260.994563593271
2026-04-08 04:00:00,259.00344529305943
2026-04-08 05:00:00,257.2430935114736
2026-04-08 06:00:00,255.68500184141976
2026-04-08 07:00:00,255.9687634138175
2026-04-08 08:00:00,258.84080680977536
2026-04-08 09:00:00,263.8016972028977
2026-04-08 10:00:00,270.2342644493628
2026-04-08 11:00:00,277.4392736700458
2026-04-08 12:00:00,284.6832170474541
2026-04-08 13:00:00,291.25342899969957
2026-04-08 14:00:00,296.5138870068806
2026-04-08 15:00:00,299.95405136175805
2026-04-08 16:00:00,301.2239051536433
2026-04-08 17:00:00,300.15126374693125
2026-04-08 18:00:00,296.74151949975123
2026-04-08 19:00:00,291.1635526614
2026-04-08 20:00:00,285.39389841313704
2026-04-08 21:00:00,280.3904842125253
2026-04-08 22:00:00,276.0340753369207
2026-04-08 23:00:00,272.2282499668883
2026-04-09 00:00:00,268.8940066332684
2026-04-09 01:00:00,266.1848463139717
2026-04-09 02:00:00,263.8430188469895
2026-04-09 03:00:00,261.81538514129284
2026-04-09 04:00:00,260.0573388677607
2026-04-09 05:00:00,258.5312228913625
2026-04-09 06:00:00,257.2050923684721
2026-04-09 07:00:00,257.7902398173781
2026-04-09 08:00:00,260.91774918513653
2026-04-09 09:00:00,266.05116934499586
2026-04-09 10:00:00,272.54877711741847
2026-04-09 11:00:00,279.7004946530251
2026-04-09 12:00:00,286.77617062537945
2026-04-09 13:00:00,293.0799108728505
2026-04-09 14:00:00,298.00353905157596
2026-04-09 15:00:00,301.0716882546914
2026-04-09 16:00:00,301.9723293655204
2026-04-09 17:00:00,300.56975355387505
2026-04-09 18:00:00,296.9010279619079
2026-04-09 19:00:00,291.1600511330688
2026-04-09 20:00:00,285.26420879618223
2026-04-09 21:00:00,280.24262229220295
2026-04-09 22:00:00,275.94789304214424
2026-04-09 23:00:00,272.26230507704537
2026-04-10 00:00:00,269.09054998049703
2026-04-10 01:00:00,266.57444089190153
2026-04-10 02:00:00,264.4396799277774
2026-04-10 03:00:00,262.6256632951623
2026-04-10 04:00:00,261.0822080564684
2026-04-10 05:00:00,259.7675389115675
2026-04-10 06:00:00,258.6467248071057
2026-04-10 07:00:00,259.50284011948634
2026-04-10 08:00:00,262.8496553861886
2026-04-10 09:00:00,268.1154537065856
2026-04-10 10:00:00,274.63701317921385
2026-04-10 11:00:00,281.69718816263355
2026-04-10 12:00:00,288.5730296147439
2026-04-10 13:00:00,294.58866230969335
2026-04-10 14:00:00,299.1658327678288
2026-04-10 15:00:00,301.8649174130035
2026-04-10 16:00:00,302.410932314504
2026-04-10 17:00:00,300.70248665150297
2026-04-10 18:00:00,296.8054150214652
2026-04-10 19:00:00,290.9354324376635
2026-04-10 20:00:00,284.9478868604408
2026-04-10 21:00:00,279.941772270546
2026-04-10 22:00:00,275.7384254683462
2026-04-10 23:00:00,272.19704101283963
2026-04-11 00:00:00,269.20507192868274
2026-04-11 01:00:00,266.13257204447143
2026-04-11 02:00:00,263.40542555830524
2026-04-11 03:00:00,260.9803598833607
2026-04-11 04:00:00,258.82046742044514
2026-04-11 05:00:00,256.8940708167646
2026-04-11 06:00:00,255.17383172407824
2026-04-11 07:00:00,255.52187552870544
2026-04-11 08:00:00,258.44718352281507
2026-04-11 09:00:00,263.4725386632501
2026-04-11 10:00:00,269.9968547642731
2026-04-11 11:00:00,277.33034409256777
2026-04-11 12:00:00,284.7420784864514
2026-04-11 13:00:00,291.5154250289475
2026-04-11 14:00:00,297.0048720152571
2026-04-11 15:00:00,300.6865437087798
2026-04-11 16:00:00,302.19527388293477
2026-04-11 17:00:00,301.343868881238
2026-04-11 18:00:00,298.12432665557714
2026-04-11 19:00:00,292.69455707146517
2026-04-11 20:00:00,286.7928833751399
2026-04-11 21:00:00,281.6350447693869
2026-04-11 22:00:00,277.1086167828333
2026-04-11 23:00:00,273.12246914345144
2026-04-12 00:00:00,269.60174774900037
2026-04-12 01:00:00,266.4309562711738
2026-04-12 02:00:00,263.6045783404262
2026-04-12 03:00:00,261.0804191459013
2026-04-12 04:00:00,258.8224318062709
2026-04-12 05:00:00,256.79962247027464
2026-04-12 06:00:00,254.98519051455708
2026-04-12 07:00:00,255.3146531096267
2026-04-12 08:00:00,258.22232448796643
2026-04-12 09:00:00,263.2416400154395
2026-04-12 10:00:00,269.7793133324549
2026-04-12 11:00:00,277.15011446458567
2026-04-12 12:00:00,284.62419589873156
2026-04-12 13:00:00,291.4825893319214
2026-04-12 14:00:00,297.0744792169027
2026-04-12 15:00:00,300.86854069093
2026-04-12 16:00:00,302.4910733364465
2026-04-12 17:00:00,301.74633107855675
2026-04-12 18:00:00,298.6185873977709
2026-04-12 19:00:00,293.25935666201957
2026-04-12 20:00:00,287.3260902879026
2026-04-12 21:00:00,282.11921010585695
2026-04-12 22:00:00,277.5307297177306
2026-04-12 23:00:00,273.4729709791012
2026-04-13 00:00:00,269.87379868632723
2026-04-13 01:00:00,266.5647155535668
2026-04-13 02:00:00,263.58810562681117
2026-04-13 03:00:00,260.90527810915336
2026-04-13 04:00:00,258.48304340856714
2026-04-13 05:00:00,256.2927428168568
2026-04-13 06:00:00,254.30948485282298
2026-04-13 07:00:00,254.54283126000806
2026-04-13 08:00:00,257.36370889988274
2026-04-13 09:00:00,262.327366348443
2026-04-13 10:00:00,268.8566651484031
2026-04-13 11:00:00,276.2758756806352
2026-04-13 12:00:00,283.85733872302444
2026-04-13 13:00:00,290.8769209212644
2026-04-13 14:00:00,296.6720913194382
2026-04-13 15:00:00,300.6949253787894
2026-04-13 16:00:00,302.5525057610427
2026-04-13 17:00:00,302.02963020167647
2026-04-13 18:00:00,299.0928442623199
2026-04-13 19:00:00,293.8788968560733
2026-04-13 20:00:00,287.95831365782556
2026-04-13 21:00:00,282.7161236065786
2026-04-13 22:00:00,278.0552864350224
2026-04-13 23:00:00,273.89665346810244
2026-04-14 00:00:00,270.1748327469594
2026-04-14 01:00:00,267.0753730925882
2026-04-14 02:00:00,264.3460892196154
2026-04-14 03:00:00,261.9382578698695
2026-04-14 04:00:00,259.8105819293061
2026-04-14 05:00:00,257.9278324946006
2026-04-14 06:00:00,256.2597888142672
2026-04-14 07:00:00,256.8836701927511
2026-04-14 08:00:00,260.04383662790656
2026-04-14 09:00:00,265.2492559469602
2026-04-14 10:00:00,271.8897557247102
2026-04-14 11:00:00,279.2720877572649
2026-04-14 12:00:00,286.6680295049145
2026-04-14 13:00:00,293.36977070145866
2026-04-14 14:00:00,298.74592800871517
2026-04-14 15:00:00,302.29048702578194
2026-04-14 16:00:00,303.6577885583194
2026-04-14 17:00:00,302.67963143590487
2026-04-14 18:00:00,299.3647170180468
2026-04-14 19:00:00,293.8842574845692
2026-04-14 20:00:00,287.75921602390576
2026-04-14 21:00:00,282.45030479466635
2026-04-14 22:00:00,277.82877055841607
2026-04-14 23:00:00,273.79104437031594
2026-04-15 00:00:00,270.25264032845115
2026-04-15 01:00:00,267.0339105144082
2026-04-15 02:00:00,264.1718836532826
2026-04-15 03:00:00,261.62209490890933
2026-04-15 04:00:00,259.34665125650895
2026-04-15 05:00:00,257.31304676190234
2026-04-15 06:00:00,255.49323518572987
2026-04-15 07:00:00,256.03761051619347
2026-04-15 08:00:00,259.129518399962
2026-04-15 09:00:00,264.3001060461975
2026-04-15 10:00:00,270.9549598831993
2026-04-15 11:00:00,278.40933197277707
2026-04-15 12:00:00,285.9357744025869
2026-04-15 13:00:00,292.81973811339225
2026-04-15 14:00:00,298.41667091905293
2026-04-15 15:00:00,302.20287450386706
2026-04-15 16:00:00,303.8129109116547
2026-04-15 17:00:00,303.0591059749238
2026-04-15 18:00:00,299.9328700170132
2026-04-15 19:00:00,294.5913932195061
2026-04-15 20:00:00,288.4704317628592
2026-04-15 21:00:00,283.1152069575748
2026-04-15 22:00:00,278.4095696220105
2026-04-15 23:00:00,274.2596254431175
2026-04-16 00:00:00,270.5884197514941
2026-04-16 01:00:00,267.855471355819
2026-04-16 02:00:00,265.5415338346348
2026-04-16 03:00:00,263.57903297057015
2026-04-16 04:00:00,261.9122400961994
2026-04-16 05:00:00,260.4949272821383
2026-04-16 06:00:00,259.28856116344923
2026-04-16 07:00:00,260.50650084830636
2026-04-16 08:00:00,264.1453219841492
2026-04-16 09:00:00,269.6403194347075
2026-04-16 10:00:00,276.3352532903532
2026-04-16 11:00:00,283.520547744659
2026-04-16 12:00:00,290.48172039787335
2026-04-16 13:00:00,296.55226719103905
2026-04-16 14:00:00,301.163913807398
2026-04-16 15:00:00,303.8870663135582
2026-04-16 16:00:00,304.45611784761945
2026-04-16 17:00:00,302.7777161335613
2026-04-16 18:00:00,298.9238744718306
2026-04-16 19:00:00,293.1143461456457
2026-04-16 20:00:00,286.75401542607705
2026-04-16 21:00:00,281.4507339498402
2026-04-16 22:00:00,277.008568742627
2026-04-16 23:00:00,273.27404445927664
2026-04-17 00:00:00,270.12510823284146
2026-04-17 01:00:00,267.41478376371197
2026-04-17 02:00:00,265.10904228215725
2026-04-17 03:00:00,263.1442006075313
2026-04-17 04:00:00,261.467512338614
2026-04-17 05:00:00,260.03503751018195
2026-04-17 06:00:00,258.80999546548406
2026-04-17 07:00:00,260.0774037436737
2026-04-17 08:00:00,263.76065072210434
2026-04-17 09:00:00,269.3055882566387
2026-04-17 10:00:00,276.0627734151757
2026-04-17 11:00:00,283.3257571923449
2026-04-17 12:00:00,290.37974279588155
2026-04-17 13:00:00,296.5549560978183
2026-04-17 14:00:00,301.27766532807567
2026-04-17 15:00:00,304.11159814997734
2026-04-17 16:00:00,304.784238032233
2026-04-17 17:00:00,303.1959101363441
2026-04-17 18:00:00,299.41341216449456
2026-04-17 19:00:00,293.65259998700424
2026-04-17 20:00:00,287.24186931003646
2026-04-17 21:00:00,281.87450989646595
2026-04-17 22:00:00,277.3599355885273
2026-04-17 23:00:00,273.5485416604764
2026-04-18 00:00:00,270.3210870435121
2026-04-18 01:00:00,267.3329337107864
2026-04-18 02:00:00,264.7323898953727
2026-04-18 03:00:00,262.4650461665141
2026-04-18 04:00:00,260.4851349090791
2026-04-18 05:00:00,258.7539150329371
2026-04-18 06:00:00,257.23841606853193
2026-04-18 07:00:00,258.2961067384871
2026-04-18 08:00:00,261.8186218091141
2026-04-18 09:00:00,267.2960930777615
2026-04-18 10:00:00,274.10690922559695
2026-04-18 11:00:00,281.555047683947
2026-04-18 12:00:00,288.9188011951473
2026-04-18 13:00:00,295.50582442112244
2026-04-18 14:00:00,300.7076450345515
2026-04-18 15:00:00,304.0460262805028
2026-04-18 16:00:00,305.2047455083643
2026-04-18 17:00:00,304.04354894737094
2026-04-18 18:00:00,300.5951527317762
2026-04-18 19:00:00,295.04944003171454
2026-04-18 20:00:00,288.64375155414325
2026-04-18 21:00:00,283.16114853557895
2026-04-18 22:00:00,278.4469893106072
2026-04-18 23:00:00,274.37822802623714
2026-04-19 00:00:00,270.85548085331163
2026-04-19 01:00:00,267.7170964130128
2026-04-19 02:00:00,264.96586948567216
2026-04-19 03:00:00,262.54942116175647
2026-04-19 04:00:00,260.42352849787005
2026-04-19 05:00:00,258.5506083940278
2026-04-19 06:00:00,256.8985388873239
2026-04-19 07:00:00,257.8945034550676
2026-04-19 08:00:00,261.3667293548755
2026-04-19 09:00:00,266.8212141789344
2026-04-19 10:00:00,273.6471388470829
2026-04-19 11:00:00,281.15368124599104
2026-04-19 12:00:00,288.618546414286
2026-04-19 13:00:00,295.3433521204141
2026-04-19 14:00:00,300.709119760032
2026-04-19 15:00:00,304.2241782976562
2026-04-19 16:00:00,305.55776367571656
2026-04-19 17:00:00,304.555679308207
2026-04-19 18:00:00,301.238548796975
2026-04-19 19:00:00,295.7866714711502
2026-04-19 20:00:00,289.35756533540683
2026-04-19 21:00:00,283.8155384046882
2026-04-19 22:00:00,279.0160776784214
2026-04-19 23:00:00,274.8437760426281
2026-04-20 00:00:00,271.2050856778302
2026-04-20 01:00:00,268.25990648492825
2026-04-20 02:00:00,265.7379087649099
2026-04-20 03:00:00,263.5743409962699
2026-04-20 04:00:00,261.7154159643094
2026-04-20 05:00:00,260.116172855162
2026-04-20 06:00:00,258.73882955520264
2026-04-20 07:00:00,260.07474851740085
2026-04-20 08:00:00,263.8159318405491
2026-04-20 09:00:00,269.42506501694993
2026-04-20 10:00:00,276.264135272332
2026-04-20 11:00:00,283.6326972387669
2026-04-20 12:00:00,290.81673802338275
2026-04-20 13:00:00,297.14266213712796
2026-04-20 14:00:00,302.0293781969045
2026-04-20 15:00:00,305.0311142822186
2026-04-20 16:00:00,305.8651825455119
2026-04-20 17:00:00,304.4223047253007
2026-04-20 18:00:00,300.76105068751644
2026-04-20 19:00:00,295.090772624652
2026-04-20 20:00:00,288.51642713680405
2026-04-20 21:00:00,282.97770177416015
2026-04-20 22:00:00,278.28921916372
2026-04-20 23:00:00,274.3051739977686
2026-04-21 00:00:00,270.90907661267664
2026-04-21 01:00:00,267.8990847559639
2026-04-21 02:00:00,265.29423673821964
2026-04-21 03:00:00,263.0358258479748
2026-04-21 04:00:00,261.074703233897
2026-04-21 05:00:00,259.369458757665
2026-04-21 06:00:00,257.8850125467085
2026-04-21 07:00:00,259.1825911553585
2026-04-21 08:00:00,262.8997437077038
2026-04-21 09:00:00,268.5202061779366
2026-04-21 10:00:00,275.4194369612799
2026-04-21 11:00:00,282.9025038054893
2026-04-21 12:00:00,290.253016478618
2026-04-21 13:00:00,296.7878967357957
2026-04-21 14:00:00,301.91106154897744
2026-04-21 15:00:00,305.15847890647234
2026-04-21 16:00:00,306.2283979006745
2026-04-21 17:00:00,304.9938454624302
2026-04-21 18:00:00,301.4985482443846
2026-04-21 19:00:00,295.94055488597604
2026-04-21 20:00:00,289.34532497760995
2026-04-21 21:00:00,283.73408403705344
2026-04-21 22:00:00,278.93718915548124
2026-04-21 23:00:00,274.82045670229303
2026-04-22 00:00:00,271.27608331409766
2026-04-22 01:00:00,268.29412328606253
2026-04-22 02:00:00,265.73397580778794
2026-04-22 03:00:00,263.5319116478718
2026-04-22 04:00:00,261.6349017346409
2026-04-22 05:00:00,259.99853946058994
2026-04-22 06:00:00,258.6365938513646
2026-04-22 07:00:00,260.06645283665387
2026-04-22 08:00:00,263.8855708376874
2026-04-22 09:00:00,269.56452112139596
2026-04-22 10:00:00,276.4710619345551
2026-04-22 11:00:00,283.9084656926282
2026-04-22 12:00:00,291.16449047027174
2026-04-22 13:00:00,297.5655900897377
2026-04-22 14:00:00,302.52936721373226
2026-04-22 15:00:00,305.6078580629422
2026-04-22 16:00:00,306.5157824661522
2026-04-22 17:00:00,305.14127229025723
2026-04-22 18:00:00,301.54056546424573
2026-04-22 19:00:00,295.9210437429201
2026-04-22 20:00:00,289.24303589030353
2026-04-22 21:00:00,283.6054014767717
2026-04-22 22:00:00,278.8229257724855
2026-04-22 23:00:00,274.74993504005084
2026-04-23 00:00:00,271.27001730278084
2026-04-23 01:00:00,268.1894673263955
2026-04-23 02:00:00,265.5184590430344
2026-04-23 03:00:00,263.19815189363885
2026-04-23 04:00:00,261.1792524718253
2026-04-23 05:00:00,259.42019512654934
2026-04-23 06:00:00,258.00664318228723
2026-04-23 07:00:00,259.37616372236073
2026-04-23 08:00:00,263.1519603392207
2026-04-23 09:00:00,268.82399372130897
2026-04-23 10:00:00,275.77247990163187
2026-04-23 11:00:00,283.305761656776
2026-04-23 12:00:00,290.7092635427188
2026-04-23 13:00:00,297.3003809262018
2026-04-23 14:00:00,302.4823994621344
2026-04-23 15:00:00,305.78987910464446
2026-04-23 16:00:00,306.9192401162033
2026-04-23 17:00:00,305.7415663477103
2026-04-23 18:00:00,302.2987294221821
2026-04-23 19:00:00,296.7870995820069
2026-04-23 20:00:00,290.08881925176235
2026-04-23 21:00:00,284.38119043861747
2026-04-23 22:00:00,279.49397122505684
2026-04-23 23:00:00,275.2925674707742
2026-04-24 00:00:00,271.6688694917768
2026-04-24 01:00:00,268.4788569001588
2026-04-24 02:00:00,265.6977990543444
2026-04-24 03:00:00,263.2685083473196
2026-04-24 04:00:00,261.1429377682642
2026-04-24 05:00:00,259.2804469634436
2026-04-24 06:00:00,257.836472827667
2026-04-24 07:00:00,259.1688163254941
2026-04-24 08:00:00,262.9155499701972
2026-04-24 09:00:00,268.5781593694715
2026-04-24 10:00:00,275.54462416349656
2026-04-24 11:00:00,283.1269321191514
2026-04-24 12:00:00,290.6099252980736
2026-04-24 13:00:00,297.3064804723592
2026-04-24 14:00:00,302.6121862741868
2026-04-24 15:00:00,306.05187831561096
2026-04-24 16:00:00,307.31155225506814
2026-04-24 17:00:00,306.2523812205484
2026-04-24 18:00:00,302.907705210893
2026-04-24 19:00:00,297.4671737441752
2026-04-24 20:00:00,290.73812330331344
2026-04-24 21:00:00,284.9740665103346
2026-04-24 22:00:00,280.0123786600282
2026-04-24 23:00:00,275.72416530190185
2026-04-25 00:00:00,272.00563642105953
2026-04-25 01:00:00,268.7515811988008
2026-04-25 02:00:00,265.9091919696273
2026-04-25 03:00:00,263.4214119470499
2026-04-25 04:00:00,261.2402727106403
2026-04-25 05:00:00,259.3251685102923
2026-04-25 06:00:00,257.89996479690956
2026-04-25 07:00:00,259.2427606507664
2026-04-25 08:00:00,262.99775051291925
2026-04-25 09:00:00,268.6713309787476
2026-04-25 10:00:00,275.6550540928971
2026-04-25 11:00:00,283.26301540952596
2026-04-25 12:00:00,290.7806500203091
2026-04-25 13:00:00,297.5199965541906
2026-04-25 14:00:00,302.87461754072143
2026-04-25 15:00:00,306.3665143664176
2026-04-25 16:00:00,307.6784835421216
2026-04-25 17:00:00,306.6685423440069
2026-04-25 18:00:00,303.36721058452883
2026-04-25 19:00:00,297.9618006215871
2026-04-25 20:00:00,291.1885086175501
2026-04-25 21:00:00,285.37611467822416
2026-04-25 22:00:00,280.3636021074721
2026-04-25 23:00:00,276.02330474646686
2026-04-26 00:00:00,272.2523761358301
2026-04-26 01:00:00,268.75616429362566
2026-04-26 02:00:00,265.63397206663416
2026-04-26 03:00:00,262.8398521280656
2026-04-26 04:00:00,260.33469350096834
2026-04-26 05:00:00,258.08496615651103
2026-04-26 06:00:00,256.3879210339769
2026-04-26 07:00:00,257.4535182538253
2026-04-26 08:00:00,260.9829405039524
2026-04-26 09:00:00,266.5279485753716
2026-04-26 10:00:00,273.51146952829555
2026-04-26 11:00:00,281.26287399752965
2026-04-26 12:00:00,289.06564489853423
2026-04-26 13:00:00,296.21317060226005
2026-04-26 14:00:00,302.06625293539923
2026-04-26 15:00:00,306.10452392547796
2026-04-26 16:00:00,307.9644108356243
2026-04-26 17:00:00,307.45903578053685
2026-04-26 18:00:00,304.5796804931151
2026-04-26 19:00:00,299.48239752292807
2026-04-26 20:00:00,292.81209953876373
2026-04-26 21:00:00,286.964595047103
2026-04-26 22:00:00,281.813409440905
2026-04-26 23:00:00,277.25705882007304
2026-04-27 00:00:00,273.2128785686134
2026-04-27 01:00:00,269.7528760288084
2026-04-27 02:00:00,266.7145648125008
2026-04-27 03:00:00,264.0408370747103
2026-04-27 04:00:00,261.6836242832966
2026-04-27 05:00:00,259.6021702080434
2026-04-27 06:00:00,258.15489446785733
2026-04-27 07:00:00,259.46384935039674
2026-04-27 08:00:00,263.18887827817423
2026-04-27 09:00:00,268.84898791793745
2026-04-27 10:00:00,275.8447766439552
2026-04-27 11:00:00,283.4953487803902
2026-04-27 12:00:00,291.0868811779004
2026-04-27 13:00:00,297.92806299611414
2026-04-27 14:00:00,303.40567671808526
2026-04-27 15:00:00,307.0326008062345
2026-04-27 16:00:00,308.48147251161373
2026-04-27 17:00:00,307.6003468875482
2026-04-27 18:00:00,304.4108872467486
2026-04-27 19:00:00,299.0931349372106
2026-04-27 20:00:00,292.2411525207789
2026-04-27 21:00:00,286.33025411145553
2026-04-27 22:00:00,281.20553319897493
2026-04-27 23:00:00,276.74396924883007
2026-04-28 00:00:00,272.84628928308354
2026-04-28 01:00:00,269.6510836330714
2026-04-28 02:00:00,266.9140208825801
2026-04-28 03:00:00,264.5647146853463
2026-04-28 04:00:00,262.54484658783116
2026-04-28 05:00:00,260.80576409319417
2026-04-28 06:00:00,259.76611440890457
2026-04-28 07:00:00,261.45561037187906
2026-04-28 08:00:00,265.47576296604524
2026-04-28 09:00:00,271.30173354323296
2026-04-28 10:00:00,278.30698260108863
2026-04-28 11:00:00,285.8019052051692
2026-04-28 12:00:00,293.08284221344456
2026-04-28 13:00:00,299.48604339027816
2026-04-28 14:00:00,304.43958601408934
2026-04-28 15:00:00,307.50590255628106
2026-04-28 16:00:00,308.40919299823713
2026-04-28 17:00:00,307.0454121850795
2026-04-28 18:00:00,303.47645994257897
2026-04-28 19:00:00,297.9130017206743
2026-04-28 20:00:00,290.9026369440847
2026-04-28 21:00:00,285.000750876687
2026-04-28 22:00:00,280.00638336970945
2026-04-28 23:00:00,275.76238829286007
2026-04-29 00:00:00,272.1437920880906
2026-04-29 01:00:00,269.07913108537554
2026-04-29 02:00:00,266.46102799051187
2026-04-29 03:00:00,264.2201295466287
2026-04-29 04:00:00,262.2990154703631
2026-04-29 05:00:00,260.64983195003305
2026-04-29 06:00:00,259.75746235061274
2026-04-29 07:00:00,261.57278929740625
2026-04-29 08:00:00,265.692955456736
2026-04-29 09:00:00,271.59024124156423
2026-04-29 10:00:00,278.6371275868068
2026-04-29 11:00:00,286.1451928819883
2026-04-29 12:00:00,293.4141654987828
2026-04-29 13:00:00,299.7856513545481
2026-04-29 14:00:00,304.6945310587955
2026-04-29 15:00:00,307.71075046712554
2026-04-29 16:00:00,308.5659269072182
2026-04-29 17:00:00,307.16263465614634
2026-04-29 18:00:00,303.568124272892
2026-04-29 19:00:00,297.99693526885716
2026-04-29 20:00:00,290.9326105558892
2026-04-29 21:00:00,285.0046438260699
2026-04-29 22:00:00,280.00427403045427
2026-04-29 23:00:00,275.768678993955
2026-04-30 00:00:00,272.1686836307375
2026-04-30 01:00:00,268.8055117480641
2026-04-30 02:00:00,265.8405965080552
2026-04-30 03:00:00,263.22138623397854
2026-04-30 04:00:00,260.90346214775576
2026-04-30 05:00:00,258.8490150158377
2026-04-30 06:00:00,257.61537925988654
2026-04-30 07:00:00,259.09865044774034
2026-04-30 08:00:00,262.9718919988884
2026-04-30 09:00:00,268.7648678923699
2026-04-30 10:00:00,275.8865205053194
2026-04-30 11:00:00,283.6618233795665
2026-04-30 12:00:00,291.38033220940105
2026-04-30 13:00:00,298.3517723848484
2026-04-30 14:00:00,303.96198809327404
2026-04-30 15:00:00,307.7215068760053
2026-04-30 16:00:00,309.29984967349793
2026-04-30 17:00:00,308.5417739539026
2026-04-30 18:00:00,305.46586445892973
2026-04-30 19:00:00,300.2494799936912
2026-04-30 20:00:00,293.28507250313857
2026-04-30 21:00:00,287.2624911121554
2026-04-30 22:00:00,282.0275812465957
2026-04-30 23:00:00,277.4579697524055
2026-05-01 00:00:00,273.45492423445893
2026-05-01 01:00:00,270.0533759277552
2026-05-01 02:00:00,267.0983732201505
2026-05-01 03:00:00,264.5258465462285
2026-05-01 04:00:00,262.28225658832406
2026-05-01 05:00:00,260.32253743400213
2026-05-01 06:00:00,259.26215677857584
2026-05-01 07:00:00,260.90939964878663
2026-05-01 08:00:00,264.9031693712942
2026-05-01 09:00:00,270.7471954454489
2026-05-01 10:00:00,277.83383347350355
2026-05-01 11:00:00,285.48200425977524
2026-05-01 12:00:00,292.9861370028168
2026-05-01 13:00:00,299.6710532297385
2026-05-01 14:00:00,304.94591938086535
2026-05-01 15:00:00,308.3496944516018
2026-05-01 16:00:00,309.5817835541554
2026-05-01 17:00:00,308.5148884585155
2026-05-01 18:00:00,305.19115245502087
2026-05-01 19:00:00,299.8058816149698
2026-05-01 20:00:00,292.6987938288413
2026-05-01 21:00:00,286.63641218090953
2026-05-01 22:00:00,281.4379293961634
2026-05-01 23:00:00,276.96109125576476
2026-05-02 00:00:00,273.0920662151556
2026-05-02 01:00:00,269.6391067015568
2026-05-02 02:00:00,266.6040248027749
2026-05-02 03:00:00,263.93055508113287
2026-05-02 04:00:00,261.5713000538304
2026-05-02 05:00:00,259.48604130583215
2026-05-02 06:00:00,258.3571688587462
2026-05-02 07:00:00,259.9288935198759
2026-05-02 08:00:00,263.8694440239597
2026-05-02 09:00:00,269.7052708395151
2026-05-02 10:00:00,276.8438596542099
2026-05-02 11:00:00,284.6108326932067
2026-05-02 12:00:00,292.2985859182241
2026-05-02 13:00:00,299.221723053139
2026-05-02 14:00:00,304.7725668829825
2026-05-02 15:00:00,308.46903190192484
2026-05-02 16:00:00,309.9881096099318
2026-05-02 17:00:00,309.181331800489
2026-05-02 18:00:00,306.0727859029777
2026-05-02 19:00:00,300.84376407952345
2026-05-02 20:00:00,293.8095435034655
2026-05-02 21:00:00,287.69461023224096
2026-05-02 22:00:00,282.39417398488916
2026-05-02 23:00:00,277.77981071143915
2026-05-03 00:00:00,273.7481984046345
2026-05-03 01:00:00,270.4378746586362
2026-05-03 02:00:00,267.60930978185377
2026-05-03 03:00:00,265.18734092071037
2026-05-03 04:00:00,263.1098996232159
2026-05-03 05:00:00,261.32536272019956
2026-05-03 06:00:00,260.5695129995439
2026-05-03 07:00:00,262.487001657475
2026-05-03 08:00:00,266.68148598544605
2026-05-03 09:00:00,272.6312284680756
2026-05-03 10:00:00,279.71428783751367
2026-05-03 11:00:00,287.2474255063879
2026-05-03 12:00:00,294.53510370289297
2026-05-03 13:00:00,300.92312576736987
2026-05-03 14:00:00,305.8499322980332
2026-05-03 15:00:00,308.88829313642435
2026-05-03 16:00:00,309.7718337968617
2026-05-03 17:00:00,308.40427377545166
2026-05-03 18:00:00,304.853138348061
2026-05-03 19:00:00,299.33240258832063
2026-05-03 20:00:00,292.1791076728435
2026-05-03 21:00:00,286.06272543975973
2026-05-03 22:00:00,280.90168535556927
2026-05-03 23:00:00,276.52780340286137
2026-05-04 00:00:00,272.8079243161278
2026-05-04 01:00:00,269.52491154102955
2026-05-04 02:00:00,266.6824070266836
2026-05-04 03:00:00,264.2162736287622
2026-05-04 04:00:00,262.0729741551294
2026-05-04 05:00:00,260.20750517689055
2026-05-04 06:00:00,259.4221614752422
2026-05-04 07:00:00,261.30153522485745
2026-05-04 08:00:00,265.4810038095103
2026-05-04 09:00:00,271.4623606877663
2026-05-04 10:00:00,278.63830482966074
2026-05-04 11:00:00,286.3308286644994
2026-05-04 12:00:00,293.84029713797673
2026-05-04 13:00:00,300.50007871533046
2026-05-04 14:00:00,305.7298306780404
2026-05-04 15:00:00,309.0799437999013
2026-05-04 16:00:00,310.261050665892
2026-05-04 17:00:00,309.155837545279
2026-05-04 18:00:00,305.81445825731555
2026-05-04 19:00:00,300.43790477644467
2026-05-04 20:00:00,293.3546124142172
2026-05-04 21:00:00,287.16369192400134
2026-05-04 22:00:00,281.8775263884551
2026-05-04 23:00:00,277.3439738747046
2026-05-05 00:00:00,273.4418035207745
2026-05-05 01:00:00,269.88581754215585
2026-05-05 02:00:00,266.738361604582
2026-05-05 03:00:00,263.94638995426953
2026-05-05 04:00:00,261.46506143758035
2026-05-05 05:00:00,259.2561885189699
2026-05-05 06:00:00,258.1878727217041
2026-05-05 07:00:00,259.7951220592374
2026-05-05 08:00:00,263.7662451047455
2026-05-05 09:00:00,269.64411827159915
2026-05-05 10:00:00,276.84839967427985
2026-05-05 11:00:00,284.7120431410342
2026-05-05 12:00:00,292.529608938061
2026-05-05 13:00:00,299.612845915505
2026-05-05 14:00:00,305.34694253564885
2026-05-05 15:00:00,309.2396778506819
2026-05-05 16:00:00,310.956478690945
2026-05-05 17:00:00,310.33738863075234
2026-05-05 18:00:00,307.3962022911894
2026-05-05 19:00:00,302.3057038695874
2026-05-05 20:00:00,295.3745780273588
2026-05-05 21:00:00,289.1251864303915
2026-05-05 22:00:00,283.6750911341107
2026-05-05 23:00:00,278.9008460179334
2026-05-06 00:00:00,274.7030097362717
2026-05-06 01:00:00,271.0447485045357
2026-05-06 02:00:00,267.8289575928529
2026-05-06 03:00:00,264.9956608160289
2026-05-06 04:00:00,262.49447442486473
2026-05-06 05:00:00,260.28274397758275
2026-05-06 06:00:00,259.2845191507711
2026-05-06 07:00:00,260.95643516927043
2026-05-06 08:00:00,264.97154044946586
2026-05-06 09:00:00,270.8610338599063
2026-05-06 10:00:00,278.0371208726826
2026-05-06 11:00:00,285.83006939483465
2026-05-06 12:00:00,293.53675322041164
2026-05-06 13:00:00,300.47596465641254
2026-05-06 14:00:00,306.0437869303924
2026-05-06 15:00:00,309.76132024132716
2026-05-06 16:00:00,311.30802827232856
2026-05-06 17:00:00,310.53709015186564
2026-05-06 18:00:00,307.4733483464464
2026-05-06 19:00:00,302.29794111544794
2026-05-06 20:00:00,295.3251147615503
2026-05-06 21:00:00,289.01617871969717
2026-05-06 22:00:00,283.5475878001645
2026-05-06 23:00:00,278.7859925771244
2026-05-07 00:00:00,274.6244047475304
2026-05-07 01:00:00,271.0442066752466
2026-05-07 02:00:00,267.9262217856257
2026-05-07 03:00:00,265.20467455885716
2026-05-07 04:00:00,262.82462286194635
2026-05-07 05:00:00,260.7398206562288
2026-05-07 06:00:00,259.93012501769425
2026-05-07 07:00:00,261.7722215015163
2026-05-07 08:00:00,265.9186016434268
2026-05-07 09:00:00,271.88485008048247
2026-05-07 10:00:00,279.07354413187375
2026-05-07 11:00:00,286.81212988370595
2026-05-07 12:00:00,294.40177810352117
2026-05-07 13:00:00,301.1722489448355
2026-05-07 14:00:00,306.53593787550346
2026-05-07 15:00:00,310.03352364491957
2026-05-07 16:00:00,311.3648811674156
2026-05-07 17:00:00,310.4021833994294
2026-05-07 18:00:00,307.18623580117827
2026-05-07 19:00:00,301.9103095319931
2026-05-07 20:00:00,294.8968398383714
2026-05-07 21:00:00,288.54855001199695
2026-05-07 22:00:00,283.09582046759755
2026-05-07 23:00:00,278.39098329050694
2026-05-08 00:00:00,274.316214604859
2026-05-08 01:00:00,270.7175323297309
2026-05-08 02:00:00,267.55850189287014
2026-05-08 03:00:00,264.7791884474098
2026-05-08 04:00:00,262.32925136139005
2026-05-08 05:00:00,260.16608496129294
2026-05-08 06:00:00,259.33011465547355
2026-05-08 07:00:00,261.1394401466159
2026-05-08 08:00:00,265.26609727058843
2026-05-08 09:00:00,271.2408905654232
2026-05-08 10:00:00,278.4766190277791
2026-05-08 11:00:00,286.3053797495327
2026-05-08 12:00:00,294.02720915022945
2026-05-08 13:00:00,300.9653074532057
2026-05-08 14:00:00,306.5211186907859
2026-05-08 15:00:00,310.22158830777437
2026-05-08 16:00:00,311.7519511592343
2026-05-08 17:00:00,310.9705557462754
2026-05-08 18:00:00,307.9064217818344
2026-05-08 19:00:00,302.7436680386276
2026-05-08 20:00:00,295.7982856956044
2026-05-08 21:00:00,289.40692144899157
2026-05-08 22:00:00,283.87789968472816
2026-05-08 23:00:00,279.0728946753228
2026-05-09 00:00:00,274.8811723690739
2026-05-09 01:00:00,271.28018771326964
2026-05-09 02:00:00,268.15023837047795
2026-05-09 03:00:00,265.42354267290887
2026-05-09 04:00:00,263.0435801014467
2026-05-09 05:00:00,260.9628546412898
2026-05-09 06:00:00,260.27462175230335
2026-05-09 07:00:00,262.2169346495141
2026-05-09 08:00:00,266.4402985198097
2026-05-09 09:00:00,272.45932447056555
2026-05-09 10:00:00,279.6769284698389
2026-05-09 11:00:00,287.422391593088
2026-05-09 12:00:00,295.0002422364089
2026-05-09 13:00:00,301.7449472888922
2026-05-09 14:00:00,307.0745718522436
2026-05-09 15:00:00,310.53587255387976
2026-05-09 16:00:00,311.8345925634629
2026-05-09 17:00:00,310.8480152210672
2026-05-09 18:00:00,307.6209244924084
2026-05-09 19:00:00,302.3492726746496
2026-05-09 20:00:00,295.35688402737446
2026-05-09 21:00:00,288.9233655594854
2026-05-09 22:00:00,283.40927919052285
2026-05-09 23:00:00,278.66133017444423
2026-05-10 00:00:00,274.5574934788388
2026-05-10 01:00:00,270.93827963959933
2026-05-10 02:00:00,267.76567249354525
2026-05-10 03:00:00,264.97827018875546
2026-05-10 04:00:00,262.52456602620106
2026-05-10 05:00:00,260.3610205001847
2026-05-10 06:00:00,259.63973301851104
2026-05-10 07:00:00,261.5438449780793
2026-05-10 08:00:00,265.74439332756367
2026-05-10 09:00:00,271.77188925877135
2026-05-10 10:00:00,279.0397981306106
2026-05-10 11:00:00,286.88200189011286
2026-05-10 12:00:00,294.60147573216807
2026-05-10 13:00:00,301.5253927059753
2026-05-10 14:00:00,307.0599149449175
2026-05-10 15:00:00,310.7370224181377
2026-05-10 16:00:00,312.2468103164146
2026-05-10 17:00:00,311.45186589669856
2026-05-10 18:00:00,308.3845099183041
2026-05-10 19:00:00,303.2310744534205
2026-05-10 20:00:00,296.30866861367934
2026-05-10 21:00:00,289.8326989199583
2026-05-10 22:00:00,284.2396263307796
2026-05-10 23:00:00,279.386506692586
2026-05-11 00:00:00,275.15914433430265
2026-05-11 01:00:00,271.5047478268554
2026-05-11 02:00:00,268.3211207631702
2026-05-11 03:00:00,265.5412344406224
2026-05-11 04:00:00,263.1091407619671
2026-05-11 05:00:00,260.9777731613371
2026-05-11 06:00:00,260.35112275790914
2026-05-11 07:00:00,262.33849475439143
2026-05-11 08:00:00,266.5979484767197
2026-05-11 09:00:00,272.65035241634837
2026-05-11 10:00:00,279.90346692858594
2026-05-11 11:00:00,287.689866696431
2026-05-11 12:00:00,295.31575097488115
2026-05-11 13:00:00,302.1156959498249
2026-05-11 14:00:00,307.5065399544496
2026-05-11 15:00:00,311.0328448674322
2026-05-11 16:00:00,312.39762730182554
2026-05-11 17:00:00,311.47531633020554
2026-05-11 18:00:00,308.3080041375666
2026-05-11 19:00:00,303.0892611410719
2026-05-11 20:00:00,296.1408728468373
2026-05-11 21:00:00,289.6214147982945
2026-05-11 22:00:00,284.0230460697103
2026-05-11 23:00:00,279.1929756566504
2026-05-12 00:00:00,275.0095925701847
2026-05-12 01:00:00,271.2409066751841
2026-05-12 02:00:00,267.8941867142648
2026-05-12 03:00:00,264.9152190312401
2026-05-12 04:00:00,262.2582156060606
2026-05-12 05:00:00,259.8842002211998
2026-05-12 06:00:00,259.05729151732515
2026-05-12 07:00:00,260.8506260587324
2026-05-12 08:00:00,264.96733669869576
2026-05-12 09:00:00,270.96364763695715
2026-05-12 10:00:00,278.2709027586271
2026-05-12 11:00:00,286.2317619879092
2026-05-12 12:00:00,294.14822025302664
2026-05-12 13:00:00,301.33704639951947
2026-05-12 14:00:00,307.18611044308176
2026-05-12 15:00:00,311.2038299836928
2026-05-12 16:00:00,313.05466683768947
2026-05-12 17:00:00,312.5765571445495
2026-05-12 18:00:00,309.7804132444494
2026-05-12 19:00:00,304.83557954611297
2026-05-12 20:00:00,298.04683122077233
2026-05-12 21:00:00,291.5043495111495
2026-05-12 22:00:00,285.7852313540109
2026-05-12 23:00:00,280.76213759171935
2026-05-13 00:00:00,276.3328234862764
2026-05-13 01:00:00,272.5128701935432
2026-05-13 02:00:00,269.18024138474965
2026-05-13 03:00:00,266.2657261605805
2026-05-13 04:00:00,263.7116210037092
2026-05-13 05:00:00,261.469419768878
2026-05-13 06:00:00,260.84820554687417
2026-05-13 07:00:00,262.8318141475964
2026-05-13 08:00:00,267.0837425280484
2026-05-13 09:00:00,273.12959244156184
2026-05-13 10:00:00,280.3809477970685
2026-05-13 11:00:00,288.17309685242464
2026-05-13 12:00:00,295.8137088502875
2026-05-13 13:00:00,302.63756964919907
2026-05-13 14:00:00,308.06059297892654
2026-05-13 15:00:00,311.62553757759264
2026-05-13 16:00:00,313.0330686985701
2026-05-13 17:00:00,312.15504154355773
2026-05-13 18:00:00,309.0310032576969
2026-05-13 19:00:00,303.852154036668
2026-05-13 20:00:00,296.9381397583362
2026-05-13 21:00:00,290.3305138994463
2026-05-13 22:00:00,284.64728352152434
2026-05-13 23:00:00,279.73568432711625
2026-05-14 00:00:00,275.47416765076485
2026-05-14 01:00:00,271.77664006005165
2026-05-14 02:00:00,268.5550142037928
2026-05-14 03:00:00,265.7414887993628
2026-05-14 04:00:00,263.27949735467996
2026-05-14 05:00:00,261.121470533393
2026-05-14 06:00:00,260.62883035335784
2026-05-14 07:00:00,262.7225708365275
2026-05-14 08:00:00,267.0644925945149
2026-05-14 09:00:00,273.1790996350352
2026-05-14 10:00:00,280.477820978126
2026-05-14 11:00:00,288.29696888975354
2026-05-14 12:00:00,295.9465092172072
2026-05-14 13:00:00,302.7647139386526
2026-05-14 14:00:00,308.171900697247
2026-05-14 15:00:00,311.71572361892845
2026-05-14 16:00:00,313.10173871572084
2026-05-14 17:00:00,312.20623157125164
2026-05-14 18:00:00,309.07239417196337
2026-05-14 19:00:00,303.89412550730975
2026-05-14 20:00:00,296.9928020612517
2026-05-14 21:00:00,290.3548660741392
2026-05-14 22:00:00,284.6564373889358
2026-05-14 23:00:00,279.74094437403903
2026-05-15 00:00:00,275.48398875500567
2026-05-15 01:00:00,271.82614263535993
2026-05-15 02:00:00,268.65908769481666
2026-05-15 03:00:00,265.9106192827412
2026-05-15 04:00:00,263.5207461779385
2026-05-15 05:00:00,261.43922938025423
2026-05-15 06:00:00,261.07587576622393
2026-05-15 07:00:00,263.281551934037
2026-05-15 08:00:00,267.7054718472117
2026-05-15 09:00:00,273.8629608181564
2026-05-15 10:00:00,281.1603385033088
2026-05-15 11:00:00,288.93335032828094
2026-05-15 12:00:00,296.4960401946505
2026-05-15 13:00:00,303.19498309711986
2026-05-15 14:00:00,308.46203259316616
2026-05-15 15:00:00,311.8581653058003
2026-05-15 16:00:00,313.1024312685352
2026-05-15 17:00:00,312.0833532516441
2026-05-15 18:00:00,308.8541353452953
2026-05-15 19:00:00,303.6160363944982
2026-05-15 20:00:00,296.6951417778629
2026-05-15 21:00:00,290.0253586902908
2026-05-15 22:00:00,284.334504307931
2026-05-15 23:00:00,279.45533947162073
2026-05-16 00:00:00,275.2554955572005
2026-05-16 01:00:00,271.5715687867237
2026-05-16 02:00:00,268.3543027580723
2026-05-16 03:00:00,265.53807025340234
2026-05-16 04:00:00,263.06801605178174
2026-05-16 05:00:00,260.8979261266774
2026-05-16 06:00:00,260.4901239748175
2026-05-16 07:00:00,262.6502081448867
2026-05-16 08:00:00,267.04732590836164
2026-05-16 09:00:00,273.2120596859331
2026-05-16 10:00:00,280.56057387550624
2026-05-16 11:00:00,288.432465122831
2026-05-16 12:00:00,296.13947591316673
2026-05-16 13:00:00,303.02020745947186
2026-05-16 14:00:00,308.49406840588443
2026-05-16 15:00:00,312.1069053737066
2026-05-16 16:00:00,313.56197032808717
2026-05-16 17:00:00,312.73311949511725
2026-05-16 18:00:00,309.6612544159437
2026-05-16 19:00:00,304.5382527707967
2026-05-16 20:00:00,297.6837618385567
2026-05-16 21:00:00,290.9742857602939
2026-05-16 22:00:00,285.2046658865744
2026-05-16 23:00:00,280.2189762885385
2026-05-17 00:00:00,275.8933415751071
2026-05-17 01:00:00,272.1006692849358
2026-05-17 02:00:00,268.7752759697793
2026-05-17 03:00:00,265.8526195892546
2026-05-17 04:00:00,263.278678703651
2026-05-17 05:00:00,261.0078703690369
2026-05-17 06:00:00,260.55122090504887
2026-05-17 07:00:00,262.6629386598654
2026-05-17 08:00:00,267.02190857381976
2026-05-17 09:00:00,273.16646966965004
2026-05-17 10:00:00,280.518089310758
2026-05-17 11:00:00,288.41882163669544
2026-05-17 12:00:00,296.17983937984934
2026-05-17 13:00:00,303.1362867060407
2026-05-17 14:00:00,308.7017409654416
2026-05-17 15:00:00,312.4146759120631
2026-05-17 16:00:00,313.97041538410923
2026-05-17 17:00:00,313.2352478171474
2026-05-17 18:00:00,310.2435248973136
2026-05-17 19:00:00,305.1819197568676
2026-05-17 20:00:00,298.3662724963638
2026-05-17 21:00:00,291.61808475109405
2026-05-17 22:00:00,285.7925092440048
2026-05-17 23:00:00,280.73860491995373
2026-05-18 00:00:00,276.33627940045557
2026-05-18 01:00:00,272.39007538786126
2026-05-18 02:00:00,268.87266066555776
2026-05-18 03:00:00,265.7296967868963
2026-05-18 04:00:00,262.9153032571223
2026-05-18 05:00:00,260.3904234136799
2026-05-18 06:00:00,259.71842450702883
2026-05-18 07:00:00,261.62593035936857
2026-05-18 08:00:00,265.8299800653759
2026-05-18 09:00:00,271.89928496948943
2026-05-18 10:00:00,279.2758902500897
2026-05-18 11:00:00,287.31092494803244
2026-05-18 12:00:00,295.3122501330411
2026-05-18 13:00:00,302.5997360609362
2026-05-18 14:00:00,308.56172184955057
2026-05-18 15:00:00,312.70489096678205
2026-05-18 16:00:00,314.69039820670383
2026-05-18 17:00:00,314.35196731748215
2026-05-18 18:00:00,311.6959346929623
2026-05-18 19:00:00,306.8870316514716
2026-05-18 20:00:00,300.22550756419605
2026-05-18 21:00:00,293.4718786303161
2026-05-18 22:00:00,287.55060619907067
2026-05-18 23:00:00,282.3333756205167
2026-05-19 00:00:00,277.7173542875348
2026-05-19 01:00:00,273.5864029243174
2026-05-19 02:00:00,269.8821296078572
2026-05-19 03:00:00,266.5518237409248
2026-05-19 04:00:00,263.55094571530725
2026-05-19 05:00:00,260.8415417670265
2026-05-19 06:00:00,260.0338216400615
2026-05-19 07:00:00,261.81090819745873
2026-05-19 08:00:00,265.90486103751823
2026-05-19 09:00:00,271.8969819928582
2026-05-19 10:00:00,279.2384920838726
2026-05-19 11:00:00,287.2854066644743
2026-05-19 12:00:00,295.3456193437039
2026-05-19 13:00:00,302.734127020898
2026-05-19 14:00:00,308.83008377082035
2026-05-19 15:00:00,313.1278945325562
2026-05-19 16:00:00,315.27495811142126
2026-05-19 17:00:00,315.0914047103136
2026-05-19 18:00:00,312.5714346869348
2026-05-19 19:00:00,307.8698476095868
2026-05-19 20:00:00,301.2793894556781
2026-05-19 21:00:00,294.50529661278466
2026-05-19 22:00:00,288.5294216359664
2026-05-19 23:00:00,283.2314040438185
2026-05-20 00:00:00,278.51456630683754
2026-05-20 01:00:00,274.3166358165701
2026-05-20 02:00:00,270.56973926714704
2026-05-20 03:00:00,267.2165073017976
2026-05-20 04:00:00,264.20864852754056
2026-05-20 05:00:00,261.50515805272863
2026-05-20 06:00:00,260.75850943283245
2026-05-20 07:00:00,262.59043067647934
2026-05-20 08:00:00,266.7230428453356
2026-05-20 09:00:00,272.72981071543046
2026-05-20 10:00:00,280.05677170675705
2026-05-20 11:00:00,288.0578924648846
2026-05-20 12:00:00,296.0424247605326
2026-05-20 13:00:00,303.33005227147174
2026-05-20 14:00:00,309.3074238602919
2026-05-20 15:00:00,313.4783058049854
2026-05-20 16:00:00,315.500130005162
2026-05-20 17:00:00,315.202553306397
2026-05-20 18:00:00,312.58789476442405
2026-05-20 19:00:00,307.81717655981646
2026-05-20 20:00:00,301.1873682580104
2026-05-20 21:00:00,294.35719989900707
2026-05-20 22:00:00,288.3564930329274
2026-05-20 23:00:00,283.057961688635
2026-05-21 00:00:00,278.35963009877867
2026-05-21 01:00:00,274.23579740591236
2026-05-21 02:00:00,270.60562822978056
2026-05-21 03:00:00,267.4016057745747
2026-05-21 04:00:00,264.5673274928892
2026-05-21 05:00:00,262.0552587013052
2026-05-21 06:00:00,261.55616570466947
2026-05-21 07:00:00,263.6141176152828
2026-05-21 08:00:00,267.920565047109
2026-05-21 09:00:00,274.02472010642634
2026-05-21 10:00:00,281.35658097374426
2026-05-21 11:00:00,289.26379429355893
2026-05-21 12:00:00,297.0597975558217
2026-05-21 13:00:00,304.078624172782
2026-05-21 14:00:00,309.72973442229494
2026-05-21 15:00:00,313.5452317908299
2026-05-21 16:00:00,315.2127964259005
2026-05-21 17:00:00,314.5907721611906
2026-05-21 18:00:00,311.7060176713697
2026-05-21 19:00:00,306.73859547818626
2026-05-21 20:00:00,299.99876221182524
2026-05-21 21:00:00,293.1055559612224
2026-05-21 22:00:00,287.1286254152683
2026-05-21 23:00:00,281.91986366545933
2026-05-22 00:00:00,277.3614256567632
2026-05-22 01:00:00,273.36557623462784
2026-05-22 02:00:00,269.85115507507555
2026-05-22 03:00:00,266.7523132749961
2026-05-22 04:00:00,264.0139737466741
2026-05-22 05:00:00,261.589674880753
2026-05-22 06:00:00,261.213436859794
2026-05-22 07:00:00,263.3775991880294
2026-05-22 08:00:00,267.77248047320273
2026-05-22 09:00:00,273.94653098496315
2026-05-22 10:00:00,281.3296698579153
2026-05-22 11:00:00,289.27036966459923
2026-05-22 12:00:00,297.08390473422645
2026-05-22 13:00:00,304.1071178740807
2026-05-22 14:00:00,309.7530561572086
2026-05-22 15:00:00,313.55785810987095
2026-05-22 16:00:00,315.2132887910743
2026-05-22 17:00:00,314.581448322903
2026-05-22 18:00:00,311.69234194164227
2026-05-22 19:00:00,306.7284196202319
2026-05-22 20:00:00,300.00153292103136
2026-05-22 21:00:00,293.08521797510036
2026-05-22 22:00:00,287.09745660759455
2026-05-22 23:00:00,281.88715962677486
2026-05-23 00:00:00,277.334238027357
2026-05-23 01:00:00,273.43789303142785
2026-05-23 02:00:00,270.07719431144375
2026-05-23 03:00:00,267.1712503308238
2026-05-23 04:00:00,264.65324258259375
2026-05-23 05:00:00,262.46750572944853
2026-05-23 06:00:00,262.3819837985299
2026-05-23 07:00:00,264.80234056875173
2026-05-23 08:00:00,269.3783649615403
2026-05-23 09:00:00,275.628126444478
2026-05-23 10:00:00,282.9633451865359
2026-05-23 11:00:00,290.7279961474318
2026-05-23 12:00:00,298.24698665381044
2026-05-23 13:00:00,304.879781762874
2026-05-23 14:00:00,310.0721570511464
2026-05-23 15:00:00,313.3988003423476
2026-05-23 16:00:00,314.59101209464194
2026-05-23 17:00:00,313.54710630440593
2026-05-23 18:00:00,310.32703951678104
2026-05-23 19:00:00,305.1356378062126
2026-05-23 20:00:00,298.2995402402803
2026-05-23 21:00:00,291.3550767789907
2026-05-23 22:00:00,285.4525740689242
2026-05-23 23:00:00,280.4100584415285
2026-05-24 00:00:00,276.08432787142317
2026-05-24 01:00:00,272.23994827403106
2026-05-24 02:00:00,268.8540610137924
2026-05-24 03:00:00,265.8647684066991
2026-05-24 04:00:00,263.2201385911229
2026-05-24 05:00:00,260.87624454182856
2026-05-24 06:00:00,260.65023328415225
2026-05-24 07:00:00,262.94096099943187
2026-05-24 08:00:00,267.4433628611182
2026-05-24 09:00:00,273.7097903741605
2026-05-24 10:00:00,281.17348111365385
2026-05-24 11:00:00,289.1856959912277
2026-05-24 12:00:00,297.0639869308615
2026-05-24 13:00:00,304.1469844107829
2026-05-24 14:00:00,309.8490755553945
2026-05-24 15:00:00,313.70735769672916
2026-05-24 16:00:00,315.41425080742533
2026-05-24 17:00:00,314.83227365133837
2026-05-24 18:00:00,311.9916548637842
2026-05-24 19:00:00,307.07488263850274
2026-05-24 20:00:00,300.393650017027
2026-05-24 21:00:00,293.4323466833273
2026-05-24 22:00:00,287.40396981403694
2026-05-24 23:00:00,282.15664710314104
2026-05-25 00:00:00,277.569730314434
2026-05-25 01:00:00,273.4517441014045
2026-05-25 02:00:00,269.75687971983183
2026-05-25 03:00:00,266.4330767733413
2026-05-25 04:00:00,263.43632036361157
2026-05-25 05:00:00,260.7290844601089
2026-05-25 06:00:00,260.1723665938612
2026-05-25 07:00:00,262.1563896456645
2026-05-25 08:00:00,266.4183985281267
2026-05-25 09:00:00,272.5449294064562
2026-05-25 10:00:00,279.9926660611069
2026-05-25 11:00:00,288.1233440387463
2026-05-25 12:00:00,296.2507541620304
2026-05-25 13:00:00,303.69580357557743
2026-05-25 14:00:00,309.843341343545
2026-05-25 15:00:00,314.19298387207243
2026-05-25 16:00:00,316.39658551179184
2026-05-25 17:00:00,316.2777416795627
2026-05-25 18:00:00,313.83296498911756
2026-05-25 19:00:00,309.2181362323817
2026-05-25 20:00:00,302.7258494038365
2026-05-25 21:00:00,295.7860165963422
2026-05-25 22:00:00,289.66749266153306
2026-05-25 23:00:00,284.24525373987626
2026-05-26 00:00:00,279.4191683905591
2026-05-26 01:00:00,275.11497864874246
2026-05-26 02:00:00,271.2662698153705
2026-05-26 03:00:00,267.81539570767046
2026-05-26 04:00:00,264.71386136254387
2026-05-26 05:00:00,261.92050626720317
2026-05-26 06:00:00,261.33074836657096
2026-05-26 07:00:00,263.2832949796132
2026-05-26 08:00:00,267.5085933884128
2026-05-26 09:00:00,273.58801922021166
2026-05-26 10:00:00,280.974960694747
2026-05-26 11:00:00,289.0299314267997
2026-05-26 12:00:00,297.06766836025866
2026-05-26 13:00:00,304.4120786586062
2026-05-26 14:00:00,310.45268295734854
2026-05-26 15:00:00,314.6948071334755
2026-05-26 16:00:00,316.7962795642219
2026-05-26 17:00:00,316.5861956403038
2026-05-26 18:00:00,314.06555274372306
2026-05-26 19:00:00,309.39343662614266
2026-05-26 20:00:00,302.86435116890556
2026-05-26 21:00:00,295.8679150077049
2026-05-26 22:00:00,289.7140757787958
2026-05-26 23:00:00,284.27315866712604
2026-05-27 00:00:00,279.44149945770556
2026-05-27 01:00:00,275.260354292176
2026-05-27 02:00:00,271.6692681908109
2026-05-27 03:00:00,268.57655602963166
2026-05-27 04:00:00,265.906984550223
2026-05-27 05:00:00,263.59824723127923
2026-05-27 06:00:00,263.56508756719575
2026-05-27 07:00:00,266.01853513520325
2026-05-27 08:00:00,270.6032156020243
2026-05-27 09:00:00,276.8345475620406
2026-05-27 10:00:00,284.12429895067356
2026-05-27 11:00:00,291.8192311462319
2026-05-27 12:00:00,299.24957725231957
2026-05-27 13:00:00,305.7821647210115
2026-05-27 14:00:00,310.8713696988683
2026-05-27 15:00:00,314.10073360325606
2026-05-27 16:00:00,315.2096835920499
2026-05-27 17:00:00,314.1031614160346
2026-05-27 18:00:00,310.84581373105374
2026-05-27 19:00:00,305.6451157043738
2026-05-27 20:00:00,298.8284467106008
2026-05-27 21:00:00,291.7643592080437
2026-05-27 22:00:00,285.7798313512997
2026-05-27 23:00:00,280.6834043343446
2026-05-28 00:00:00,276.32492208876005
2026-05-28 01:00:00,272.52058922524515
2026-05-28 02:00:00,269.209910714091
2026-05-28 03:00:00,266.32187080073277
2026-05-28 04:00:00,263.79735580688714
2026-05-28 05:00:00,261.5867540984722
2026-05-28 06:00:00,261.64971140757945
2026-05-28 07:00:00,264.18420968164924
2026-05-28 08:00:00,268.8631184293485
2026-05-28 09:00:00,275.222821520425
2026-05-28 10:00:00,282.68812911481984
2026-05-28 11:00:00,290.6104558471259
2026-05-28 12:00:00,298.31638689569314
2026-05-28 13:00:00,305.1617243739258
2026-05-28 14:00:00,310.5842757173526
2026-05-28 15:00:00,314.14798725751314
2026-05-28 16:00:00,315.57236381131463
2026-05-28 17:00:00,314.7443910254732
2026-05-28 18:00:00,311.71419536431944
2026-05-28 19:00:00,306.6787306484022
2026-05-28 20:00:00,299.95874027859463
2026-05-28 21:00:00,292.88133012499526
2026-05-28 22:00:00,286.8231657883044
2026-05-28 23:00:00,281.6102776834924
2026-05-29 00:00:00,277.10548522699963
2026-05-29 01:00:00,273.2642574773366
2026-05-29 02:00:00,269.9658923634273
2026-05-29 03:00:00,267.1266741266411
2026-05-29 04:00:00,264.6776361122559
2026-05-29 05:00:00,262.56148261984157
2026-05-29 06:00:00,262.7653752340506
2026-05-29 07:00:00,265.4183143797576
2026-05-29 08:00:00,270.16706117229273
2026-05-29 09:00:00,276.5290878126351
2026-05-29 10:00:00,283.91863831185617
2026-05-29 11:00:00,291.6856864375114
2026-05-29 12:00:00,299.16453805240366
2026-05-29 13:00:00,305.7268827694351
2026-05-29 14:00:00,310.83249476442876
2026-05-29 15:00:00,314.0704629287723
2026-05-29 16:00:00,315.18547893687446
2026-05-29 17:00:00,314.0870860863775
2026-05-29 18:00:00,310.8436135917923
2026-05-29 19:00:00,305.665187544157
2026-05-29 20:00:00,298.88080760030067
2026-05-29 21:00:00,291.7845188993832
2026-05-29 22:00:00,285.78364508454945
2026-05-29 23:00:00,280.68244070139764
2026-05-30 00:00:00,276.3276089416701
2026-05-30 01:00:00,272.65432091255263
2026-05-30 02:00:00,269.5301685214424
2026-05-30 03:00:00,266.8667786431263
2026-05-30 04:00:00,264.5917422522732
2026-05-30 05:00:00,262.645250934401
2026-05-30 06:00:00,263.04487796508454
2026-05-30 07:00:00,265.8610620946675
2026-05-30 08:00:00,270.723545872308
2026-05-30 09:00:00,277.13806406650514
2026-05-30 10:00:00,284.5133033834982
2026-05-30 11:00:00,292.2003969609057
2026-05-30 12:00:00,299.54144743362724
2026-05-30 13:00:00,305.9217070461737
2026-05-30 14:00:00,310.81861609552516
2026-05-30 15:00:00,313.84082866970255
2026-05-30 16:00:00,314.7522088144767
2026-05-30 17:00:00,313.4791914761969
2026-05-30 18:00:00,310.10355249141423
2026-05-30 19:00:00,304.845009951288
2026-05-30 20:00:00,298.0384294961792
2026-05-30 21:00:00,290.94489508930207
2026-05-30 22:00:00,285.00313061573956
2026-05-30 23:00:00,280.00000662991613
2026-05-31 00:00:00,275.76953257686415
2026-05-31 01:00:00,272.0931779085819
2026-05-31 02:00:00,268.9209436557954
2026-05-31 03:00:00,266.1773042520643
2026-05-31 04:00:00,263.79968469421004
2026-05-31 05:00:00,261.735824952161
2026-05-31 06:00:00,262.03996896398945
2026-05-31 07:00:00,264.7754546086256
2026-05-31 08:00:00,269.60069376093605
2026-05-31 09:00:00,276.0420647275518
2026-05-31 10:00:00,283.5198452003252
2026-05-31 11:00:00,291.38706313992935
2026-05-31 12:00:00,298.9781550849511
2026-05-31 13:00:00,305.6623395152968
2026-05-31 14:00:00,310.8949319579346
2026-05-31 15:00:00,314.2594056677412
2026-05-31 16:00:00,315.494560696856
2026-05-31 17:00:00,314.50451358314797
2026-05-31 18:00:00,311.3531010062397
2026-05-31 19:00:00,306.24706819552665
2026-05-31 20:00:00,299.5131115790511
2026-05-31 21:00:00,292.3744648364678
2026-05-31 22:00:00,286.3161797415318
2026-05-31 23:00:00,281.14753357050535
2026-06-01 00:00:00,276.71894701570005
2026-06-01 01:00:00,272.9413316050665
2026-06-01 02:00:00,269.70194435481176
2026-06-01 03:00:00,266.9173629798829
2026-06-01 04:00:00,264.5188803824078
2026-06-01 05:00:00,262.44943959719365
2026-06-01 06:00:00,262.7890511281062
2026-06-01 07:00:00,265.5510401035731
2026-06-01 08:00:00,270.3822941830206
2026-06-01 09:00:00,276.80112184402395
2026-06-01 10:00:00,284.22359899464607
2026-06-01 11:00:00,292.0026664974875
2026-06-01 12:00:00,299.4767028702365
2026-06-01 13:00:00,306.0223611881436
2026-06-01 14:00:00,311.1048852979666
2026-06-01 15:00:00,314.318848304025
2026-06-01 16:00:00,315.413943916232
2026-06-01 17:00:00,314.3038390674558
2026-06-01 18:00:00,311.059878035679
2026-06-01 19:00:00,305.8940321528447
2026-06-01 20:00:00,299.13603572459755
2026-06-01 21:00:00,291.9776472663425
2026-06-01 22:00:00,285.9351540948891
2026-06-01 23:00:00,280.8075165700178
2026-06-02 00:00:00,276.43757728758146
2026-06-02 01:00:00,272.7318327569989
2026-06-02 02:00:00,269.57131019472246
2026-06-02 03:00:00,266.8693702026092
2026-06-02 04:00:00,264.55489553710083
2026-06-02 05:00:00,262.56903438945943
2026-06-02 06:00:00,263.01866320077227
2026-06-02 07:00:00,265.87109312407625
2026-06-02 08:00:00,270.7638883870514
2026-06-02 09:00:00,277.2090200510991
2026-06-02 10:00:00,284.61971785670204
2026-06-02 11:00:00,292.3498626612453
2026-06-02 12:00:00,299.7425022376803
2026-06-02 13:00:00,306.1821815029582
2026-06-02 14:00:00,311.14430551303286
2026-06-02 15:00:00,314.23462164947796
2026-06-02 16:00:00,315.2137108609222
2026-06-02 17:00:00,314.0047749743701
2026-06-02 18:00:00,310.68668988684476
2026-06-02 19:00:00,305.47673405723066
2026-06-02 20:00:00,298.70780832895355
2026-06-02 21:00:00,291.54181846298957
2026-06-02 22:00:00,285.525144502392
2026-06-02 23:00:00,280.446598032875
2026-06-03 00:00:00,276.1416139898593
2026-06-03 01:00:00,272.4270473110654
2026-06-03 02:00:00,269.229806194827
2026-06-03 03:00:00,266.4713188464926
2026-06-03 04:00:00,264.08663939970575
2026-06-03 05:00:00,262.0216492881515
2026-06-03 06:00:00,262.41367834147417
2026-06-03 07:00:00,265.21735985314416
2026-06-03 08:00:00,270.0884571791708
2026-06-03 09:00:00,276.552095164251
2026-06-03 10:00:00,284.0289482048795
2026-06-03 11:00:00,291.8742132592308
2026-06-03 12:00:00,299.4262013060171
2026-06-03 13:00:00,306.0594151667582
2026-06-03 14:00:00,311.23534783714945
2026-06-03 15:00:00,314.5438814096278
2026-06-03 16:00:00,315.7297833469041
2026-06-03 17:00:00,314.70215521122856
2026-06-03 18:00:00,311.5285183224517
2026-06-03 19:00:00,306.417913231052
2026-06-03 20:00:00,299.69801699510515
2026-06-03 21:00:00,292.4986247329502
2026-06-03 22:00:00,286.403483745008
2026-06-03 23:00:00,281.2156086153015
2026-06-04 00:00:00,276.78083554746814
2026-06-04 01:00:00,272.8524378552858
2026-06-04 02:00:00,269.39409246691633
2026-06-04 03:00:00,266.3419907077589
2026-06-04 04:00:00,263.64267716129376
2026-06-04 05:00:00,261.25099432338646
2026-06-04 06:00:00,261.3367062144126
2026-06-04 07:00:00,263.87410807685035
2026-06-04 08:00:00,268.5644372496073
2026-06-04 09:00:00,274.96702071252685
2026-06-04 10:00:00,282.52303714334727
2026-06-04 11:00:00,290.5926973971407
2026-06-04 12:00:00,298.5033317068589
2026-06-04 13:00:00,305.60378793425707
2026-06-04 14:00:00,311.31854490472125
2026-06-04 15:00:00,315.19400230472166
2026-06-04 16:00:00,316.930448671477
2026-06-04 17:00:00,316.39633595503716
2026-06-04 18:00:00,313.62561063646484
2026-06-04 19:00:00,308.80221011311704
2026-06-04 20:00:00,302.2371254076297
2026-06-04 21:00:00,295.023013633979
2026-06-04 22:00:00,288.7844412192655
2026-06-04 23:00:00,283.3604025271368
2026-06-05 00:00:00,278.6235492321985
2026-06-05 01:00:00,274.4856748852184
2026-06-05 02:00:00,270.86071964812953
2026-06-05 03:00:00,267.67666992355066
2026-06-05 04:00:00,264.87357203429804
2026-06-05 05:00:00,262.4010655990961
2026-06-05 06:00:00,262.448783034989
2026-06-05 07:00:00,264.9501087319169
2026-06-05 08:00:00,269.59665467970456
2026-06-05 09:00:00,275.9406287777818
2026-06-05 10:00:00,283.4188969531452
2026-06-05 11:00:00,291.3903939570435
2026-06-05 12:00:00,299.1842360416869
2026-06-05 13:00:00,306.1538259970614
2026-06-05 14:00:00,311.73031001048923
2026-06-05 15:00:00,315.46791773458745
2026-06-05 16:00:00,317.0748726719475
2026-06-05 17:00:00,316.42673780722197
2026-06-05 18:00:00,313.56313085685
2026-06-05 19:00:00,308.6719735627459
2026-06-05 20:00:00,302.0666000189673
2026-06-05 21:00:00,294.81396608056303
2026-06-05 22:00:00,288.5646945917847
2026-06-05 23:00:00,283.1507720244803
2026-06-06 00:00:00,278.4396056336949
2026-06-06 01:00:00,274.31890853618756
2026-06-06 02:00:00,270.7032801221339
2026-06-06 03:00:00,267.52244190669984
2026-06-06 04:00:00,264.7178084289403
2026-06-06 05:00:00,262.2401075572714
2026-06-06 06:00:00,262.3025244087483
2026-06-06 07:00:00,264.8148960802193
2026-06-06 08:00:00,269.4725990447957
2026-06-06 09:00:00,275.8308593500792
2026-06-06 10:00:00,283.32868611400664
2026-06-06 11:00:00,291.3261681979594
2026-06-06 12:00:00,299.15253584287655
2026-06-06 13:00:00,306.1603190057957
2026-06-06 14:00:00,311.7789808489547
2026-06-06 15:00:00,315.56053967263375
2026-06-06 16:00:00,317.21080960939474
2026-06-06 17:00:00,316.60304897049343
2026-06-06 18:00:00,313.7748881528379
2026-06-06 19:00:00,308.91267873209796
2026-06-06 20:00:00,302.3286089963626
2026-06-06 21:00:00,295.06380170071617
2026-06-06 22:00:00,288.7960455674997
2026-06-06 23:00:00,283.3590953242335
2026-06-07 00:00:00,278.6216977771213
2026-06-07 01:00:00,274.46316872976865
2026-06-07 02:00:00,270.8002503244258
2026-06-07 03:00:00,267.56529150861024
2026-06-07 04:00:00,264.7017833309974
2026-06-07 05:00:00,262.16210289323243
2026-06-07 06:00:00,262.18203084143386
2026-06-07 07:00:00,264.6549258241283
2026-06-07 08:00:00,269.28461284170174
2026-06-07 09:00:00,275.63299130504436
2026-06-07 10:00:00,283.14350661903046
2026-06-07 11:00:00,291.17807023239527
2026-06-07 12:00:00,299.06494822297714
2026-06-07 13:00:00,306.15305468150655
2026-06-07 14:00:00,311.8660764223062
2026-06-07 15:00:00,315.74889030759397
2026-06-07 16:00:00,317.49974375216686
2026-06-07 17:00:00,316.98477168888826
2026-06-07 18:00:00,314.23554197244573
2026-06-07 19:00:00,309.43370136852036
2026-06-07 20:00:00,302.8881199594033
2026-06-07 21:00:00,295.61433826340664
2026-06-07 22:00:00,289.31633176096284
2026-06-07 23:00:00,283.83345786215347
2026-06-08 00:00:00,279.03869480104845
2026-06-08 01:00:00,274.80346999380504
2026-06-08 02:00:00,271.0457309589298
2026-06-08 03:00:00,267.7026234174941
2026-06-08 04:00:00,264.7214608439441
2026-06-08 05:00:00,262.05768411916733
2026-06-08 06:00:00,261.9694136453098
2026-06-08 07:00:00,264.34371012909645
2026-06-08 08:00:00,268.9001895487243
2026-06-08 09:00:00,275.21330758550215
2026-06-08 10:00:00,282.73487508125527
2026-06-08 11:00:00,290.83018815445126
2026-06-08 12:00:00,298.8255180115117
2026-06-08 13:00:00,306.0626039938537
2026-06-08 14:00:00,311.9536826248716
2026-06-08 15:00:00,316.02942876017585
2026-06-08 16:00:00,317.972978135063
2026-06-08 17:00:00,317.63618029131925
2026-06-08 18:00:00,315.03840538856576
2026-06-08 19:00:00,310.35181952260376
2026-06-08 20:00:00,303.8786135677628
2026-06-08 21:00:00,296.608239835964
2026-06-08 22:00:00,290.2698531225186
2026-06-08 23:00:00,284.7137683781771
2026-06-09 00:00:00,279.8212688629185
2026-06-09 01:00:00,275.51174691152323
2026-06-09 02:00:00,271.7105709378032
2026-06-09 03:00:00,268.3484680873321
2026-06-09 04:00:00,265.3676495959251
2026-06-09 05:00:00,262.7269677835464
2026-06-09 06:00:00,262.6838581424635
2026-06-09 07:00:00,265.0971532324484
2026-06-09 08:00:00,269.67441127749794
2026-06-09 09:00:00,275.98077802851117
2026-06-09 10:00:00,283.4621366446052
2026-06-09 11:00:00,291.4817541655671
2026-06-09 12:00:00,299.3679959375125
2026-06-09 13:00:00,306.46859275979347
2026-06-09 14:00:00,312.2049147030784
2026-06-09 15:00:00,316.1186980841976
2026-06-09 16:00:00,317.90463126548616
2026-06-09 17:00:00,317.42527595881063
2026-06-09 18:00:00,314.70892725218107
2026-06-09 19:00:00,309.93444059289874
2026-06-09 20:00:00,303.4084357739731
2026-06-09 21:00:00,296.1023082823109
2026-06-09 22:00:00,289.7649913991761
2026-06-09 23:00:00,284.23783323117794
2026-06-10 00:00:00,279.39534675934436
2026-06-10 01:00:00,275.189802817797
2026-06-10 02:00:00,271.5414779947254
2026-06-10 03:00:00,268.36791026569426
2026-06-10 04:00:00,265.6009699302519
2026-06-10 05:00:00,263.2098605363616
2026-06-10 06:00:00,263.423183174358
2026-06-10 07:00:00,266.0601093890325
2026-06-10 08:00:00,270.7946869946002
2026-06-10 09:00:00,277.16661979585
2026-06-10 10:00:00,284.60633769691856
2026-06-10 11:00:00,292.4731019117975
2026-06-10 12:00:00,300.10322787175437
2026-06-10 13:00:00,306.86349492544474
2026-06-10 14:00:00,312.20304116757023
2026-06-10 15:00:00,315.69647182687925
2026-06-10 16:00:00,317.07231617558904
2026-06-10 17:00:00,316.2242413036857
2026-06-10 18:00:00,313.2063640468952
2026-06-10 19:00:00,308.2169334565321
2026-06-10 20:00:00,301.57552364377335
2026-06-10 21:00:00,294.2417456644694
2026-06-10 22:00:00,287.9791291161414
2026-06-10 23:00:00,282.60186029360125
2026-06-11 00:00:00,277.9641117780713
2026-06-11 01:00:00,273.969597687122
2026-06-11 02:00:00,270.5171290354988
2026-06-11 03:00:00,267.52547453813133
2026-06-11 04:00:00,264.9275162654038
2026-06-11 05:00:00,262.7102837052693
2026-06-11 06:00:00,263.08256849096136
2026-06-11 07:00:00,265.8558471001384
2026-06-11 08:00:00,270.6975966613573
2026-06-11 09:00:00,277.14276702065825
2026-06-11 10:00:00,284.61945643156645
2026-06-11 11:00:00,292.4874365679684
2026-06-11 12:00:00,300.0865018535099
2026-06-11 13:00:00,306.7896251232582
2026-06-11 14:00:00,312.0542003558864
2026-06-11 15:00:00,315.4641944082164
2026-06-11 16:00:00,316.7575423241292
2026-06-11 17:00:00,315.8364319630091
2026-06-11 18:00:00,312.76199492922035
2026-06-11 19:00:00,307.7377222135745
2026-06-11 20:00:00,301.0866649634898
2026-06-11 21:00:00,293.752994072579
2026-06-11 22:00:00,287.51733519135377
2026-06-11 23:00:00,282.18620993567316
2026-06-12 00:00:00,277.6081129746169
2026-06-12 01:00:00,273.5322954597399
2026-06-12 02:00:00,269.9103066790374
2026-06-12 03:00:00,266.68331729780897
2026-06-12 04:00:00,263.8018471377868
2026-06-12 05:00:00,261.2823019338163
2026-06-12 06:00:00,261.32742316288375
2026-06-12 07:00:00,263.81528741783876
2026-06-12 08:00:00,268.4697460458357
2026-06-12 09:00:00,274.868861780067
2026-06-12 10:00:00,282.4674861581403
2026-06-12 11:00:00,290.63339173588975
2026-06-12 12:00:00,298.69474797487544
2026-06-12 13:00:00,305.99462153750727
2026-06-12 14:00:00,311.9460572436581
2026-06-12 15:00:00,316.08011825002967
2026-06-12 16:00:00,318.0800347818408
2026-06-12 17:00:00,317.79757690861
2026-06-12 18:00:00,315.25194427110273
2026-06-12 19:00:00,310.6150741949308
2026-06-12 20:00:00,304.18886150881696
2026-06-12 21:00:00,296.890061944357
2026-06-12 22:00:00,290.524242579219
2026-06-12 23:00:00,284.9416166092043
2026-06-13 00:00:00,280.0234179912154
2026-06-13 01:00:00,275.6504188534444
2026-06-13 02:00:00,271.7358987444501
2026-06-13 03:00:00,268.2219850322827
2026-06-13 04:00:00,265.0600151173933
2026-06-13 05:00:00,262.2809250814804
2026-06-13 06:00:00,262.0721662247557
2026-06-13 07:00:00,264.329621343465
2026-06-13 08:00:00,268.79345239150274
2026-06-13 09:00:00,275.05517866356473
2026-06-13 10:00:00,282.57890702334566
2026-06-13 11:00:00,290.7363313487753
2026-06-13 12:00:00,298.8535297044552
2026-06-13 13:00:00,306.265477858848
2026-06-13 14:00:00,312.3719794338897
2026-06-13 15:00:00,316.68733007705526
2026-06-13 16:00:00,318.87654985926974
2026-06-13 17:00:00,318.7738150919453
2026-06-13 18:00:00,316.3829278345606
2026-06-13 19:00:00,311.86349324824556
2026-06-13 20:00:00,305.50835471708353
2026-06-13 21:00:00,298.2141958689774
2026-06-13 22:00:00,291.80187453932933
2026-06-13 23:00:00,286.13366346729407
2026-06-14 00:00:00,281.10000870547304
2026-06-14 01:00:00,276.65281380994537
2026-06-14 02:00:00,272.7694978487674
2026-06-14 03:00:00,269.3687139510353
2026-06-14 04:00:00,266.3831727027238
2026-06-14 05:00:00,263.84117356497404
2026-06-14 06:00:00,263.90182911959664
2026-06-14 07:00:00,266.4005030817798
2026-06-14 08:00:00,271.0253285102868
2026-06-14 09:00:00,277.3270587687504
2026-06-14 10:00:00,284.7432241896243
2026-06-14 11:00:00,292.6355319368385
2026-06-14 12:00:00,300.3377926134734
2026-06-14 13:00:00,307.20961126643607
2026-06-14 14:00:00,312.6892017748161
2026-06-14 15:00:00,316.3379352974932
2026-06-14 16:00:00,317.8704595436712
2026-06-14 17:00:00,317.1674188133656
2026-06-14 18:00:00,314.2718170652309
2026-06-14 19:00:00,309.3731966630801
2026-06-14 20:00:00,302.7848798345583
2026-06-14 21:00:00,295.4028583538006
2026-06-14 22:00:00,289.05596091083686
2026-06-14 23:00:00,283.5687586172527
2026-06-15 00:00:00,278.8032055302678
2026-06-15 01:00:00,274.783372846094
2026-06-15 02:00:00,271.3970319823896
2026-06-15 03:00:00,268.53681498228696
2026-06-15 04:00:00,266.11574483408776
2026-06-15 05:00:00,264.15793933773824
2026-06-15 06:00:00,264.7954092895555
2026-06-15 07:00:00,267.78125366179063
2026-06-15 08:00:00,272.7368275545577
2026-06-15 09:00:00,279.1651589442111
2026-06-15 10:00:00,286.47847211559423
2026-06-15 11:00:00,294.0377447488404
2026-06-15 12:00:00,301.20061290165194
2026-06-15 13:00:00,307.37216526286056
2026-06-15 14:00:00,312.05192990816346
2026-06-15 15:00:00,314.870514727877
2026-06-15 16:00:00,315.61136734581453
2026-06-15 17:00:00,314.21649477776316
2026-06-15 18:00:00,310.77840895031494
2026-06-15 19:00:00,305.52265200756324
2026-06-15 20:00:00,298.78540147574574
2026-06-15 21:00:00,291.4626738050685
2026-06-15 22:00:00,285.3812451951939
2026-06-15 23:00:00,280.3031074288289
2026-06-16 00:00:00,276.04436150132756
2026-06-16 01:00:00,272.4843510878214
2026-06-16 02:00:00,269.49221624743876
2026-06-16 03:00:00,266.9715811753364
2026-06-16 04:00:00,264.84413302562245
2026-06-16 05:00:00,263.15007584507237
2026-06-16 06:00:00,264.01555924751506
2026-06-16 07:00:00,267.1917815348982
2026-06-16 08:00:00,272.2983944758569
2026-06-16 09:00:00,278.83773805192806
2026-06-16 10:00:00,286.22297265531284
2026-06-16 11:00:00,293.81799543813923
2026-06-16 12:00:00,300.9854034361391
2026-06-16 13:00:00,307.1370140060787
2026-06-16 14:00:00,311.7802746784567
2026-06-16 15:00:00,314.55413412250135
2026-06-16 16:00:00,315.25001229824295
2026-06-16 17:00:00,313.81688229159664
2026-06-16 18:00:00,310.35283296408795
2026-06-16 19:00:00,305.0874674509404
2026-06-16 20:00:00,298.3595575784982
2026-06-16 21:00:00,291.05705436319437
2026-06-16 22:00:00,285.0155146036051
2026-06-16 23:00:00,279.9899876489855
2026-06-17 00:00:00,275.79161634402027
2026-06-17 01:00:00,272.17217609630285
2026-06-17 02:00:00,269.0792710979385
2026-06-17 03:00:00,266.43018624503844
2026-06-17 04:00:00,264.1568547639379
2026-06-17 05:00:00,262.3147064717304
2026-06-17 06:00:00,263.0279086653699
2026-06-17 07:00:00,266.0848108041073
2026-06-17 08:00:00,271.13409238109773
2026-06-17 09:00:00,277.6978539399751
2026-06-17 10:00:00,285.1986894631564
2026-06-17 11:00:00,292.9990868391243
2026-06-17 12:00:00,300.449827172414
2026-06-17 13:00:00,306.94214338569515
2026-06-17 14:00:00,311.9569146060198
2026-06-17 15:00:00,315.1040290194817
2026-06-17 16:00:00,316.14683234134463
2026-06-17 17:00:00,315.0099510929512
2026-06-17 18:00:00,311.77244056265425
2026-06-17 19:00:00,306.65063827416816
2026-06-17 20:00:00,299.9755182462286
2026-06-17 21:00:00,292.62443612992456
2026-06-17 22:00:00,286.4488486722528
2026-06-17 23:00:00,281.2322890052002
2026-06-18 00:00:00,276.80640968779386
2026-06-18 01:00:00,272.93986681142826
2026-06-18 02:00:00,269.5766499768407
2026-06-18 03:00:00,266.6440335200659
2026-06-18 04:00:00,264.08155037390407
2026-06-18 05:00:00,261.95635279670074
2026-06-18 06:00:00,262.3915547543347
2026-06-18 07:00:00,265.2155966017488
2026-06-18 08:00:00,270.1100147977698
2026-06-18 09:00:00,276.6206303757498
2026-06-18 10:00:00,284.1828309298131
2026-06-18 11:00:00,292.15978200890095
2026-06-18 12:00:00,299.8907236461281
2026-06-18 13:00:00,306.7444741647578
2026-06-18 14:00:00,312.1714656535807
2026-06-18 15:00:00,315.7470337863559
2026-06-18 16:00:00,317.20006443799997
2026-06-18 17:00:00,316.4243633953978
2026-06-18 18:00:00,313.47406075955433
2026-06-18 19:00:00,308.5473190233462
2026-06-18 20:00:00,301.9635062988652
2026-06-18 21:00:00,294.58822349582675
2026-06-18 22:00:00,288.2857655852206
2026-06-18 23:00:00,282.8702820677903
2026-06-19 00:00:00,278.19594818289744
2026-06-19 01:00:00,274.1421537975646
2026-06-19 02:00:00,270.6157213872655
2026-06-19 03:00:00,267.5400542892886
2026-06-19 04:00:00,264.85161906793894
2026-06-19 05:00:00,262.6194751181431
2026-06-19 06:00:00,262.95951961363176
2026-06-19 07:00:00,265.6999026652128
2026-06-19 08:00:00,270.52221993929413
2026-06-19 09:00:00,276.9724157263047
2026-06-19 10:00:00,284.48583601772935
2026-06-19 11:00:00,292.4252698862945
2026-06-19 12:00:00,300.129143839967
2026-06-19 13:00:00,306.9650021006035
2026-06-19 14:00:00,312.3816014370603
2026-06-19 15:00:00,315.95233175477307
2026-06-19 16:00:00,317.4040345656933
2026-06-19 17:00:00,316.62854423321505
2026-06-19 18:00:00,313.67822704723494
2026-06-19 19:00:00,308.7497696201626
2026-06-19 20:00:00,302.1613831297036
2026-06-19 21:00:00,294.7733699847719
2026-06-19 22:00:00,288.45463905158465
2026-06-19 23:00:00,283.02045827232985
2026-06-20 00:00:00,278.3258440275447
2026-06-20 01:00:00,274.3160858329832
2026-06-20 02:00:00,270.8807450576518
2026-06-20 03:00:00,267.92987661279244
2026-06-20 04:00:00,265.389657179235
2026-06-20 05:00:00,263.3239661514517
2026-06-20 06:00:00,263.8374965149697
2026-06-20 07:00:00,266.722960953086
2026-06-20 08:00:00,271.63299902588096
2026-06-20 09:00:00,278.09251290729014
2026-06-20 10:00:00,285.5251212295394
2026-06-20 11:00:00,293.29214293740955
2026-06-20 12:00:00,300.7408570235065
2026-06-20 13:00:00,307.25685614394575
2026-06-20 14:00:00,312.31376990962383
2026-06-20 15:00:00,315.51340078821454
2026-06-20 16:00:00,316.6110202863285
2026-06-20 17:00:00,315.523923997228
2026-06-20 18:00:00,312.32506198315406
2026-06-20 19:00:00,307.22609766927593
2026-06-20 20:00:00,300.5547595514739
2026-06-20 21:00:00,293.1731053752417
2026-06-20 22:00:00,286.9479717540563
2026-06-20 23:00:00,281.66915878834646
2026-06-21 00:00:00,277.1729005985147
2026-06-21 01:00:00,273.26646222288525
2026-06-21 02:00:00,269.8749084860195
2026-06-21 03:00:00,266.9230230785537
2026-06-21 04:00:00,264.3483849556305
2026-06-21 05:00:00,262.22495306182157
2026-06-21 06:00:00,262.66435822315566
2026-06-21 07:00:00,265.49067998856697
2026-06-21 08:00:00,270.3819402147991
2026-06-21 09:00:00,276.8814268382459
2026-06-21 10:00:00,284.4231162257852
2026-06-21 11:00:00,292.3699790865895
2026-06-21 12:00:00,300.06227492258677
2026-06-21 13:00:00,306.87091779495745
2026-06-21 14:00:00,312.2492288883041
2026-06-21 15:00:00,315.77583551426267
2026-06-21 16:00:00,317.18289809963267
2026-06-21 17:00:00,316.3671239480674
2026-06-21 18:00:00,313.3849453423693
2026-06-21 19:00:00,308.43614447895754
2026-06-21 20:00:00,301.8410511219237
2026-06-21 21:00:00,294.4571232217238
2026-06-21 22:00:00,288.15710938741586
2026-06-21 23:00:00,282.75212662480135
2026-06-22 00:00:00,278.09410499161953
2026-06-22 01:00:00,274.020880685394
2026-06-22 02:00:00,270.4500368681038
2026-06-22 03:00:00,267.3114585505415
2026-06-22 04:00:00,264.5466924087807
2026-06-22 05:00:00,262.2323829650094
2026-06-22 06:00:00,262.48415415682894
2026-06-22 07:00:00,265.14850085342107
2026-06-22 08:00:00,269.92241822109776
2026-06-22 09:00:00,276.363485287471
2026-06-22 10:00:00,283.9140913584888
2026-06-22 11:00:00,291.9388580856159
2026-06-22 12:00:00,299.77264515594516
2026-06-22 13:00:00,306.77445814611764
2026-06-22 14:00:00,312.3806500900505
2026-06-22 15:00:00,316.14999104029505
2026-06-22 16:00:00,317.79434238411807
2026-06-22 17:00:00,317.19184246150695
2026-06-22 18:00:00,314.38355574485286
2026-06-22 19:00:00,309.5577399297865
2026-06-22 20:00:00,303.0270287285953
2026-06-22 21:00:00,295.64507721563143
2026-06-22 22:00:00,289.286726319023
2026-06-22 23:00:00,283.7796307366373
2026-06-23 00:00:00,278.98805534354557
2026-06-23 01:00:00,274.84867478374844
2026-06-23 02:00:00,271.2688981026862
2026-06-23 03:00:00,268.16476783067515
2026-06-23 04:00:00,265.4670118912814
2026-06-23 05:00:00,263.2417686226798
2026-06-23 06:00:00,263.59883369414297
2026-06-23 07:00:00,266.3522358721582
2026-06-23 08:00:00,271.172056675015
2026-06-23 09:00:00,277.59576479387755
2026-06-23 10:00:00,285.0537279857163
2026-06-23 11:00:00,292.90757565412554
2026-06-23 12:00:00,300.49841450917177
2026-06-23 13:00:00,307.1999047914408
2026-06-23 14:00:00,312.4694955424133
2026-06-23 15:00:00,315.8906428966237
2026-06-23 16:00:00,317.2003278406625
2026-06-23 17:00:00,316.29948560971496
2026-06-23 18:00:00,313.2478283376221
2026-06-23 19:00:00,308.24735717139095
2026-06-23 20:00:00,301.619622445383
2026-06-23 21:00:00,294.22487491193704
2026-06-23 22:00:00,287.93187621329514
2026-06-23 23:00:00,282.5467752695866
2026-06-24 00:00:00,277.91783077401476
2026-06-24 01:00:00,273.79407640203664
2026-06-24 02:00:00,270.11962061057733
2026-06-24 03:00:00,266.83696740471174
2026-06-24 04:00:00,263.8977127216601
2026-06-24 05:00:00,261.38099081498746
2026-06-24 06:00:00,261.4173518071073
2026-06-24 07:00:00,263.89217202009024
2026-06-24 08:00:00,268.53594694872015
2026-06-24 09:00:00,274.93241091819647
2026-06-24 10:00:00,282.5407476039865
2026-06-24 11:00:00,290.7313842137726
2026-06-24 12:00:00,298.83324508861295
2026-06-24 13:00:00,306.1882284827189
2026-06-24 14:00:00,312.2065140029685
2026-06-24 15:00:00,316.41506545997845
2026-06-24 16:00:00,318.4923857315062
2026-06-24 17:00:00,318.2854939990564
2026-06-24 18:00:00,315.80928138582027
2026-06-24 19:00:00,311.2320766108755
2026-06-24 20:00:00,304.85293208685965
2026-06-24 21:00:00,297.5233962879971
2026-06-24 22:00:00,291.115385633281
2026-06-24 23:00:00,285.48201440736153
2026-06-25 00:00:00,280.5067586290818
2026-06-25 01:00:00,276.12957741832673
2026-06-25 02:00:00,272.2955036960392
2026-06-25 03:00:00,268.9276008960357
2026-06-25 04:00:00,265.96203587723306
2026-06-25 05:00:00,263.46040834546795
2026-06-25 06:00:00,263.5476886213709
2026-06-25 07:00:00,266.0674567103674
2026-06-25 08:00:00,270.71474452813845
2026-06-25 09:00:00,277.0457203357581
2026-06-25 10:00:00,284.5016209751531
2026-06-25 11:00:00,292.4459610487037
2026-06-25 12:00:00,300.2123932551628
2026-06-25 13:00:00,307.15853270000997
2026-06-25 14:00:00,312.7191352777914
2026-06-25 15:00:00,316.45120093399044
2026-06-25 16:00:00,318.06472708130934
2026-06-25 17:00:00,317.4359980157539
2026-06-25 18:00:00,314.6043381896391
2026-06-25 19:00:00,309.75646448852984
2026-06-25 20:00:00,303.2037274253854
2026-06-25 21:00:00,295.8097437776394
2026-06-25 22:00:00,289.4371895254257
2026-06-25 23:00:00,283.9143908836452
2026-06-26 00:00:00,279.1061272719493
2026-06-26 01:00:00,274.9071334717965
2026-06-26 02:00:00,271.22912344148557
2026-06-26 03:00:00,267.99874717007043
2026-06-26 04:00:00,265.15499558501455
2026-06-26 05:00:00,262.7549729141474
2026-06-26 06:00:00,262.93351890956154
2026-06-26 07:00:00,265.5345186054265
2026-06-26 08:00:00,270.25292401660624
2026-06-26 09:00:00,276.64470634255383
2026-06-26 10:00:00,284.15100621787906
2026-06-26 11:00:00,292.13550986874543
2026-06-26 12:00:00,299.9324182746637
2026-06-26 13:00:00,306.90031248146954
2026-06-26 14:00:00,312.4752995772951
2026-06-26 15:00:00,316.2160168211219
2026-06-26 16:00:00,317.8342423597769
2026-06-26 17:00:00,317.20803317114206
2026-06-26 18:00:00,314.37835156095275
2026-06-26 19:00:00,309.53333428366835
2026-06-26 20:00:00,302.9854935556536
2026-06-26 21:00:00,295.6062274989666
2026-06-26 22:00:00,289.25115387782455
2026-06-26 23:00:00,283.74774830389657
2026-06-27 00:00:00,278.9601389661812
2026-06-27 01:00:00,274.6987905608743
2026-06-27 02:00:00,270.88063215114505
2026-06-27 03:00:00,267.4503126705532
2026-06-27 04:00:00,264.36118102839964
2026-06-27 05:00:00,261.67354567307
2026-06-27 06:00:00,261.54360891409175
2026-06-27 07:00:00,263.8699015785725
2026-06-27 08:00:00,268.3947490076977
2026-06-27 09:00:00,274.71144843215353
2026-06-27 10:00:00,282.28554300242996
2026-06-27 11:00:00,290.48983332071856
2026-06-27 12:00:00,298.6511787233481
2026-06-27 13:00:00,306.1050283055054
2026-06-27 14:00:00,312.2513958380705
2026-06-27 15:00:00,316.6045968603086
2026-06-27 16:00:00,318.82956860617674
2026-06-27 17:00:00,318.76038158355874
2026-06-27 18:00:00,316.40076077826126
2026-06-27 19:00:00,311.91027813397125
2026-06-27 20:00:00,305.58177210367484
2026-06-27 21:00:00,298.2836207201404
2026-06-27 22:00:00,291.8665250629974
2026-06-27 23:00:00,286.19294751049136
2026-06-28 00:00:00,281.15348390371867
2026-06-28 01:00:00,276.70283406106955
2026-06-28 02:00:00,272.82483901185753
2026-06-28 03:00:00,269.4359782903959
2026-06-28 04:00:00,266.4672658836016
2026-06-28 05:00:00,263.95121654793394
2026-06-28 06:00:00,264.03906556067346
2026-06-28 07:00:00,266.56108265881534
2026-06-28 08:00:00,271.2011567546436
2026-06-28 09:00:00,277.5068692952864
2026-06-28 10:00:00,284.9138748045726
2026-06-28 11:00:00,292.78346608188366
2026-06-28 12:00:00,300.4505457339599
2026-06-28 13:00:00,307.27719065735704
2026-06-28 14:00:00,312.7051516940851
2026-06-28 15:00:00,316.29993789789376
2026-06-28 16:00:00,317.78041586300384
2026-06-28 17:00:00,317.0310704332134
2026-06-28 18:00:00,314.09805847409035
2026-06-28 19:00:00,309.17325484556477
2026-06-28 20:00:00,302.5715006512146
2026-06-28 21:00:00,295.1839086353652
2026-06-28 22:00:00,288.84469106569406
2026-06-28 23:00:00,283.37487667190055
2026-06-29 00:00:00,278.6337753953726
2026-06-29 01:00:00,274.45607946949156
2026-06-29 02:00:00,270.75933762847444
2026-06-29 03:00:00,267.47945867107376
2026-06-29 04:00:00,264.562763579142
2026-06-29 05:00:00,262.0424549841602
2026-06-29 06:00:00,262.09436323302083
2026-06-29 07:00:00,264.5864116374852
2026-06-29 08:00:00,269.2339243416644
2026-06-29 09:00:00,275.60843482394796
2026-06-29 10:00:00,283.1606717854866
2026-06-29 11:00:00,291.2570257023401
2026-06-29 12:00:00,299.2271620950707
2026-06-29 13:00:00,306.418349158426
2026-06-29 14:00:00,312.24999899236946
2026-06-29 15:00:00,316.26084937105975
2026-06-29 16:00:00,318.14210130591067
2026-06-29 17:00:00,317.7528586846416
2026-06-29 18:00:00,315.1183599251122
2026-06-29 19:00:00,310.4149826474249
2026-06-29 20:00:00,303.9474608769825
2026-06-29 21:00:00,296.6133711215872
2026-06-29 22:00:00,290.23878611377006
2026-06-29 23:00:00,284.6675631589653
2026-06-30 00:00:00,279.776142532901
2026-06-30 01:00:00,275.54565847965483
2026-06-30 02:00:00,271.91083618164413
2026-06-30 03:00:00,268.7791689194459
2026-06-30 04:00:00,266.0747746930232
2026-06-30 05:00:00,263.8003203247578
2026-06-30 06:00:00,264.1316256926074
2026-06-30 07:00:00,266.8657221043844
2026-06-30 08:00:00,271.6587464510273
2026-06-30 09:00:00,278.0376043438732
2026-06-30 10:00:00,285.4258966667396
2026-06-30 11:00:00,293.18258638880604
2026-06-30 12:00:00,300.65022539519197
2026-06-30 13:00:00,307.2076130443377
2026-06-30 14:00:00,312.32015336211686
2026-06-30 15:00:00,315.5808519242428
2026-06-30 16:00:00,316.7365182536899
2026-06-30 17:00:00,315.69707466254073
2026-06-30 18:00:00,312.5296565392258
2026-06-30 19:00:00,307.4418393987683
2026-06-30 20:00:00,300.75893829608066
2026-06-30 21:00:00,293.40281564467597
2026-06-30 22:00:00,287.1762781105264
2026-06-30 23:00:00,281.87686912800376
2026-07-01 00:00:00,277.346482940317
2026-07-01 01:00:00,273.36622341638815
2026-07-01 02:00:00,269.87519224852946
2026-07-01 03:00:00,266.80550363622996
2026-07-01 04:00:00,264.10047102464705
2026-07-01 05:00:00,261.7632243731439
2026-07-01 06:00:00,262.00014752919486
2026-07-01 07:00:00,264.6578159593278
2026-07-01 08:00:00,269.4328818323601
2026-07-01 09:00:00,275.8821352476602
2026-07-01 10:00:00,283.4467414025128
2026-07-01 11:00:00,291.48970998176827
2026-07-01 12:00:00,299.3439904510192
2026-07-01 13:00:00,306.3665146052115
2026-07-01 14:00:00,311.99157029167685
2026-07-01 15:00:00,315.77605785581096
2026-07-01 16:00:00,317.4303321526882
2026-07-01 17:00:00,316.83150441870725
2026-07-01 18:00:00,314.02014002752986
2026-07-01 19:00:00,309.1845121407181
2026-07-01 20:00:00,302.63773030303287
2026-07-01 21:00:00,295.3107361262594
2026-07-01 22:00:00,288.9978356588534
2026-07-01 23:00:00,283.52876929527315
2026-07-02 00:00:00,278.7693197062566
2026-07-02 01:00:00,274.61718650486125
2026-07-02 02:00:00,270.98401689772703
2026-07-02 03:00:00,267.7964616330147
2026-07-02 04:00:00,264.99351558023193
2026-07-02 05:00:00,262.5586693902011
2026-07-02 06:00:00,262.71478990917484
2026-07-02 07:00:00,265.30207022723823
2026-07-02 08:00:00,270.01202697192525
2026-07-02 09:00:00,276.3975205887278
2026-07-02 10:00:00,283.897024440513
2026-07-02 11:00:00,291.872131649281
2026-07-02 12:00:00,299.6556294446805
2026-07-02 13:00:00,306.60541127813724
2026-07-02 14:00:00,312.1575903519189
2026-07-02 15:00:00,315.871392439701
2026-07-02 16:00:00,317.459601793257
2026-07-02 17:00:00,316.8015231407352
2026-07-02 18:00:00,313.9394624915537
2026-07-02 19:00:00,309.0629034404697
2026-07-02 20:00:00,302.4856652316677
2026-07-02 21:00:00,295.155479308112
2026-07-02 22:00:00,288.84829428112124
2026-07-02 23:00:00,283.39149967353507
2026-07-03 00:00:00,278.6491172447339
2026-07-03 01:00:00,274.53574708850266
2026-07-03 02:00:00,270.9585465516634
2026-07-03 03:00:00,267.8393784891297
2026-07-03 04:00:00,265.11349613317674
2026-07-03 05:00:00,262.7437182263677
2026-07-03 06:00:00,262.9717185127114
2026-07-03 07:00:00,265.6227101891272
2026-07-03 08:00:00,270.37556773715846
2026-07-03 09:00:00,276.773497511256
2026-07-03 10:00:00,284.2489726414831
2026-07-03 11:00:00,292.16174643275275
2026-07-03 12:00:00,299.84709385913425
2026-07-03 13:00:00,306.66940173022243
2026-07-03 14:00:00,312.07441876333036
2026-07-03 15:00:00,315.6328495756878
2026-07-03 16:00:00,317.06933068797935
2026-07-03 17:00:00,316.2740832216405
2026-07-03 18:00:00,313.29850259488177
2026-07-03 19:00:00,308.33894144223905
2026-07-03 20:00:00,301.7138700810401
2026-07-03 21:00:00,294.39173365698207
2026-07-03 22:00:00,288.1271978223671
2026-07-03 23:00:00,282.73812568316765
2026-07-04 00:00:00,278.0814157191842
2026-07-04 01:00:00,274.0614474863337
2026-07-04 02:00:00,270.5795592470859
2026-07-04 03:00:00,267.55592330627934
2026-07-04 04:00:00,264.92450101025275
2026-07-04 05:00:00,262.6301797303128
2026-07-04 06:00:00,262.9321290514262
2026-07-04 07:00:00,265.6484969993503
2026-07-04 08:00:00,270.4499149242977
2026-07-04 09:00:00,276.8733225702099
2026-07-04 10:00:00,284.34738543454387
2026-07-04 11:00:00,292.2308648248517
2026-07-04 12:00:00,299.86097153983434
2026-07-04 13:00:00,306.6067277843539
2026-07-04 14:00:00,311.92062040410366
2026-07-04 15:00:00,315.38130861328193
2026-07-04 16:00:00,316.72160725245453
2026-07-04 17:00:00,315.8392633651036
2026-07-04 18:00:00,312.79195491005987
2026-07-04 19:00:00,307.7808150895976
2026-07-04 20:00:00,301.12759391238524
2026-07-04 21:00:00,293.82229380194485
2026-07-04 22:00:00,287.5970945584003
2026-07-04 23:00:00,282.2633390595403
2026-07-05 00:00:00,277.6730710616954
2026-07-05 01:00:00,273.7373344795474
2026-07-05 02:00:00,270.3490502968633
2026-07-05 03:00:00,267.4246715717062
2026-07-05 04:00:00,264.89531630019263
2026-07-05 05:00:00,262.70370175797217
2026-07-05 06:00:00,263.0881819352049
2026-07-05 07:00:00,265.87628217443506
2026-07-05 08:00:00,270.7265053669906
2026-07-05 09:00:00,277.16678946097045
2026-07-05 10:00:00,284.62053749007856
2026-07-05 11:00:00,292.445417691556
2026-07-05 12:00:00,299.98179177213854
2026-07-05 13:00:00,306.60566334770505
2026-07-05 14:00:00,311.77940174524645
2026-07-05 15:00:00,315.0931329342464
2026-07-05 16:00:00,316.29129031862215
2026-07-05 17:00:00,315.2821601697508
2026-07-05 18:00:00,312.13207756578095
2026-07-05 19:00:00,307.0486255988573
2026-07-05 20:00:00,300.3578319112898
2026-07-05 21:00:00,293.0732162405238
2026-07-05 22:00:00,286.9015924255874
2026-07-05 23:00:00,281.64449776927205
2026-07-06 00:00:00,277.1467242021145
2026-07-06 01:00:00,273.1958861392639
2026-07-06 02:00:00,269.7333516514678
2026-07-06 03:00:00,266.69114836580906
2026-07-06 04:00:00,264.01252464683864
2026-07-06 05:00:00,261.6496944240807
2026-07-06 06:00:00,261.8278848905963
2026-07-06 07:00:00,264.4415457447803
2026-07-06 08:00:00,269.1839291694759
2026-07-06 09:00:00,275.608617333246
2026-07-06 10:00:00,283.1538055184529
2026-07-06 11:00:00,291.17985839565665
2026-07-06 12:00:00,299.0175017223874
2026-07-06 13:00:00,306.0219435199644
2026-07-06 14:00:00,311.6262879029085
2026-07-06 15:00:00,315.3867834025487
2026-07-06 16:00:00,317.01361347094695
2026-07-06 17:00:00,316.38412129587783
2026-07-06 18:00:00,313.53942783295037
2026-07-06 19:00:00,308.66862037206226
2026-07-06 20:00:00,302.0858353094815
2026-07-06 21:00:00,294.8214339172861
2026-07-06 22:00:00,288.5655388738698
2026-07-06 23:00:00,283.14886430623613
2026-07-07 00:00:00,278.43787157661745
2026-07-07 01:00:00,274.3981748415849
2026-07-07 02:00:00,270.92524773327995
2026-07-07 03:00:00,267.9317569432135
2026-07-07 04:00:00,265.34586502310117
2026-07-07 05:00:00,263.10795363389246
2026-07-07 06:00:00,263.41194865482777
2026-07-07 07:00:00,266.13370996535446
2026-07-07 08:00:00,270.9276585314722
2026-07-07 09:00:00,277.31843940212764
2026-07-07 10:00:00,284.72689947530114
2026-07-07 11:00:00,292.5088703665903
2026-07-07 12:00:00,300.00357177803875
2026-07-07 13:00:00,306.5864970404305
2026-07-07 14:00:00,311.7200237539546
2026-07-07 15:00:00,314.99465143093323
2026-07-07 16:00:00,316.1553880728167
2026-07-07 17:00:00,315.1111558569221
2026-07-07 18:00:00,311.9288967852233
2026-07-07 19:00:00,306.8167351476894
2026-07-07 20:00:00,300.1011753130836
2026-07-07 21:00:00,292.8432339376378
2026-07-07 22:00:00,286.6985656507962
2026-07-07 23:00:00,281.468277508383
2026-07-08 00:00:00,276.9968314345401
2026-07-08 01:00:00,273.04827753717535
2026-07-08 02:00:00,269.5765955011705
2026-07-08 03:00:00,266.5165536462477
2026-07-08 04:00:00,263.8135669149415
2026-07-08 05:00:00,261.42157319044685
2026-07-08 06:00:00,261.521816360734
2026-07-08 07:00:00,264.07092492678976
2026-07-08 08:00:00,268.7677659277074
2026-07-08 09:00:00,275.16992739114477
2026-07-08 10:00:00,282.7176088922701
2026-07-08 11:00:00,290.77089778672314
2026-07-08 12:00:00,298.65788364422446
2026-07-08 13:00:00,305.7289838023221
2026-07-08 14:00:00,311.4108714009998
2026-07-08 15:00:00,315.25248754970715
2026-07-08 16:00:00,316.9566937493075
2026-07-08 17:00:00,316.3942639306748
2026-07-08 18:00:00,313.6010229343378
2026-07-08 19:00:00,308.7622594159379
2026-07-08 20:00:00,302.18979388822027
2026-07-08 21:00:00,294.96315579912147
2026-07-08 22:00:00,288.72065002721496
2026-07-08 23:00:00,283.2991267052509
2026-07-09 00:00:00,278.56963110961794
2026-07-09 01:00:00,274.39859083665664
2026-07-09 02:00:00,270.70682217875446
2026-07-09 03:00:00,267.43056118145404
2026-07-09 04:00:00,264.5163892287378
2026-07-09 05:00:00,261.91915815221233
2026-07-09 06:00:00,261.79604963837835
2026-07-09 07:00:00,264.1484498515039
2026-07-09 08:00:00,268.6887941815955
2026-07-09 09:00:00,274.9852422046358
2026-07-09 10:00:00,282.4844863681617
2026-07-09 11:00:00,290.54817997678435
2026-07-09 12:00:00,298.5006435074276
2026-07-09 13:00:00,305.68341379852365
2026-07-09 14:00:00,311.51011930138793
2026-07-09 15:00:00,315.5140642434535
2026-07-09 16:00:00,317.38176523357225
2026-07-09 17:00:00,316.96870894762225
2026-07-09 18:00:00,314.2977689760737
2026-07-09 19:00:00,309.5442564378617
2026-07-09 20:00:00,303.0130769838659
2026-07-09 21:00:00,295.807042598117
2026-07-09 22:00:00,289.5379598596895
2026-07-09 23:00:00,284.05457241296784
2026-07-10 00:00:00,279.2369071213058
2026-07-10 01:00:00,275.0394426518732
2026-07-10 02:00:00,271.3831077433651
2026-07-10 03:00:00,268.1894993132449
2026-07-10 04:00:00,265.3936489486735
2026-07-10 05:00:00,262.9412267917901
2026-07-10 06:00:00,262.95593668019694
2026-07-10 07:00:00,265.4335858898077
2026-07-10 08:00:00,270.05265311600925
2026-07-10 09:00:00,276.35499967799836
2026-07-10 10:00:00,283.7703828712672
2026-07-10 11:00:00,291.65424881058857
2026-07-10 12:00:00,299.3359859303375
2026-07-10 13:00:00,306.1727871000751
2026-07-10 14:00:00,311.60242075714046
2026-07-10 15:00:00,315.1875181501245
2026-07-10 16:00:00,316.6452758674974
2026-07-10 17:00:00,315.859713095617
2026-07-10 18:00:00,312.877636392928
2026-07-10 19:00:00,307.89254869127484
2026-07-10 20:00:00,301.22174673107264
2026-07-10 21:00:00,294.0039996174519
2026-07-10 22:00:00,287.81381486546803
2026-07-10 23:00:00,282.4763320208508
2026-07-11 00:00:00,277.853800781832
2026-07-11 01:00:00,273.856671005083
2026-07-11 02:00:00,270.3879123731418
2026-07-11 03:00:00,267.3699544795358
2026-07-11 04:00:00,264.7385186669956
2026-07-11 05:00:00,262.43987536379575
2026-07-11 06:00:00,262.57076514982555
2026-07-11 07:00:00,265.15249457715385
2026-07-11 08:00:00,269.85542951872867
2026-07-11 09:00:00,276.21510599139714
2026-07-11 10:00:00,283.6573237624741
2026-07-11 11:00:00,291.53638003822994
2026-07-11 12:00:00,299.18350682171524
2026-07-11 13:00:00,305.9605608093192
2026-07-11 14:00:00,311.312231707133
2026-07-11 15:00:00,314.809449264207
2026-07-11 16:00:00,316.1780705740193
2026-07-11 17:00:00,315.310217707263
2026-07-11 18:00:00,312.25960028378586
2026-07-11 19:00:00,307.2251199778176
2026-07-11 20:00:00,300.5279356661565
2026-07-11 21:00:00,293.33959513493704
2026-07-11 22:00:00,287.2003080583143
2026-07-11 23:00:00,281.9289373224804
2026-07-12 00:00:00,277.38303320645855
2026-07-12 01:00:00,273.32817754867744
2026-07-12 02:00:00,269.721142445652
2026-07-12 03:00:00,266.504258519946
2026-07-12 04:00:00,263.6289747214128
2026-07-12 05:00:00,261.0540696676454
2026-07-12 06:00:00,260.85740762687715
2026-07-12 07:00:00,263.15050431212563
2026-07-12 08:00:00,267.6549737682659
2026-07-12 09:00:00,273.9456961350596
2026-07-12 10:00:00,281.4730840632328
2026-07-12 11:00:00,289.59909256156493
2026-07-12 12:00:00,297.64477256291826
2026-07-12 13:00:00,304.94506619870555
2026-07-12 14:00:00,310.904394104839
2026-07-12 15:00:00,315.0453546664488
2026-07-12 16:00:00,317.04356801766016
2026-07-12 17:00:00,316.7446398218889
2026-07-12 18:00:00,314.163431023688
2026-07-12 19:00:00,309.4695050128729
2026-07-12 20:00:00,302.96429137742666
2026-07-12 21:00:00,295.84021409419597
2026-07-12 22:00:00,289.61545346887516
2026-07-12 23:00:00,284.1475301973414
2026-07-13 00:00:00,279.3230809199569
2026-07-13 01:00:00,275.11439384947937
2026-07-13 02:00:00,271.4484901923943
2026-07-13 03:00:00,268.24667663039344
2026-07-13 04:00:00,265.443756594813
2026-07-13 05:00:00,262.98521824068854
2026-07-13 06:00:00,262.90803769397684
2026-07-13 07:00:00,265.3124529733899
2026-07-13 08:00:00,269.87478519545743
2026-07-13 09:00:00,276.1347020865775
2026-07-13 10:00:00,283.51962976814286
2026-07-13 11:00:00,291.38251939463345
2026-07-13 12:00:00,299.0501375866195
2026-07-13 13:00:00,305.87701963468623
2026-07-13 14:00:00,311.298373011742
2026-07-13 15:00:00,314.87451651119136
2026-07-13 16:00:00,316.32072508896135
2026-07-13 17:00:00,315.51959234613525
2026-07-13 18:00:00,312.5170482677064
2026-07-13 19:00:00,307.5062708195995
2026-07-13 20:00:00,300.80474996003386
2026-07-13 21:00:00,293.6473741248103
2026-07-13 22:00:00,287.50701862433135
2026-07-13 23:00:00,282.21113220531225
2026-07-14 00:00:00,277.6236475975861
2026-07-14 01:00:00,273.50966463227894
2026-07-14 02:00:00,269.82588556848714
2026-07-14 03:00:00,266.5187772576083
2026-07-14 04:00:00,263.54313106567764
2026-07-14 05:00:00,260.8604452494713
2026-07-14 06:00:00,260.48905404921567
2026-07-14 07:00:00,262.6283381537411
2026-07-14 08:00:00,267.0134438252197
2026-07-14 09:00:00,273.2298999614377
2026-07-14 10:00:00,280.7348958798413
2026-07-14 11:00:00,288.8924745773815
2026-07-14 12:00:00,297.020642623804
2026-07-14 13:00:00,304.44629567887006
2026-07-14 14:00:00,310.561631116616
2026-07-14 15:00:00,314.87431216614954
2026-07-14 16:00:00,317.04414251103117
2026-07-14 17:00:00,316.9018089447271
2026-07-14 18:00:00,314.4494904531703
2026-07-14 19:00:00,309.8470135943207
2026-07-14 20:00:00,303.38915059634684
2026-07-14 21:00:00,296.3325570694589
2026-07-14 22:00:00,290.12675190872335
2026-07-14 23:00:00,284.64038844975084
2026-07-15 00:00:00,279.76857339464465
2026-07-15 01:00:00,275.4324591864764
2026-07-15 02:00:00,271.5635361489455
2026-07-15 03:00:00,268.1018885019745
2026-07-15 04:00:00,264.9972007180339
2026-07-15 05:00:00,262.20683679883115
2026-07-15 06:00:00,261.7128828431794
2026-07-15 07:00:00,263.74548971086637
2026-07-15 08:00:00,268.03176723613853
2026-07-15 09:00:00,274.1508235708143
2026-07-15 10:00:00,281.5551705430371
2026-07-15 11:00:00,289.6060742287405
2026-07-15 12:00:00,297.6207495415899
2026-07-15 13:00:00,304.9272018400572
2026-07-15 14:00:00,310.920327454371
2026-07-15 15:00:00,315.11154957341256
2026-07-15 16:00:00,317.16484535663324
2026-07-15 17:00:00,316.9148730826713
2026-07-15 18:00:00,314.36713693749545
2026-07-15 19:00:00,309.683934444047
2026-07-15 20:00:00,303.16165553483086
2026-07-15 21:00:00,296.094007203213
2026-07-15 22:00:00,289.890990714103
2026-07-15 23:00:00,284.4181002045447
2026-07-16 00:00:00,279.56802490204973
2026-07-16 01:00:00,275.3692935470242
2026-07-16 02:00:00,271.7639401168365
2026-07-16 03:00:00,268.6596179976244
2026-07-16 04:00:00,265.98058034467476
2026-07-16 05:00:00,263.66411662982597
2026-07-16 06:00:00,263.6422255233952
2026-07-16 07:00:00,266.103963055212
2026-07-16 08:00:00,270.6939307369013
2026-07-16 09:00:00,276.92766120312217
2026-07-16 10:00:00,284.21719381748466
2026-07-16 11:00:00,291.9097216745484
2026-07-16 12:00:00,299.3360530794406
2026-07-16 13:00:00,305.8636956071127
2026-07-16 14:00:00,310.9477524831637
2026-07-16 15:00:00,314.17247045750287
2026-07-16 16:00:00,315.27789433387863
2026-07-16 17:00:00,314.1694460095675
2026-07-16 18:00:00,310.91208866466604
2026-07-16 19:00:00,305.7134471108635
2026-07-16 20:00:00,298.90089586928553
2026-07-16 21:00:00,291.8235310837061
2026-07-16 22:00:00,285.82897928479724
2026-07-16 23:00:00,280.72499449653884
2026-07-17 00:00:00,276.3608464381341
2026-07-17 01:00:00,272.64596507020906
2026-07-17 02:00:00,269.4659929754026
2026-07-17 03:00:00,266.73742437860085
2026-07-17 04:00:00,264.39152564092166
2026-07-17 05:00:00,262.3712608785462
2026-07-17 06:00:00,262.5778252518586
2026-07-17 07:00:00,265.2397663529465
2026-07-17 08:00:00,269.9956208468941
2026-07-17 09:00:00,276.3563073478842
2026-07-17 10:00:00,283.7314577757694
2026-07-17 11:00:00,291.46859611652997
2026-07-17 12:00:00,298.90181078821206
2026-07-17 13:00:00,305.4046500683001
2026-07-17 14:00:00,310.44041856001473
2026-07-17 15:00:00,313.60280965354025
2026-07-17 16:00:00,314.64152717350885
2026-07-17 17:00:00,313.4709475353433
2026-07-17 18:00:00,310.16365561378984
2026-07-17 19:00:00,304.9332717908851
2026-07-17 20:00:00,298.1115065732524
2026-07-17 21:00:00,291.0892022573413
2026-07-17 22:00:00,285.1689281461208
2026-07-17 23:00:00,280.1518787035907
2026-07-18 00:00:00,275.8824872121475
2026-07-18 01:00:00,271.9103250693223
2026-07-18 02:00:00,268.32639538896274
2026-07-18 03:00:00,265.08479081443176
2026-07-18 04:00:00,262.14647925817025
2026-07-18 05:00:00,259.4780105719845
2026-07-18 06:00:00,258.96260311632284
2026-07-18 07:00:00,260.98006051583434
2026-07-18 08:00:00,265.28025011528905
2026-07-18 09:00:00,271.45999433501197
2026-07-18 10:00:00,278.9833870988738
2026-07-18 11:00:00,287.2161774325009
2026-07-18 12:00:00,295.4724395725924
2026-07-18 13:00:00,303.069658695208
2026-07-18 14:00:00,309.3860576461451
2026-07-18 15:00:00,313.9123926445978
2026-07-18 16:00:00,316.29069093616204
2026-07-18 17:00:00,316.335024218164
2026-07-18 18:00:00,314.0336664677689
2026-07-18 19:00:00,309.5360772435396
2026-07-18 20:00:00,303.13035219928986
2026-07-18 21:00:00,296.22297262394716
2026-07-18 22:00:00,290.1072035216607
2026-07-18 23:00:00,284.66450658783293
2026-07-19 00:00:00,279.7997385301683
2026-07-19 01:00:00,275.4817722360817
2026-07-19 02:00:00,271.6582213419987
2026-07-19 03:00:00,268.2630773403744
2026-07-19 04:00:00,265.2411464089678
2026-07-19 05:00:00,262.5458534140559
2026-07-19 06:00:00,262.0116367145917
2026-07-19 07:00:00,264.0237403159375
2026-07-19 08:00:00,268.2896655310653
2026-07-19 09:00:00,274.3721144028286
2026-07-19 10:00:00,281.7112274298173
2026-07-19 11:00:00,289.66072919690544
2026-07-19 12:00:00,297.53562918232075
2026-07-19 13:00:00,304.6670462439384
2026-07-19 14:00:00,310.45762550553894
2026-07-19 15:00:00,314.4298616229643
2026-07-19 16:00:00,316.26043896830356
2026-07-19 17:00:00,315.79669491755004
2026-07-19 18:00:00,313.0555162472004
2026-07-19 19:00:00,308.20859966656457
2026-07-19 20:00:00,301.55959209178644
2026-07-19 21:00:00,294.5661077427981
2026-07-19 22:00:00,288.4675018153624
2026-07-19 23:00:00,283.1216852950409
2026-07-20 00:00:00,278.4154746807627
2026-07-20 01:00:00,274.2631742583387
2026-07-20 02:00:00,270.58838572693566
2026-07-20 03:00:00,267.3275899034443
2026-07-20 04:00:00,264.4275620785157
2026-07-20 05:00:00,261.84331038966195
2026-07-20 06:00:00,261.3712757246967
2026-07-20 07:00:00,263.4426488436134
2026-07-20 08:00:00,267.7627678087324
2026-07-20 09:00:00,273.8922782667161
2026-07-20 10:00:00,281.2696230619847
2026-07-20 11:00:00,289.24740512717705
2026-07-20 12:00:00,297.1402431364879
2026-07-20 13:00:00,304.2796605422455
2026-07-20 14:00:00,310.0694581970314
2026-07-20 15:00:00,314.0338880184245
2026-07-20 16:00:00,315.851770858798
2026-07-20 17:00:00,315.3727193229139
2026-07-20 18:00:00,312.6158307598158
2026-07-20 19:00:00,307.7548142220989
2026-07-20 20:00:00,301.0950670130824
2026-07-20 21:00:00,294.13873814886944
2026-07-20 22:00:00,288.07932724286
2026-07-20 23:00:00,282.77402421628443
2026-07-21 00:00:00,278.1090638417086
2026-07-21 01:00:00,273.979585949836
2026-07-21 02:00:00,270.31347199060355
2026-07-21 03:00:00,267.0501956337033
2026-07-21 04:00:00,264.1389216552801
2026-07-21 05:00:00,261.5365827914752
2026-07-21 06:00:00,261.0006476424113
2026-07-21 07:00:00,263.0167156349053
2026-07-21 08:00:00,267.2964055930604
2026-07-21 09:00:00,273.4051334847127
2026-07-21 10:00:00,280.78421407116946
2026-07-21 11:00:00,288.78691318390804
2026-07-21 12:00:00,296.72616274699715
2026-07-21 13:00:00,303.92956780959514
2026-07-21 14:00:00,309.795203877002
2026-07-21 15:00:00,313.84048769134046
2026-07-21 16:00:00,315.7371337694933
2026-07-21 17:00:00,315.32816876992507
2026-07-21 18:00:00,312.627201841219
2026-07-21 19:00:00,307.80384050559564
2026-07-21 20:00:00,301.1608036747685
2026-07-21 21:00:00,294.243265482067
2026-07-21 22:00:00,288.19999122621954
2026-07-21 23:00:00,282.8934916521838
2026-07-22 00:00:00,278.2140328966962
2026-07-22 01:00:00,274.1258639611041
2026-07-22 02:00:00,270.54219733231525
2026-07-22 03:00:00,267.39255661112537
2026-07-22 04:00:00,264.61820245253796
2026-07-22 05:00:00,262.1697457462595
2026-07-22 06:00:00,261.75781419468746
2026-07-22 07:00:00,263.89311121468984
2026-07-22 08:00:00,268.25823533028233
2026-07-22 09:00:00,274.3956238473397
2026-07-22 10:00:00,281.73110034836884
2026-07-22 11:00:00,289.61114732184916
2026-07-22 12:00:00,297.35121876560333
2026-07-22 13:00:00,304.2903611415335
2026-07-22 14:00:00,309.84545293523104
2026-07-22 15:00:00,313.5574819897634
2026-07-22 16:00:00,315.1233753559024
2026-07-22 17:00:00,314.4100665172306
2026-07-22 18:00:00,311.4516191589927
2026-07-22 19:00:00,306.4335629825449
2026-07-22 20:00:00,299.6698457178403
2026-07-22 21:00:00,292.75822347237164
2026-07-22 22:00:00,286.7897721280424
2026-07-22 23:00:00,281.6095512794259
2026-07-23 00:00:00,277.09455557309025
2026-07-23 01:00:00,273.1807237865153
2026-07-23 02:00:00,269.77075421391214
2026-07-23 03:00:00,266.79236659823584
2026-07-23 04:00:00,264.1854306954821
2026-07-23 05:00:00,261.8994993609106
2026-07-23 06:00:00,261.60143774606433
2026-07-23 07:00:00,263.842637095321
2026-07-23 08:00:00,268.29156824068866
2026-07-23 09:00:00,274.47955427009043
2026-07-23 10:00:00,281.8251010626295
2026-07-23 11:00:00,289.6717960524006
2026-07-23 12:00:00,297.3368960147402
2026-07-23 13:00:00,304.16570464100323
2026-07-23 14:00:00,309.58497757483366
2026-07-23 15:00:00,313.1478663427004
2026-07-23 16:00:00,314.5641831248899
2026-07-23 17:00:00,313.7130260417384
2026-07-23 18:00:00,310.638876158624
2026-07-23 19:00:00,305.5354305481775
2026-07-23 20:00:00,298.7224853168189
2026-07-23 21:00:00,291.8484644853255
2026-07-23 22:00:00,285.94899449657487
2026-07-23 23:00:00,280.86035187744454
2026-07-24 00:00:00,276.4528970225666
2026-07-24 01:00:00,272.69376666477586
2026-07-24 02:00:00,269.4583391594382
2026-07-24 03:00:00,266.6669605847912
2026-07-24 04:00:00,264.25382892408106
2026-07-24 05:00:00,262.16413816474204
2026-07-24 06:00:00,262.01724718621836
2026-07-24 07:00:00,264.3964147846713
2026-07-24 08:00:00,268.9433719387596
2026-07-24 09:00:00,275.16927702423465
2026-07-24 10:00:00,282.48022855121275
2026-07-24 11:00:00,290.2160416986262
2026-07-24 12:00:00,297.6990414543826
2026-07-24 13:00:00,304.2876800581273
2026-07-24 14:00:00,309.42812590846313
2026-07-24 15:00:00,312.69656162992663
2026-07-24 16:00:00,313.8265056714239
2026-07-24 17:00:00,312.7188484524116
2026-07-24 18:00:00,309.436205318618
2026-07-24 19:00:00,304.18598512404634
2026-07-24 20:00:00,297.2972708259751
2026-07-24 21:00:00,290.47195474865555
2026-07-24 22:00:00,284.6821888333406
2026-07-24 23:00:00,279.74631477422884
2026-07-25 00:00:00,275.5213176882961
2026-07-25 01:00:00,271.609938026333
2026-07-25 02:00:00,268.0932027166922
2026-07-25 03:00:00,264.92362982181476
2026-07-25 04:00:00,262.06089165962044
2026-07-25 05:00:00,259.47046579097804
2026-07-25 06:00:00,258.74256148864094
2026-07-25 07:00:00,260.5923302181985
2026-07-25 08:00:00,264.75718206565745
2026-07-25 09:00:00,270.82244424578744
2026-07-25 10:00:00,278.24197833728186
2026-07-25 11:00:00,286.3729768170757
2026-07-25 12:00:00,294.52302119044725
2026-07-25 13:00:00,302.00540512692675
2026-07-25 14:00:00,308.1964573924929
2026-07-25 15:00:00,312.58706929790543
2026-07-25 16:00:00,314.8209632540626
2026-07-25 17:00:00,314.71492949737757
2026-07-25 18:00:00,312.26052591140285
2026-07-25 19:00:00,307.61077518911486
2026-07-25 20:00:00,301.0575059101645
2026-07-25 21:00:00,294.3306826786713
2026-07-25 22:00:00,288.3878898475296
2026-07-25 23:00:00,283.1117851997653
2026-07-26 00:00:00,278.4079878763849
2026-07-26 01:00:00,274.23382553232017
2026-07-26 02:00:00,270.5189788498474
2026-07-26 03:00:00,267.2041397493699
2026-07-26 04:00:00,264.23945461375
2026-07-26 05:00:00,261.5826504976326
2026-07-26 06:00:00,260.77105764633797
2026-07-26 07:00:00,262.555447727937
2026-07-26 08:00:00,266.6492600653044
2026-07-26 09:00:00,272.6184674244745
2026-07-26 10:00:00,279.90308284468404
2026-07-26 11:00:00,287.8528180135674
2026-07-26 12:00:00,295.7746602291424
2026-07-26 13:00:00,302.9880640632217
2026-07-26 14:00:00,308.8812919195239
2026-07-26 15:00:00,312.96114003998906
2026-07-26 16:00:00,314.88891105792544
2026-07-26 17:00:00,314.49838798514315
2026-07-26 18:00:00,311.79581267264336
2026-07-26 19:00:00,306.94566720162413
2026-07-26 20:00:00,300.24784416831574
2026-07-26 21:00:00,293.4879685190532
2026-07-26 22:00:00,287.5626587054424
2026-07-26 23:00:00,282.34310868332585
2026-07-27 00:00:00,277.7261130378448
2026-07-27 01:00:00,273.66141947388786
2026-07-27 02:00:00,270.0684347062447
2026-07-27 03:00:00,266.88422105129956
2026-07-27 04:00:00,264.0560133497046
2026-07-27 05:00:00,261.5391927959996
2026-07-27 06:00:00,260.8215275578163
2026-07-27 07:00:00,262.6985281035234
2026-07-27 08:00:00,266.8670236195665
2026-07-27 09:00:00,272.87944247269746
2026-07-27 10:00:00,280.1662205065318
2026-07-27 11:00:00,288.072250004223
2026-07-27 12:00:00,295.9049143665262
2026-07-27 13:00:00,302.98919461367745
2026-07-27 14:00:00,308.72325727048695
2026-07-27 15:00:00,312.6268098906689
2026-07-27 16:00:00,314.3753455631761
2026-07-27 17:00:00,313.81642804460375
2026-07-27 18:00:00,310.96838797938494
2026-07-27 19:00:00,306.0054087568616
2026-07-27 20:00:00,299.23453149907374
2026-07-27 21:00:00,292.498032769227
2026-07-27 22:00:00,286.63156555469027
2026-07-27 23:00:00,281.49758191284235
2026-07-28 00:00:00,276.9861582864355
2026-07-28 01:00:00,272.9927662994888
2026-07-28 02:00:00,269.45094381116763
2026-07-28 03:00:00,266.30171704338267
2026-07-28 04:00:00,263.4954844958122
2026-07-28 05:00:00,260.99017672396036
2026-07-28 06:00:00,260.2268324491987
2026-07-28 07:00:00,262.0645469091879
2026-07-28 08:00:00,266.20691299492034
2026-07-28 09:00:00,272.2114467368627
2026-07-28 10:00:00,279.51165227787965
2026-07-28 11:00:00,287.4531920611337
2026-07-28 12:00:00,295.3418046632832
2026-07-28 13:00:00,302.4985489620853
2026-07-28 14:00:00,308.31583524578144
2026-07-28 15:00:00,312.3064964869669
2026-07-28 16:00:00,314.1388894439299
2026-07-28 17:00:00,313.6539862495113
2026-07-28 18:00:00,310.8646575856234
2026-07-28 19:00:00,305.9410509070047
2026-07-28 20:00:00,299.18763012810234
2026-07-28 21:00:00,292.4985241019806
2026-07-28 22:00:00,286.65618465953594
2026-07-28 23:00:00,281.52848596060636
2026-07-29 00:00:00,277.0096175521824
2026-07-29 01:00:00,273.13736603110124
2026-07-29 02:00:00,269.7832201766514
2026-07-29 03:00:00,266.87066443802496
2026-07-29 04:00:00,264.33627775193355
2026-07-29 05:00:00,262.12704860506824
2026-07-29 06:00:00,261.62541574570565
2026-07-29 07:00:00,263.7117932983083
2026-07-29 08:00:00,268.0354652407226
2026-07-29 09:00:00,274.1117443449092
2026-07-29 10:00:00,281.3465163779448
2026-07-29 11:00:00,289.07443944046395
2026-07-29 12:00:00,296.6077022764683
2026-07-29 13:00:00,303.2902751001813
2026-07-29 14:00:00,308.5508107188786
2026-07-29 15:00:00,311.94675302712136
2026-07-29 16:00:00,313.1936048458996
2026-07-29 17:00:00,312.17662552572506
2026-07-29 18:00:00,308.94625870420197
2026-07-29 19:00:00,303.7016219522588
2026-07-29 20:00:00,296.7673068835627
2026-07-29 21:00:00,290.1036156788456
2026-07-29 22:00:00,284.41014538705167
2026-07-29 23:00:00,279.522056122335
2026-07-30 00:00:00,275.3087670951619
2026-07-30 01:00:00,271.58988424902736
2026-07-30 02:00:00,268.32855901483583
2026-07-30 03:00:00,265.4618165975135
2026-07-30 04:00:00,262.93688691278885
2026-07-30 05:00:00,260.70919967779764
2026-07-30 06:00:00,260.1169092668102
2026-07-30 07:00:00,262.12152041783867
2026-07-30 08:00:00,266.3987883066585
2026-07-30 09:00:00,272.48375898691864
2026-07-30 10:00:00,279.794311714169
2026-07-30 11:00:00,287.66859142312387
2026-07-30 12:00:00,295.413602662225
2026-07-30 13:00:00,302.36020434860336
2026-07-30 14:00:00,307.91778190971036
2026-07-30 15:00:00,311.6209631959364
2026-07-30 16:00:00,313.1618241165404
2026-07-30 17:00:00,312.4042064910636
2026-07-30 18:00:00,309.38093795697756
2026-07-30 19:00:00,304.27812281884405
2026-07-30 20:00:00,297.41194895304614
2026-07-30 21:00:00,290.79389970027944
2026-07-30 22:00:00,285.07764803701286
2026-07-30 23:00:00,280.1165751891851
2026-07-31 00:00:00,275.7937801023789
2026-07-31 01:00:00,271.86763475364353
2026-07-31 02:00:00,268.3453615965941
2026-07-31 03:00:00,265.1777038174864
2026-07-31 04:00:00,262.3228915621646
2026-07-31 05:00:00,259.745220464649
2026-07-31 06:00:00,258.73792292387503
2026-07-31 07:00:00,260.35808727187884
2026-07-31 08:00:00,264.33364117785106
2026-07-31 09:00:00,270.24112800610226
2026-07-31 10:00:00,277.52629240669023
2026-07-31 11:00:00,285.53899555225667
2026-07-31 12:00:00,293.5804446675642
2026-07-31 13:00:00,300.9586627868933
2026-07-31 14:00:00,307.0458832099467
2026-07-31 15:00:00,311.3300574664273
2026-07-31 16:00:00,313.45303300021567
2026-07-31 17:00:00,313.23067176926867
2026-07-31 18:00:00,310.65445129313815
2026-07-31 19:00:00,305.87810870903144
2026-07-31 20:00:00,299.1949691964398
2026-07-31 21:00:00,292.65906745220536
2026-07-31 22:00:00,286.888705921915
2026-07-31 23:00:00,281.7700112051671
2026-08-01 00:00:00,277.2111344183659
2026-08-01 01:00:00,273.133025533807
2026-08-01 02:00:00,269.47495709343525
2026-08-01 03:00:00,266.1852692329059
2026-08-01 04:00:00,263.22026477340125
2026-08-01 05:00:00,260.5426736671673
2026-08-01 06:00:00,259.3912924593855
2026-08-01 07:00:00,260.8844438869297
2026-08-01 08:00:00,264.74928368102684
2026-08-01 09:00:00,270.56175868875033
2026-08-01 10:00:00,277.7669303079447
2026-08-01 11:00:00,285.71370337881916
2026-08-01 12:00:00,293.7019404762056
2026-08-01 13:00:00,301.03789064112334
2026-08-01 14:00:00,307.0916221835497
2026-08-01 15:00:00,311.34864569029037
2026-08-01 16:00:00,313.4482642372775
2026-08-01 17:00:00,313.2038863521338
2026-08-01 18:00:00,310.6048027014818
2026-08-01 19:00:00,305.80295790653537
2026-08-01 20:00:00,299.0903509850854
2026-08-01 21:00:00,292.5777491286399
2026-08-01 22:00:00,286.823161326854
2026-08-01 23:00:00,281.7143106500032
2026-08-02 00:00:00,277.16056988661006
2026-08-02 01:00:00,273.1610660057894
2026-08-02 02:00:00,269.6237071530909
2026-08-02 03:00:00,266.4871798259048
2026-08-02 04:00:00,263.70001253111275
2026-08-02 05:00:00,261.21862981212223
2026-08-02 06:00:00,260.2224976346201
2026-08-02 07:00:00,261.87294461370504
2026-08-02 08:00:00,265.86243227348456
2026-08-02 09:00:00,271.738643600847
2026-08-02 10:00:00,278.92655202138496
2026-08-02 11:00:00,286.7647273647802
2026-08-02 12:00:00,294.55340175168436
2026-08-02 13:00:00,301.60978077919236
2026-08-02 14:00:00,307.3240050908617
2026-08-02 15:00:00,311.2080115591492
2026-08-02 16:00:00,312.9303334258043
2026-08-02 17:00:00,312.33288307635894
2026-08-02 18:00:00,309.4299965113129
2026-08-02 19:00:00,304.3936801249379
2026-08-02 20:00:00,297.53061013636915
2026-08-02 21:00:00,291.0197609306702
2026-08-02 22:00:00,285.34146828918483
2026-08-02 23:00:00,280.36593725896404
2026-08-03 00:00:00,275.9890165976035
2026-08-03 01:00:00,272.16879038682276
2026-08-03 02:00:00,268.8108946633525
2026-08-03 03:00:00,265.8522758010933
2026-08-03 04:00:00,263.2400867692669
2026-08-03 05:00:00,260.9296738605402
2026-08-03 06:00:00,260.0444565932582
2026-08-03 07:00:00,261.8030130238237
2026-08-03 08:00:00,265.8821021096788
2026-08-03 09:00:00,271.8167042416713
2026-08-03 10:00:00,279.0229276905187
2026-08-03 11:00:00,286.835032014206
2026-08-03 12:00:00,294.5538843190295
2026-08-03 13:00:00,301.50214401138277
2026-08-03 14:00:00,307.07947616708964
2026-08-03 15:00:00,310.810102047593
2026-08-03 16:00:00,312.37597737876916
2026-08-03 17:00:00,311.63201098265387
2026-08-03 18:00:00,308.6039346525425
2026-08-03 19:00:00,303.4729182837577
2026-08-03 20:00:00,296.5524174183719
2026-08-03 21:00:00,290.0855861085496
2026-08-03 22:00:00,284.48101630148665
2026-08-03 23:00:00,279.60107332266546
2026-08-04 00:00:00,275.33558975467685
2026-08-04 01:00:00,271.56165021383123
2026-08-04 02:00:00,268.2265709120476
2026-08-04 03:00:00,265.27236418749925
2026-08-04 04:00:00,262.65021791946157
2026-08-04 05:00:00,260.31871639244474
2026-08-04 06:00:00,259.3476767138563
2026-08-04 07:00:00,261.02935836665534
2026-08-04 08:00:00,265.0520624316025
2026-08-04 09:00:00,270.9595591541019
2026-08-04 10:00:00,278.1734252456235
2026-08-04 11:00:00,286.0296032987646
2026-08-04 12:00:00,293.8266604409128
2026-08-04 13:00:00,300.881191552327
2026-08-04 14:00:00,306.5837472500185
2026-08-04 15:00:00,310.4475387897048
2026-08-04 16:00:00,312.14299643571854
2026-08-04 17:00:00,311.51428710699656
2026-08-04 18:00:00,308.57813271173035
2026-08-04 19:00:00,303.5089059126308
2026-08-04 20:00:00,296.6155518010563
2026-08-04 21:00:00,290.19951499742507
2026-08-04 22:00:00,284.611385013218
2026-08-04 23:00:00,279.721843483467
2026-08-05 00:00:00,275.4270432165721
2026-08-05 01:00:00,271.6501839494739
2026-08-05 02:00:00,268.3166268608197
2026-08-05 03:00:00,265.36738343583204
2026-08-05 04:00:00,262.752842622807
2026-08-05 05:00:00,260.4309466753935
2026-08-05 06:00:00,259.4137954714916
2026-08-05 07:00:00,261.05927306822747
2026-08-05 08:00:00,265.0517359330895
2026-08-05 09:00:00,270.93164759914697
2026-08-05 10:00:00,278.11797111502193
2026-08-05 11:00:00,285.94480403921216
2026-08-05 12:00:00,293.7096866113922
2026-08-05 13:00:00,300.72899026738713
2026-08-05 14:00:00,306.39374557677127
2026-08-05 15:00:00,310.2181677794603
2026-08-05 16:00:00,311.87399202108605
2026-08-05 17:00:00,311.2067769823292
2026-08-05 18:00:00,308.2345653127905
2026-08-05 19:00:00,303.13289807969517
2026-08-05 20:00:00,296.21172029321724
2026-08-05 21:00:00,289.8349845922526
2026-08-05 22:00:00,284.285995490211
2026-08-05 23:00:00,279.4351769003427
2026-08-06 00:00:00,275.17846051832674
2026-08-06 01:00:00,271.35903096593074
2026-08-06 02:00:00,267.952124653317
2026-08-06 03:00:00,264.9059767118388
2026-08-06 04:00:00,262.1767742062674
2026-08-06 05:00:00,259.7271416833431
2026-08-06 06:00:00,258.5148134908136
2026-08-06 07:00:00,259.9786377475335
2026-08-06 08:00:00,263.82741837352205
2026-08-06 09:00:00,269.62098663081173
2026-08-06 10:00:00,276.7912779889679
2026-08-06 11:00:00,284.6778352100193
2026-08-06 12:00:00,292.5754980144564
2026-08-06 13:00:00,299.79000707320677
2026-08-06 14:00:00,305.6950791347913
2026-08-06 15:00:00,309.78314271068103
2026-08-06 16:00:00,311.7024465278964
2026-08-06 17:00:00,311.276077785236
2026-08-06 18:00:00,308.5026944188274
2026-08-06 19:00:00,303.54267460157143
2026-08-06 20:00:00,296.6952999040918
2026-08-06 21:00:00,290.3807366759915
2026-08-06 22:00:00,284.8299347697191
2026-08-06 23:00:00,279.92841201695836
2026-08-07 00:00:00,275.5836835529832
2026-08-07 01:00:00,271.7728075943298
2026-08-07 02:00:00,268.4016055941416
2026-08-07 03:00:00,265.41223832120187
2026-08-07 04:00:00,262.7560106959694
2026-08-07 05:00:00,260.3915967890765
2026-08-07 06:00:00,259.2144131470481
2026-08-07 07:00:00,260.7224745883569
2026-08-07 08:00:00,264.60349674382377
2026-08-07 09:00:00,270.4002410166197
2026-08-07 10:00:00,277.53246820163696
2026-08-07 11:00:00,285.3332526876145
2026-08-07 12:00:00,293.0971446986056
2026-08-07 13:00:00,300.1356515530378
2026-08-07 14:00:00,305.83343543073255
2026-08-07 15:00:00,309.6974589376123
2026-08-07 16:00:00,311.39208026394925
2026-08-07 17:00:00,310.7560914031741
2026-08-07 18:00:00,307.80193526756847
2026-08-07 19:00:00,302.7010236305879
2026-08-07 20:00:00,295.7607142875214
2026-08-07 21:00:00,289.4700187291671
2026-08-07 22:00:00,283.98104850693215
2026-08-07 23:00:00,279.1700613165787
2026-08-08 00:00:00,274.9374122271405
2026-08-08 01:00:00,271.2266949442929
2026-08-08 02:00:00,267.9542810959136
2026-08-08 03:00:00,265.06171316111073
2026-08-08 04:00:00,262.49980888978996
2026-08-08 05:00:00,260.22686481156035
2026-08-08 06:00:00,259.07798334286196
2026-08-08 07:00:00,260.6185538239252
2026-08-08 08:00:00,264.5276596015626
2026-08-08 09:00:00,270.3409602050334
2026-08-08 10:00:00,277.4730329786818
2026-08-08 11:00:00,285.2540379386391
2026-08-08 12:00:00,292.9780840919669
2026-08-08 13:00:00,299.95866969947036
2026-08-08 14:00:00,305.5845374743962
2026-08-08 15:00:00,309.36819970585316
2026-08-08 16:00:00,310.98025342673265
2026-08-08 17:00:00,310.2656573892762
2026-08-08 18:00:00,307.2423701053143
2026-08-08 19:00:00,302.0863491842588
2026-08-08 20:00:00,295.1084425225958
2026-08-08 21:00:00,288.8646111027331
2026-08-08 22:00:00,283.43321546603227
2026-08-08 23:00:00,278.6874807182158
2026-08-09 00:00:00,274.52540875456424
2026-08-09 01:00:00,270.75455501620274
2026-08-09 02:00:00,267.37952992486413
2026-08-09 03:00:00,264.3517521432399
2026-08-09 04:00:00,261.6299832951395
2026-08-09 05:00:00,259.17894793081194
2026-08-09 06:00:00,257.77804032278806
2026-08-09 07:00:00,259.07928258593483
2026-08-09 08:00:00,262.79702828394005
2026-08-09 09:00:00,268.49508750013854
2026-08-09 10:00:00,275.60725412057843
2026-08-09 11:00:00,283.4723768100735
2026-08-09 12:00:00,291.38181883168363
2026-08-09 13:00:00,298.63513569
2026-08-09 14:00:00,304.5976029791397
2026-08-09 15:00:00,308.7517740592584
2026-08-09 16:00:00,310.73564775649766
2026-08-09 17:00:00,310.3627563420199
2026-08-09 18:00:00,307.6237478096299
2026-08-09 19:00:00,302.6730323807772
2026-08-09 20:00:00,295.8061158922581
2026-08-09 21:00:00,289.63487255350043
2026-08-09 22:00:00,284.1901708985083
2026-08-09 23:00:00,279.36536050727125
2026-08-10 00:00:00,275.0739433439585
2026-08-10 01:00:00,271.4037003406049
2026-08-10 02:00:00,268.1936030925983
2026-08-10 03:00:00,265.379491400759
2026-08-10 04:00:00,262.90766876617926
2026-08-10 05:00:00,260.73284262088214
2026-08-10 06:00:00,259.5645129327105
2026-08-10 07:00:00,261.1039777841738
2026-08-10 08:00:00,265.00812071621266
2026-08-10 09:00:00,270.7948933475073
2026-08-10 10:00:00,277.86633337555213
2026-08-10 11:00:00,285.54585673145436
2026-08-10 12:00:00,293.12691960397314
2026-08-10 13:00:00,299.92818143804084
2026-08-10 14:00:00,305.34838500857165
2026-08-10 15:00:00,308.9132864498407
2026-08-10 16:00:00,310.308057730499
2026-08-10 17:00:00,309.3917629549272
2026-08-10 18:00:00,306.19468036539735
2026-08-10 19:00:00,300.90262653364044
2026-08-10 20:00:00,293.8337187564298
2026-08-10 21:00:00,287.68032770433
2026-08-10 22:00:00,282.3665631494831
2026-08-10 23:00:00,277.75778392917937
2026-08-11 00:00:00,273.74594825531494
2026-08-11 01:00:00,270.0397617749039
2026-08-11 02:00:00,266.7138382653684
2026-08-11 03:00:00,263.7223797231249
2026-08-11 04:00:00,261.0264059342356
2026-08-11 05:00:00,258.5924901630688
2026-08-11 06:00:00,257.0770670293574
2026-08-11 07:00:00,258.2789388224647
2026-08-11 08:00:00,261.91715189126217
2026-08-11 09:00:00,267.55899510984113
2026-08-11 10:00:00,274.64015465206325
2026-08-11 11:00:00,282.4994770061869
2026-08-11 12:00:00,290.4262523707388
2026-08-11 13:00:00,297.71592726219905
2026-08-11 14:00:00,303.7279416257499
2026-08-11 15:00:00,307.9378715321521
2026-08-11 16:00:00,309.97636781991486
2026-08-11 17:00:00,309.6500366096693
2026-08-11 18:00:00,306.94366281014476
2026-08-11 19:00:00,302.0072411322196
2026-08-11 20:00:00,295.13343501153116
2026-08-11 21:00:00,289.0660481652081
2026-08-11 22:00:00,283.69871651930606
2026-08-11 23:00:00,278.9302595629262
2026-08-12 00:00:00,274.6783794534908
2026-08-12 01:00:00,271.07912483990856
2026-08-12 02:00:00,267.9394351897936
2026-08-12 03:00:00,265.19444771243553
2026-08-12 04:00:00,262.7899311490807
2026-08-12 05:00:00,260.68019308448976
2026-08-12 06:00:00,259.448258780635
2026-08-12 07:00:00,260.942096973025
2026-08-12 08:00:00,264.8096927731118
2026-08-12 09:00:00,270.56168902837175
2026-08-12 10:00:00,277.5945420723417
2026-08-12 11:00:00,285.2279755616088
2026-08-12 12:00:00,292.75372271503204
2026-08-12 13:00:00,299.4906069517157
2026-08-12 14:00:00,304.83913908673185
2026-08-12 15:00:00,308.3279897800232
2026-08-12 16:00:00,309.6458502856756
2026-08-12 17:00:00,308.6554060800476
2026-08-12 18:00:00,305.390297212299
2026-08-12 19:00:00,300.0392590996754
2026-08-12 20:00:00,292.96979423480565
2026-08-12 21:00:00,286.9106563177212
2026-08-12 22:00:00,281.69026552854535
2026-08-12 23:00:00,277.1732212266805
2026-08-13 00:00:00,273.25087172661864
2026-08-13 01:00:00,269.7937875993941
2026-08-13 02:00:00,266.76080970416183
2026-08-13 03:00:00,264.09421149904995
2026-08-13 04:00:00,261.74543403818745
2026-08-13 05:00:00,259.673330854423
2026-08-13 06:00:00,258.4002653551703
2026-08-13 07:00:00,259.8555340493739
2026-08-13 08:00:00,263.69979351437553
2026-08-13 09:00:00,269.4531312663463
2026-08-13 10:00:00,276.51782246353025
2026-08-13 11:00:00,284.2154544240256
2026-08-13 12:00:00,291.83558230658844
2026-08-13 13:00:00,298.69111703673826
2026-08-13 14:00:00,304.1736979353635
2026-08-13 15:00:00,307.80134499094646
2026-08-13 16:00:00,309.2516882030218
2026-08-13 17:00:00,308.3772009999086
2026-08-13 18:00:00,305.2030600763717
2026-08-13 19:00:00,299.9117265986239
2026-08-13 20:00:00,292.931950439664
2026-08-13 21:00:00,286.91991338201194
2026-08-13 22:00:00,281.714751574927
2026-08-13 23:00:00,277.18904157139696
2026-08-14 00:00:00,273.2401833791118
2026-08-14 01:00:00,269.6849939344441
2026-08-14 02:00:00,266.5296038660178
2026-08-14 03:00:00,263.7229292827326
2026-08-14 04:00:00,261.22170540541924
2026-08-14 05:00:00,258.98901878768703
2026-08-14 06:00:00,257.48549629324873
2026-08-14 07:00:00,258.72464144564526
2026-08-14 08:00:00,262.3946830198826
2026-08-14 09:00:00,268.03734380716725
2026-08-14 10:00:00,275.06923076592716
2026-08-14 11:00:00,282.8177969352562
2026-08-14 12:00:00,290.56940312824145
2026-08-14 13:00:00,297.62502529477035
2026-08-14 14:00:00,303.3570635341537
2026-08-14 15:00:00,307.259458326563
2026-08-14 16:00:00,308.9839665895222
2026-08-14 17:00:00,308.3583502239304
2026-08-14 18:00:00,305.3864779279598
2026-08-14 19:00:00,300.2341337554183
2026-08-14 20:00:00,293.38439865351285
2026-08-14 21:00:00,287.4164442569956
2026-08-14 22:00:00,282.19054453133464
2026-08-14 23:00:00,277.5952000507981
2026-08-15 00:00:00,273.54002830392875
2026-08-15 01:00:00,269.9609783685992
2026-08-15 02:00:00,266.7888737235225
2026-08-15 03:00:00,263.9712370095456
2026-08-15 04:00:00,261.463681493127
2026-08-15 05:00:00,259.22838321342135
2026-08-15 06:00:00,257.65932730898936
2026-08-15 07:00:00,258.84527518955065
2026-08-15 08:00:00,262.469888221657
2026-08-15 09:00:00,268.0711301027498
2026-08-15 10:00:00,275.0626792488918
2026-08-15 11:00:00,282.76994577812457
2026-08-15 12:00:00,290.4781660892735
2026-08-15 13:00:00,297.4880768983614
2026-08-15 14:00:00,303.17260066064875
2026-08-15 15:00:00,307.02675460326304
2026-08-15 16:00:00,308.7036755813242
2026-08-15 17:00:00,308.03257209389034
2026-08-15 18:00:00,305.01865588006785
2026-08-15 19:00:00,299.82886812949636
2026-08-15 20:00:00,293.01408088593547
2026-08-15 21:00:00,287.08207429705595
2026-08-15 22:00:00,281.8926485492215
2026-08-15 23:00:00,277.33391526189814
2026-08-16 00:00:00,273.3151730151263
2026-08-16 01:00:00,269.8272587559579
2026-08-16 02:00:00,266.7590946024028
2026-08-16 03:00:00,264.05434168031223
2026-08-16 04:00:00,261.6655370967255
2026-08-16 05:00:00,259.55240104363486
2026-08-16 06:00:00,258.04030887771273
2026-08-16 07:00:00,259.2911944275127
2026-08-16 08:00:00,262.96864530651123
2026-08-16 09:00:00,268.59453212540916
2026-08-16 10:00:00,275.5711898484685
2026-08-16 11:00:00,283.21813549949104
2026-08-16 12:00:00,290.8205399705703
2026-08-16 13:00:00,297.68472507058095
2026-08-16 14:00:00,303.1939830316135
2026-08-16 15:00:00,306.8569822305234
2026-08-16 16:00:00,308.34192500293693
2026-08-16 17:00:00,307.4926852344244
2026-08-16 18:00:00,304.32736190054334
2026-08-16 19:00:00,299.0232488104234
2026-08-16 20:00:00,292.2064058411457
2026-08-16 21:00:00,286.31477689706503
2026-08-16 22:00:00,281.19733365976356
2026-08-16 23:00:00,276.73396259770396
2026-08-17 00:00:00,272.8276104223373
2026-08-17 01:00:00,269.41171871824514
2026-08-17 02:00:00,266.41034457884825
2026-08-17 03:00:00,263.7676266635114
2026-08-17 04:00:00,261.4364969079149
2026-08-17 05:00:00,259.37701033740757
2026-08-17 06:00:00,257.8474539106984
2026-08-17 07:00:00,259.08813748337695
2026-08-17 08:00:00,262.75855634051214
2026-08-17 09:00:00,268.37715863122605
2026-08-17 10:00:00,275.3436307139583
2026-08-17 11:00:00,282.9757220380392
2026-08-17 12:00:00,290.5577791495036
2026-08-17 13:00:00,297.3962219194269
2026-08-17 14:00:00,302.875240381676
2026-08-17 15:00:00,306.50498689955293
2026-08-17 16:00:00,307.9554722427563
2026-08-17 17:00:00,307.0724536382601
2026-08-17 18:00:00,303.87580317387574
2026-08-17 19:00:00,298.5443784483118
2026-08-17 20:00:00,291.7738518501214
2026-08-17 21:00:00,285.9287105036506
2026-08-17 22:00:00,280.85747960172495
2026-08-17 23:00:00,276.4396774717268
2026-08-18 00:00:00,272.57795172243846
2026-08-18 01:00:00,269.1590198286541
2026-08-18 02:00:00,266.1434614641833
2026-08-18 03:00:00,263.47809532208134
2026-08-18 04:00:00,261.1179893704169
2026-08-18 05:00:00,259.02490896696617
2026-08-18 06:00:00,257.3904284974522
2026-08-18 07:00:00,258.53601355423285
2026-08-18 08:00:00,262.1296080362693
2026-08-18 09:00:00,267.69613300459673
2026-08-18 10:00:00,274.639316448498
2026-08-18 11:00:00,282.2781429118608
2026-08-18 12:00:00,289.8952062418563
2026-08-18 13:00:00,296.7923090431646
2026-08-18 14:00:00,302.34665361952233
2026-08-18 15:00:00,306.05986974405636
2026-08-18 16:00:00,307.5929404580934
2026-08-18 17:00:00,306.7830895118921
2026-08-18 18:00:00,303.6429109756683
2026-08-18 19:00:00,298.3456608446574
2026-08-18 20:00:00,291.65217603218593
2026-08-18 21:00:00,285.85124456730665
2026-08-18 22:00:00,280.79930274341456
2026-08-18 23:00:00,276.3818139552129
2026-08-19 00:00:00,272.50597593346134
2026-08-19 01:00:00,269.2135963961039
2026-08-19 02:00:00,266.3466602505909
2026-08-19 03:00:00,263.8451015523425
2026-08-19 04:00:00,261.6585662544353
2026-08-19 05:00:00,259.7445459404245
2026-08-19 06:00:00,258.2224826642658
2026-08-19 07:00:00,259.4891375828886
2026-08-19 08:00:00,263.1788970458249
2026-08-19 09:00:00,268.7904187927854
2026-08-19 10:00:00,275.7096044183448
2026-08-19 11:00:00,283.24705392296636
2026-08-19 12:00:00,290.68685558521895
2026-08-19 13:00:00,297.34168217769474
2026-08-19 14:00:00,302.6073430926623
2026-08-19 15:00:00,306.0091624794337
2026-08-19 16:00:00,307.2337308624334
2026-08-19 17:00:00,306.14279037003644
2026-08-19 18:00:00,302.77014473566635
2026-08-19 19:00:00,297.3057781313084
2026-08-19 20:00:00,290.5921537687012
2026-08-19 21:00:00,284.8443965825721
2026-08-19 22:00:00,279.89946671263027
2026-08-19 23:00:00,275.6281514278912
2026-08-20 00:00:00,271.9264162711787
2026-08-20 01:00:00,268.3095857011403
2026-08-20 02:00:00,265.0279837155123
2026-08-20 03:00:00,262.04405935944425
2026-08-20 04:00:00,259.32558890050166
2026-08-20 05:00:00,256.8447253746971
2026-08-20 06:00:00,254.6633641393147
2026-08-20 07:00:00,255.27240810726374
2026-08-20 08:00:00,258.4116553616009
2026-08-20 09:00:00,263.6647529786197
2026-08-20 10:00:00,270.47740619064996
2026-08-20 11:00:00,278.19046899997903
2026-08-20 12:00:00,286.0860937665542
2026-08-20 13:00:00,293.4432024890207
2026-08-20 14:00:00,299.5963022490258
2026-08-20 15:00:00,303.98992357646443
2026-08-20 16:00:00,306.22086897055107
2026-08-20 17:00:00,306.06273212215353
2026-08-20 18:00:00,303.47128067194785
2026-08-20 19:00:00,298.5735919962791
2026-08-20 20:00:00,292.2363313997758
2026-08-20 21:00:00,286.5883511822185
2026-08-20 22:00:00,281.53167612845334
2026-08-20 23:00:00,276.9867128323988
2026-08-21 00:00:00,272.88791989785074
2026-08-21 01:00:00,269.5833034540801
2026-08-21 02:00:00,266.71870120538534
2026-08-21 03:00:00,264.23041657295903
2026-08-21 04:00:00,262.0652454287177
2026-08-21 05:00:00,260.1784332454874
2026-08-21 06:00:00,258.5481482215134
2026-08-21 07:00:00,259.73281201096626
2026-08-21 08:00:00,263.3525719473568
2026-08-21 09:00:00,268.89493753408914
2026-08-21 10:00:00,275.73781065625514
2026-08-21 11:00:00,283.18704904712723
2026-08-21 12:00:00,290.52524100730915
2026-08-21 13:00:00,297.0665340805132
2026-08-21 14:00:00,302.21061437896145
2026-08-21 15:00:00,305.4882594590936
2026-08-21 16:00:00,306.5921668186785
2026-08-21 17:00:00,305.39001721119286
2026-08-21 18:00:00,301.92081913955514
2026-08-21 19:00:00,296.37876416968135
2026-08-21 20:00:00,289.7507049410062
2026-08-21 21:00:00,284.09678857949456
2026-08-21 22:00:00,279.250627851217
2026-08-21 23:00:00,275.0804734130877
2026-08-22 00:00:00,271.4803593176455
2026-08-22 01:00:00,268.0394053138975
2026-08-22 02:00:00,264.9567271275533
2026-08-22 03:00:00,262.1892754522573
2026-08-22 04:00:00,259.70029703597766
2026-08-22 05:00:00,257.45819503495045
2026-08-22 06:00:00,255.43563825541557
2026-08-22 07:00:00,256.1661074149509
2026-08-22 08:00:00,259.4141047390284
2026-08-22 09:00:00,264.7331296367221
2026-08-22 10:00:00,271.5460119234246
2026-08-22 11:00:00,279.17958199027186
2026-08-22 12:00:00,286.9119596562484
2026-08-22 13:00:00,294.02828715123144
2026-08-22 14:00:00,299.87859425025107
2026-08-22 15:00:00,303.93001850032454
2026-08-22 16:00:00,305.80591761707046
2026-08-22 17:00:00,305.3070296143716
2026-08-22 18:00:00,302.4140383055337
2026-08-22 19:00:00,297.2749290671225
2026-08-22 20:00:00,290.9149957010422
2026-08-22 21:00:00,285.3151057967553
2026-08-22 22:00:00,280.3618714459968
2026-08-22 23:00:00,275.9636876184083
2026-08-23 00:00:00,272.04549526039176
2026-08-23 01:00:00,268.748858582639
2026-08-23 02:00:00,265.8580251278369
2026-08-23 03:00:00,263.3179043499761
2026-08-23 04:00:00,261.0820710049716
2026-08-23 05:00:00,259.11113001706906
2026-08-23 06:00:00,257.3714511916774
2026-08-23 07:00:00,258.32327054388804
2026-08-23 08:00:00,261.75562821935995
2026-08-23 09:00:00,267.1759150888377
2026-08-23 10:00:00,273.9743804339359
2026-08-23 11:00:00,281.46080441789667
2026-08-23 12:00:00,288.9129415575313
2026-08-23 13:00:00,295.63188901727176
2026-08-23 14:00:00,300.99763686035806
2026-08-23 15:00:00,304.51709955731485
2026-08-23 16:00:00,305.85788397059497
2026-08-23 17:00:00,304.86412029482494
2026-08-23 18:00:00,301.55485130594917
2026-08-23 19:00:00,296.108972754218
2026-08-23 20:00:00,289.64656352198386
2026-08-23 21:00:00,284.07130092013955
2026-08-23 22:00:00,279.23898323248244
2026-08-23 23:00:00,275.03445516223945
2026-08-24 00:00:00,271.36436922635926
2026-08-24 01:00:00,268.40569350199536
2026-08-24 02:00:00,265.8748238312657
2026-08-24 03:00:00,263.70592147313374
2026-08-24 04:00:00,261.8443522501528
2026-08-24 05:00:00,260.2444926089474
2026-08-24 06:00:00,258.86804055820426
2026-08-24 07:00:00,260.1029898186089
2026-08-24 08:00:00,263.76062189395486
2026-08-24 09:00:00,269.2990760671749
2026-08-24 10:00:00,276.0768068871877
2026-08-24 11:00:00,283.3907119318668
2026-08-24 12:00:00,290.5248872997958
2026-08-24 13:00:00,296.80449422017796
2026-08-24 14:00:00,301.6477081031165
2026-08-24 15:00:00,304.6083884855964
2026-08-24 16:00:00,305.4037146395528
2026-08-24 17:00:00,303.9244211306385
2026-08-24 18:00:00,300.2291940876822
2026-08-24 19:00:00,294.527601327316
2026-08-24 20:00:00,288.0336761414774
2026-08-24 21:00:00,282.5657288569857
2026-08-24 22:00:00,277.94005415361397
2026-08-24 23:00:00,274.0120696047353
2026-08-25 00:00:00,270.6662135335457
2026-08-25 01:00:00,267.8387387467361
2026-08-25 02:00:00,265.42589636999054
2026-08-25 03:00:00,263.363275702595
2026-08-25 04:00:00,261.59745641561324
2026-08-25 05:00:00,260.08386593948967
2026-08-25 06:00:00,258.7851256692252
2026-08-25 07:00:00,260.0206258774798
2026-08-25 08:00:00,263.67874281498115
2026-08-25 09:00:00,269.2116536082118
2026-08-25 10:00:00,275.97383100795486
2026-08-25 11:00:00,283.2602336379808
2026-08-25 12:00:00,290.3550176835101
2026-08-25 13:00:00,296.5851882718979
2026-08-25 14:00:00,301.37214519333133
2026-08-25 15:00:00,304.2738085575792
2026-08-25 16:00:00,305.01167230205664
2026-08-25 17:00:00,303.4805399924746
2026-08-25 18:00:00,299.7425883064061
2026-08-25 19:00:00,294.0101468244569
2026-08-25 20:00:00,287.5724265101007
2026-08-25 21:00:00,282.1652345334184
2026-08-25 22:00:00,277.6025132959164
2026-08-25 23:00:00,273.7379591211992
2026-08-26 00:00:00,270.45475373623526
2026-08-26 01:00:00,267.16887912298654
2026-08-26 02:00:00,264.2357986417235
2026-08-26 03:00:00,261.6124566108591
2026-08-26 04:00:00,259.2620976321325
2026-08-26 05:00:00,257.15313449710953
2026-08-26 06:00:00,255.25826145059827
2026-08-26 07:00:00,255.83459364375017
2026-08-26 08:00:00,258.9531217849459
2026-08-26 09:00:00,264.15511450014645
2026-08-26 10:00:00,270.8537080849912
2026-08-26 11:00:00,278.3688195724585
2026-08-26 12:00:00,285.97459104652
2026-08-26 13:00:00,292.95505319416543
2026-08-26 14:00:00,298.66162378856876
2026-08-26 15:00:00,302.5646883405054
2026-08-26 16:00:00,304.29192725786214
2026-08-26 17:00:00,303.648732358879
2026-08-26 18:00:00,300.62023590683395
2026-08-26 19:00:00,295.3584068776358
2026-08-26 20:00:00,289.18357571404124
2026-08-26 21:00:00,283.7623887264888
2026-08-26 22:00:00,278.98193962778674
2026-08-26 23:00:00,274.7508736496265
2026-08-27 00:00:00,270.99424858041476
2026-08-27 01:00:00,267.49852946476295
2026-08-27 02:00:00,264.3349480094125
2026-08-27 03:00:00,261.4659529198281
2026-08-27 04:00:00,258.8593048451128
2026-08-27 05:00:00,256.4871350162822
2026-08-27 06:00:00,254.32520515162815
2026-08-27 07:00:00,254.56255155149964
2026-08-27 08:00:00,257.3819356843497
2026-08-27 09:00:00,262.3552206304492
2026-08-27 10:00:00,268.9181216840761
2026-08-27 11:00:00,276.403288188764
2026-08-27 12:00:00,284.08645095867126
2026-08-27 13:00:00,291.24178277103096
2026-08-27 14:00:00,297.20045529489636
2026-08-27 15:00:00,301.40471527166466
2026-08-27 16:00:00,303.44977390246794
2026-08-27 17:00:00,303.10808809946155
2026-08-27 18:00:00,300.3346957573415
2026-08-27 19:00:00,295.25648100312293
2026-08-27 20:00:00,289.2487867320989
2026-08-27 21:00:00,283.8985369862343
2026-08-27 22:00:00,279.1135550215497
2026-08-27 23:00:00,274.81856864365386
2026-08-28 00:00:00,270.951316359243
2026-08-28 01:00:00,267.7111062262543
2026-08-28 02:00:00,264.8465191499538
2026-08-28 03:00:00,262.3090268365742
2026-08-28 04:00:00,260.0574566591093
2026-08-28 05:00:00,258.05664147840605
2026-08-28 06:00:00,256.276367490647
2026-08-28 07:00:00,256.8296041380401
2026-08-28 08:00:00,259.92795514301866
2026-08-28 09:00:00,265.08964865961696
2026-08-28 10:00:00,271.7110596489541
2026-08-28 11:00:00,279.1023609095278
2026-08-28 12:00:00,286.53539612417177
2026-08-28 13:00:00,293.29914984607603
2026-08-28 14:00:00,298.75623369238366
2026-08-28 15:00:00,302.3926645631376
2026-08-28 16:00:00,303.85390562629016
2026-08-28 17:00:00,302.9630131328871
2026-08-28 18:00:00,299.7208966937201
2026-08-28 19:00:00,294.2924031834835
2026-08-28 20:00:00,288.1562614570874
2026-08-28 21:00:00,282.8153814940855
2026-08-28 22:00:00,278.1464359028242
2026-08-28 23:00:00,274.05001381772746
2026-08-29 00:00:00,270.44485851214375
2026-08-29 01:00:00,267.312887031737
2026-08-29 02:00:00,264.55543054330093
2026-08-29 03:00:00,262.1230907040736
2026-08-29 04:00:00,259.9740218776347
2026-08-29 05:00:00,258.0725447220916
2026-08-29 06:00:00,256.3880651129738
2026-08-29 07:00:00,256.9615672206837
2026-08-29 08:00:00,260.07829619005724
2026-08-29 09:00:00,265.24631840329823
2026-08-29 10:00:00,271.85472615273244
2026-08-29 11:00:00,279.20962929596686
2026-08-29 12:00:00,286.58220495220024
2026-08-29 13:00:00,293.2640469509012
2026-08-29 14:00:00,298.62315810079923
2026-08-29 15:00:00,302.15288791703307
2026-08-29 16:00:00,303.5069345573106
2026-08-29 17:00:00,302.516480090904
2026-08-29 18:00:00,299.18967588025674
2026-08-29 19:00:00,293.6972898133739
2026-08-29 20:00:00,287.5975363495092
2026-08-29 21:00:00,282.3098290848708
2026-08-29 22:00:00,277.7062374973239
2026-08-29 23:00:00,273.68380991288814
2026-08-30 00:00:00,270.15853329214247
2026-08-30 01:00:00,267.0278699774187
2026-08-30 02:00:00,264.2629666672105
2026-08-30 03:00:00,261.81646918826704
2026-08-30 04:00:00,259.64816980921285
2026-08-30 05:00:00,257.7237069070199
2026-08-30 06:00:00,256.01354890314457
2026-08-30 07:00:00,256.4873034767795
2026-08-30 08:00:00,259.51938070167466
2026-08-30 09:00:00,264.6233638926028
2026-08-30 10:00:00,271.19196097884213
2026-08-30 11:00:00,278.5326621363205
2026-08-30 12:00:00,285.9155980033875
2026-08-30 13:00:00,292.6289308725286
2026-08-30 14:00:00,298.03518550281944
2026-08-30 15:00:00,301.6208155983565
2026-08-30 16:00:00,303.0320228301808
2026-08-30 17:00:00,302.0927238992124
2026-08-30 18:00:00,298.80470757655314
2026-08-30 19:00:00,293.3336929862965
2026-08-30 20:00:00,287.3097367684416
2026-08-30 21:00:00,282.07086181700646
2026-08-30 22:00:00,277.49536465807375
2026-08-30 23:00:00,273.48502715891993
2026-08-31 00:00:00,269.95949332616067
2026-08-31 01:00:00,267.06592809988587
2026-08-31 02:00:00,264.55770087728786
2026-08-31 03:00:00,262.3796530081833
2026-08-31 04:00:00,260.4854796398432
2026-08-31 05:00:00,258.8360709894113
2026-08-31 06:00:00,257.39822205231525
2026-08-31 07:00:00,258.06599562630015
2026-08-31 08:00:00,261.26168683124877
2026-08-31 09:00:00,266.4581607668299
2026-08-31 10:00:00,273.02041266210614
2026-08-31 11:00:00,280.24249992018554
2026-08-31 12:00:00,287.39591820209597
2026-08-31 13:00:00,293.7841997588704
2026-08-31 14:00:00,298.79684164645414
2026-08-31 15:00:00,301.9550144689382
2026-08-31 16:00:00,302.94274205496004
2026-08-31 17:00:00,301.6204349870794
2026-08-31 18:00:00,298.0217039042496
2026-08-31 19:00:00,292.3375662201997
2026-08-31 20:00:00,286.2921152570295
2026-08-31 21:00:00,281.12954282495497
2026-08-31 22:00:00,276.70203199710227
2026-08-31 23:00:00,272.8915668700215
2026-09-01 00:00:00,269.602589380305
2026-09-01 01:00:00,266.6413752821111
2026-09-01 02:00:00,264.0483312370465
2026-09-01 03:00:00,261.77361050033534
2026-09-01 04:00:00,259.7750659965944
2026-09-01 05:00:00,258.01684022673174
2026-09-01 06:00:00,256.46826366259813
2026-09-01 07:00:00,256.9521523229908
2026-09-01 08:00:00,259.99410018057483
2026-09-01 09:00:00,265.086829734975
2026-09-01 10:00:00,271.6082736704839
2026-09-01 11:00:00,278.85779204674077
2026-09-01 12:00:00,286.1042767326774
2026-09-01 13:00:00,292.64120649045014
2026-09-01 14:00:00,297.8419134393801
2026-09-01 15:00:00,301.2074211111489
2026-09-01 16:00:00,302.4001739171611
2026-09-01 17:00:00,301.2600024161375
2026-09-01 18:00:00,297.80277075245453
2026-09-01 19:00:00,292.2056026740695
2026-09-01 20:00:00,286.25900447883953
2026-09-01 21:00:00,281.12928211879535
2026-09-01 22:00:00,276.68568904805267
2026-09-01 23:00:00,272.82307234613614
2026-09-02 00:00:00,269.45570054121083
2026-09-02 01:00:00,266.5286855280823
2026-09-02 02:00:00,263.9687899089094
2026-09-02 03:00:00,261.72600020326564
2026-09-02 04:00:00,259.7580508621953
2026-09-02 05:00:00,258.0290051719671
2026-09-02 06:00:00,256.5081462990679
2026-09-02 07:00:00,256.9446013928116
2026-09-02 08:00:00,259.9464183557109
2026-09-02 09:00:00,265.0023751528747
2026-09-02 10:00:00,271.4875150516261
2026-09-02 11:00:00,278.6993595168416
2026-09-02 12:00:00,285.90598220075987
2026-09-02 13:00:00,292.40096533324953
2026-09-02 14:00:00,297.5584834467222
2026-09-02 15:00:00,300.8808915355589
2026-09-02 16:00:00,302.0321837668541
2026-09-02 17:00:00,300.85372474389385
2026-09-02 18:00:00,297.36274256090474
2026-09-02 19:00:00,291.737489610413
2026-09-02 20:00:00,285.8458485621127
2026-09-02 21:00:00,280.76869082211823
2026-09-02 22:00:00,276.3753060475788
2026-09-02 23:00:00,272.5605537330894
2026-09-03 00:00:00,269.23870945931674
2026-09-03 01:00:00,266.21382638133525
2026-09-03 02:00:00,263.54034763743806
2026-09-03 03:00:00,261.17315702766933
2026-09-03 04:00:00,259.07386953845315
2026-09-03 05:00:00,257.2096229663787
2026-09-03 06:00:00,255.55213010897484
2026-09-03 07:00:00,255.77832575668035
2026-09-03 08:00:00,258.599255345586
2026-09-03 09:00:00,263.5255590415197
2026-09-03 10:00:00,269.9471872278306
2026-09-03 11:00:00,277.1686962232389
2026-09-03 12:00:00,284.4568402612231
2026-09-03 13:00:00,291.09579629858564
2026-09-03 14:00:00,296.4434649082479
2026-09-03 15:00:00,299.98117891209995
2026-09-03 16:00:00,301.34983395830966
2026-09-03 17:00:00,300.3682777291104
2026-09-03 18:00:00,297.0339016979689
2026-09-03 19:00:00,291.5090512152695
2026-09-03 20:00:00,285.7268693163602
2026-09-03 21:00:00,280.6907438377435
2026-09-03 22:00:00,276.2867109694745
2026-09-03 23:00:00,272.4224024079745
2026-09-04 00:00:00,269.0219711130198
2026-09-04 01:00:00,265.9453808682893
2026-09-04 02:00:00,263.20881632543234
2026-09-04 03:00:00,260.7702239329683
2026-09-04 04:00:00,258.59368273376907
2026-09-04 05:00:00,256.64831713906307
2026-09-04 06:00:00,254.9074418942838
2026-09-04 07:00:00,254.97476579289687
2026-09-04 08:00:00,257.6566409183451
2026-09-04 09:00:00,262.47710624950133
2026-09-04 10:00:00,268.8355352815855
2026-09-04 11:00:00,276.04125516979286
2026-09-04 12:00:00,283.3607132027308
2026-09-04 13:00:00,290.07272512798323
2026-09-04 14:00:00,295.525392311036
2026-09-04 15:00:00,299.18702472184924
2026-09-04 16:00:00,300.6838960826578
2026-09-04 17:00:00,299.82032577919705
2026-09-04 18:00:00,296.58067229167494
2026-09-04 19:00:00,291.1166341461355
2026-09-04 20:00:00,285.4305349444178
2026-09-04 21:00:00,280.4454521557634
2026-09-04 22:00:00,276.05771310521635
2026-09-04 23:00:00,272.1828714627432
2026-09-05 00:00:00,268.75126741287335
2026-09-05 01:00:00,265.65726486984823
2026-09-05 02:00:00,262.8943970586447
2026-09-05 03:00:00,260.42268355607246
2026-09-05 04:00:00,258.20788695382606
2026-09-05 05:00:00,256.2205040619063
2026-09-05 06:00:00,254.4349708515374
2026-09-05 07:00:00,254.38100602590688
2026-09-05 08:00:00,256.95587808282374
2026-09-05 09:00:00,261.6917288693342
2026-09-05 10:00:00,267.99372500912824
2026-09-05 11:00:00,275.17420681260046
2026-09-05 12:00:00,282.49953198473986
2026-09-05 13:00:00,289.24527146846845
2026-09-05 14:00:00,294.75344336366993
2026-09-05 15:00:00,298.4841421011199
2026-09-05 16:00:00,300.05428861418585
2026-09-05 17:00:00,299.2587892266696
2026-09-05 18:00:00,296.07345536785465
2026-09-05 19:00:00,290.6429234120915
2026-09-05 20:00:00,285.04154974684025
2026-09-05 21:00:00,280.11046154086506
2026-09-05 22:00:00,275.75265790656965
2026-09-05 23:00:00,271.888853541074
2026-09-06 00:00:00,268.4534406446037
2026-09-06 01:00:00,265.62925546969177
2026-09-06 02:00:00,263.15321629926007
2026-09-06 03:00:00,260.9787240835118
2026-09-06 04:00:00,259.06627035079254
2026-09-06 05:00:00,257.38216162982735
2026-09-06 06:00:00,255.89751778788747
2026-09-06 07:00:00,256.0641771628714
2026-09-06 08:00:00,258.83652053579476
2026-09-06 09:00:00,263.70371189526423
2026-09-06 10:00:00,270.04032764854577
2026-09-06 11:00:00,277.1420556482924
2026-09-06 12:00:00,284.27342697694746
2026-09-06 13:00:00,290.7226544084489
2026-09-06 14:00:00,295.8568862789145
2026-09-06 15:00:00,299.17027404965154
2026-09-06 16:00:00,300.31815419196226
2026-09-06 17:00:00,299.1335957117422
2026-09-06 18:00:00,295.6266227843128
2026-09-06 19:00:00,289.9698862194008
2026-09-06 20:00:00,284.33625337315954
2026-09-06 21:00:00,279.4662760589481
2026-09-06 22:00:00,275.2399785932106
2026-09-06 23:00:00,271.5603366893977
2026-09-07 00:00:00,268.3478751836484
2026-09-07 01:00:00,265.50820391757736
2026-09-07 02:00:00,263.01286630192277
2026-09-07 03:00:00,260.81637739729416
2026-09-07 04:00:00,258.8801118708238
2026-09-07 05:00:00,257.17107639529974
2026-09-07 06:00:00,255.660944711436
2026-09-07 07:00:00,255.7263681522503
2026-09-07 08:00:00,258.41116507639344
2026-09-07 09:00:00,263.2084702584799
2026-09-07 10:00:00,269.4954606883628
2026-09-07 11:00:00,276.56877721295183
2026-09-07 12:00:00,283.6920898876113
2026-09-07 13:00:00,290.15094587508287
2026-09-07 14:00:00,295.3082570682512
2026-09-07 15:00:00,298.65282472024404
2026-09-07 16:00:00,299.83413030004004
2026-09-07 17:00:00,298.6795167481657
2026-09-07 18:00:00,295.19393741726714
2026-09-07 19:00:00,289.54596587410043
2026-09-07 20:00:00,283.9832930221829
2026-09-07 21:00:00,279.16239144939203
2026-09-07 22:00:00,274.96828036869806
2026-09-07 23:00:00,271.30774324729543
2026-09-08 00:00:00,268.1042510457144
2026-09-08 01:00:00,265.3959070455403
2026-09-08 02:00:00,263.0341731915184
2026-09-08 03:00:00,260.9713371672644
2026-09-08 04:00:00,259.16706019653657
2026-09-08 05:00:00,257.5870449557902
2026-09-08 06:00:00,256.20198923795357
2026-09-08 07:00:00,256.3118841115083
2026-09-08 08:00:00,259.0368177932757
2026-09-08 09:00:00,263.8515999938136
2026-09-08 10:00:00,270.120737014227
2026-09-08 11:00:00,277.13427366367335
2026-09-08 12:00:00,284.1555057265062
2026-09-08 13:00:00,290.4754662764955
2026-09-08 14:00:00,295.4674172346784
2026-09-08 15:00:00,298.6338015379663
2026-09-08 16:00:00,299.63915098271485
2026-09-08 17:00:00,298.32546595346594
2026-09-08 18:00:00,294.71059685805534
2026-09-08 19:00:00,288.97348216455197
2026-09-08 20:00:00,283.44734092740936
2026-09-08 21:00:00,278.6937964666361
2026-09-08 22:00:00,274.589207744448
2026-09-08 23:00:00,271.03374196201236
2026-09-09 00:00:00,267.94576668652724
2026-09-09 01:00:00,265.54943601684306
2026-09-09 02:00:00,263.50619983958927
2026-09-09 03:00:00,261.76148686936676
2026-09-09 04:00:00,260.26985745743787
2026-09-09 05:00:00,258.9932850177318
2026-09-09 06:00:00,257.8998119811982
2026-09-09 07:00:00,258.2113651250897
2026-09-09 08:00:00,261.10842402617646
2026-09-09 09:00:00,266.01632072590724
2026-09-09 10:00:00,272.26730306886736
2026-09-09 11:00:00,279.1370854988832
2026-09-09 12:00:00,285.89243561356164
2026-09-09 13:00:00,291.84407254936167
2026-09-09 14:00:00,296.39783869304085
2026-09-09 15:00:00,299.096870526866
2026-09-09 16:00:00,299.649088015239
2026-09-09 17:00:00,297.93761657868043
2026-09-09 18:00:00,294.01557170587074
2026-09-09 19:00:00,288.0893890304398
2026-09-09 20:00:00,282.5896054862324
2026-09-09 21:00:00,277.96216172968
2026-09-09 22:00:00,274.0537939339227
2026-09-09 23:00:00,270.74250391970776
2026-09-10 00:00:00,267.9299329374575
2026-09-10 01:00:00,265.4796242121636
2026-09-10 02:00:00,263.38114672415765
2026-09-10 03:00:00,261.58130711629985
2026-09-10 04:00:00,260.03567060435995
2026-09-10 05:00:00,258.70692786370944
2026-09-10 06:00:00,257.56361637485037
2026-09-10 07:00:00,257.7514555971001
2026-09-10 08:00:00,260.54452114204486
2026-09-10 09:00:00,265.37578029531244
2026-09-10 10:00:00,271.5819874396886
2026-09-10 11:00:00,278.43999925260226
2026-09-10 12:00:00,285.2143368575742
2026-09-10 13:00:00,291.2103785267906
2026-09-10 14:00:00,295.8261898107887
2026-09-10 15:00:00,298.5956579722122
2026-09-10 16:00:00,299.2170811797235
2026-09-10 17:00:00,297.5646029544814
2026-09-10 18:00:00,293.68373813378463
2026-09-10 19:00:00,287.77510376192333
2026-09-10 20:00:00,282.34354639942785
2026-09-10 21:00:00,277.7522234196632
2026-09-10 22:00:00,273.8565510182667
2026-09-10 23:00:00,270.54097772165863
2026-09-11 00:00:00,267.71198772702195
2026-09-11 01:00:00,265.30191400861105
2026-09-11 02:00:00,263.23901274683396
2026-09-11 03:00:00,261.47069108509237
2026-09-11 04:00:00,259.9530169639736
2026-09-11 05:00:00,258.6491074021535
2026-09-11 06:00:00,257.5278653903307
2026-09-11 07:00:00,257.6585382196279
2026-09-11 08:00:00,260.40351366515245
2026-09-11 09:00:00,265.1931057799689
2026-09-11 10:00:00,271.36216542571935
2026-09-11 11:00:00,278.18627919747644
2026-09-11 12:00:00,284.9292254029572
2026-09-11 13:00:00,290.89604900405635
2026-09-11 14:00:00,295.4847616334948
2026-09-11 15:00:00,298.22934875527415
2026-09-11 16:00:00,298.8282563078158
2026-09-11 17:00:00,297.15576391384997
2026-09-11 18:00:00,293.25749326547304
2026-09-11 19:00:00,287.3341523010437
2026-09-11 20:00:00,281.9690264012324
2026-09-11 21:00:00,277.4355364937624
2026-09-11 22:00:00,273.5905695182895
2026-09-11 23:00:00,270.31968858386716
2026-09-12 00:00:00,267.53024658503983
2026-09-12 01:00:00,264.9787085918816
2026-09-12 02:00:00,262.7666885121598
2026-09-12 03:00:00,260.8460669123301
2026-09-12 04:00:00,259.17627780376785
2026-09-12 05:00:00,257.7229409220727
2026-09-12 06:00:00,256.4567859383687
2026-09-12 07:00:00,256.37133309716506
2026-09-12 08:00:00,258.9303877642974
2026-09-12 09:00:00,263.59072064943024
2026-09-12 10:00:00,269.7041861455887
2026-09-12 11:00:00,276.5533817191537
2026-09-12 12:00:00,283.3990625268143
2026-09-12 13:00:00,289.53402187249924
2026-09-12 14:00:00,294.3366072534735
2026-09-12 15:00:00,297.31641869518666
2026-09-12 16:00:00,298.1459058112997
2026-09-12 17:00:00,296.6746425440954
2026-09-12 18:00:00,292.92699426241813
2026-09-12 19:00:00,287.0870602321571
2026-09-12 20:00:00,281.8049662668553
2026-09-12 21:00:00,277.28365757048607
2026-09-12 22:00:00,273.399547504614
2026-09-12 23:00:00,270.0528462064455
2026-09-13 00:00:00,267.16200157554545
2026-09-13 01:00:00,264.49052147699075
2026-09-13 02:00:00,262.1453415488477
2026-09-13 03:00:00,260.0833343734545
2026-09-13 04:00:00,258.2678249280403
2026-09-13 05:00:00,256.66745322531324
2026-09-13 06:00:00,255.25527600367548
2026-09-13 07:00:00,254.94935044296952
2026-09-13 08:00:00,257.3135987363299
2026-09-13 09:00:00,261.8321773118031
2026-09-13 10:00:00,267.8755034582516
2026-09-13 11:00:00,274.7351213470631
2026-09-13 12:00:00,281.6707793549096
2026-09-13 13:00:00,287.96479789459755
2026-09-13 14:00:00,292.97711335647347
2026-09-13 15:00:00,296.1934786168073
2026-09-13 16:00:00,297.26013246851613
2026-09-13 17:00:00,296.00108959734183
2026-09-13 18:00:00,292.4181756875855
2026-09-13 19:00:00,286.6773897157107
2026-09-13 20:00:00,281.49422501665026
2026-09-13 21:00:00,277.00103438598325
2026-09-13 22:00:00,273.09225981142004
2026-09-13 23:00:00,269.6818624862403
2026-09-14 00:00:00,266.69889326623434
2026-09-14 01:00:00,264.1434818566907
2026-09-14 02:00:00,261.90889603535317
2026-09-14 03:00:00,259.95188756381725
2026-09-14 04:00:00,258.235739072842
2026-09-14 05:00:00,256.7291132219904
2026-09-14 06:00:00,255.40514255923551
2026-09-14 07:00:00,255.10457789302126
2026-09-14 08:00:00,257.475541481826
2026-09-14 09:00:00,261.99203727647114
2026-09-14 10:00:00,268.0174067238739
2026-09-14 11:00:00,274.839364658971
2026-09-14 12:00:00,281.71711508391036
2026-09-14 13:00:00,287.9355028215977
2026-09-14 14:00:00,292.8595245836999
2026-09-14 15:00:00,295.98171268064647
2026-09-14 16:00:00,296.9558401802985
2026-09-14 17:00:00,295.61329638202324
2026-09-14 18:00:00,291.96243182488905
2026-09-14 19:00:00,286.1745320136458
2026-09-14 20:00:00,281.0475332799275
2026-09-14 21:00:00,276.62009750346493
2026-09-14 22:00:00,272.78347449348286
2026-09-14 23:00:00,269.44917158513783
2026-09-15 00:00:00,266.5443440384931
2026-09-15 01:00:00,263.82180459310285
2026-09-15 02:00:00,261.40983283735966
2026-09-15 03:00:00,259.2695742715261
2026-09-15 04:00:00,257.3677729953571
2026-09-15 05:00:00,255.675807071861
2026-09-15 06:00:00,254.16892332739198
2026-09-15 07:00:00,253.6119084574536
2026-09-15 08:00:00,255.7512462938592
2026-09-15 09:00:00,260.09078526698283
2026-09-15 10:00:00,266.01484964160136
2026-09-15 11:00:00,272.8222298423772
2026-09-15 12:00:00,279.77270403887263
2026-09-15 13:00:00,286.14144789908784
2026-09-15 14:00:00,291.2749224952641
2026-09-15 15:00:00,294.64073992607644
2026-09-15 16:00:00,295.8645764214101
2026-09-15 17:00:00,294.74982810048067
2026-09-15 18:00:00,291.2796448059546
2026-09-15 19:00:00,285.60461371406376
2026-09-15 20:00:00,280.58575318985305
2026-09-15 21:00:00,276.1931252921068
2026-09-15 22:00:00,272.335641116043
2026-09-15 23:00:00,268.9384478837093
2026-09-16 00:00:00,265.9393515963112
2026-09-16 01:00:00,263.2747483547159
2026-09-16 02:00:00,260.91146189969993
2026-09-16 03:00:00,258.8121443681372
2026-09-16 04:00:00,256.94477616524495
2026-09-16 05:00:00,255.2817573187558
2026-09-16 06:00:00,253.79918478500406
2026-09-16 07:00:00,253.18482094602427
2026-09-16 08:00:00,255.27308681963484
2026-09-16 09:00:00,259.56954871349654
2026-09-16 10:00:00,265.45977681759393
2026-09-16 11:00:00,272.24319295360465
2026-09-16 12:00:00,279.1794753972694
2026-09-16 13:00:00,285.5429090322046
2026-09-16 14:00:00,290.6783046795269
2026-09-16 15:00:00,294.051006743643
2026-09-16 16:00:00,295.28404721459924
2026-09-16 17:00:00,294.1780946172428
2026-09-16 18:00:00,290.71376861975114
2026-09-16 19:00:00,285.04580623663514
2026-09-16 20:00:00,280.0988398676269
2026-09-16 21:00:00,275.76417482322245
2026-09-16 22:00:00,271.95346579357715
2026-09-16 23:00:00,268.59398943421525
2026-09-17 00:00:00,265.6252288474914
2026-09-17 01:00:00,263.23430695905745
2026-09-17 02:00:00,261.14626196011284
2026-09-17 03:00:00,259.3201495115697
2026-09-17 04:00:00,257.7211739012774
2026-09-17 05:00:00,256.3196192387086
2026-09-17 06:00:00,255.09000025433943
2026-09-17 07:00:00,254.6410735950069
2026-09-17 08:00:00,256.88401013685467
2026-09-17 09:00:00,261.28647301677864
2026-09-17 10:00:00,267.2073392887338
2026-09-17 11:00:00,273.93151388230064
2026-09-17 12:00:00,280.7168061634745
2026-09-17 13:00:00,286.8477720761734
2026-09-17 14:00:00,291.6898499063418
2026-09-17 15:00:00,294.7363564788946
2026-09-17 16:00:00,295.6418702754475
2026-09-17 17:00:00,294.23841412295445
2026-09-17 18:00:00,290.5347541816269
2026-09-17 19:00:00,284.78669763685
2026-09-17 20:00:00,279.84771977581914
2026-09-17 21:00:00,275.58689688134814
2026-09-17 22:00:00,271.8988976120828
2026-09-17 23:00:00,268.6978540007645
2026-09-18 00:00:00,265.91298472664903
2026-09-18 01:00:00,263.8427499263298
2026-09-18 02:00:00,262.07858027575884
2026-09-18 03:00:00,260.5733546098755
2026-09-18 04:00:00,259.287721508375
2026-09-18 05:00:00,258.1886769087874
2026-09-18 06:00:00,257.2484402092917
2026-09-18 07:00:00,256.99629619914174
2026-09-18 08:00:00,259.41803772573945
2026-09-18 09:00:00,263.92407679382603
2026-09-18 10:00:00,269.835474901786
2026-09-18 11:00:00,276.4192476332924
2026-09-18 12:00:00,282.9349683542098
2026-09-18 13:00:00,288.68686359623604
2026-09-18 14:00:00,293.0744026893176
2026-09-18 15:00:00,295.63419118119117
2026-09-18 16:00:00,296.0675280421629
2026-09-18 17:00:00,294.2511841666591
2026-09-18 18:00:00,290.23268638730394
2026-09-18 19:00:00,284.3764291020707
2026-09-18 20:00:00,279.46558871617805
2026-09-18 21:00:00,275.3305134077448
2026-09-18 22:00:00,271.83702747083066
2026-09-18 23:00:00,268.8775444196051
2026-09-19 00:00:00,266.3648243768386
2026-09-19 01:00:00,264.14730311200765
2026-09-19 02:00:00,262.2474038287047
2026-09-19 03:00:00,260.6174624282235
2026-09-19 04:00:00,259.21754736030886
2026-09-19 05:00:00,258.0140508297509
2026-09-19 06:00:00,256.97857702612276
2026-09-19 07:00:00,256.5617660758722
2026-09-19 08:00:00,258.8406564849164
2026-09-19 09:00:00,263.23626709659413
2026-09-19 10:00:00,269.0762552104799
2026-09-19 11:00:00,275.6299316311787
2026-09-19 12:00:00,282.1548195747213
2026-09-19 13:00:00,287.9490885947971
2026-09-19 14:00:00,292.40293022663883
2026-09-19 15:00:00,295.0416238285319
2026-09-19 16:00:00,295.5544556425177
2026-09-19 17:00:00,293.8067779906929
2026-09-19 18:00:00,289.83626153243614
2026-09-19 19:00:00,284.0776608016682
2026-09-19 20:00:00,279.21964754471253
2026-09-19 21:00:00,275.10480756689213
2026-09-19 22:00:00,271.6079943533782
2026-09-19 23:00:00,268.62836854035197
2026-09-20 00:00:00,266.0837739001138
2026-09-20 01:00:00,263.63205060721094
2026-09-20 02:00:00,261.4911501508605
2026-09-20 03:00:00,259.6189502112385
2026-09-20 04:00:00,257.9796842613713
2026-09-20 05:00:00,256.54282898939863
2026-09-20 06:00:00,255.2822221855908
2026-09-20 07:00:00,254.57198687147348
2026-09-20 08:00:00,256.5860465652847
2026-09-20 09:00:00,260.78871915700637
2026-09-20 10:00:00,266.5365814854487
2026-09-20 11:00:00,273.1127493112745
2026-09-20 12:00:00,279.7733230839947
2026-09-20 13:00:00,285.80088285393737
2026-09-20 14:00:00,290.55838853010255
2026-09-20 15:00:00,293.5360973462257
2026-09-20 16:00:00,294.3850483182423
2026-09-20 17:00:00,292.93350007320703
2026-09-20 18:00:00,289.1865645390517
2026-09-20 19:00:00,283.6310912221306
2026-09-20 20:00:00,278.8522622753951
2026-09-20 21:00:00,274.72569101869516
2026-09-20 22:00:00,271.15098086110476
2026-09-20 23:00:00,268.0460634765849
2026-09-21 00:00:00,265.34313309389023
2026-09-21 01:00:00,262.7462946837125
2026-09-21 02:00:00,260.4422992822599
2026-09-21 03:00:00,258.39502406043385
2026-09-21 04:00:00,256.57346209299703
2026-09-21 05:00:00,254.95085791799804
2026-09-21 06:00:00,253.50401829851458
2026-09-21 07:00:00,252.53127993329844
2026-09-21 08:00:00,254.3005777484239
2026-09-21 09:00:00,258.31425189387073
2026-09-21 10:00:00,263.95588691495817
2026-09-21 11:00:00,270.5235081955089
2026-09-21 12:00:00,277.2754047546556
2026-09-21 13:00:00,283.483956693102
2026-09-21 14:00:00,288.49115427115424
2026-09-21 15:00:00,291.7584246413482
2026-09-21 16:00:00,292.9038933683011
2026-09-21 17:00:00,291.7227164880195
2026-09-21 18:00:00,288.1899489613342
2026-09-21 19:00:00,282.8456448858807
2026-09-21 20:00:00,278.17291761969454
2026-09-21 21:00:00,274.07247440825205
2026-09-21 22:00:00,270.4631512095939
2026-09-21 23:00:00,267.2778110703455
2026-09-22 00:00:00,264.46035265948916
2026-09-22 01:00:00,262.08527726345636
2026-09-22 02:00:00,259.99262644678123
2026-09-22 03:00:00,258.14626340224225
2026-09-22 04:00:00,256.51524774291505
2026-09-22 05:00:00,255.07296040666975
2026-09-22 06:00:00,253.79640393619454
2026-09-22 07:00:00,252.9060466401693
2026-09-22 08:00:00,254.7547941174582
2026-09-22 09:00:00,258.8267562987662
2026-09-22 10:00:00,264.4924718105085
2026-09-22 11:00:00,271.04258936557363
2026-09-22 12:00:00,277.7339479132003
2026-09-22 13:00:00,283.84320993211895
2026-09-22 14:00:00,288.7215959196318
2026-09-22 15:00:00,291.8433505604957
2026-09-22 16:00:00,292.8412736182701
2026-09-22 17:00:00,291.52529741739227
2026-09-22 18:00:00,287.88392370140497
2026-09-22 19:00:00,282.54649341080085
2026-09-22 20:00:00,277.91379441575333
2026-09-22 21:00:00,273.87810281293247
2026-09-22 22:00:00,270.35173327301607
2026-09-22 23:00:00,267.2624504508284
2026-09-23 00:00:00,264.5501372363628
2026-09-23 01:00:00,262.22222756907513
2026-09-23 02:00:00,260.17858517889
2026-09-23 03:00:00,258.3820551544215
2026-09-23 04:00:00,256.80090072264
2026-09-23 05:00:00,255.40788446066375
2026-09-23 06:00:00,254.17953422230283
2026-09-23 07:00:00,253.25786423771476
2026-09-23 08:00:00,255.0816748862832
2026-09-23 09:00:00,259.12527013599635
2026-09-23 10:00:00,264.75234517027263
2026-09-23 11:00:00,271.24972159646256
2026-09-23 12:00:00,277.8733997223153
2026-09-23 13:00:00,283.9019638395467
2026-09-23 14:00:00,288.69082784675146
2026-09-23 15:00:00,291.71997465960845
2026-09-23 16:00:00,292.6286359248601
2026-09-23 17:00:00,291.2330616950414
2026-09-23 18:00:00,287.52734375459335
2026-09-23 19:00:00,282.2233631659461
2026-09-23 20:00:00,277.6351792949574
2026-09-23 21:00:00,273.65180506319183
2026-09-23 22:00:00,270.1830437204029
2026-09-23 23:00:00,267.15471206660357
2026-09-24 00:00:00,264.5051762315092
2026-09-24 01:00:00,262.3315679371072
2026-09-24 02:00:00,260.44090879396833
2026-09-24 03:00:00,258.79426356658695
2026-09-24 04:00:00,257.3585685313053
2026-09-24 05:00:00,256.1056209428811
2026-09-24 06:00:00,255.01127231260074
2026-09-24 07:00:00,254.1390367220305
2026-09-24 08:00:00,256.01352694528646
2026-09-24 09:00:00,260.0855633933502
2026-09-24 10:00:00,265.7026226688413
2026-09-24 11:00:00,272.14285656233733
2026-09-24 12:00:00,278.6611786538419
2026-09-24 13:00:00,284.542166541185
2026-09-24 14:00:00,289.1531116340383
2026-09-24 15:00:00,291.9899205823688
2026-09-24 16:00:00,292.7095976315456
2026-09-24 17:00:00,291.1458871017461
2026-09-24 18:00:00,287.30843662373854
2026-09-24 19:00:00,281.9997000380827
2026-09-24 20:00:00,277.4493515799826
2026-09-24 21:00:00,273.5348509298921
2026-09-24 22:00:00,270.15719784464073
2026-09-24 23:00:00,267.2354361080209
2026-09-25 00:00:00,264.7026899391861
2026-09-25 01:00:00,262.5968323888599
2026-09-25 02:00:00,260.7761448879567
2026-09-25 03:00:00,259.2000504855476
2026-09-25 04:00:00,257.83424299231365
2026-09-25 05:00:00,256.64959229009474
2026-09-25 06:00:00,255.62127191600774
2026-09-25 07:00:00,254.73432510311872
2026-09-25 08:00:00,256.60026667411097
2026-09-25 09:00:00,260.65425598247896
2026-09-25 10:00:00,266.2331990163992
2026-09-25 11:00:00,272.6097521106969
2026-09-25 12:00:00,279.038258411921
2026-09-25 13:00:00,284.8071773871629
2026-09-25 14:00:00,289.2912533455901
2026-09-25 15:00:00,291.9961794661396
2026-09-25 16:00:00,292.5896797288617
2026-09-25 17:00:00,290.9158555239655
2026-09-25 18:00:00,286.9933846878885
2026-09-25 19:00:00,281.70973824199586
2026-09-25 20:00:00,277.20689349228337
2026-09-25 21:00:00,273.3555459189107
2026-09-25 22:00:00,270.05159495808266
2026-09-25 23:00:00,267.2102109100736
2026-09-26 00:00:00,264.76156758726523
2026-09-26 01:00:00,262.84381669855526
2026-09-26 02:00:00,261.2065460184766
2026-09-26 03:00:00,259.8071352817084
2026-09-26 04:00:00,258.60987600474215
2026-09-26 05:00:00,257.5847323358398
2026-09-26 06:00:00,256.70635567559566
2026-09-26 07:00:00,255.95329289342334
2026-09-26 08:00:00,257.87189031271294
2026-09-26 09:00:00,261.9491818821973
2026-09-26 10:00:00,267.50121366007716
2026-09-26 11:00:00,273.79049001264286
2026-09-26 12:00:00,280.07151554524415
2026-09-26 13:00:00,285.6421473601594
2026-09-26 14:00:00,289.89384043403334
2026-09-26 15:00:00,292.3536689630836
2026-09-26 16:00:00,292.7124589782829
2026-09-26 17:00:00,290.8364335283083
2026-09-26 18:00:00,286.7634158870168
2026-09-26 19:00:00,281.4736615703895
2026-09-26 20:00:00,277.02170024678173
2026-09-26 21:00:00,273.2611634026721
2026-09-26 22:00:00,270.07523576523846
2026-09-26 23:00:00,267.3695425363538
2026-09-27 00:00:00,265.06707014155563
2026-09-27 01:00:00,263.4914571870542
2026-09-27 02:00:00,262.1807038012329
2026-09-27 03:00:00,261.0892430272357
2026-09-27 04:00:00,260.1796702050119
2026-09-27 05:00:00,259.4211812336717
2026-09-27 06:00:00,258.7883400665852
2026-09-27 07:00:00,258.2600969747838
2026-09-27 08:00:00,260.30501280850456
2026-09-27 09:00:00,264.4432368648346
2026-09-27 10:00:00,269.95200781297433
2026-09-27 11:00:00,276.07739781351165
2026-09-27 12:00:00,282.0781721549991
2026-09-27 13:00:00,287.2741988962944
2026-09-27 14:00:00,291.0922601956056
2026-09-27 15:00:00,293.10250730066747
2026-09-27 16:00:00,293.0407626015085
2026-09-27 17:00:00,290.81510904220767
2026-09-27 18:00:00,286.49856648058494
2026-09-27 19:00:00,281.1756863194281
2026-09-27 20:00:00,276.8097583243426
2026-09-27 21:00:00,273.21542382900776
2026-09-27 22:00:00,270.24759235406475
2026-09-27 23:00:00,267.7912780752933
2026-09-28 00:00:00,265.7544483274324
2026-09-28 01:00:00,263.8296947805985
2026-09-28 02:00:00,262.20301771883135
2026-09-28 03:00:00,260.8266568588752
2026-09-28 04:00:00,259.6609634130201
2026-09-28 05:00:00,258.67289106133
2026-09-28 06:00:00,257.8348047197104
2026-09-28 07:00:00,257.1235300243981
2026-09-28 08:00:00,258.92707872046253
2026-09-28 09:00:00,262.88864637520237
2026-09-28 10:00:00,268.3063177485401
2026-09-28 11:00:00,274.4336999217886
2026-09-28 12:00:00,280.52459008793903
2026-09-28 13:00:00,285.88305654818544
2026-09-28 14:00:00,289.91190967383784
2026-09-28 15:00:00,292.1525759551464
2026-09-28 16:00:00,292.3110340840316
2026-09-28 17:00:00,290.26759673844765
2026-09-28 18:00:00,286.07185128706874
2026-09-28 19:00:00,280.86788995603797
2026-09-28 20:00:00,276.5279209318315
2026-09-28 21:00:00,272.89549068740456
2026-09-28 22:00:00,269.8464373763493
2026-09-28 23:00:00,267.2810331801397
2026-09-29 00:00:00,265.11838860104206
2026-09-29 01:00:00,262.40922277744716
2026-09-29 02:00:00,259.9842656961496
2026-09-29 03:00:00,257.81029369520996
2026-09-29 04:00:00,255.85864311568977
2026-09-29 05:00:00,254.10445087329484
2026-09-29 06:00:00,252.52604755130517
2026-09-29 07:00:00,251.10446723910005
2026-09-29 08:00:00,252.1520533044279
2026-09-29 09:00:00,255.5262422730762
2026-09-29 10:00:00,260.62468138537633
2026-09-29 11:00:00,266.75453505919035
2026-09-29 12:00:00,273.17667557488545
2026-09-29 13:00:00,279.1584436722359
2026-09-29 14:00:00,284.0289687332669
2026-09-29 15:00:00,287.22988733787446
2026-09-29 16:00:00,288.3545569639129
2026-09-29 17:00:00,287.1710397174957
2026-09-29 18:00:00,283.62773767932674
2026-09-29 19:00:00,278.8627196251756
2026-09-29 20:00:00,274.64676219310707
2026-09-29 21:00:00,270.9048850969966
2026-09-29 22:00:00,267.5748444988562
2026-09-29 23:00:00,264.6044397141078
2026-09-30 00:00:00,261.94950289933877
2026-09-30 01:00:00,260.0575946061808
2026-09-30 02:00:00,258.4049108719118
2026-09-30 03:00:00,256.9596277392339
2026-09-30 04:00:00,255.69452944051972
2026-09-30 05:00:00,254.5862522780594
2026-09-30 06:00:00,253.6146732685286
2026-09-30 07:00:00,252.76241114537777
2026-09-30 08:00:00,254.2649958995857
2026-09-30 09:00:00,258.0122768377472
2026-09-30 10:00:00,263.3549462681283
2026-09-30 11:00:00,269.57290826714745
2026-09-30 12:00:00,275.9205663424421
2026-09-30 13:00:00,281.6791763362406
2026-09-30 14:00:00,286.2097333455502
2026-09-30 15:00:00,288.9992010613583
2026-09-30 16:00:00,289.6937989278769
2026-09-30 17:00:00,288.1157607926331
2026-09-30 18:00:00,284.26366222792626
2026-09-30 19:00:00,279.39515328969856
2026-09-30 20:00:00,275.2016430936088
2026-09-30 21:00:00,271.5777411501739
2026-09-30 22:00:00,268.4375411246823
2026-09-30 23:00:00,265.71024939183195
2026-10-01 00:00:00,263.33698633841067
2026-10-01 01:00:00,261.9014453299116
2026-10-01 02:00:00,260.694902857191
2026-10-01 03:00:00,259.6799597166406
2026-10-01 04:00:00,258.82558081245764
2026-10-01 05:00:00,258.10593680283733
2026-10-01 06:00:00,257.4994785271576
2026-10-01 07:00:00,256.988191203057
2026-10-01 08:00:00,258.72922863493835
2026-10-01 09:00:00,262.6246409603304
2026-10-01 10:00:00,267.9613451662651
2026-10-01 11:00:00,273.98804283016113
2026-10-01 12:00:00,279.95914124758525
2026-10-01 13:00:00,285.1838078771574
2026-10-01 14:00:00,289.07310827935174
2026-10-01 15:00:00,291.17836857453307
2026-10-01 16:00:00,291.215655926242
2026-10-01 17:00:00,289.074401542992
2026-10-01 18:00:00,284.8116176600368
2026-10-01 19:00:00,279.8078689882236
2026-10-01 20:00:00,275.6604852067219
2026-10-01 21:00:00,272.21107443816373
2026-10-01 22:00:00,269.33424874817666
2026-10-01 23:00:00,266.9295966642868
2026-10-02 00:00:00,264.91595591295237
2026-10-02 01:00:00,262.4863472874329
2026-10-02 02:00:00,260.34622207420483
2026-10-02 03:00:00,258.4584099081239
2026-10-02 04:00:00,256.7911150712224
2026-10-02 05:00:00,255.31700474518357
2026-10-02 06:00:00,254.01248146024116
2026-10-02 07:00:00,252.85709615751986
2026-10-02 08:00:00,253.92707731479516
2026-10-02 09:00:00,257.3018442046323
2026-10-02 10:00:00,262.3466687378193
2026-10-02 11:00:00,268.34948747307857
2026-10-02 12:00:00,274.56538097691094
2026-10-02 13:00:00,280.2687685618488
2026-10-02 14:00:00,284.8069709349223
2026-10-02 15:00:00,287.64797596647526
2026-10-02 16:00:00,288.41590990794754
2026-10-02 17:00:00,286.91020225662515
2026-10-02 18:00:00,283.1080607642804
2026-10-02 19:00:00,278.4020773395929
2026-10-02 20:00:00,274.30409021709033
2026-10-02 21:00:00,270.7244224099426
2026-10-02 22:00:00,267.58929006484215
2026-10-02 23:00:00,264.83735266194907
2026-10-03 00:00:00,262.4171606687849
2026-10-03 01:00:00,260.5235321925845
2026-10-03 02:00:00,258.8751347254972
2026-10-03 03:00:00,257.43863470075246
2026-10-03 04:00:00,256.1856127324927
2026-10-03 05:00:00,255.09174620729888
2026-10-03 06:00:00,254.1361499902373
2026-10-03 07:00:00,253.30083953029114
2026-10-03 08:00:00,254.5861980213634
2026-10-03 09:00:00,258.1352743879724
2026-10-03 10:00:00,263.29078725397846
2026-10-03 11:00:00,269.3283269911652
2026-10-03 12:00:00,275.5010957484495
2026-10-03 13:00:00,281.0916083628841
2026-10-03 14:00:00,285.4637900160311
2026-10-03 15:00:00,288.1083461235938
2026-10-03 16:00:00,288.6752548546501
2026-10-03 17:00:00,286.98993538770907
2026-10-03 18:00:00,283.0532643169795
2026-10-03 19:00:00,278.35382397183486
2026-10-03 20:00:00,274.3157913758441
2026-10-03 21:00:00,270.8352007427249
2026-10-03 22:00:00,267.82726424784624
2026-10-03 23:00:00,265.22210257764175
2026-10-04 00:00:00,262.96161111843577
2026-10-04 01:00:00,261.06665104338316
2026-10-04 02:00:00,259.42423135018703
2026-10-04 03:00:00,257.99912195190734
2026-10-04 04:00:00,256.76140079600424
2026-10-04 05:00:00,255.68555613376572
2026-10-04 06:00:00,254.74976461486781
2026-10-04 07:00:00,253.93530506333448
2026-10-04 08:00:00,255.16404461587092
2026-10-04 09:00:00,258.6575157618904
2026-10-04 10:00:00,263.75011745490184
2026-10-04 11:00:00,269.7129196426639
2026-10-04 12:00:00,275.79816155749205
2026-10-04 13:00:00,281.2905322012584
2026-10-04 14:00:00,285.55860274909685
2026-10-04 15:00:00,288.09931882845984
2026-10-04 16:00:00,288.56952960327817
2026-10-04 17:00:00,286.80128033891486
2026-10-04 18:00:00,282.8011852439642
2026-10-04 19:00:00,278.1382655971458
2026-10-04 20:00:00,274.14711291779497
2026-10-04 21:00:00,270.7203156748205
2026-10-04 22:00:00,267.7704725541686
2026-10-04 23:00:00,265.2257159624049
2026-10-05 00:00:00,263.0264304585108
2026-10-05 01:00:00,260.7307800723331
2026-10-05 02:00:00,258.6958446553972
2026-10-05 03:00:00,256.8896334219943
2026-10-05 04:00:00,255.28459234821955
2026-10-05 05:00:00,253.85687951731217
2026-10-05 06:00:00,252.58578176874104
2026-10-05 07:00:00,251.45324034857563
2026-10-05 08:00:00,252.3036679995215
2026-10-05 09:00:00,255.4840452368381
2026-10-05 10:00:00,260.37050428056295
2026-10-05 11:00:00,266.25803511426693
2026-10-05 12:00:00,272.40442065637467
2026-10-05 13:00:00,278.08216878384565
2026-10-05 14:00:00,282.6322649863795
2026-10-05 15:00:00,285.5126710340834
2026-10-05 16:00:00,286.3350108552687
2026-10-05 17:00:00,284.8852083900066
2026-10-05 18:00:00,281.12738740821106
2026-10-05 19:00:00,276.67041732649756
2026-10-05 20:00:00,272.76371484297243
2026-10-05 21:00:00,269.3293927258034
2026-10-05 22:00:00,266.3028722014171
2026-10-05 23:00:00,263.6300888446801
2026-10-06 00:00:00,261.26540253224545
2026-10-06 01:00:00,259.40926102199444
2026-10-06 02:00:00,257.78280191853975
2026-10-06 03:00:00,256.3560886816091
2026-10-06 04:00:00,255.10343988435352
2026-10-06 05:00:00,254.00274232052297
2026-10-06 06:00:00,253.03489373535214
2026-10-06 07:00:00,252.18334655523202
2026-10-06 08:00:00,253.216383906995
2026-10-06 09:00:00,256.54613562485264
2026-10-06 10:00:00,261.5258881124654
2026-10-06 11:00:00,267.4375106485291
2026-10-06 12:00:00,273.53570202393365
2026-10-06 13:00:00,279.0995500665911
2026-10-06 14:00:00,283.48499687141
2026-10-06 15:00:00,286.17114079261273
2026-10-06 16:00:00,286.7941171233149
2026-10-06 17:00:00,285.1648467402743
2026-10-06 18:00:00,281.270504726417
2026-10-06 19:00:00,276.8146987331152
2026-10-06 20:00:00,272.95846205254827
2026-10-06 21:00:00,269.6113450466399
2026-10-06 22:00:00,266.6989854477467
2026-10-06 23:00:00,264.15964231019575
2026-10-07 00:00:00,261.9416238437841
2026-10-07 01:00:00,260.23511749411716
2026-10-07 02:00:00,258.7594138602749
2026-10-07 03:00:00,257.4820329834871
2026-10-07 04:00:00,256.3753859236826
2026-10-07 05:00:00,255.41595733023266
2026-10-07 06:00:00,254.5836447545624
2026-10-07 07:00:00,253.861219787344
2026-10-07 08:00:00,254.93921488983298
2026-10-07 09:00:00,258.29388361130805
2026-10-07 10:00:00,263.2537877543593
2026-10-07 11:00:00,269.08719750086107
2026-10-07 12:00:00,275.0460890676336
2026-10-07 13:00:00,280.4168269372743
2026-10-07 14:00:00,284.57089406828555
2026-10-07 15:00:00,287.0086508341758
2026-10-07 16:00:00,287.39021772121606
2026-10-07 17:00:00,285.55031628616376
2026-10-07 18:00:00,281.49743001525695
2026-10-07 19:00:00,277.02743896286717
2026-10-07 20:00:00,273.20915713991815
2026-10-07 21:00:00,269.93790329169997
2026-10-07 22:00:00,267.12842050907
2026-10-07 23:00:00,264.71057386413344
2026-10-08 00:00:00,262.62618353946556
2026-10-08 01:00:00,260.5976155653737
2026-10-08 02:00:00,258.82118150571375
2026-10-08 03:00:00,257.2637183986822
2026-10-08 04:00:00,255.8968522829185
2026-10-08 05:00:00,254.69620702161427
2026-10-08 06:00:00,253.64076663967919
2026-10-08 07:00:00,252.71235630052064
2026-10-08 08:00:00,253.52347856766335
2026-10-08 09:00:00,256.65422446772345
2026-10-08 10:00:00,261.4560700617006
2026-10-08 11:00:00,267.21000099826506
2026-10-08 12:00:00,273.17026787246095
2026-10-08 13:00:00,278.6155262854249
2026-10-08 14:00:00,282.9009624496418
2026-10-08 15:00:00,285.50437412067237
2026-10-08 16:00:00,286.0599856670687
2026-10-08 17:00:00,284.37629046847525
2026-10-08 18:00:00,280.4377314453088
2026-10-08 19:00:00,276.0945600566912
2026-10-08 20:00:00,272.33311189215925
2026-10-08 21:00:00,269.0662257176092
2026-10-08 22:00:00,266.22210200890095
2026-10-08 23:00:00,263.74102749739757
2026-10-09 00:00:00,261.5729357720035
2026-10-09 01:00:00,260.1579501113741
2026-10-09 02:00:00,258.95011794057467
2026-10-09 03:00:00,257.9182597788455
2026-10-09 04:00:00,257.03612131900206
2026-10-09 05:00:00,256.28153227318563
2026-10-09 06:00:00,255.6357258484589
2026-10-09 07:00:00,255.0827837370949
2026-10-09 08:00:00,256.1606553767669
2026-10-09 09:00:00,259.49858572192295
2026-10-09 10:00:00,264.4009988668007
2026-10-09 11:00:00,270.1238699388609
2026-10-09 12:00:00,275.9179826514591
2026-10-09 13:00:00,281.0782782055199
2026-10-09 14:00:00,284.99248065079485
2026-10-09 15:00:00,287.18209683840564
2026-10-09 16:00:00,287.3302812710915
2026-10-09 17:00:00,285.29392870321215
2026-10-09 18:00:00,281.100789550622
2026-10-09 19:00:00,276.71053767779176
2026-10-09 20:00:00,273.0088856109261
2026-10-09 21:00:00,269.87870120043533
2026-10-09 22:00:00,267.22541901096474
2026-10-09 23:00:00,264.9719346103663
2026-10-10 00:00:00,263.05486620363354
2026-10-10 01:00:00,261.44114019596617
2026-10-10 02:00:00,260.06644421329173
2026-10-10 03:00:00,258.894256153551
2026-10-10 04:00:00,257.89394176166144
2026-10-10 05:00:00,257.03972089079946
2026-10-10 06:00:00,256.30983818831
2026-10-10 07:00:00,255.68589173333476
2026-10-10 08:00:00,256.62727754185954
2026-10-10 09:00:00,259.8451040737633
2026-10-10 10:00:00,264.63925054707454
2026-10-10 11:00:00,270.26304243630483
2026-10-10 12:00:00,275.9660800038253
2026-10-10 13:00:00,281.0431889470287
2026-10-10 14:00:00,284.88264917521315
2026-10-10 15:00:00,287.0068177201062
2026-10-10 16:00:00,287.09967899133505
2026-10-10 17:00:00,285.0187249204045
2026-10-10 18:00:00,280.7919726011893
2026-10-10 19:00:00,276.45269472971916
2026-10-10 20:00:00,272.79747857114853
2026-10-10 21:00:00,269.709598444914
2026-10-10 22:00:00,267.0948319197453
2026-10-10 23:00:00,264.8763759393455
2026-10-11 00:00:00,262.99112123715497
2026-10-11 01:00:00,261.0821046510528
2026-10-11 02:00:00,259.42656077522577
2026-10-11 03:00:00,257.9892352471719
2026-10-11 04:00:00,256.740175270674
2026-10-11 05:00:00,255.65383351885845
2026-10-11 06:00:00,254.70834761857057
2026-10-11 07:00:00,253.88495509601233
2026-10-11 08:00:00,254.5663528651702
2026-10-11 09:00:00,257.57077952526043
2026-10-11 10:00:00,262.23004757995926
2026-10-11 11:00:00,267.8144531173014
2026-10-11 12:00:00,273.57592806498667
2026-10-11 13:00:00,278.7981739183494
2026-10-11 14:00:00,282.84722595492116
2026-10-11 15:00:00,285.2154913570251
2026-10-11 16:00:00,285.55332633313645
2026-10-11 17:00:00,283.68483879878187
2026-10-11 18:00:00,279.6080567810265
2026-10-11 19:00:00,275.40490769965874
2026-10-11 20:00:00,271.7974589955056
2026-10-11 21:00:00,268.69278090083964
2026-10-11 22:00:00,266.01467856506514
2026-10-11 23:00:00,263.7000947229456
2026-10-12 00:00:00,261.6964345969311
2026-10-12 01:00:00,259.6529780644746
2026-10-12 02:00:00,257.84992888202163
2026-10-12 03:00:00,256.25714496749873
2026-10-12 04:00:00,254.84867646210594
2026-10-12 05:00:00,253.6020912283359
2026-10-12 06:00:00,252.49792874202748
2026-10-12 07:00:00,251.51925371563868
2026-10-12 08:00:00,251.97432703637014
2026-10-12 09:00:00,254.78643997105578
2026-10-12 10:00:00,259.3207941372414
2026-10-12 11:00:00,264.867410290711
2026-10-12 12:00:00,270.6841004013153
2026-10-12 13:00:00,276.04720909492687
2026-10-12 14:00:00,280.3039287143007
2026-10-12 15:00:00,282.9192653008237
2026-10-12 16:00:00,283.5113580270564
2026-10-12 17:00:00,281.8711696648715
2026-10-12 18:00:00,277.965979038658
2026-10-12 19:00:00,273.9244048944827
2026-10-12 20:00:00,270.3936324120755
2026-10-12 21:00:00,267.3011228470661
2026-10-12 22:00:00,264.5865201179647
2026-10-12 23:00:00,262.1991647372174
2026-10-13 00:00:00,260.0962164039351
2026-10-13 01:00:00,258.6615294637928
2026-10-13 02:00:00,257.42095894632786
2026-10-13 03:00:00,256.3473578519082
2026-10-13 04:00:00,255.41759927423212
2026-10-13 05:00:00,254.61192454063584
2026-10-13 06:00:00,253.9134111540111
2026-10-13 07:00:00,253.30753509848688
2026-10-13 08:00:00,254.02942586798417
2026-10-13 09:00:00,257.0619432998696
2026-10-13 10:00:00,261.7306238301666
2026-10-13 11:00:00,267.3030725810644
2026-10-13 12:00:00,273.0319457137498
2026-10-13 13:00:00,278.2046629715397
2026-10-13 14:00:00,282.19327890724406
2026-10-13 15:00:00,284.4976222669607
2026-10-13 16:00:00,284.77591174343877
2026-10-13 17:00:00,282.8597063924615
2026-10-13 18:00:00,278.75346053589635
2026-10-13 19:00:00,274.689130912689
2026-10-13 20:00:00,271.21497914431154
2026-10-13 21:00:00,268.2374437525329
2026-10-13 22:00:00,265.6799146299062
2026-10-13 23:00:00,263.47909559684314
2026-10-14 00:00:00,261.5822953626142
2026-10-14 01:00:00,259.1972888741178
2026-10-14 02:00:00,257.0529704826607
2026-10-14 03:00:00,255.12245672334805
2026-10-14 04:00:00,253.38236348552638
2026-10-14 05:00:00,251.81225578547608
2026-10-14 06:00:00,250.39420187999812
2026-10-14 07:00:00,249.11240855414906
2026-10-14 08:00:00,249.12551946857587
2026-10-14 09:00:00,251.54112911313413
2026-10-14 10:00:00,255.76386721226254
2026-10-14 11:00:00,261.1093635431885
2026-10-14 12:00:00,266.8460740139416
2026-10-14 13:00:00,272.24576764983897
2026-10-14 14:00:00,276.6369457249774
2026-10-14 15:00:00,279.454449967394
2026-10-14 16:00:00,280.2787018836502
2026-10-14 17:00:00,278.8599012613741
2026-10-14 18:00:00,275.1257424453973
2026-10-14 19:00:00,271.31363664634847
2026-10-14 20:00:00,267.91391249549173
2026-10-14 21:00:00,264.87478220951346
2026-10-14 22:00:00,262.1524139015631
2026-10-14 23:00:00,259.7094167911849
2026-10-15 00:00:00,257.5136738165099
2026-10-15 01:00:00,255.94821862062048
2026-10-15 02:00:00,254.56293330579456
2026-10-15 03:00:00,253.33601760067467
2026-10-15 04:00:00,252.24854081015297
2026-10-15 05:00:00,251.28401374830904
2026-10-15 06:00:00,250.42803528209475
2026-10-15 07:00:00,249.66799824474066
2026-10-15 08:00:00,250.09085143484924
2026-10-15 09:00:00,252.86777942664594
2026-10-15 10:00:00,257.36880002654345
2026-10-15 11:00:00,262.887953596296
2026-10-15 12:00:00,268.6860746324269
2026-10-15 13:00:00,274.04129593939416
2026-10-15 14:00:00,278.3011942616061
2026-10-15 15:00:00,280.92974849405675
2026-10-15 16:00:00,281.5428597048681
2026-10-15 17:00:00,279.9284240283341
2026-10-15 18:00:00,276.0502972222701
2026-10-15 19:00:00,272.2488836937976
2026-10-15 20:00:00,268.9220702215986
2026-10-15 21:00:00,266.00361253618644
2026-10-15 22:00:00,263.4381441917651
2026-10-15 23:00:00,261.1790124870632
2026-10-16 00:00:00,259.1866310200304
2026-10-16 01:00:00,257.62718040178135
2026-10-16 02:00:00,256.2616818862311
2026-10-16 03:00:00,255.06495956781654
2026-10-16 04:00:00,254.01535231307517
2026-10-16 05:00:00,253.09416539288387
2026-10-16 06:00:00,252.28522093578823
2026-10-16 07:00:00,251.5744864283863
2026-10-16 08:00:00,251.97363508371868
2026-10-16 09:00:00,254.72321257458253
2026-10-16 10:00:00,259.1720933490737
2026-10-16 11:00:00,264.60183106638397
2026-10-16 12:00:00,270.2692384978291
2026-10-16 13:00:00,275.4562952258066
2026-10-16 14:00:00,279.5210800896398
2026-10-16 15:00:00,281.94289119135976
2026-10-16 16:00:00,282.3555259705955
2026-10-16 17:00:00,280.56510202988744
2026-10-16 18:00:00,276.55215396707405
2026-10-16 19:00:00,272.7415821595996
2026-10-16 20:00:00,269.4398870998996
2026-10-16 21:00:00,266.5721630737986
2026-10-16 22:00:00,264.0762611161004
2026-10-16 23:00:00,261.9001888083955
2026-10-17 00:00:00,260.0001436352447
2026-10-17 01:00:00,258.70802106459087
2026-10-17 02:00:00,257.5979854267674
2026-10-17 03:00:00,256.64366753908865
2026-10-17 04:00:00,255.82270348375133
2026-10-17 05:00:00,255.11607724783048
2026-10-17 06:00:00,254.50758396529545
2026-10-17 07:00:00,253.9833884210377
2026-10-17 08:00:00,254.48186685846912
2026-10-17 09:00:00,257.30750128062255
2026-10-17 10:00:00,261.7718999645872
2026-10-17 11:00:00,267.1357926086235
2026-10-17 12:00:00,272.6510150267636
2026-10-17 13:00:00,277.60903005024915
2026-10-17 14:00:00,281.38934372756506
2026-10-17 15:00:00,283.5010296378805
2026-10-17 16:00:00,283.6117949959606
2026-10-17 17:00:00,281.56169265843346
2026-10-17 18:00:00,277.36189955196477
2026-10-17 19:00:00,273.53252332280226
2026-10-17 20:00:00,270.2778177237327
2026-10-17 21:00:00,267.50467926986323
2026-10-17 22:00:00,265.13699807517673
2026-10-17 23:00:00,263.112028863358
2026-10-18 00:00:00,261.37767916194906
2026-10-18 01:00:00,259.5106094091253
2026-10-18 02:00:00,257.8749429803002
2026-10-18 03:00:00,256.4404661051319
2026-10-18 04:00:00,255.18126803862472
2026-10-18 05:00:00,254.07504489343216
2026-10-18 06:00:00,253.10253515557608
2026-10-18 07:00:00,252.24705773574914
2026-10-18 08:00:00,252.3711766648933
2026-10-18 09:00:00,254.87379119087205
2026-10-18 10:00:00,259.10469706533047
2026-10-18 11:00:00,264.3463377253003
2026-10-18 12:00:00,269.8557779201067
2026-10-18 13:00:00,274.91416983968844
2026-10-18 14:00:00,278.87743572647446
2026-10-18 15:00:00,281.22136726324794
2026-10-18 16:00:00,281.5751216582756
2026-10-18 17:00:00,279.7394461571782
2026-10-18 18:00:00,275.6892675805747
2026-10-18 19:00:00,271.9835630564666
2026-10-18 20:00:00,268.76529422398494
2026-10-18 21:00:00,265.96378869848843
2026-10-18 22:00:00,263.52023120017515
2026-10-18 23:00:00,261.38528170601654
2026-10-19 00:00:00,259.51726584921875
2026-10-19 01:00:00,257.85432853895
2026-10-19 02:00:00,256.3940559887937
2026-10-19 03:00:00,255.1105437874269
2026-10-19 04:00:00,253.98147561736798
2026-10-19 05:00:00,252.98756276562267
2026-10-19 06:00:00,252.11208549849667
2026-10-19 07:00:00,251.34051465052963
2026-10-19 08:00:00,251.46460677339942
2026-10-19 09:00:00,253.96461006994173
2026-10-19 10:00:00,258.194829866731
2026-10-19 11:00:00,263.4408680198698
2026-10-19 12:00:00,268.96157759771455
2026-10-19 13:00:00,274.0385320416781
2026-10-19 14:00:00,278.0267978160553
2026-10-19 15:00:00,280.40024610299463
2026-10-19 16:00:00,280.7853749505213
2026-10-19 17:00:00,278.9799210343711
2026-10-19 18:00:00,274.9558223063045
2026-10-19 19:00:00,271.3381835035957
2026-10-19 20:00:00,268.1908392024059
2026-10-19 21:00:00,265.4464158534721
2026-10-19 22:00:00,263.04870664888864
2026-10-19 23:00:00,260.95045536962937
2026-10-20 00:00:00,259.11166644021677
2026-10-20 01:00:00,257.69438766967164
2026-10-20 02:00:00,256.46125582405415
2026-10-20 03:00:00,255.38748205181585
2026-10-20 04:00:00,254.45182491636353
2026-10-20 05:00:00,253.6360314937367
2026-10-20 06:00:00,252.9243788296744
2026-10-20 07:00:00,252.30329486379
2026-10-20 08:00:00,252.49336600924752
2026-10-20 09:00:00,255.04704778109027
2026-10-20 10:00:00,259.2998158474017
2026-10-20 11:00:00,264.52652116660863
2026-10-20 12:00:00,269.9831668094385
2026-10-20 13:00:00,274.9557870304772
2026-10-20 14:00:00,278.81004716206786
2026-10-20 15:00:00,281.03481443277053
2026-10-20 16:00:00,281.2738895846457
2026-10-20 17:00:00,279.3425363401037
2026-10-20 18:00:00,275.22872268582944
2026-10-20 19:00:00,271.63908237465245
2026-10-20 20:00:00,268.5461740116731
2026-10-20 21:00:00,265.87519378929335
2026-10-20 22:00:00,263.56416761213575
2026-10-20 23:00:00,261.5613499788459
2026-10-21 00:00:00,259.82325059155283
2026-10-21 01:00:00,258.38878493451614
2026-10-21 02:00:00,257.14591932910815
2026-10-21 03:00:00,256.0681789085767
2026-10-21 04:00:00,255.13296810681112
2026-10-21 05:00:00,254.320947004319
2026-10-21 06:00:00,253.61552154406434
2026-10-21 07:00:00,253.0024235662853
2026-10-21 08:00:00,253.13017259765698
2026-10-21 09:00:00,255.6260579410865
2026-10-21 10:00:00,259.81699844708055
2026-10-21 11:00:00,264.9731148562765
2026-10-21 12:00:00,270.3491629813958
2026-10-21 13:00:00,275.232948849079
2026-10-21 14:00:00,278.99427368153715
2026-10-21 15:00:00,281.12767907149845
2026-10-21 16:00:00,281.2832851579641
2026-10-21 17:00:00,279.2825038616731
2026-10-21 18:00:00,275.13470638858394
2026-10-21 19:00:00,271.58385434054395
2026-10-21 20:00:00,268.5358027983303
2026-10-21 21:00:00,265.9134539746521
2026-10-21 22:00:00,263.6530880415714
2026-10-21 23:00:00,261.7016344782782
2026-10-22 00:00:00,260.01460424151134
2026-10-22 01:00:00,258.24116325448296
2026-10-22 02:00:00,256.68044464632965
2026-10-22 03:00:00,255.3055531627536
2026-10-22 04:00:00,254.09330631359722
2026-10-22 05:00:00,253.02365135196965
2026-10-22 06:00:00,252.07918944152112
2026-10-22 07:00:00,251.24478392854118
2026-10-22 08:00:00,251.0971303486691
2026-10-22 09:00:00,253.34839802410866
2026-10-22 10:00:00,257.35742531400876
2026-10-22 11:00:00,262.41350908661764
2026-10-22 12:00:00,267.7777175638949
2026-10-22 13:00:00,272.73187075752145
2026-10-22 14:00:00,276.62905711725887
2026-10-22 15:00:00,278.9389970165288
2026-10-22 16:00:00,279.28224302286134
2026-10-22 17:00:00,277.44942579020193
2026-10-22 18:00:00,273.49107401714974
2026-10-22 19:00:00,270.04426699972936
2026-10-22 20:00:00,267.0353026018423
2026-10-22 21:00:00,264.40292842542686
2026-10-22 22:00:00,262.09580096745026
2026-10-22 23:00:00,260.0705661979794
2026-10-23 00:00:00,258.29038525655403
2026-10-23 01:00:00,256.41223815715557
2026-10-23 02:00:00,254.7339246290531
2026-10-23 03:00:00,253.23262262772306
2026-10-23 04:00:00,251.88843160392423
2026-10-23 05:00:00,250.6839350776629
2026-10-23 06:00:00,249.60384125616795
2026-10-23 07:00:00,248.6346853302568
2026-10-23 08:00:00,248.28418268564238
2026-10-23 09:00:00,250.34816937662984
2026-10-23 10:00:00,254.21815343582915
2026-10-23 11:00:00,259.20453379997514
2026-10-23 12:00:00,264.57752030854834
2026-10-23 13:00:00,269.61629319728274
2026-10-23 14:00:00,273.660632287784
2026-10-23 15:00:00,276.158448130568
2026-10-23 16:00:00,276.7029997160654
2026-10-23 17:00:00,275.0555042542991
2026-10-23 18:00:00,271.30748427346697
2026-10-23 19:00:00,267.99144068234017
2026-10-23 20:00:00,265.0507287069982
2026-10-23 21:00:00,262.43761106526597
2026-10-23 22:00:00,260.1115399749902
2026-10-23 23:00:00,258.0378379233993
2026-10-24 00:00:00,256.1866699008303
2026-10-24 01:00:00,254.79448337939624
2026-10-24 02:00:00,253.56268726091042
2026-10-24 03:00:00,252.47196937125315
2026-10-24 04:00:00,251.5055246583109
2026-10-24 05:00:00,250.64869017315377
2026-10-24 06:00:00,249.88864166302673
2026-10-24 07:00:00,249.2141396128184
2026-10-24 08:00:00,249.06526936637968
2026-10-24 09:00:00,251.30875909381564
2026-10-24 10:00:00,255.3143485869143
2026-10-24 11:00:00,260.3790169072844
2026-10-24 12:00:00,265.76823660092265
2026-10-24 13:00:00,270.76495099829515
2026-10-24 14:00:00,274.7202935081649
2026-10-24 15:00:00,277.0994424885076
2026-10-24 16:00:00,277.5165847355571
2026-10-24 17:00:00,275.7550769827454
2026-10-24 18:00:00,271.9963596517751
2026-10-24 19:00:00,268.70916553132105
2026-10-24 20:00:00,265.8275275098139
2026-10-24 21:00:00,263.2963058271192
2026-10-24 22:00:00,261.0690389103338
2026-10-24 23:00:00,259.1063059533967
2026-10-25 00:00:00,257.3744597516211
2026-10-25 01:00:00,255.90207100509804
2026-10-25 02:00:00,254.6034933141307
2026-10-25 03:00:00,253.45727223458925
2026-10-25 04:00:00,252.44481045505904
2026-10-25 05:00:00,251.54994082292495
2026-10-25 06:00:00,250.7585733589082
2026-10-25 07:00:00,250.0584012703745
2026-10-25 08:00:00,249.81963029082235
2026-10-25 09:00:00,251.9807725428131
2026-10-25 10:00:00,255.90500039133133
2026-10-25 11:00:00,260.8855207980024
2026-10-25 12:00:00,266.18657150423655
2026-10-25 13:00:00,271.0920693580731
2026-10-25 14:00:00,274.95586836621044
2026-10-25 15:00:00,277.2470261283635
2026-10-25 16:00:00,277.584119980958
2026-10-25 17:00:00,275.75480712212493
2026-10-25 18:00:00,272.01236379354015
2026-10-25 19:00:00,268.74780815625303
2026-10-25 20:00:00,265.89338471312726
2026-10-25 21:00:00,263.3925509075977
2026-10-25 22:00:00,261.1977410492885
2026-10-25 23:00:00,259.2686646261547
2026-10-26 00:00:00,257.5709906519432
2026-10-26 01:00:00,255.9832386696774
2026-10-26 02:00:00,254.57728237396245
2026-10-26 03:00:00,253.3312101311577
2026-10-26 04:00:00,252.22598885701686
2026-10-26 05:00:00,251.24503451309334
2026-10-26 06:00:00,250.37385760104223
2026-10-26 07:00:00,249.59976830027125
2026-10-26 08:00:00,249.22432020472425
2026-10-26 09:00:00,251.25980241437296
2026-10-26 10:00:00,255.0781664279344
2026-10-26 11:00:00,259.9784709521895
2026-10-26 12:00:00,265.2276114815362
2026-10-26 13:00:00,270.10888390469495
2026-10-26 14:00:00,273.9724391640272
2026-10-26 15:00:00,276.2810711100191
2026-10-26 16:00:00,276.64533405718834
2026-10-26 17:00:00,274.844050121319
2026-10-26 18:00:00,271.1891430545195
2026-10-26 19:00:00,267.98582844395236
2026-10-26 20:00:00,265.17188243054096
2026-10-26 21:00:00,262.69514081746075
2026-10-26 22:00:00,260.5115316006592
2026-10-26 23:00:00,258.58356933043063
2026-10-27 00:00:00,256.87918536042446
2026-10-27 01:00:00,254.80603999203382
2026-10-27 02:00:00,252.92443246572205
2026-10-27 03:00:00,251.21474623205438
2026-10-27 04:00:00,249.65971179869211
2026-10-27 05:00:00,248.24406657744868
2026-10-27 06:00:00,246.95427432547874
2026-10-27 07:00:00,245.77829193225907
2026-10-27 08:00:00,244.95049632190873
2026-10-27 09:00:00,246.5609634037001
2026-10-27 10:00:00,250.037164096647
2026-10-27 11:00:00,254.71539766599167
2026-10-27 12:00:00,259.88033679184474
2026-10-27 13:00:00,264.8133576209899
2026-10-27 14:00:00,268.8443222442652
2026-10-27 15:00:00,271.4005230870133
2026-10-27 16:00:00,272.04654002597476
2026-10-27 17:00:00,270.5103074575067
2026-10-27 18:00:00,267.11995873935035
2026-10-27 19:00:00,264.06690204849104
2026-10-27 20:00:00,261.31200027580917
2026-10-27 21:00:00,258.8217002814189
2026-10-27 22:00:00,256.56704177249867
2026-10-27 23:00:00,254.52287855249696
2026-10-28 00:00:00,252.66725939575326
2026-10-28 01:00:00,250.65951235745965
2026-10-28 02:00:00,248.81169296597426
2026-10-28 03:00:00,247.10928303761102
2026-10-28 04:00:00,245.53935287493516
2026-10-28 05:00:00,244.09034631419024
2026-10-28 06:00:00,242.75190112335397
2026-10-28 07:00:00,241.51469794265643
2026-10-28 08:00:00,240.5486259898281
2026-10-28 09:00:00,242.01738643518405
2026-10-28 10:00:00,245.38013735865468
2026-10-28 11:00:00,249.99595076053853
2026-10-28 12:00:00,255.16252543278958
2026-10-28 13:00:00,260.1640217508693
2026-10-28 14:00:00,264.32307278949753
2026-10-28 15:00:00,267.05093065988615
2026-10-28 16:00:00,267.8894947429066
2026-10-28 17:00:00,266.5402076513951
2026-10-28 18:00:00,263.36975628429553
2026-10-28 19:00:00,260.4741975539772
2026-10-28 20:00:00,257.82485333650004
2026-10-28 21:00:00,255.39682534508773
2026-10-28 22:00:00,253.16836808723568
2026-10-28 23:00:00,251.12038750100885
2026-10-29 00:00:00,249.23603609465647
2026-10-29 01:00:00,247.7154614445951
2026-10-29 02:00:00,246.32328588766603
2026-10-29 03:00:00,245.04767835595317
2026-10-29 04:00:00,243.87805794496907
2026-10-29 05:00:00,242.80493596555203
2026-10-29 06:00:00,241.8197820708699
2026-10-29 07:00:00,240.91491013237308
2026-10-29 08:00:00,240.1956084710082
2026-10-29 09:00:00,241.89385643667566
2026-10-29 10:00:00,245.45552230310096
2026-10-29 11:00:00,250.23041377653482
2026-10-29 12:00:00,255.5116534842161
2026-10-29 13:00:00,260.5838535006107
2026-10-29 14:00:00,264.77501772663464
2026-10-29 15:00:00,267.50606540698215
2026-10-29 16:00:00,268.33176629685283
2026-10-29 17:00:00,266.96824525146815
2026-10-29 18:00:00,263.86237251754557
2026-10-29 19:00:00,261.0463764030402
2026-10-29 20:00:00,258.48858617604606
2026-10-29 21:00:00,256.1616026133662
2026-10-29 22:00:00,254.0415793458596
2026-10-29 23:00:00,252.10765039432204
2026-10-30 00:00:00,250.34146938055852
2026-10-30 01:00:00,248.79743528715377
2026-10-30 02:00:00,247.38795116817596
2026-10-30 03:00:00,246.10026798089314
2026-10-30 04:00:00,244.92301554297424
2026-10-30 05:00:00,243.8460249591263
2026-10-30 06:00:00,242.86017858484726
2026-10-30 07:00:00,241.95728249350614
2026-10-30 08:00:00,241.17690614782964
2026-10-30 09:00:00,242.81770926513042
2026-10-30 10:00:00,246.31946639723384
2026-10-30 11:00:00,251.02818032138003
2026-10-30 12:00:00,256.23542679670715
2026-10-30 13:00:00,261.2264165368834
2026-10-30 14:00:00,265.33163445258896
2026-10-30 15:00:00,267.9759268624978
2026-10-30 16:00:00,268.71886447362806
2026-10-30 17:00:00,267.2816300160017
2026-10-30 18:00:00,264.1801867245703
2026-10-30 19:00:00,261.37545976455743
2026-10-30 20:00:00,258.83446566615885
2026-10-30 21:00:00,256.5287159908949
2026-10-30 22:00:00,254.43345561870532
2026-10-30 23:00:00,252.52705708478638
2026-10-31 00:00:00,250.79053384028745
2026-10-31 01:00:00,249.970055716202
2026-10-31 02:00:00,249.2408394155418
2026-10-31 03:00:00,248.59245328553078
2026-10-31 04:00:00,248.01571719613406
2026-10-31 05:00:00,247.50253994000585
2026-10-31 06:00:00,247.04578035021035
2026-10-31 07:00:00,246.63912814973978
2026-10-31 08:00:00,246.2770013200135
2026-10-31 09:00:00,248.28972569736706
2026-10-31 10:00:00,252.0767477091631
2026-10-31 11:00:00,256.9443637562225
2026-10-31 12:00:00,262.16584929507326
2026-10-31 13:00:00,267.029595338729
2026-10-31 14:00:00,270.8891437722412
2026-10-31 15:00:00,273.208722522178
2026-10-31 16:00:00,273.59838734311484
2026-10-31 17:00:00,271.8348456659103
2026-10-31 18:00:00,268.55232315981476
2026-10-31 19:00:00,265.6699488964154
2026-10-31 20:00:00,263.1338472531362
2026-10-31 21:00:00,260.8985622956272
2026-10-31 22:00:00,258.92547695781917
2026-10-31 23:00:00,257.1815881859562
2026-11-01 00:00:00,255.6385446785317
2026-11-01 01:00:00,254.0659249866136
2026-11-01 02:00:00,252.65995682980227
2026-11-01 03:00:00,251.4019056335629
2026-11-01 04:00:00,250.27535926777944
2026-11-01 05:00:00,249.2658966937966
2026-11-01 06:00:00,248.3608124653758
2026-11-01 07:00:00,247.54888601304057
2026-11-01 08:00:00,246.82018715592318
2026-11-01 09:00:00,248.4341362996661
2026-11-01 10:00:00,251.8751236397952
2026-11-01 11:00:00,256.4589402737375
2026-11-01 12:00:00,261.4627928161952
2026-11-01 13:00:00,266.1730423185532
2026-11-01 14:00:00,269.9354294348183
2026-11-01 15:00:00,272.2014451624302
2026-11-01 16:00:00,272.5648730113172
2026-11-01 17:00:00,270.78434299791564
2026-11-01 18:00:00,267.53861032677247
2026-11-01 19:00:00,264.66217374988196
2026-11-01 20:00:00,262.1080028297204
2026-11-01 21:00:00,259.8361289562875
2026-11-01 22:00:00,257.8123568694136
2026-11-01 23:00:00,256.0072591391467
2026-11-02 00:00:00,254.3953812777581
2026-11-02 01:00:00,252.65060586426364
2026-11-02 02:00:00,251.07099209054763
2026-11-02 03:00:00,249.63957337374427
2026-11-02 04:00:00,248.3413666544954
2026-11-02 05:00:00,247.16309717598784
2026-11-02 06:00:00,246.09296913478514
2026-11-02 07:00:00,245.1204732047362
2026-11-02 08:00:00,244.2362239486207
2026-11-02 09:00:00,245.63383591101237
2026-11-02 10:00:00,248.89438895787436
2026-11-02 11:00:00,253.35356133585879
2026-11-02 12:00:00,258.2988897234655
2026-11-02 13:00:00,263.01730072939114
2026-11-02 14:00:00,266.8458592778412
2026-11-02 15:00:00,269.2195555215981
2026-11-02 16:00:00,269.71007485468624
2026-11-02 17:00:00,268.05105095968776
2026-11-02 18:00:00,264.95783912758213
2026-11-02 19:00:00,262.1790110362677
2026-11-02 20:00:00,259.6780591463687
2026-11-02 21:00:00,257.42358799541995
2026-11-02 22:00:00,255.38843176816408
2026-11-02 23:00:00,253.54895586256427
2026-11-03 00:00:00,251.8844978365334
2026-11-03 01:00:00,251.1354574819243
2026-11-03 02:00:00,250.47481785743196
2026-11-03 03:00:00,249.89191262904484
2026-11-03 04:00:00,249.37741444493366
2026-11-03 05:00:00,248.92315527540296
2026-11-03 06:00:00,248.52197341069208
2026-11-03 07:00:00,248.1675826113154
2026-11-03 08:00:00,247.85445978139182
2026-11-03 09:00:00,249.71441014464958
2026-11-03 10:00:00,253.34376613056259
2026-11-03 11:00:00,258.0396528667778
2026-11-03 12:00:00,263.07282510298046
2026-11-03 13:00:00,267.73498577135643
2026-11-03 14:00:00,271.38763577463016
2026-11-03 15:00:00,273.50607533847773
2026-11-03 16:00:00,273.7128403821668
2026-11-03 17:00:00,271.79691953905547
2026-11-03 18:00:00,268.5887770229878
2026-11-03 19:00:00,265.79167942651077
2026-11-03 20:00:00,263.3481423539398
2026-11-03 21:00:00,261.20987754657597
2026-11-03 22:00:00,259.33604575337466
2026-11-03 23:00:00,257.6919060409646
2026-11-04 00:00:00,256.247756659658
2026-11-04 01:00:00,254.7526984819031
2026-11-04 02:00:00,253.42453543139607
2026-11-04 03:00:00,252.24366959400928
2026-11-04 04:00:00,251.19300901569807
2026-11-04 05:00:00,250.25760407518106
2026-11-04 06:00:00,249.42434558793315
2026-11-04 07:00:00,248.68171234824882
2026-11-04 08:00:00,248.01955862706066
2026-11-04 09:00:00,249.50112839376845
2026-11-04 10:00:00,252.80581556075242
2026-11-04 11:00:00,257.2416148656659
2026-11-04 12:00:00,262.0835307402347
2026-11-04 13:00:00,266.6206670383745
2026-11-04 14:00:00,270.205485729509
2026-11-04 15:00:00,272.29890585107074
2026-11-04 16:00:00,272.50541336578016
2026-11-04 17:00:00,270.59424963981814
2026-11-04 18:00:00,267.43637799799126
2026-11-04 19:00:00,264.6543565296295
2026-11-04 20:00:00,262.19875157880284
2026-11-04 21:00:00,260.02768258704293
2026-11-04 22:00:00,258.1054343044286
2026-11-04 23:00:00,256.4013750640427
2026-11-05 00:00:00,254.88910244229953
2026-11-05 01:00:00,253.3263700484992
2026-11-05 02:00:00,251.92476852509967
2026-11-05 03:00:00,250.6666241928845
2026-11-05 04:00:00,249.5364098095628
2026-11-05 05:00:00,248.5204432112577
2026-11-05 06:00:00,247.60663608956628
2026-11-05 07:00:00,246.7842830894724
2026-11-05 08:00:00,246.04388361450455
2026-11-05 09:00:00,247.38562717929665
2026-11-05 10:00:00,250.57449078340292
2026-11-05 11:00:00,254.93325808340015
2026-11-05 12:00:00,259.7444735589439
2026-11-05 13:00:00,264.29752410811744
2026-11-05 14:00:00,267.9384093530552
2026-11-05 15:00:00,270.11598023138816
2026-11-05 16:00:00,270.4187416984987
2026-11-05 17:00:00,268.5980294176032
2026-11-05 18:00:00,265.5660144983025
2026-11-05 19:00:00,262.86786012991416
2026-11-05 20:00:00,260.4624687509141
2026-11-05 21:00:00,258.31470159425743
2026-11-05 22:00:00,256.3943289643301
2026-11-05 23:00:00,254.6752032843042
2026-11-06 00:00:00,253.1345998168875
2026-11-06 01:00:00,251.43236980092317
2026-11-06 02:00:00,249.88581545419902
2026-11-06 03:00:00,248.4794371928158
2026-11-06 04:00:00,247.19949915996034
2026-11-06 05:00:00,246.03379009616523
2026-11-06 06:00:00,244.9714232308733
2026-11-06 07:00:00,244.00266769871556
2026-11-06 08:00:00,243.1188056263853
2026-11-06 09:00:00,244.25802577314897
2026-11-06 10:00:00,247.27542217438787
2026-11-06 11:00:00,251.51482115277818
2026-11-06 12:00:00,256.27015922442524
2026-11-06 13:00:00,260.83233357780597
2026-11-06 14:00:00,264.5394457614001
2026-11-06 15:00:00,266.82439707827433
2026-11-06 16:00:00,267.253871698963
2026-11-06 17:00:00,265.5541973849077
2026-11-06 18:00:00,262.6702225104497
2026-11-06 19:00:00,260.06807460752555
2026-11-06 20:00:00,257.7162971430146
2026-11-06 21:00:00,255.587667694269
2026-11-06 22:00:00,253.6584949125242
2026-11-06 23:00:00,251.90805664889197
2026-11-07 00:00:00,250.3181462410568
2026-11-07 01:00:00,249.25254309501022
2026-11-07 02:00:00,248.2954451525962
2026-11-07 03:00:00,247.43532589605834
2026-11-07 04:00:00,246.66197596103444
2026-11-07 05:00:00,245.96633467623434
2026-11-07 06:00:00,245.34034657366718
2026-11-07 07:00:00,244.7768385317268
2026-11-07 08:00:00,244.2694140828837
2026-11-07 09:00:00,245.6967177314159
2026-11-07 10:00:00,248.95664945762962
2026-11-07 11:00:00,253.37461898081943
2026-11-07 12:00:00,258.2358750692584
2026-11-07 13:00:00,262.8325290030633
2026-11-07 14:00:00,266.5131825676596
2026-11-07 15:00:00,268.7290056518753
2026-11-07 16:00:00,269.0704162316334
2026-11-07 17:00:00,267.29020634759877
2026-11-07 18:00:00,264.41693014385646
2026-11-07 19:00:00,261.8606211232691
2026-11-07 20:00:00,259.58245444511726
2026-11-07 21:00:00,257.54916397764833
2026-11-07 22:00:00,255.73208012816303
2026-11-07 23:00:00,254.10636815373798
2026-11-08 00:00:00,252.65041819936732
2026-11-08 01:00:00,251.6820317084441
2026-11-08 02:00:00,250.8241479165141
2026-11-08 03:00:00,250.06376296090247
2026-11-08 04:00:00,249.38948842744026
2026-11-08 05:00:00,248.79133229857044
2026-11-08 06:00:00,248.2605135177088
2026-11-08 07:00:00,247.78930419909273
2026-11-08 08:00:00,247.37089473594088
2026-11-08 09:00:00,248.82296040560593
2026-11-08 10:00:00,252.08395413513185
2026-11-08 11:00:00,256.45946864327203
2026-11-08 12:00:00,261.22584969405483
2026-11-08 13:00:00,265.6767220617697
2026-11-08 14:00:00,269.17142372684077
2026-11-08 15:00:00,271.17909337022013
2026-11-08 16:00:00,271.3127304400096
2026-11-08 17:00:00,269.3494692436507
2026-11-08 18:00:00,266.3975778118582
2026-11-08 19:00:00,263.8074468574765
2026-11-08 20:00:00,261.53069101490166
2026-11-08 21:00:00,259.5263295038383
2026-11-08 22:00:00,257.7594393212745
2026-11-08 23:00:00,256.20010139292464
2026-11-09 00:00:00,254.82256527640493
2026-11-09 01:00:00,253.2565011867352
2026-11-09 02:00:00,251.85128881841013
2026-11-09 03:00:00,250.58934259985682
2026-11-09 04:00:00,249.45520758476133
2026-11-09 05:00:00,248.43526075661765
2026-11-09 06:00:00,247.51746198029477
2026-11-09 07:00:00,246.69114488953392
2026-11-09 08:00:00,245.9468401750956
2026-11-09 09:00:00,247.0401460713166
2026-11-09 10:00:00,249.9940114319956
2026-11-09 11:00:00,254.1342880422701
2026-11-09 12:00:00,258.74699486712205
2026-11-09 13:00:00,263.1247227824602
2026-11-09 14:00:00,266.61578537215166
2026-11-09 15:00:00,268.6699836943141
2026-11-09 16:00:00,268.87517271420336
2026-11-09 17:00:00,266.98048465798536
2026-11-09 18:00:00,264.12141962811955
2026-11-09 19:00:00,261.5736671768544
2026-11-09 20:00:00,259.2995089066781
2026-11-09 21:00:00,257.26658164089935
2026-11-09 22:00:00,255.44695649614667
2026-11-09 23:00:00,253.81640871415505
2026-11-10 00:00:00,252.35383213984474
2026-11-10 01:00:00,250.74331530491986
2026-11-10 02:00:00,249.2805474201588
2026-11-10 03:00:00,247.95085065748552
2026-11-10 04:00:00,246.741202251386
2026-11-10 05:00:00,245.64001343637491
2026-11-10 06:00:00,244.63694384237834
2026-11-10 07:00:00,243.72274464724225
2026-11-10 08:00:00,242.88912523176083
2026-11-10 09:00:00,243.83403434565932
2026-11-10 10:00:00,246.66183987468332
2026-11-10 11:00:00,250.71837450114515
2026-11-10 12:00:00,255.30071758800332
2026-11-10 13:00:00,259.7034565401294
2026-11-10 14:00:00,263.2683012432589
2026-11-10 15:00:00,265.43108989044526
2026-11-10 16:00:00,265.7603278538618
2026-11-10 17:00:00,263.9828347455671
2026-11-10 18:00:00,261.26547709569
2026-11-10 19:00:00,258.8132199299824
2026-11-10 20:00:00,256.5967603156777
2026-11-10 21:00:00,254.59066959494217
2026-11-10 22:00:00,252.7727642078163
2026-11-10 23:00:00,251.12360008706472
2026-11-11 00:00:00,249.62606231980308
2026-11-11 01:00:00,248.4440471599814
2026-11-11 02:00:00,247.37533140759314
2026-11-11 03:00:00,246.4084649747774
2026-11-11 04:00:00,245.53326294113495
2026-11-11 05:00:00,244.74064602144225
2026-11-11 06:00:00,244.02250470058326
2026-11-11 07:00:00,243.37158290082002
2026-11-11 08:00:00,242.781377878054
2026-11-11 09:00:00,243.89388383481793
2026-11-11 10:00:00,246.8657067206321
2026-11-11 11:00:00,251.03516752398522
2026-11-11 12:00:00,255.69601368624964
2026-11-11 13:00:00,260.1437866409167
2026-11-11 14:00:00,263.7251808048698
2026-11-11 15:00:00,265.88439716351934
2026-11-11 16:00:00,266.20069058482335
2026-11-11 17:00:00,264.4128385745378
2026-11-11 18:00:00,261.75285968843224
2026-11-11 19:00:00,259.3673213433277
2026-11-11 20:00:00,257.22462987845057
2026-11-11 21:00:00,255.29746885178722
2026-11-11 22:00:00,253.56209551143138
2026-11-11 23:00:00,251.99777689576433
2026-11-12 00:00:00,250.58633319072385
2026-11-12 01:00:00,249.94851285528344
2026-11-12 02:00:00,249.38474812978907
2026-11-12 03:00:00,248.8862724508035
2026-11-12 04:00:00,248.44539390564887
2026-11-12 05:00:00,248.05535541283115
2026-11-12 06:00:00,247.7102148507436
2026-11-12 07:00:00,247.40474191481277
2026-11-12 08:00:00,247.13432907975044
2026-11-12 09:00:00,248.48626421103708
2026-11-12 10:00:00,251.6428670300909
2026-11-12 11:00:00,255.90831987150364
2026-11-12 12:00:00,260.5605181938827
2026-11-12 13:00:00,264.89696396280726
2026-11-12 14:00:00,268.282412125475
2026-11-12 15:00:00,270.19208525849973
2026-11-12 16:00:00,270.24490102330475
2026-11-12 17:00:00,268.2230855465026
2026-11-12 18:00:00,265.45340508179856
2026-11-12 19:00:00,263.0296947157927
2026-11-12 20:00:00,260.9052112984052
2026-11-12 21:00:00,259.0403549429688
2026-11-12 22:00:00,257.40138410510247
2026-11-12 23:00:00,255.95940602686252
2026-11-13 00:00:00,254.68957356734134
2026-11-13 01:00:00,254.22271151271175
2026-11-13 02:00:00,253.8218016365091
2026-11-13 03:00:00,253.47743773435047
2026-11-13 04:00:00,253.18157863206403
2026-11-13 05:00:00,252.92734391187224
2026-11-13 06:00:00,252.70884182556995
2026-11-13 07:00:00,252.52102390485692
2026-11-13 08:00:00,252.3595618207247
2026-11-13 09:00:00,253.75672040492688
2026-11-13 10:00:00,256.9146253282818
2026-11-13 11:00:00,261.09785685674177
2026-11-13 12:00:00,265.5684080858516
2026-11-13 13:00:00,269.6293654413107
2026-11-13 14:00:00,272.66911098966966
2026-11-13 15:00:00,274.1997684382762
2026-11-13 16:00:00,273.88478194403973
2026-11-13 17:00:00,271.55282494405736
2026-11-13 18:00:00,268.6251455508717
2026-11-13 19:00:00,266.1360768560984
2026-11-13 20:00:00,264.0160389264592
2026-11-13 21:00:00,262.20756690651666
2026-11-13 22:00:00,260.6629033331204
2026-11-13 23:00:00,259.34214981895366
2026-11-14 00:00:00,258.21182684509193
2026-11-14 01:00:00,256.8174432064713
2026-11-14 02:00:00,255.5982809451671
2026-11-14 03:00:00,254.53148606214228
2026-11-14 04:00:00,253.59738293139844
2026-11-14 05:00:00,252.77898565166566
2026-11-14 06:00:00,252.06159536912367
2026-11-14 07:00:00,251.4324659932764
2026-11-14 08:00:00,250.88052486111235
2026-11-14 09:00:00,251.8778750255923
2026-11-14 10:00:00,254.70730623062994
2026-11-14 11:00:00,258.65809633833237
2026-11-14 12:00:00,263.00109431669614
2026-11-14 13:00:00,267.03338954142447
2026-11-14 14:00:00,270.12454884381805
2026-11-14 15:00:00,271.75817895671014
2026-11-14 16:00:00,271.5633835238827
2026-11-14 17:00:00,269.3327224155458
2026-11-14 18:00:00,266.5030599222615
2026-11-14 19:00:00,264.04512808458884
2026-11-14 20:00:00,261.90642230512833
2026-11-14 21:00:00,260.0427576150001
2026-11-14 22:00:00,258.416729133515
2026-11-14 23:00:00,256.9965104794118
2026-11-15 00:00:00,255.75490347901746
2026-11-15 01:00:00,253.99541768160694
2026-11-15 02:00:00,252.4111385430707
2026-11-15 03:00:00,250.98326090712843
2026-11-15 04:00:00,249.6952555834392
2026-11-15 05:00:00,248.53254518823854
2026-11-15 06:00:00,247.4822352098565
2026-11-15 07:00:00,246.53288922842862
2026-11-15 08:00:00,245.6743397524195
2026-11-15 09:00:00,246.32617937097925
2026-11-15 10:00:00,248.86742468397247
2026-11-15 11:00:00,252.63348480764188
2026-11-15 12:00:00,256.9180800697457
2026-11-15 13:00:00,261.0186241526006
2026-11-15 14:00:00,264.28462618317235
2026-11-15 15:00:00,266.1631321818541
2026-11-15 16:00:00,266.23549661245954
2026-11-15 17:00:00,264.2413226362018
2026-11-15 18:00:00,261.61377838488
2026-11-15 19:00:00,259.25915188366656
2026-11-15 20:00:00,257.1459036879653
2026-11-15 21:00:00,255.24676669483955
2026-11-15 22:00:00,253.53804457068546
2026-11-15 23:00:00,251.99904912314807
2026-11-16 00:00:00,250.61164445940707
2026-11-16 01:00:00,249.22985234275563
2026-11-16 02:00:00,247.976643996232
2026-11-16 03:00:00,246.8392387782658
2026-11-16 04:00:00,245.80627138727925
2026-11-16 05:00:00,244.86760938787566
2026-11-16 06:00:00,244.01419875798732
2026-11-16 07:00:00,243.2379323823555
2026-11-16 08:00:00,242.53153747142684
2026-11-16 09:00:00,243.26522171984118
2026-11-16 10:00:00,245.88174903442248
2026-11-16 11:00:00,249.72807201257822
2026-11-16 12:00:00,254.1048690613476
2026-11-16 13:00:00,258.3120426039336
2026-11-16 14:00:00,261.6974366342502
2026-11-16 15:00:00,263.7029092433935
2026-11-16 16:00:00,263.90205241641434
2026-11-16 17:00:00,262.0252790118675
2026-11-16 18:00:00,259.5439584065569
2026-11-16 19:00:00,257.3075091049855
2026-11-16 20:00:00,255.28894028450762
2026-11-16 21:00:00,253.46476502885983
2026-11-16 22:00:00,251.8144468165827
2026-11-16 23:00:00,250.31995164634148
2026-11-17 00:00:00,248.96538222455467
2026-11-17 01:00:00,247.52527211584334
2026-11-17 02:00:00,246.20903804128082
2026-11-17 03:00:00,245.0051409945022
2026-11-17 04:00:00,243.9032624259626
2026-11-17 05:00:00,242.89415120420094
2026-11-17 06:00:00,241.96949365108821
2026-11-17 07:00:00,241.1218025466295
2026-11-17 08:00:00,240.34432183385033
2026-11-17 09:00:00,240.95697880506623
2026-11-17 10:00:00,243.46500924383844
2026-11-17 11:00:00,247.22893532942132
2026-11-17 12:00:00,251.5575108547888
2026-11-17 13:00:00,255.7529943357857
2026-11-17 14:00:00,259.16000718023906
2026-11-17 15:00:00,261.2122415459816
2026-11-17 16:00:00,261.47131329440583
2026-11-17 17:00:00,259.65333328441426
2026-11-17 18:00:00,257.2611433624363
2026-11-17 19:00:00,255.0871878750128
2026-11-17 20:00:00,253.10894621980842
2026-11-17 21:00:00,251.30667444152348
2026-11-17 22:00:00,249.66298459847874
2026-11-17 23:00:00,248.16250132194293
2026-11-18 00:00:00,246.79157901124097
2026-11-18 01:00:00,246.64324793974754
2026-11-18 02:00:00,246.5120932078935
2026-11-18 03:00:00,246.39611698240972
2026-11-18 04:00:00,246.29355573862688
2026-11-18 05:00:00,246.20285235810192
2026-11-18 06:00:00,246.1226316409808
2026-11-18 07:00:00,246.05167879527986
2026-11-18 08:00:00,245.98892052565026
2026-11-18 09:00:00,247.2099557745374
2026-11-18 10:00:00,250.2328017271493
2026-11-18 11:00:00,254.36500004045888
2026-11-18 12:00:00,258.88918555436663
2026-11-18 13:00:00,263.1082632852318
2026-11-18 14:00:00,266.3922802561434
2026-11-18 15:00:00,268.2209286865847
2026-11-18 16:00:00,268.2162561729345
2026-11-18 17:00:00,266.1620414425085
2026-11-18 18:00:00,263.6743343123517
2026-11-18 19:00:00,261.4982534086503
2026-11-18 20:00:00,259.59195703195724
2026-11-18 21:00:00,257.91988240637187
2026-11-18 22:00:00,256.4516484881053
2026-11-18 23:00:00,255.161186118417
2026-11-19 00:00:00,254.02604039513733
2026-11-19 01:00:00,253.68786328155272
2026-11-19 02:00:00,253.39776372536147
2026-11-19 03:00:00,253.14886008748104
2026-11-19 04:00:00,252.93526806736367
2026-11-19 05:00:00,252.75195290173193
2026-11-19 06:00:00,252.59460432589702
2026-11-19 07:00:00,252.45953056774366
2026-11-19 08:00:00,252.3435683130571
2026-11-19 09:00:00,253.47230954060245
2026-11-19 10:00:00,256.3815721405953
2026-11-19 11:00:00,260.33595352151656
2026-11-19 12:00:00,264.5995495894232
2026-11-19 13:00:00,268.47857542276387
2026-11-19 14:00:00,271.3645997195759
2026-11-19 15:00:00,272.7721984963487
2026-11-19 16:00:00,272.3660138368161
2026-11-19 17:00:00,269.97446203224274
2026-11-19 18:00:00,267.2995893715008
2026-11-19 19:00:00,265.02644304589757
2026-11-19 20:00:00,263.09149380305337
2026-11-19 21:00:00,261.44215085503384
2026-11-19 22:00:00,260.034630735811
2026-11-19 23:00:00,258.832308854312
2026-11-20 00:00:00,257.8044265796949
2026-11-20 01:00:00,257.3762108536314
2026-11-20 02:00:00,257.01737141099693
2026-11-20 03:00:00,256.71659409048164
2026-11-20 04:00:00,256.46443205897975
2026-11-20 05:00:00,256.252991011811
2026-11-20 06:00:00,256.0756694069302
2026-11-20 07:00:00,255.92694353360915
2026-11-20 08:00:00,255.80218927342247
2026-11-20 09:00:00,256.8788575955301
2026-11-20 10:00:00,259.7195973060082
2026-11-20 11:00:00,263.5573665329684
2026-11-20 12:00:00,267.6445237095073
2026-11-20 13:00:00,271.2923947118644
2026-11-20 14:00:00,273.9108549833557
2026-11-20 15:00:00,275.0417059001004
2026-11-20 16:00:00,274.38120446319914
2026-11-20 17:00:00,271.7895718010866
2026-11-20 18:00:00,269.0404728845688
2026-11-20 19:00:00,266.75629423690407
2026-11-20 20:00:00,264.8550998548488
2026-11-20 21:00:00,263.27042375533887
2026-11-20 22:00:00,261.948030052231
2026-11-20 23:00:00,260.8434486760576
2026-11-21 00:00:00,259.92007242466195
2026-11-21 01:00:00,258.13767662721074
2026-11-21 02:00:00,256.56741271334204
2026-11-21 03:00:00,255.18263935494053
2026-11-21 04:00:00,253.96037444860622
2026-11-21 05:00:00,252.88072230345045
2026-11-21 06:00:00,251.92640595366453
2026-11-21 07:00:00,251.08238198826186
2026-11-21 08:00:00,250.33552085750992
2026-11-21 09:00:00,250.80996812125835
2026-11-21 10:00:00,253.1652201187637
2026-11-21 11:00:00,256.7051417615091
2026-11-21 12:00:00,260.70966305971
2026-11-21 13:00:00,264.4786397804606
2026-11-21 14:00:00,267.37784934899696
2026-11-21 15:00:00,268.8810236593971
2026-11-21 16:00:00,268.60248909522136
2026-11-21 17:00:00,266.31683473996713
2026-11-21 18:00:00,263.7589182753714
2026-11-21 19:00:00,261.51381969659576
2026-11-21 20:00:00,259.5403005515827
2026-11-21 21:00:00,257.80324549057804
2026-11-21 22:00:00,256.27259579616924
2026-11-21 23:00:00,254.92250399984638
2026-11-22 00:00:00,253.73065594917094
2026-11-22 01:00:00,253.1595822737643
2026-11-22 02:00:00,252.66421265914383
2026-11-22 03:00:00,252.23437690298724
2026-11-22 04:00:00,251.8613044656567
2026-11-22 05:00:00,251.53742356455896
2026-11-22 06:00:00,251.25619114670445
2026-11-22 07:00:00,251.01194849892633
2026-11-22 08:00:00,250.7997982609221
2026-11-22 09:00:00,251.7067375844763
2026-11-22 10:00:00,254.4271080752947
2026-11-22 11:00:00,258.2418357930052
2026-11-22 12:00:00,262.42231587321453
2026-11-22 13:00:00,266.2735639789828
2026-11-22 14:00:00,269.1785107340815
2026-11-22 15:00:00,270.63730845185137
2026-11-22 16:00:00,270.296493893158
2026-11-22 17:00:00,267.96494492477177
2026-11-22 18:00:00,265.4510475514536
2026-11-22 19:00:00,263.2883291159147
2026-11-22 20:00:00,261.42489776675006
2026-11-22 21:00:00,259.8172690187953
2026-11-22 22:00:00,258.4288114742051
2026-11-22 23:00:00,257.22852882949746
2026-11-23 00:00:00,256.19009328725224
2026-11-23 01:00:00,255.28135457130116
2026-11-23 02:00:00,254.4938250811138
2026-11-23 03:00:00,253.81099174305805
2026-11-23 04:00:00,253.21867757718914
2026-11-23 05:00:00,252.7046896478267
2026-11-23 06:00:00,252.25852539860128
2026-11-23 07:00:00,251.87112640118394
2026-11-23 08:00:00,251.534670908734
2026-11-23 09:00:00,252.29057080820306
2026-11-23 10:00:00,254.87728610540185
2026-11-23 11:00:00,258.57442977444873
2026-11-23 12:00:00,262.6525406910257
2026-11-23 13:00:00,266.41591009046954
2026-11-23 14:00:00,269.24664643199435
2026-11-23 15:00:00,270.6438400944347
2026-11-23 16:00:00,270.2526720519275
2026-11-23 17:00:00,267.88039755030576
2026-11-23 18:00:00,265.3728902276223
2026-11-23 19:00:00,263.21464524420304
2026-11-23 20:00:00,261.35419521447466
2026-11-23 21:00:00,259.74839089992565
2026-11-23 22:00:00,258.36086668344694
2026-11-23 23:00:00,257.16083743755803
2026-11-24 00:00:00,256.1221432866877
2026-11-24 01:00:00,255.73124425152628
2026-11-24 02:00:00,255.39992200880502
2026-11-24 03:00:00,255.11903429914665
2026-11-24 04:00:00,254.88085930878532
2026-11-24 05:00:00,254.67887002931172
2026-11-24 06:00:00,254.50754584987837
2026-11-24 07:00:00,254.36221485154493
2026-11-24 08:00:00,254.23892152432578
2026-11-24 09:00:00,255.1407659109263
2026-11-24 10:00:00,257.83346022410433
2026-11-24 11:00:00,261.56572102944426
2026-11-24 12:00:00,265.5966140681776
2026-11-24 13:00:00,269.23605433877356
2026-11-24 14:00:00,271.8857141715253
2026-11-24 15:00:00,273.07416799894406
2026-11-24 16:00:00,272.4814835538197
2026-11-24 17:00:00,269.95080168618324
2026-11-24 18:00:00,267.39921918308744
2026-11-24 19:00:00,265.25431120735
2026-11-24 20:00:00,263.448396976634
2026-11-24 21:00:00,261.9259038590461
2026-11-24 22:00:00,260.64095332167705
2026-11-24 23:00:00,259.55549965294085
2026-11-25 00:00:00,258.6378749105749
2026-11-25 01:00:00,264.1536827046723
2026-11-25 02:00:00,267.3881854863474
2026-11-25 03:00:00,269.2771162084793
2026-11-25 04:00:00,270.37750099190225
2026-11-25 05:00:00,271.01757754271256
2026-11-25 06:00:00,271.38957684470853
2026-11-25 07:00:00,271.60566538439963
2026-11-25 08:00:00,271.73115064634817
2026-11-25 09:00:00,272.7700994000304
2026-11-25 10:00:00,275.2983149566982
2026-11-25 11:00:00,278.21164706951913
2026-11-25 12:00:00,280.76813658716185
2026-11-25 13:00:00,282.4795486715818
2026-11-25 14:00:00,283.0510285142812
2026-11-25 15:00:00,282.3442280839034
2026-11-25 16:00:00,280.35147878729214
2026-11-25 17:00:00,277.17481710505797
2026-11-25 18:00:00,274.9556581297374
2026-11-25 19:00:00,273.6730043201703
2026-11-25 20:00:00,272.93028991266067
2026-11-25 21:00:00,272.4997765864987
2026-11-25 22:00:00,272.25008057405296
2026-11-25 23:00:00,272.10520775519274
2026-11-26 00:00:00,272.02113617768225
2026-11-26 01:00:00,269.10007740950283
2026-11-26 02:00:00,266.63798900458005
2026-11-26 03:00:00,264.5589380298394
2026-11-26 04:00:00,262.80066448319496
2026-11-26 05:00:00,261.3117978820849
2026-11-26 06:00:00,260.0497316293205
2026-11-26 07:00:00,258.97897464278003
2026-11-26 08:00:00,258.06985604345397
2026-11-26 09:00:00,258.22460664734444
2026-11-26 10:00:00,260.2791399873697
2026-11-26 11:00:00,263.47103297931983
2026-11-26 12:00:00,267.0497943836051
2026-11-26 13:00:00,270.31592476371617
2026-11-26 14:00:00,272.6610777225297
2026-11-26 15:00:00,273.60298850508605
2026-11-26 16:00:00,272.81025671217867
2026-11-26 17:00:00,270.114387476592
2026-11-26 18:00:00,267.4934877895928
2026-11-26 19:00:00,265.2817347131679
2026-11-26 20:00:00,263.4122151503992
2026-11-26 21:00:00,261.82983884418013
2026-11-26 22:00:00,260.4889960922743
2026-11-26 23:00:00,259.3517510929182
2026-11-27 00:00:00,258.38642882276133
2026-11-27 01:00:00,256.90290190684385
2026-11-27 02:00:00,255.60185395849598
2026-11-27 03:00:00,254.45988905779487
2026-11-27 04:00:00,253.4568312320889
2026-11-27 05:00:00,252.5752303405441
2026-11-27 06:00:00,251.79995538893118
2026-11-27 07:00:00,251.11785723520558
2026-11-27 08:00:00,250.5174869238426
2026-11-27 09:00:00,250.87838870912753
2026-11-27 10:00:00,253.11696808319198
2026-11-27 11:00:00,256.5322427168585
2026-11-27 12:00:00,260.40420677984287
2026-11-27 13:00:00,264.0367961087632
2026-11-27 14:00:00,266.8027854488447
2026-11-27 15:00:00,268.1845732698112
2026-11-27 16:00:00,267.80556954193213
2026-11-27 17:00:00,265.44878363730913
2026-11-27 18:00:00,263.08032227351237
2026-11-27 19:00:00,261.01167523647325
2026-11-27 20:00:00,259.2023644228653
2026-11-27 21:00:00,257.6179778043715
2026-11-27 22:00:00,256.22911793787347
2026-11-27 23:00:00,255.01056583248445
2026-11-28 00:00:00,253.94060855509582
2026-11-28 01:00:00,253.63354106770487
2026-11-28 02:00:00,253.37031772964133
2026-11-28 03:00:00,253.1446399538687
2026-11-28 04:00:00,252.9511241867153
2026-11-28 05:00:00,252.78516627116372
2026-11-28 06:00:00,252.642826631536
2026-11-28 07:00:00,252.5207328954802
2026-11-28 08:00:00,252.4159971675701
2026-11-28 09:00:00,253.17950893280462
2026-11-28 10:00:00,255.75299225963806
2026-11-28 11:00:00,259.40201205211486
2026-11-28 12:00:00,263.39359148755545
2026-11-28 13:00:00,267.0375264307847
2026-11-28 14:00:00,269.7284912065836
2026-11-28 15:00:00,270.98283614305484
2026-11-28 16:00:00,270.46516128113893
2026-11-28 17:00:00,268.0019401010092
2026-11-28 18:00:00,265.6334924749244
2026-11-28 19:00:00,263.61984114544555
2026-11-28 20:00:00,261.9053613785209
2026-11-28 21:00:00,260.4438386827532
2026-11-28 22:00:00,259.1966856038205
2026-11-28 23:00:00,258.1315485264685
2026-11-29 00:00:00,257.2212054205046
2026-11-29 01:00:00,255.86674288865186
2026-11-29 02:00:00,254.67734641063421
2026-11-29 03:00:00,253.63211238138658
2026-11-29 04:00:00,252.7129653019254
2026-11-29 05:00:00,251.90423366498794
2026-11-29 06:00:00,251.1922988204541
2026-11-29 07:00:00,250.56530220188628
2026-11-29 08:00:00,250.01289966455525
2026-11-29 09:00:00,250.3446825194679
2026-11-29 10:00:00,252.55360472700482
2026-11-29 11:00:00,255.9413981825277
2026-11-29 12:00:00,259.79016910036825
2026-11-29 13:00:00,263.4052677747661
2026-11-29 14:00:00,266.16011876614687
2026-11-29 15:00:00,267.53700387396054
2026-11-29 16:00:00,267.15853144592626
2026-11-29 17:00:00,264.806381008449
2026-11-29 18:00:00,262.50941236194404
2026-11-29 19:00:00,260.5011569682488
2026-11-29 20:00:00,258.7429567716304
2026-11-29 21:00:00,257.2018900086517
2026-11-29 22:00:00,255.8497881678504
2026-11-29 23:00:00,254.66245186421534
2026-11-30 00:00:00,253.61901851282815
2026-11-30 01:00:00,252.80581063311107
2026-11-30 02:00:00,252.09319697696807
2026-11-30 03:00:00,251.46845783918027
2026-11-30 04:00:00,250.92054615924405
2026-11-30 05:00:00,250.4398526131531
2026-11-30 06:00:00,250.0180071417274
2026-11-30 07:00:00,249.64771048792397
2026-11-30 08:00:00,249.32259061800085
2026-11-30 09:00:00,249.82242059918946
2026-11-30 10:00:00,252.17579779968824
2026-11-30 11:00:00,255.6814604456735
2026-11-30 12:00:00,259.6210740233454
2026-11-30 13:00:00,263.3020805600539
2026-11-30 14:00:00,266.1022612962742
2026-11-30 15:00:00,267.51002184649684
2026-11-30 16:00:00,267.15519819717736
2026-11-30 17:00:00,264.8270775095762
2026-11-30 18:00:00,262.5920456174173
2026-11-30 19:00:00,260.64594461962946
2026-11-30 20:00:00,258.94919264197085
2026-11-30 21:00:00,257.4681719071918
2026-11-30 22:00:00,256.174199108491
2026-11-30 23:00:00,255.04270460881034
2026-12-01 00:00:00,254.0525709312472
2026-12-01 01:00:00,252.55518911180837
2026-12-01 02:00:00,251.2104950010846
2026-12-01 03:00:00,250.00195024130133
2026-12-01 04:00:00,248.91499590532771
2026-12-01 05:00:00,247.93677916220972
2026-12-01 06:00:00,247.0559246223746
2026-12-01 07:00:00,246.26234176658033
2026-12-01 08:00:00,245.54706175870305
2026-12-01 09:00:00,245.65561398254638
2026-12-01 10:00:00,247.66601750803727
2026-12-01 11:00:00,250.91735056516202
2026-12-01 12:00:00,254.7116921585289
2026-12-01 13:00:00,258.3576206960853
2026-12-01 14:00:00,261.2166076771805
2026-12-01 15:00:00,262.74653169346277
2026-12-01 16:00:00,262.53689775140197
2026-12-01 17:00:00,260.3318526722821
2026-12-01 18:00:00,258.18149444010083
2026-12-01 19:00:00,256.25708915880654
2026-12-01 20:00:00,254.5328165992726
2026-12-01 21:00:00,252.9862213499157
2026-12-01 22:00:00,251.5976920375054
2026-12-01 23:00:00,250.35003722093631
2026-12-02 00:00:00,249.22813689763518
2026-12-02 01:00:00,248.99887920147668
2026-12-02 02:00:00,248.7978135746328
2026-12-02 03:00:00,248.62145189397273
2026-12-02 04:00:00,248.46674253669153
2026-12-02 05:00:00,248.33101461924713
2026-12-02 06:00:00,248.2119296216512
2026-12-02 07:00:00,248.10743935908806
2026-12-02 08:00:00,248.01574942214884
2026-12-02 09:00:00,248.658455059574
2026-12-02 10:00:00,251.1330023279285
2026-12-02 11:00:00,254.74017874079465
2026-12-02 12:00:00,258.76401760169426
2026-12-02 13:00:00,262.51472948388533
2026-12-02 14:00:00,265.37320887990944
2026-12-02 15:00:00,266.8311738593844
2026-12-02 16:00:00,266.5217834693514
2026-12-02 17:00:00,264.2374688083032
2026-12-02 18:00:00,262.1037909368252
2026-12-02 19:00:00,260.24813490676365
2026-12-02 20:00:00,258.6322521385188
2026-12-02 21:00:00,257.2236506850926
2026-12-02 22:00:00,255.99460827574617
2026-12-02 23:00:00,254.9213834102922
2026-12-03 00:00:00,253.98357804878972
2026-12-03 01:00:00,253.30799609626263
2026-12-03 02:00:00,252.720390181585
2026-12-03 03:00:00,252.20911458079888
2026-12-03 04:00:00,251.7641113626257
2026-12-03 05:00:00,251.37668263434801
2026-12-03 06:00:00,251.0392981867354
2026-12-03 07:00:00,250.7454323875226
2026-12-03 08:00:00,250.48942539055287
2026-12-03 09:00:00,250.96067570274468
2026-12-03 10:00:00,253.28009058589498
2026-12-03 11:00:00,256.73579771016364
2026-12-03 12:00:00,260.6054069401538
2026-12-03 13:00:00,264.19806034980377
2026-12-03 14:00:00,266.8979263524453
2026-12-03 15:00:00,268.2031323251874
2026-12-03 16:00:00,267.75505213035086
2026-12-03 17:00:00,265.354844122993
2026-12-03 18:00:00,263.1623630164965
2026-12-03 19:00:00,261.26779333878255
2026-12-03 20:00:00,259.62852323548924
2026-12-03 21:00:00,258.2085782433424
2026-12-03 22:00:00,256.97744996059794
2026-12-03 23:00:00,255.9091656286822
2026-12-04 00:00:00,254.98154080743558
2026-12-04 01:00:00,253.45421454491301
2026-12-04 02:00:00,252.08690653985164
2026-12-04 03:00:00,250.8618411406415
2026-12-04 04:00:00,249.76341860562928
2026-12-04 05:00:00,248.77790875319317
2026-12-04 06:00:00,247.8931955574589
2026-12-04 07:00:00,247.098562725232
2026-12-04 08:00:00,246.38451252425673
2026-12-04 09:00:00,246.4095707148466
2026-12-04 10:00:00,248.33922795770025
2026-12-04 11:00:00,251.50856434991346
2026-12-04 12:00:00,255.21827886236738
2026-12-04 13:00:00,258.7778308140698
2026-12-04 14:00:00,261.55137684779834
2026-12-04 15:00:00,263.00072151762623
2026-12-04 16:00:00,262.7199148072433
2026-12-04 17:00:00,260.4576708999159
2026-12-04 18:00:00,258.3466005547267
2026-12-04 19:00:00,256.46244350048505
2026-12-04 20:00:00,254.77881224944966
2026-12-04 21:00:00,253.27279494302314
2026-12-04 22:00:00,251.92441490838763
2026-12-04 23:00:00,250.71619074106943
2026-12-05 00:00:00,249.63277496405126
2026-12-05 01:00:00,248.514464259251
2026-12-05 02:00:00,247.50552464379598
2026-12-05 03:00:00,246.59473283679648
2026-12-05 04:00:00,245.7721155593852
2026-12-05 05:00:00,245.0287919987859
2026-12-05 06:00:00,244.35683948729522
2026-12-05 07:00:00,243.7491783739418
2026-12-05 08:00:00,243.19947286981366
2026-12-05 09:00:00,243.34316932545508
2026-12-05 10:00:00,245.3787176821685
2026-12-05 11:00:00,248.65385624803463
2026-12-05 12:00:00,252.47680100696104
2026-12-05 13:00:00,256.1597125999002
2026-12-05 14:00:00,259.0651236301939
2026-12-05 15:00:00,260.6496555982067
2026-12-05 16:00:00,260.4996506627534
2026-12-05 17:00:00,258.35477245671615
2026-12-05 18:00:00,256.3617644434764
2026-12-05 19:00:00,254.57208668435717
2026-12-05 20:00:00,252.96322653742408
2026-12-05 21:00:00,251.51550691099777
2026-12-05 22:00:00,250.21166283354245
2026-12-05 23:00:00,249.0364938532526
2026-12-06 00:00:00,247.976576312829
2026-12-06 01:00:00,248.704657186353
2026-12-06 02:00:00,249.32677309556647
2026-12-06 03:00:00,249.8581398398464
2026-12-06 04:00:00,250.31184382966453
2026-12-06 05:00:00,250.69912516498408
2026-12-06 06:00:00,251.02962712135357
2026-12-06 07:00:00,251.3116149078783
2026-12-06 08:00:00,251.5521666550051
2026-12-06 09:00:00,252.37415806406693
2026-12-06 10:00:00,254.97900614215695
2026-12-06 11:00:00,258.63065736276764
2026-12-06 12:00:00,262.59930135587894
2026-12-06 13:00:00,266.20176594267434
2026-12-06 14:00:00,268.8424438853229
2026-12-06 15:00:00,270.0487585593023
2026-12-06 16:00:00,269.49642812057886
2026-12-06 17:00:00,267.0219840524752
2026-12-06 18:00:00,264.888351173781
2026-12-06 19:00:00,263.0850028682765
2026-12-06 20:00:00,261.55883061269157
2026-12-06 21:00:00,260.2658339921262
2026-12-06 22:00:00,259.16939603895224
2026-12-06 23:00:00,258.23893092128264
2026-12-07 00:00:00,257.4488110898919
2026-12-07 01:00:00,256.3776472392267
2026-12-07 02:00:00,255.45027464070617
2026-12-07 03:00:00,254.64690683920225
2026-12-07 04:00:00,253.9506018011831
2026-12-07 05:00:00,253.3468224611178
2026-12-07 06:00:00,252.82307274935067
2026-12-07 07:00:00,252.36859429835712
2026-12-07 08:00:00,251.97411235700537
2026-12-07 09:00:00,252.22567557535487
2026-12-07 10:00:00,254.34661951483218
2026-12-07 11:00:00,257.6186162798844
2026-12-07 12:00:00,261.3164470301877
2026-12-07 13:00:00,264.7491946349897
2026-12-07 14:00:00,267.30290466859617
2026-12-07 15:00:00,268.4786912002704
2026-12-07 16:00:00,267.9212574026894
2026-12-07 17:00:00,265.434806128618
2026-12-07 18:00:00,263.2722260857115
2026-12-07 19:00:00,261.4086336861853
2026-12-07 20:00:00,259.8006246989954
2026-12-07 21:00:00,258.41163050269955
2026-12-07 22:00:00,257.21070385250016
2026-12-07 23:00:00,256.1715551746919
2026-12-08 00:00:00,255.2717791392708
2026-12-08 01:00:00,255.46330772583514
2026-12-08 02:00:00,255.62257260471546
2026-12-08 03:00:00,255.7549942343175
2026-12-08 04:00:00,255.86508687544287
2026-12-08 05:00:00,255.956608713431
2026-12-08 06:00:00,256.0326875359338
2026-12-08 07:00:00,256.0959258147887
2026-12-08 08:00:00,256.14848847586467
2026-12-08 09:00:00,256.76501627066517
2026-12-08 10:00:00,259.1785148752436
2026-12-08 11:00:00,262.612930260695
2026-12-08 12:00:00,266.32160911907647
2026-12-08 13:00:00,269.6235718638764
2026-12-08 14:00:00,271.9399974327093
2026-12-08 15:00:00,272.82482286260637
2026-12-08 16:00:00,271.9850546993182
2026-12-08 17:00:00,269.28879926244883
2026-12-08 18:00:00,267.0670518508751
2026-12-08 19:00:00,265.2350675621017
2026-12-08 20:00:00,263.72236350963396
2026-12-08 21:00:00,262.4718799796858
2026-12-08 22:00:00,261.43720684831266
2026-12-08 23:00:00,260.5804517496449
2026-12-09 00:00:00,259.8705804227794
2026-12-09 01:00:00,259.0955529501861
2026-12-09 02:00:00,258.4465100992724
2026-12-09 03:00:00,257.9027258525025
2026-12-09 04:00:00,257.446957711934
2026-12-09 05:00:00,257.0648391137524
2026-12-09 06:00:00,256.74438438886665
2026-12-09 07:00:00,256.475583496343
2026-12-09 08:00:00,256.2500689126625
2026-12-09 09:00:00,256.61402881212746
2026-12-09 10:00:00,258.81933350219276
2026-12-09 11:00:00,262.09805026468536
2026-12-09 12:00:00,265.7043645100566
2026-12-09 13:00:00,268.9517711235937
2026-12-09 14:00:00,271.25085817239983
2026-12-09 15:00:00,272.1415408278613
2026-12-09 16:00:00,271.3151665301024
2026-12-09 17:00:00,268.64120513260303
2026-12-09 18:00:00,266.4175418679184
2026-12-09 19:00:00,264.56522003455945
2026-12-09 20:00:00,263.02009636448076
2026-12-09 21:00:00,261.72976271751423
2026-12-09 22:00:00,260.65119816893673
2026-12-09 23:00:00,259.7489515363186
2026-12-10 00:00:00,258.9937167250599
2026-12-10 01:00:00,258.03745976535436
2026-12-10 02:00:00,257.2232582371668
2026-12-10 03:00:00,256.52962784062055
2026-12-10 04:00:00,255.93843878444005
2026-12-10 05:00:00,255.43436300995108
2026-12-10 06:00:00,255.00442043517245
2026-12-10 07:00:00,254.63760435756203
2026-12-10 08:00:00,254.3245706870568
2026-12-10 09:00:00,254.59248531290845
2026-12-10 10:00:00,256.7199304020539
2026-12-10 11:00:00,259.96348396321974
2026-12-10 12:00:00,263.58725666048247
2026-12-10 13:00:00,266.902195873696
2026-12-10 14:00:00,269.3063889494201
2026-12-10 15:00:00,270.32027808238263
2026-12-10 16:00:00,269.6119795419896
2026-12-10 17:00:00,267.04476677361896
2026-12-10 18:00:00,264.87281638089013
2026-12-10 19:00:00,263.032352461681
2026-12-10 20:00:00,261.4707230166073
2026-12-10 21:00:00,260.14422265770935
2026-12-10 22:00:00,259.01640763362843
2026-12-10 23:00:00,258.0567739520502
2026-12-11 00:00:00,257.23970803048053
2026-12-11 01:00:00,256.26710246652556
2026-12-11 02:00:00,255.42763593205729
2026-12-11 03:00:00,254.70268613536817
2026-12-11 04:00:00,254.07633710061754
2026-12-11 05:00:00,253.5349598976311
2026-12-11 06:00:00,253.06686490137164
2026-12-11 07:00:00,252.66201175085916
2026-12-11 08:00:00,252.31176623968256
2026-12-11 09:00:00,252.52729939623336
2026-12-11 10:00:00,254.6115101393357
2026-12-11 11:00:00,257.84200324039034
2026-12-11 12:00:00,261.49244651142914
2026-12-11 13:00:00,264.87326044032375
2026-12-11 14:00:00,267.373687779854
2026-12-11 15:00:00,268.49922750233065
2026-12-11 16:00:00,267.899465169642
2026-12-11 17:00:00,265.43423116970064
2026-12-11 18:00:00,263.31976443161676
2026-12-11 19:00:00,261.50344291862245
2026-12-11 20:00:00,259.9412592004777
2026-12-11 21:00:00,258.5962197829069
2026-12-11 22:00:00,257.43709122501787
2026-12-11 23:00:00,256.4374054789313
2026-12-12 00:00:00,255.57466208543474
2026-12-12 01:00:00,254.4812003888704
2026-12-12 02:00:00,253.52254588014688
2026-12-12 03:00:00,252.68157256337943
2026-12-12 04:00:00,251.94344772158846
2026-12-12 05:00:00,251.29529756604092
2026-12-12 06:00:00,250.7259278783917
2026-12-12 07:00:00,250.22558920744729
2026-12-12 08:00:00,249.785778464122
2026-12-12 09:00:00,249.90275858129345
2026-12-12 10:00:00,251.90236249066396
2026-12-12 11:00:00,255.0870712016103
2026-12-12 12:00:00,258.74250569231026
2026-12-12 13:00:00,262.1792818495742
2026-12-12 14:00:00,264.77678804499317
2026-12-12 15:00:00,266.0229740703545
2026-12-12 16:00:00,265.5450187434304
2026-12-12 17:00:00,263.1930692982567
2026-12-12 18:00:00,261.14285561591254
2026-12-12 19:00:00,259.3531817903152
2026-12-12 20:00:00,257.7890754763799
2026-12-12 21:00:00,256.42070391723814
2026-12-12 22:00:00,255.2225126027729
2026-12-12 23:00:00,254.17253306583126
2026-12-13 00:00:00,253.2518209628999
2026-12-13 01:00:00,252.09004332946617
2026-12-13 02:00:00,251.056270008997
2026-12-13 03:00:00,250.1358243002728
2026-12-13 04:00:00,249.31583209246284
2026-12-13 05:00:00,248.58497548042985
2026-12-13 06:00:00,247.9332851958234
2026-12-13 07:00:00,247.35196471072587
2026-12-13 08:00:00,246.83324038602174
2026-12-13 09:00:00,246.86059964828414
2026-12-13 10:00:00,248.78090063691738
2026-12-13 11:00:00,251.9210410146882
2026-12-13 12:00:00,255.5793163808258
2026-12-13 13:00:00,259.0679977751317
2026-12-13 14:00:00,261.75838338365975
2026-12-13 15:00:00,263.12254817027735
2026-12-13 16:00:00,262.76654377832557
2026-12-13 17:00:00,260.5299785569834
2026-12-13 18:00:00,258.5503901146267
2026-12-13 19:00:00,256.79600021647826
2026-12-13 20:00:00,255.2394494470676
2026-12-13 21:00:00,253.8570770047462
2026-12-13 22:00:00,252.62834032812128
2026-12-13 23:00:00,251.5353427193648
2026-12-14 00:00:00,250.56244537674505
2026-12-14 01:00:00,249.41919082860673
2026-12-14 02:00:00,248.39060767031995
2026-12-14 03:00:00,247.4646417877792
2026-12-14 04:00:00,246.63061176096352
2026-12-14 05:00:00,245.87903239571503
2026-12-14 06:00:00,245.20146472878824
2026-12-14 07:00:00,244.59038784110402
2026-12-14 08:00:00,244.03908876154054
2026-12-14 09:00:00,244.02021259109407
2026-12-14 10:00:00,245.898292702789
2026-12-14 11:00:00,249.01880652998685
2026-12-14 12:00:00,252.690317404144
2026-12-14 13:00:00,256.2273767449125
2026-12-14 14:00:00,258.9963060468332
2026-12-14 15:00:00,260.45820971160765
2026-12-14 16:00:00,260.20391932265113
2026-12-14 17:00:00,258.0670731868362
2026-12-14 18:00:00,256.15462194879007
2026-12-14 19:00:00,254.4409512503025
2026-12-14 20:00:00,252.90377912078858
2026-12-14 21:00:00,251.52364133185256
2026-12-14 22:00:00,250.28347206460316
2026-12-14 23:00:00,249.1682591718801
2026-12-15 00:00:00,248.16475843836994
2026-12-15 01:00:00,247.40297806476167
2026-12-15 02:00:00,246.71987787777724
2026-12-15 03:00:00,246.10709136800733
2026-12-15 04:00:00,245.5571888530508
2026-12-15 05:00:00,245.0635633185327
2026-12-15 06:00:00,244.6203319671844
2026-12-15 07:00:00,244.22225097465133
2026-12-15 08:00:00,243.8646414112418
2026-12-15 09:00:00,244.01185430579062
2026-12-15 10:00:00,246.03859492516307
2026-12-15 11:00:00,249.2844183074541
2026-12-15 12:00:00,253.055001068807
2026-12-15 13:00:00,256.6651351572326
2026-12-15 14:00:00,259.4843508389481
2026-12-15 15:00:00,260.9794946785331
2026-12-15 16:00:00,260.7489967652112
2026-12-15 17:00:00,258.64504484239956
2026-12-15 18:00:00,256.7712248798871
2026-12-15 19:00:00,255.10038272022857
2026-12-15 20:00:00,253.60897905747024
2026-12-15 21:00:00,252.2765233905526
2026-12-15 22:00:00,251.08511381680427
2026-12-15 23:00:00,250.01905943571364
2026-12-16 00:00:00,249.0645679380488
2026-12-16 01:00:00,248.81045480631485
2026-12-16 02:00:00,248.5872314488451
2026-12-16 03:00:00,248.391116723209
2026-12-16 04:00:00,248.21879831903516
2026-12-16 05:00:00,248.06737325697577
2026-12-16 06:00:00,247.93429625115783
2026-12-16 07:00:00,247.81733482550473
2026-12-16 08:00:00,247.71453024644842
2026-12-16 09:00:00,248.08418835947168
2026-12-16 10:00:00,250.30300672580773
2026-12-16 11:00:00,253.67712703019112
2026-12-16 12:00:00,257.4955154507074
2026-12-16 13:00:00,261.072144822735
2026-12-16 14:00:00,263.78990614771476
2026-12-16 15:00:00,265.14040163006507
2026-12-16 16:00:00,264.7545320312499
2026-12-16 17:00:00,262.52892182016956
2026-12-16 18:00:00,260.59094111074035
2026-12-16 19:00:00,258.9012067432571
2026-12-16 20:00:00,257.426264712768
2026-12-16 21:00:00,256.13756778120603
2026-12-16 22:00:00,255.01066016187966
2026-12-16 23:00:00,254.0245202252977
2026-12-17 00:00:00,253.16102542984592
2026-12-17 01:00:00,251.93641221903556
2026-12-17 02:00:00,250.84366027849603
2026-12-17 03:00:00,249.86793256012288
2026-12-17 04:00:00,248.996192105582
2026-12-17 05:00:00,248.21695699107804
2026-12-17 06:00:00,247.5200939926945
2026-12-17 07:00:00,246.89664380534015
2026-12-17 08:00:00,246.3386721763546
2026-12-17 09:00:00,246.29227733784424
2026-12-17 10:00:00,248.14419372802584
2026-12-17 11:00:00,251.22656440063497
2026-12-17 12:00:00,254.84081618294593
2026-12-17 13:00:00,258.3001953807631
2026-12-17 14:00:00,260.9749095169103
2026-12-17 15:00:00,262.33413878545593
2026-12-17 16:00:00,261.9796637910574
2026-12-17 17:00:00,259.7824902144927
2026-12-17 18:00:00,257.8314878029562
2026-12-17 19:00:00,256.0969043085355
2026-12-17 20:00:00,254.5530436850332
2026-12-17 21:00:00,253.17761588883496
2026-12-17 22:00:00,251.95121105974943
2026-12-17 23:00:00,250.85687017091064
2026-12-18 00:00:00,249.87973136336865
2026-12-18 01:00:00,249.24611072102488
2026-12-18 02:00:00,248.68434759201747
2026-12-18 03:00:00,248.18612700829476
2026-12-18 04:00:00,247.7441317267915
2026-12-18 05:00:00,247.35191488735055
2026-12-18 06:00:00,247.00379054388358
2026-12-18 07:00:00,246.69473922318943
2026-12-18 08:00:00,246.42032618654503
2026-12-18 09:00:00,246.62449335386452
2026-12-18 10:00:00,248.69892467687862
2026-12-18 11:00:00,251.96473985354126
2026-12-18 12:00:00,255.71813792390955
2026-12-18 13:00:00,259.2729281023363
2026-12-18 14:00:00,262.00523699357535
2026-12-18 15:00:00,263.3946122625591
2026-12-18 16:00:00,263.0563415763897
2026-12-18 17:00:00,260.88172011584106
2026-12-18 18:00:00,258.96774471769515
2026-12-18 19:00:00,257.2810575071979
2026-12-18 20:00:00,255.7930485276242
2026-12-18 21:00:00,254.47907214932295
2026-12-18 22:00:00,253.31781662400203
2026-12-18 23:00:00,252.29079170328905
2026-12-19 00:00:00,251.38190839981735
2026-12-19 01:00:00,251.60236746736715
2026-12-19 02:00:00,251.7904641493892
2026-12-19 03:00:00,251.95092977141258
2026-12-19 04:00:00,252.08780919925812
2026-12-19 05:00:00,252.20455900882055
2026-12-19 06:00:00,252.30413200546903
2026-12-19 07:00:00,252.38904988454385
2026-12-19 08:00:00,252.4614656190552
2026-12-19 09:00:00,252.9674284056205
2026-12-19 10:00:00,255.29168235576307
2026-12-19 11:00:00,258.6961569222201
2026-12-19 12:00:00,262.4503386928341
2026-12-19 13:00:00,265.8707754299893
2026-12-19 14:00:00,268.3613301182719
2026-12-19 15:00:00,269.4481986003726
2026-12-19 16:00:00,268.80496806362714
2026-12-19 17:00:00,266.38897378091855
2026-12-19 18:00:00,264.3484714094353
2026-12-19 19:00:00,262.6225362029638
2026-12-19 20:00:00,261.16086782926936
2026-12-19 21:00:00,259.92172551388495
2026-12-19 22:00:00,258.87032428364455
2026-12-19 23:00:00,257.9775730001577
2026-12-20 00:00:00,257.21907009283336
2026-12-20 01:00:00,256.63470631669554
2026-12-20 02:00:00,256.13912454106634
2026-12-20 03:00:00,255.71869610580274
2026-12-20 04:00:00,255.3619238568536
2026-12-20 05:00:00,255.05909769750974
2026-12-20 06:00:00,254.80200890379672
2026-12-20 07:00:00,254.58371232231354
2026-12-20 08:00:00,254.39832781406756
2026-12-20 09:00:00,254.68305632416687
2026-12-20 10:00:00,256.81762331331146
2026-12-20 11:00:00,260.05362256071555
2026-12-20 12:00:00,263.65443269275164
2026-12-20 13:00:00,266.9337844301715
2026-12-20 14:00:00,269.2951840301671
2026-12-20 15:00:00,270.26613193445553
2026-12-20 16:00:00,269.5224276135925
2026-12-20 17:00:00,267.02586429335
2026-12-20 18:00:00,264.9241293187005
2026-12-20 19:00:00,263.1520407022965
2026-12-20 20:00:00,261.65597939894786
2026-12-20 21:00:00,260.3916042680636
2026-12-20 22:00:00,259.32208556014956
2026-12-20 23:00:00,258.4167206766161
2026-12-21 00:00:00,257.64983677418167
2026-12-21 01:00:00,256.57294027912144
2026-12-21 02:00:00,255.6416222678023
2026-12-21 03:00:00,254.83571363413208
2026-12-21 04:00:00,254.1379633909206
2026-12-21 05:00:00,253.533585187487
2026-12-21 06:00:00,253.0098821194143
2026-12-21 07:00:00,252.55593440635633
2026-12-21 08:00:00,252.16233800112678
2026-12-21 09:00:00,252.262761206456
2026-12-21 10:00:00,254.2425799123274
2026-12-21 11:00:00,257.38311791124454
2026-12-21 12:00:00,260.96025754722604
2026-12-21 13:00:00,264.2850180764639
2026-12-21 14:00:00,266.7456431028682
2026-12-21 15:00:00,267.845209042455
2026-12-21 16:00:00,267.22977818633933
2026-12-21 17:00:00,264.830310630555
2026-12-21 18:00:00,262.7668479575774
2026-12-21 19:00:00,260.98977021143236
2026-12-21 20:00:00,259.4574569459826
2026-12-21 21:00:00,258.1348225735933
2026-12-21 22:00:00,256.9921646041642
2026-12-21 23:00:00,256.00424682809006
2026-12-22 00:00:00,255.14956163601127
2026-12-22 01:00:00,254.69045367151332
2026-12-22 02:00:00,254.297513083617
2026-12-22 03:00:00,253.96111742837098
2026-12-22 04:00:00,253.67306673646326
2026-12-22 05:00:00,253.4263670367984
2026-12-22 06:00:00,253.2150484759697
2026-12-22 07:00:00,253.0340120694331
2026-12-22 08:00:00,252.87890026033205
2026-12-22 09:00:00,253.1889813553453
2026-12-22 10:00:00,255.34746984563998
2026-12-22 11:00:00,258.62006225716505
2026-12-22 12:00:00,262.2765415628501
2026-12-22 13:00:00,265.63047949281463
2026-12-22 14:00:00,268.07996902881376
2026-12-22 15:00:00,269.1433751241015
2026-12-22 16:00:00,268.48529100853835
2026-12-22 17:00:00,266.05501519487245
2026-12-22 18:00:00,263.9912575105857
2026-12-22 19:00:00,262.2361315302169
2026-12-22 20:00:00,260.7416246556191
2026-12-22 21:00:00,259.46770977772934
2026-12-22 22:00:00,258.3808740120106
2026-12-22 23:00:00,257.45295752563993
2026-12-23 00:00:00,256.660226775647
2026-12-23 01:00:00,256.4988007916722
2026-12-23 02:00:00,256.36394241728067
2026-12-23 03:00:00,256.2512686909555
2026-12-23 04:00:00,256.15712288216326
2026-12-23 05:00:00,256.07845320507477
2026-12-23 06:00:00,256.012712076046
2026-12-23 07:00:00,255.95777234847728
2026-12-23 08:00:00,255.91185760364044
2026-12-23 09:00:00,256.31931855467667
2026-12-23 10:00:00,258.55280042709484
2026-12-23 11:00:00,261.84229359538074
2026-12-23 12:00:00,265.4432234734589
2026-12-23 13:00:00,268.67296057187554
2026-12-23 14:00:00,270.9478018127807
2026-12-23 15:00:00,271.8143330726263
2026-12-23 16:00:00,270.9706920048433
2026-12-23 17:00:00,268.39782013246327
2026-12-23 18:00:00,266.2669492655101
2026-12-23 19:00:00,264.49927510402034
2026-12-23 20:00:00,263.03094968768505
2026-12-23 21:00:00,261.8099578524454
2026-12-23 22:00:00,260.79373413390044
2026-12-23 23:00:00,259.9473181818298
2026-12-24 00:00:00,259.24190947669763
2026-12-24 01:00:00,258.0377331081041
2026-12-24 02:00:00,257.00182809202647
2026-12-24 03:00:00,256.1100661290803
2026-12-24 04:00:00,255.34193890362965
2026-12-24 05:00:00,254.67997322175208
2026-12-24 06:00:00,254.10925139968373
2026-12-24 07:00:00,253.61701526019075
2026-12-24 08:00:00,253.19233719919447
2026-12-24 09:00:00,253.27614196806485
2026-12-24 10:00:00,255.24174523533745
2026-12-24 11:00:00,258.36199897940725
2026-12-24 12:00:00,261.90852715124225
2026-12-24 13:00:00,265.1917911847312
2026-12-24 14:00:00,267.60255032678026
2026-12-24 15:00:00,268.64868791360567
2026-12-24 16:00:00,267.98247394689804
2026-12-24 17:00:00,265.5332311918613
2026-12-24 18:00:00,263.4371504257032
2026-12-24 19:00:00,261.6406372618909
2026-12-24 20:00:00,260.0989485728933
2026-12-24 21:00:00,258.77453849948824
2026-12-24 22:00:00,257.63576400171814
2026-12-24 23:00:00,256.65585892845166
2026-12-25 00:00:00,255.81211185349673
2026-12-25 01:00:00,254.05738751370401
2026-12-25 02:00:00,252.47812638592052
2026-12-25 03:00:00,251.05543230457812
2026-12-25 04:00:00,249.77270126721442
2026-12-25 05:00:00,248.61529456671732
2026-12-25 06:00:00,247.570267649536
2026-12-25 07:00:00,246.62614352080365
2026-12-25 08:00:00,245.7727220776328
2026-12-25 09:00:00,245.45729646495394
2026-12-25 10:00:00,247.06561828440806
2026-12-25 11:00:00,249.94520040248779
2026-12-25 12:00:00,253.40561415520654
2026-12-25 13:00:00,256.76096803682185
2026-12-25 14:00:00,259.3754931050892
2026-12-25 15:00:00,260.7065822083966
2026-12-25 16:00:00,260.3399679845377
2026-12-25 17:00:00,258.1250325642684
2026-12-25 18:00:00,256.1365788054823
2026-12-25 19:00:00,254.34923473902046
2026-12-25 20:00:00,252.74090048850928
2026-12-25 21:00:00,251.29224316724
2026-12-25 22:00:00,249.9862855737965
2026-12-25 23:00:00,248.80806825758575
2026-12-26 00:00:00,247.74436957729665
2026-12-26 01:00:00,246.36702155329382
2026-12-26 02:00:00,245.10569850886122
2026-12-26 03:00:00,243.9498239302387
2026-12-26 04:00:00,242.88991513017172
2026-12-26 05:00:00,241.91744920582912
2026-12-26 06:00:00,241.02474874829883
2026-12-26 07:00:00,240.20488386811348
2026-12-26 08:00:00,239.4515877850833
2026-12-26 09:00:00,239.2232594224228
2026-12-26 10:00:00,240.90750767230662
2026-12-26 11:00:00,243.8809276124616
2026-12-26 12:00:00,247.47014853608817
2026-12-26 13:00:00,250.99468396068298
2026-12-26 14:00:00,253.8134039822879
2026-12-26 15:00:00,255.3692253583819
2026-12-26 16:00:00,255.2266922619434
2026-12-26 17:00:00,253.2026167218224
2026-12-26 18:00:00,251.35627889197048
2026-12-26 19:00:00,249.67025031170692
2026-12-26 20:00:00,248.12911651931677
2026-12-26 21:00:00,246.71919332758756
2026-12-26 22:00:00,245.42829152054813
2026-12-26 23:00:00,244.24552027913327
2026-12-27 00:00:00,243.16112184531127
2026-12-27 01:00:00,243.0632558240369
2026-12-27 02:00:00,242.97565294554173
2026-12-27 03:00:00,242.89723310744552
2026-12-27 04:00:00,242.82703063664465
2026-12-27 05:00:00,242.76418201554873
2026-12-27 06:00:00,242.7079149547397
2026-12-27 07:00:00,242.65753865844243
2026-12-27 08:00:00,242.61243514787327
2026-12-27 09:00:00,243.04543785437514
2026-12-27 10:00:00,245.32786554342366
2026-12-27 11:00:00,248.79573315449858
2026-12-27 12:00:00,252.75334165314737
2026-12-27 13:00:00,256.51656952592595
2026-12-27 14:00:00,259.4585116404313
2026-12-27 15:00:00,261.0517882513465
2026-12-27 16:00:00,260.9022929287251
2026-12-27 17:00:00,258.8659180917582
2026-12-27 18:00:00,257.0602689920411
2026-12-27 19:00:00,255.45735590095046
2026-12-27 20:00:00,254.03298078655578
2026-12-27 21:00:00,252.76613902662942
2026-12-27 22:00:00,251.63853327485683
2026-12-27 23:00:00,250.6341748051516
2026-12-28 00:00:00,249.73905384983502
2026-12-28 01:00:00,248.19203486872993
2026-12-28 02:00:00,246.7767777186244
2026-12-28 03:00:00,245.481033720781
2026-12-28 04:00:00,244.29386028776713
2026-12-28 05:00:00,243.20545438544391
2026-12-28 06:00:00,242.20701161155617
2026-12-28 07:00:00,241.29060624667235
2026-12-28 08:00:00,240.44908859434275
2026-12-28 09:00:00,240.1603020497018
2026-12-28 10:00:00,241.79040686651973
2026-12-28 11:00:00,244.71437266351637
2026-12-28 12:00:00,248.25761641209368
2026-12-28 13:00:00,251.73879879340828
2026-12-28 14:00:00,254.51626338555067
2026-12-28 15:00:00,256.03268804863274
2026-12-28 16:00:00,255.85260761896228
2026-12-28 17:00:00,253.77314164291053
2026-12-28 18:00:00,251.87691766155055
2026-12-28 19:00:00,250.1458586804804
2026-12-28 20:00:00,248.56399520254536
2026-12-28 21:00:00,247.11716516979664
2026-12-28 22:00:00,245.7927656687267
2026-12-28 23:00:00,244.57954593143035
2026-12-29 00:00:00,243.46743356620757
2026-12-29 01:00:00,242.7404109101653
2026-12-29 02:00:00,242.07864865952635
2026-12-29 03:00:00,241.47607360748685
2026-12-29 04:00:00,240.92721472381422
2026-12-29 05:00:00,240.4271370921795
2026-12-29 06:00:00,239.97138417280678
2026-12-29 07:00:00,239.55592716318753
2026-12-29 08:00:00,239.17712043920685
2026-12-29 09:00:00,239.32848984856247
2026-12-29 10:00:00,241.3628364195029
2026-12-29 11:00:00,244.6442745000407
2026-12-29 12:00:00,248.49195427916123
2026-12-29 13:00:00,252.2234379506835
2026-12-29 14:00:00,255.2012569604234
2026-12-29 15:00:00,256.8771567143038
2026-12-29 16:00:00,256.82870438498793
2026-12-29 17:00:00,254.85643840069372
2026-12-29 18:00:00,253.07363861593205
2026-12-29 19:00:00,251.4603755863304
2026-12-29 20:00:00,249.99913242173778
2026-12-29 21:00:00,248.6744550499635
2026-12-29 22:00:00,247.4726635501073
2026-12-29 23:00:00,246.38161202783513
2026-12-30 00:00:00,245.39048742794148
2026-12-30 01:00:00,243.99556481008406
2026-12-30 02:00:00,242.70857890941355
2026-12-30 03:00:00,241.5203611710442
2026-12-30 04:00:00,240.42264327049688
2026-12-30 05:00:00,239.40795068722198
2026-12-30 06:00:00,238.46951150978117
2026-12-30 07:00:00,237.601177900771
2026-12-30 08:00:00,236.79735814559515
2026-12-30 09:00:00,236.563904693187
2026-12-30 10:00:00,238.24486144880356
2026-12-30 11:00:00,241.22918995750103
2026-12-30 12:00:00,244.8505488926113
2026-12-30 13:00:00,248.430173347546
2026-12-30 14:00:00,251.32365804508902
2026-12-30 15:00:00,252.96634500601832
2026-12-30 16:00:00,252.91198378722473
2026-12-30 17:00:00,250.91874776572902
2026-12-30 18:00:00,249.08679841337948
2026-12-30 19:00:00,247.40133134662756
2026-12-30 20:00:00,245.84917198076113
2026-12-30 21:00:00,244.41855425986165
2026-12-30 22:00:00,243.09893588122125
2026-12-30 23:00:00,241.88084296211017
2026-12-31 00:00:00,240.7557386422221
2026-12-31 01:00:00,240.19010286072074
2026-12-31 02:00:00,239.67346797608863
2026-12-31 03:00:00,239.20146088232096
2026-12-31 04:00:00,238.77012004885796
2026-12-31 05:00:00,238.375853249247
2026-12-31 06:00:00,238.0154002119016
2026-12-31 07:00:00,237.68579952687077
2026-12-31 08:00:00,237.38435924710035
2026-12-31 09:00:00,237.63528781599385
2026-12-31 10:00:00,239.76303490409083
2026-12-31 11:00:00,243.13672186592447
2026-12-31 12:00:00,247.07814094660878
2026-12-31 13:00:00,250.90533366677803
2026-12-31 14:00:00,253.9794294475316
2026-12-31 15:00:00,255.7492930274551
2026-12-31 16:00:00,255.78864443457894
2026-12-31 17:00:00,253.86451668389606
2026-12-31 18:00:00,252.1205390963215
2026-12-31 19:00:00,250.53820609490037
2026-12-31 20:00:00,249.10120555327194
2026-12-31 21:00:00,247.79510674161148
2026-12-31 22:00:00,246.60710180762027
2026-12-31 23:00:00,245.52579000024355
2027-01-01 00:00:00,244.54099631869488
